id_aluno,ano,defasagem,inde,ida,ieg,iaa_val,iaa_recusa,ips,ipp,ipv,fase,idade,tempo_vinculo,d_inde,d_ieg,d_ida,d_ipv,genero,tipo_instituicao,alvo_defasagem_t1
1,2022,-1.0,5.783,4.0,4.1,8.3,0.0,5.6,8.174000000000001,7.278,7.0,19.0,6,,,,,Fem,Pública,False
1000,2023,0.0,7.9162,7.0,9.4,8.5,0.0,3.77,6.25,8.92,0.0,8.0,0,,,,,Fem,Pública,False
1001,2023,-1.0,8.1162,7.8,9.1,9.0,0.0,7.52,7.5,9.17,0.0,9.0,0,,,,,Fem,Pública,True
1002,2023,-1.0,7.9012,7.0,9.7,9.0,0.0,7.52,6.25,8.92,0.0,9.0,0,,,,,Fem,Pública,True
1003,2023,0.0,7.6522,4.0,8.5,9.0,0.0,7.52,7.5,8.75,0.0,8.0,0,,,,,Masc,Pública,True
1004,2023,0.0,8.3137,7.9,9.6,9.0,0.0,7.52,6.875,7.42,0.0,9.0,0,,,,,Fem,Pública,True
1006,2023,0.0,8.5922,8.7,9.3,9.0,0.0,7.52,7.5,8.0,0.0,8.0,0,,,,,Fem,Pública,True
1008,2023,0.0,8.13595,8.4,8.6,9.0,0.0,7.52,5.9375,7.5,0.0,8.0,0,,,,,Masc,Pública,True
1009,2023,0.0,7.245,8.8,9.0,,1.0,3.77,7.5,7.84,0.0,8.0,0,,,,,Masc,Pública,True
1012,2023,0.0,7.96495,6.6,9.9,10.0,0.0,3.77,7.1875,7.845,0.0,8.0,0,,,,,Fem,Pública,True
1013,2023,0.0,7.6237,8.3,9.6,9.0,0.0,4.39,5.625,5.76,0.0,8.0,0,,,,,Masc,Pública,True
1014,2023,0.0,8.2582,8.2,9.7,9.0,0.0,3.77,7.5,8.255,0.0,7.0,0,,,,,Fem,Pública,True
1015,2023,-1.0,7.538908333,6.3,9.3,10.0,0.0,6.27,7.34375,7.786666667,1.0,10.0,0,,,,,Fem,Pública,False
1017,2023,-1.0,6.505333333,7.7,8.0,,1.0,5.02,7.5,8.116666667,1.0,11.0,0,,,,,Masc,Pública,False
1018,2023,0.0,6.824,6.3,8.5,,1.0,5.02,7.5,8.06,1.0,10.0,0,,,,,Masc,Pública,True
1019,2023,1.0,7.177033333,4.3,9.1,7.5,0.0,5.02,6.875,7.836666667,1.0,8.0,0,,,,,Fem,Pública,False
1020,2023,0.0,7.612283333,6.1,9.1,10.0,0.0,2.52,7.1875,8.056666667,1.0,9.0,0,,,,,Fem,Pública,False
1021,2023,0.0,6.964616667,3.3,9.2,8.0,0.0,3.77,7.1875,7.893333333,1.0,9.0,0,,,,,Masc,Pública,True
1022,2023,0.0,7.164616667,4.7,8.5,8.5,0.0,3.77,7.1875,7.893333333,1.0,9.0,0,,,,,Masc,Pública,True
1023,2023,0.0,9.1342,9.1,10.0,10.0,0.0,6.27,8.75,9.06,1.0,9.0,0,,,,,Fem,Pública,False
1024,2023,-1.0,7.788875,9.8,10.0,,1.0,6.27,9.21875,8.95,1.0,10.0,0,,,,,Fem,Pública,True
1025,2023,0.0,8.215158333,7.5,8.9,8.5,0.0,7.52,7.65625,7.836666667,1.0,10.0,0,,,,,Masc,Pública,True
1027,2023,-1.0,7.748866667,6.0,9.7,9.5,0.0,7.52,7.5,8.333333333,1.0,10.0,0,,,,,Fem,Pública,False
1028,2023,-1.0,6.415708333,5.0,9.2,,1.0,7.52,7.34375,7.946666667,1.0,11.0,0,,,,,Masc,Pública,True
1029,2023,0.0,7.058533333,5.4,6.3,10.0,0.0,3.77,7.5,8.006666667,1.0,9.0,0,,,,,Fem,Pública,True
103,2022,1.0,8.107,7.3,8.7,7.9,0.0,7.5,8.253999999999992,7.708,4.0,13.0,2,,,,,Fem,Privada,False
103,2023,1.0,8.0239,7.1,9.2,8.3,0.0,5.0,8.125,8.09,5.0,14.0,3,-0.08309999999999995,0.5,-0.20000000000000018,0.3819999999999997,Fem,Privada,False
1030,2023,-1.0,7.4027,6.9,9.7,8.5,0.0,3.77,6.875,8.39,1.0,11.0,0,,,,,Masc,Pública,False
1031,2023,-1.0,7.0602,5.9,8.8,8.0,0.0,7.52,6.666666667,7.006666667,1.0,10.0,0,,,,,Masc,Pública,True
1032,2023,-1.0,7.434033333,6.0,9.5,8.5,0.0,7.52,7.291666667,7.563333333,1.0,10.0,0,,,,,Masc,Pública,True
1034,2023,-1.0,7.9642,8.3,9.0,7.5,0.0,7.52,8.333333333,8.393333333,1.0,10.0,0,,,,,Masc,Pública,False
1035,2023,0.0,6.888833333,5.8,8.3,,1.0,7.52,7.708333333,7.78,1.0,9.0,0,,,,,Masc,Pública,True
1036,2023,-1.0,6.970583333,8.0,9.6,,1.0,3.77,9.0625,8.336666667,1.0,11.0,0,,,,,Fem,Pública,False
1038,2023,-1.0,7.736825,6.5,9.3,8.0,0.0,7.52,8.90625,8.17,1.0,10.0,0,,,,,Fem,Privada,False
1039,2023,-2.0,7.686033333,6.2,9.9,8.0,0.0,7.52,8.125,8.056666667,1.0,12.0,0,,,,,Masc,Pública,True
104,2022,-4.0,6.315,3.7,8.7,7.9,0.0,7.5,7.034000000000011,6.708,4.0,18.0,0,,,,,Masc,Pública,True
1040,2023,-1.0,7.81545,6.6,9.3,10.0,0.0,7.52,7.8125,8.06,1.0,12.0,0,,,,,Masc,Pública,True
1043,2023,-1.0,6.5447,2.5,7.9,10.0,0.0,6.27,7.708333333,7.833333333,1.0,10.0,0,,,,,Masc,Pública,True
1044,2023,-1.0,7.629533333,6.1,9.7,8.0,0.0,7.52,7.5,8.336666667,1.0,10.0,0,,,,,Fem,Pública,False
1048,2023,-1.0,7.811366667,8.2,9.5,8.5,0.0,3.77,8.541666667,8.5,1.0,10.0,0,,,,,Fem,Privada,False
1049,2023,-1.0,7.443366667,6.3,7.7,10.0,0.0,7.52,8.125,7.943333333,1.0,10.0,0,,,,,Masc,Pública,True
1052,2023,0.0,6.960333333,5.3,9.0,,1.0,7.52,7.916666667,7.833333333,1.0,9.0,0,,,,,Masc,Pública,True
1054,2023,-2.0,7.459533333,6.6,8.6,8.5,0.0,7.52,7.5,7.836666667,1.0,13.0,0,,,,,Masc,Pública,True
1055,2023,-1.0,5.9765,5.5,7.2,,1.0,7.52,7.291666667,7.276666667,1.0,11.0,0,,,,,Masc,Pública,True
1056,2023,0.0,8.551741667,8.1,9.6,8.5,0.0,7.52,7.96875,8.113333333,1.0,9.0,0,,,,,Masc,Pública,True
1057,2023,0.0,8.4827,6.3,10.0,10.0,0.0,7.52,8.125,8.34,1.0,9.0,0,,,,,Fem,Pública,True
1058,2023,0.0,7.356533333,5.4,8.7,10.0,0.0,3.14,7.083333333,7.62,1.0,9.0,0,,,,,Fem,Pública,True
1059,2023,-1.0,7.763741667,7.6,9.8,10.0,0.0,2.52,7.96875,8.673333333,1.0,10.0,0,,,,,Masc,Pública,False
106,2022,-1.0,7.973,7.4,8.0,9.2,0.0,9.4,8.579999999999997,8.375,4.0,15.0,6,,,,,Fem,Privada,False
106,2023,0.0,7.769658333,7.3,9.1,7.9,0.0,5.0,7.03125,7.5075,5.0,16.0,7,-0.20334166700000011,1.0999999999999996,-0.10000000000000053,-0.8674999999999997,Fem,Privada,False
1060,2023,-1.0,7.095741667,5.7,8.6,9.0,0.0,3.14,7.96875,8.673333333,1.0,11.0,0,,,,,Masc,Pública,False
1061,2023,-1.0,8.196533333,9.3,9.7,9.5,0.0,3.14,8.75,8.836666667,1.0,10.0,0,,,,,Masc,Pública,False
1062,2023,0.0,7.448841667,6.2,7.7,7.4,0.0,3.77,8.59375,8.503333333,1.0,9.0,0,,,,,Masc,Pública,True
1063,2023,-1.0,7.490825,5.9,9.5,9.5,0.0,7.52,6.40625,7.89,1.0,11.0,0,,,,,Masc,Privada,True
1064,2023,-1.0,8.4777,8.6,9.8,8.5,0.0,7.52,9.375,8.84,1.0,10.0,0,,,,,Masc,Pública,False
1065,2023,-1.0,8.03395,7.0,9.6,8.5,0.0,7.52,8.4375,8.84,1.0,10.0,0,,,,,Fem,Pública,False
1066,2023,-1.0,7.262616667,6.2,6.6,8.5,0.0,7.52,8.4375,8.783333333,1.0,10.0,0,,,,,Fem,Pública,False
1067,2023,-1.0,6.541458333,5.4,7.9,,1.0,7.52,8.28125,9.006666667,1.0,10.0,0,,,,,Masc,Pública,True
1068,2023,-1.0,8.472533333,9.0,9.3,8.5,0.0,6.89,9.166666667,9.283333333,1.0,10.0,0,,,,,Masc,Pública,False
1069,2023,-1.0,7.590033333,7.1,7.8,9.0,0.0,7.52,8.125,8.226666667,1.0,11.0,0,,,,,Masc,Pública,False
107,2022,-1.0,6.258,4.6,6.4,7.5,0.0,7.5,7.58,6.5,4.0,15.0,4,,,,,Fem,Pública,False
107,2023,0.0,6.845208333,7.0,8.5,,1.0,5.0,7.34375,7.5875,5.0,16.0,5,0.5872083330000004,2.0999999999999996,2.4000000000000004,1.0875000000000004,Fem,Pública,True
1070,2023,-1.0,6.939033333,5.8,7.8,9.0,0.0,3.14,7.708333333,8.67,1.0,11.0,0,,,,,Masc,Pública,True
1071,2023,-1.0,6.414033333,3.5,8.6,9.0,0.0,7.52,5.625,6.396666667,1.0,11.0,0,,,,,Masc,Pública,True
1072,2023,0.0,8.0152,6.7,8.6,9.0,0.0,5.0,8.125,8.7125,2.0,12.0,0,,,,,Masc,Pública,False
1073,2023,-1.0,6.384333333,6.2,8.8,,1.0,2.52,8.333333333,9.045,2.0,12.0,1,,,,,Fem,Pública,False
1075,2023,-1.0,6.591333333,5.5,9.6,,1.0,5.0,7.708333333,9.0025,2.0,13.0,0,,,,,Fem,Pública,True
1076,2023,-1.0,7.901033333,8.5,9.7,9.0,0.0,2.52,8.333333333,8.8775,2.0,12.0,2,,,,,Fem,Pública,False
1077,2023,0.0,7.2115,7.3,9.7,,1.0,2.52,8.75,8.4225,2.0,11.0,0,,,,,Masc,Pública,False
1079,2023,-1.0,6.916533333,7.6,8.1,9.0,0.0,2.52,7.083333333,7.13,2.0,13.0,0,,,,,Masc,Pública,False
108,2022,-3.0,5.547,5.0,7.7,4.6,0.0,5.0,5.720000000000001,6.125,4.0,17.0,3,,,,,Fem,Pública,True
1081,2023,-2.0,7.666033333,6.5,10.0,10.0,0.0,2.52,8.958333333,8.59,2.0,14.0,0,,,,,Fem,Pública,False
1082,2023,-1.0,7.1617,5.0,9.5,9.5,0.0,2.52,8.75,8.4225,2.0,12.0,0,,,,,Fem,Pública,True
1084,2023,0.0,7.9948,6.8,10.0,8.4,0.0,2.52,8.75,8.38,2.0,11.0,0,,,,,Fem,Pública,False
1087,2023,-1.0,7.2067,5.4,9.5,10.0,0.0,2.52,8.75,8.0475,2.0,12.0,0,,,,,Fem,Pública,False
1089,2023,0.0,7.9947,7.0,9.5,9.0,0.0,2.52,8.75,8.3375,2.0,11.0,0,,,,,Fem,Pública,False
109,2022,-2.0,8.512,8.4,10.0,8.8,0.0,8.8,8.386000000000013,8.667,4.0,16.0,1,,,,,Masc,Privada,True
1090,2023,-1.0,7.844033333,9.0,9.6,9.0,0.0,2.52,8.958333333,7.88,2.0,13.0,0,,,,,Masc,Pública,False
1093,2023,0.0,8.197533333,9.2,9.3,7.0,0.0,2.52,8.958333333,8.2975,2.0,11.0,0,,,,,Masc,Pública,False
1094,2023,0.0,8.1779,8.5,9.5,7.8,0.0,2.52,8.75,8.3375,2.0,12.0,0,,,,,Fem,Pública,False
1095,2023,-1.0,6.238,5.3,9.8,,1.0,2.52,8.75,8.005,2.0,13.0,0,,,,,Masc,Pública,False
1096,2023,0.0,8.615533333,9.6,9.9,9.5,0.0,2.52,8.958333333,8.0875,2.0,11.0,0,,,,,Fem,Pública,False
1097,2023,-2.0,6.9547,5.4,8.6,9.5,0.0,5.0,8.125,6.96,2.0,14.0,0,,,,,Masc,Pública,True
1098,2023,-1.0,7.2787,6.4,9.5,9.5,0.0,2.52,8.125,7.92,2.0,13.0,0,,,,,Fem,Pública,False
1099,2023,-1.0,7.113533333,5.2,9.6,9.0,0.0,2.52,8.333333333,8.34,2.0,13.0,0,,,,,Fem,Pública,False
110,2022,0.0,8.15,6.7,9.7,9.2,0.0,5.6,7.900000000000009,8.0,4.0,14.0,5,,,,,Masc,Privada,False
110,2023,0.0,8.0879,7.5,8.6,8.3,0.0,5.0,8.75,8.2975,5.0,15.0,6,-0.06210000000000093,-1.0999999999999996,0.7999999999999998,0.29749999999999943,Masc,Privada,False
1100,2023,0.0,8.261033333,7.1,9.2,10.0,0.0,5.0,8.541666667,8.283333333,2.0,11.0,0,,,,,Masc,Pública,False
1102,2023,0.0,8.123033333,7.5,9.5,9.5,0.0,5.0,7.708333333,7.56,2.0,11.0,0,,,,,Masc,Pública,False
1103,2023,0.0,7.574866667,5.0,8.7,9.0,0.0,5.0,8.333333333,8.006666667,2.0,11.0,0,,,,,Masc,Pública,False
1106,2023,-1.0,7.1642,5.1,9.3,8.5,0.0,5.0,8.333333333,8.003333333,2.0,12.0,0,,,,,Masc,Pública,False
1107,2023,-1.0,7.9327,7.5,9.4,9.0,0.0,5.0,8.958333333,8.783333333,2.0,13.0,0,,,,,Fem,Pública,False
1108,2023,-1.0,6.310833333,4.7,9.3,,1.0,5.0,8.541666667,8.283333333,2.0,13.0,0,,,,,Masc,Pública,False
111,2022,1.0,8.646,8.0,9.4,7.5,0.0,8.1,8.726000000000003,8.667,4.0,13.0,2,,,,,Fem,Privada,False
111,2023,1.0,7.566458333,6.0,8.7,7.5,0.0,5.0,7.65625,8.0875,5.0,14.0,3,-1.0795416670000009,-0.7000000000000011,-2.0,-0.5794999999999995,Fem,Privada,False
1111,2023,0.0,6.559166667,5.4,8.9,,1.0,2.52,8.125,8.173333333,2.0,11.0,0,,,,,Fem,Pública,False
1112,2023,-1.0,7.088866667,6.3,7.9,9.5,0.0,2.52,8.333333333,8.616666667,2.0,12.0,0,,,,,Masc,Pública,False
1114,2023,0.0,7.5667,4.9,9.8,8.5,0.0,2.52,8.125,8.56,2.0,12.0,0,,,,,Fem,Pública,False
1115,2023,0.0,6.474,4.0,8.3,,1.0,7.52,7.5,7.56,2.0,11.0,0,,,,,Fem,Pública,False
1116,2023,-1.0,6.956533333,4.9,9.2,9.5,0.0,5.0,7.083333333,7.39,2.0,14.0,0,,,,,Masc,Pública,True
1117,2023,0.0,8.382366667,7.3,9.6,9.0,0.0,7.52,7.708333333,7.946666667,2.0,11.0,0,,,,,Fem,Pública,False
1118,2023,-1.0,7.163833333,6.0,8.8,5.3,0.0,7.52,7.708333333,8.28,2.0,13.0,0,,,,,Fem,Pública,False
1119,2023,-1.0,7.192,5.9,9.7,7.3,0.0,3.77,7.708333333,8.453333333,2.0,13.0,0,,,,,Fem,Pública,True
112,2022,-1.0,7.836,8.5,7.8,7.9,0.0,6.3,8.893999999999993,8.833,4.0,15.0,6,,,,,Fem,Privada,True
112,2023,-1.0,7.141308333,7.4,8.1,6.7,0.0,5.0,7.96875,7.9225,5.0,16.0,7,-0.6946916670000007,0.2999999999999998,-1.0999999999999996,-0.9104999999999999,Fem,Privada,False
1121,2023,0.0,8.049,8.0,9.9,,1.0,6.26,8.75,9.84,2.0,11.0,0,,,,,Masc,Pública,False
1122,2023,0.0,7.3715,6.9,9.3,,1.0,6.89,7.291666667,8.616666667,2.0,11.0,0,,,,,Masc,Pública,False
1127,2023,0.0,8.3167,6.9,9.9,8.5,0.0,5.02,8.125,9.01,2.0,11.0,0,,,,,Fem,Pública,False
1129,2023,0.0,7.309333333,7.8,9.2,,1.0,6.27,7.916666667,7.503333333,2.0,11.0,0,,,,,Masc,Pública,False
1130,2023,0.0,8.0037,7.3,8.4,8.5,0.0,7.52,7.708333333,7.503333333,2.0,11.0,0,,,,,Masc,Pública,False
1131,2023,-1.0,8.316133333,9.1,9.9,7.9,0.0,5.02,8.75,9.286666667,2.0,12.0,0,,,,,Fem,Pública,False
1133,2023,0.0,8.600033333,6.5,10.0,9.5,0.0,6.27,8.541666667,9.343333333,2.0,10.0,0,,,,,Fem,Pública,False
1134,2023,0.0,7.769866667,6.8,9.7,8.0,0.0,3.76,7.916666667,7.56,2.0,12.0,0,,,,,Masc,Pública,False
1136,2023,-1.0,6.7351,6.6,8.1,6.8,0.0,2.52,8.333333333,7.723333333,2.0,14.0,0,,,,,Fem,Pública,True
1137,2023,0.0,8.743366667,6.5,9.8,9.5,0.0,6.27,9.375,9.843333333,2.0,10.0,0,,,,,Fem,Pública,False
1139,2023,0.0,7.6647,5.3,9.1,8.5,0.0,5.64,8.125,7.79,2.0,11.0,0,,,,,Masc,Pública,False
114,2022,-2.0,5.894,5.3,6.3,7.9,0.0,7.5,5.339999999999998,5.0,4.0,16.0,0,,,,,Masc,Pública,True
1140,2023,0.0,7.703533333,7.3,8.7,4.7,0.0,7.52,7.708333333,7.62,2.0,11.0,0,,,,,Fem,Pública,False
1141,2023,-1.0,7.2757,5.9,8.8,9.0,0.0,7.52,7.708333333,7.113333333,2.0,12.0,0,,,,,Fem,Pública,False
1142,2023,0.0,9.175033333,10.0,10.0,9.0,0.0,7.52,8.541666667,8.343333333,2.0,11.0,0,,,,,Fem,Pública,False
1143,2023,-2.0,6.445933333,5.3,7.0,8.8,0.0,6.26,7.5,6.2075,3.0,15.0,2,,,,,Fem,Pública,True
1146,2023,-1.0,6.689583333,3.7,8.8,9.6,0.0,6.26,7.1875,6.965,3.0,15.0,0,,,,,Fem,Pública,True
1147,2023,-1.0,7.072983333,6.7,8.3,8.3,0.0,6.26,7.1875,7.0075,3.0,14.0,0,,,,,Fem,Pública,True
1149,2023,-1.0,7.410108333,7.2,9.8,8.3,0.0,2.52,7.96875,8.1725,3.0,14.0,0,,,,,Fem,Pública,True
115,2022,-2.0,5.886,3.8,6.8,8.3,0.0,6.3,6.894,5.583,4.0,16.0,3,,,,,Fem,Pública,True
115,2023,-1.0,6.319141667,4.2,7.1,8.8,0.0,5.0,7.34375,7.215,5.0,17.0,4,0.4331416670000001,0.2999999999999998,0.40000000000000036,1.6319999999999997,Fem,Pública,True
1150,2023,-3.0,7.076008333,6.7,9.8,9.2,0.0,2.52,7.96875,7.835,3.0,16.0,0,,,,,Masc,Pública,True
1151,2023,0.0,7.829958333,8.3,9.5,7.5,0.0,2.52,7.65625,7.545,3.0,12.0,0,,,,,Fem,Pública,False
1153,2023,-1.0,7.968658333,7.2,10.0,7.9,0.0,7.52,7.65625,8.63,3.0,14.0,2,,,,,Fem,Pública,True
1154,2023,0.0,7.701125,5.1,9.3,9.6,0.0,5.63,7.65625,7.67,3.0,13.0,0,,,,,Masc,Pública,True
1155,2023,-1.0,7.821633333,8.0,9.2,9.2,0.0,5.63,7.5,8.2925,3.0,14.0,0,,,,,Fem,Pública,True
1156,2023,0.0,7.340775,5.3,9.2,8.3,0.0,2.52,7.96875,7.7925,3.0,12.0,0,,,,,Fem,Pública,False
1157,2023,-1.0,7.086633333,5.7,8.8,9.2,0.0,6.26,7.5,7.0025,3.0,14.0,0,,,,,Masc,Pública,True
116,2022,-2.0,6.854,5.9,8.1,5.8,0.0,6.3,7.855999999999996,7.792,4.0,16.0,3,,,,,Fem,Pública,True
116,2023,-2.0,6.433075,4.7,7.6,6.7,0.0,5.0,7.96875,7.5475,5.0,17.0,4,-0.42092500000000044,-0.5,-1.2000000000000002,-0.2444999999999995,Fem,Pública,True
1160,2023,0.0,6.636166667,2.7,8.7,9.6,0.0,2.52,6.875,7.2575,3.0,13.0,0,,,,,Masc,Pública,True
1162,2023,0.0,7.44215,6.0,8.5,8.3,0.0,3.77,7.8125,7.7525,3.0,14.0,0,,,,,Fem,Pública,False
1163,2023,-1.0,7.749391667,7.2,9.3,8.8,0.0,7.52,7.65625,7.75,3.0,14.0,0,,,,,Masc,Pública,False
1165,2023,0.0,7.880716667,7.3,9.1,9.2,0.0,5.0,7.1875,7.2925,3.0,12.0,0,,,,,Fem,Pública,False
1166,2023,-2.0,7.307858333,4.8,9.6,8.3,0.0,7.52,7.65625,7.9175,3.0,15.0,0,,,,,Fem,Pública,True
1168,2023,0.0,5.886625,3.5,8.8,,1.0,2.52,7.65625,7.045,3.0,13.0,0,,,,,Fem,Pública,True
1169,2023,-1.0,7.213625,6.3,9.5,7.5,0.0,5.0,7.03125,8.0025,3.0,14.0,0,,,,,Fem,Pública,True
1170,2023,-1.0,6.874683333,5.9,7.7,8.8,0.0,7.52,7.1875,6.5775,3.0,14.0,0,,,,,Masc,Pública,True
1171,2023,-1.0,7.856033333,8.7,8.4,7.9,0.0,5.0,8.75,8.88,3.0,14.0,0,,,,,Masc,Pública,True
1172,2023,-2.0,7.030108333,6.7,7.8,8.3,0.0,2.52,8.59375,8.46,4.0,16.0,0,,,,,Fem,Pública,True
1173,2023,0.0,7.67285,6.0,9.7,8.8,0.0,2.52,7.8125,8.1225,4.0,14.0,0,,,,,Masc,Pública,False
1174,2023,-1.0,7.333591667,6.8,8.7,9.2,0.0,2.52,8.90625,8.3375,4.0,15.0,0,,,,,Fem,Pública,False
1176,2023,1.0,8.881483333,8.2,9.3,8.3,0.0,7.52,9.6875,9.17,4.0,13.0,0,,,,,Masc,Pública,False
1177,2023,0.0,8.345491667,7.2,9.9,10.0,0.0,2.52,8.90625,8.88,4.0,15.0,0,,,,,Fem,Pública,False
1178,2023,-2.0,7.066475,5.7,9.3,8.8,0.0,2.52,7.96875,8.2125,4.0,16.0,0,,,,,Masc,Pública,True
1181,2023,0.0,6.971266667,4.8,8.3,8.8,0.0,2.52,7.5,7.3375,4.0,14.0,0,,,,,Fem,Pública,False
1184,2023,-2.0,7.381566667,7.3,8.3,8.3,0.0,5.0,8.125,8.045,4.0,16.0,0,,,,,Masc,Pública,True
119,2022,0.0,7.501,5.4,8.2,8.3,0.0,5.6,8.160000000000007,7.875,4.0,14.0,6,,,,,Fem,Privada,False
1193,2023,0.0,6.018083333,4.1,7.8,,1.0,5.0,7.1875,7.13,4.0,14.0,0,,,,,Fem,Pública,True
1195,2023,-3.0,5.677291667,5.4,8.3,,1.0,2.52,8.28125,8.0025,4.0,17.0,1,,,,,Fem,Pública,True
1198,2023,-1.0,7.515233333,6.7,9.4,8.3,0.0,6.26,7.5,7.9625,5.0,16.0,0,,,,,Fem,Pública,True
1199,2023,-2.0,7.024933333,6.2,9.1,6.7,0.0,5.0,6.875,8.0875,5.0,17.0,0,,,,,Masc,Pública,True
12,2022,0.0,4.832,1.5,4.0,,1.0,6.9,7.641999999999998,6.389,7.0,17.0,2,,,,,Fem,Pública,False
1200,2023,0.0,5.711166667,4.0,6.4,,1.0,5.0,7.5,6.8725,5.0,16.0,0,,,,,Fem,Pública,True
1201,2023,0.0,8.378008333,7.8,9.6,9.2,0.0,3.77,8.59375,8.7575,5.0,15.0,0,,,,,Masc,Pública,True
1203,2023,-1.0,7.487841667,7.2,10.0,9.2,0.0,2.52,7.96875,7.8775,5.0,16.0,0,,,,,Fem,Pública,False
1207,2023,0.0,7.58235,5.5,9.0,8.8,0.0,5.0,7.8125,7.63,5.0,15.0,0,,,,,Fem,Pública,True
121,2022,-2.0,7.245,7.2,8.4,7.1,0.0,6.3,7.599999999999998,7.625,4.0,16.0,1,,,,,Fem,Pública,True
121,2023,-1.0,6.811875,6.0,8.8,6.3,0.0,5.0,7.34375,7.4625,5.0,17.0,2,-0.4331250000000004,0.40000000000000036,-1.2000000000000002,-0.16249999999999964,Fem,Pública,True
1210,2023,-1.0,7.171083333,4.7,9.4,9.6,0.0,5.0,7.8125,8.09,5.0,16.0,0,,,,,Fem,Pública,False
1214,2023,0.0,8.378666667,7.4,9.8,9.6,0.0,6.89,7.5,7.6725,6.0,16.0,0,,,,,Masc,Pública,False
1216,2023,-2.0,7.7105,7.9,9.0,9.6,0.0,5.63,7.5,7.795,6.0,19.0,0,,,,,Fem,,False
1220,2023,-1.0,6.46725,6.8,9.0,,1.0,5.0,7.8125,7.63,6.0,18.0,0,,,,,Fem,Pública,True
1221,2023,-1.0,8.027466667,8.7,9.1,9.2,0.0,6.26,8.0,8.09,7.0,22.0,0,,,,,Fem,,False
1224,2023,-1.0,7.5524,8.0,9.4,8.3,0.0,5.0,7.125,7.6325,7.0,20.0,0,,,,,Masc,,False
123,2022,-2.0,7.084,6.5,8.6,7.9,0.0,5.6,7.555999999999994,7.292,4.0,16.0,5,,,,,Masc,Privada,True
123,2023,-2.0,6.068333333,5.7,9.4,,1.0,5.0,6.875,6.8375,5.0,17.0,6,-1.0156666669999996,0.8000000000000007,-0.7999999999999998,-0.45449999999999946,Masc,Privada,True
125,2022,-1.0,7.619,7.1,8.5,8.8,0.0,7.5,8.19,7.75,4.0,15.0,0,,,,,Fem,Pública,True
125,2023,-1.0,6.989633333,5.8,7.7,9.2,0.0,5.0,8.125,7.835,5.0,16.0,1,-0.6293666670000002,-0.7999999999999998,-1.2999999999999998,0.08499999999999996,Fem,Privada,True
127,2022,0.0,8.283,7.9,8.7,7.5,0.0,7.5,8.379999999999992,8.125,4.0,14.0,0,,,,,Fem,Pública,False
127,2023,0.0,7.91935,6.4,7.8,8.8,0.0,6.26,8.4375,8.6725,5.0,15.0,1,-0.3636499999999998,-0.8999999999999995,-1.5,0.5474999999999994,Fem,Pública,False
128,2022,-1.0,5.563,5.6,6.2,,1.0,7.5,7.195999999999989,6.167,4.0,15.0,3,,,,,Masc,Pública,True
13,2022,-1.0,6.902,4.7,7.4,7.9,0.0,7.5,8.308,8.056,7.0,18.0,6,,,,,Masc,Pública,False
131,2022,-1.0,7.174,5.6,9.0,8.8,0.0,5.6,7.640000000000011,7.75,4.0,15.0,6,,,,,Fem,Pública,True
131,2023,-1.0,5.952358333,2.2,7.8,8.3,0.0,5.0,7.65625,6.8,5.0,16.0,7,-1.221641667,-1.2000000000000002,-3.3999999999999995,-0.9500000000000002,Fem,Pública,True
132,2022,0.0,8.355,7.7,8.8,10.0,0.0,5.6,8.033999999999999,8.458,4.0,14.0,3,,,,,Fem,Privada,False
132,2023,0.0,7.350625,6.5,8.7,7.5,0.0,2.52,7.65625,7.715,5.0,15.0,4,-1.0043750000000005,-0.10000000000000142,-1.2000000000000002,-0.7430000000000003,Fem,Privada,False
133,2022,-1.0,6.875,5.6,7.1,7.9,0.0,7.5,7.699999999999996,7.625,4.0,15.0,6,,,,,Fem,Pública,True
137,2022,-3.0,7.056,7.3,8.9,7.5,0.0,5.0,7.576,7.792,4.0,17.0,6,,,,,Fem,Privada,True
137,2023,-2.0,5.937025,6.0,6.3,7.1,0.0,2.52,6.40625,6.88,5.0,18.0,7,-1.1189749999999998,-2.6000000000000005,-1.2999999999999998,-0.9119999999999999,Fem,Privada,True
138,2022,-1.0,6.738,5.6,8.0,9.6,0.0,5.6,7.230000000000007,6.375,4.0,15.0,6,,,,,Masc,Pública,True
138,2023,-2.0,6.784075,4.3,7.9,10.0,0.0,6.26,7.34375,7.4175,4.0,16.0,7,0.0460749999999992,-0.09999999999999964,-1.2999999999999998,1.0425000000000004,Masc,Pública,True
14,2022,-1.0,6.793,4.0,8.3,7.9,0.0,7.5,7.430000000000003,7.75,7.0,21.0,0,,,,,Masc,Pública,False
141,2022,0.0,7.118,5.7,8.2,9.2,0.0,5.6,6.746000000000008,5.917,4.0,14.0,5,,,,,Masc,Pública,True
143,2022,1.0,8.638,7.9,9.9,8.3,0.0,5.6,7.879999999999994,9.5,4.0,13.0,3,,,,,Masc,Privada,False
143,2023,1.0,7.794358333,6.5,9.6,8.3,0.0,2.52,8.28125,8.3375,5.0,14.0,4,-0.843641667,-0.3000000000000007,-1.4000000000000004,-1.1624999999999996,Masc,Privada,False
144,2022,0.0,8.181,7.9,9.3,7.5,0.0,5.0,8.325999999999985,8.292,4.0,14.0,5,,,,,Fem,Privada,False
145,2022,-2.0,5.846,5.2,6.3,,1.0,8.1,7.859999999999996,7.25,4.0,16.0,5,,,,,Masc,Pública,True
146,2022,-1.0,7.947,7.9,9.2,8.3,0.0,7.5,8.053999999999997,8.208,4.0,15.0,0,,,,,Fem,Pública,True
146,2023,-1.0,7.584483333,7.9,9.5,6.2,0.0,5.0,8.4375,8.2125,5.0,16.0,1,-0.3625166670000004,0.3000000000000007,0.0,0.0045000000000001705,Fem,Pública,True
147,2022,0.0,7.541,6.1,7.7,8.3,0.0,7.5,7.510000000000003,7.25,4.0,14.0,0,,,,,Fem,Pública,True
147,2023,-1.0,5.5425,4.5,7.0,,1.0,5.63,6.875,7.46,4.0,15.0,1,-1.9985,-0.7000000000000002,-1.5999999999999996,0.20999999999999996,Fem,Pública,True
149,2022,-1.0,6.323,5.0,6.5,9.2,0.0,7.5,6.280000000000001,6.125,4.0,15.0,0,,,,,Fem,Pública,True
149,2023,-2.0,5.622266667,4.7,4.2,8.8,0.0,2.52,7.5,7.2925,4.0,16.0,1,-0.7007333330000005,-2.3,-0.2999999999999998,1.1675000000000004,Fem,Pública,True
151,2022,-2.0,7.563,8.3,7.5,8.8,0.0,6.9,7.413999999999996,7.958,4.0,16.0,2,,,,,Fem,Pública,True
152,2022,-2.0,6.712,6.5,7.0,8.3,0.0,7.5,6.735999999999995,6.292,4.0,16.0,0,,,,,Fem,Pública,True
152,2023,-2.0,6.30695,4.5,7.7,7.9,0.0,2.52,7.8125,7.71,4.0,17.0,1,-0.40505000000000013,0.7000000000000002,-2.0,1.4180000000000001,Fem,Pública,True
153,2022,0.0,7.535,6.6,8.2,7.9,0.0,5.0,7.434000000000003,7.708,4.0,14.0,4,,,,,Fem,Privada,False
153,2023,0.0,7.289966667,6.4,7.4,9.2,0.0,2.52,8.125,7.71,5.0,15.0,5,-0.2450333330000003,-0.7999999999999989,-0.1999999999999993,0.0019999999999997797,Fem,Privada,False
155,2022,-2.0,7.051,5.2,8.3,10.0,0.0,7.5,7.343999999999999,6.833,4.0,16.0,0,,,,,Masc,Pública,True
155,2023,-2.0,6.318991667,4.4,8.1,7.9,0.0,5.0,7.03125,6.5875,5.0,17.0,1,-0.7320083330000005,-0.20000000000000107,-0.7999999999999998,-0.24549999999999983,Masc,Pública,False
157,2022,1.0,8.317,7.7,10.0,7.5,0.0,6.3,7.385999999999999,8.292,4.0,12.0,4,,,,,Fem,Privada,False
157,2023,2.0,7.879008333,6.8,9.9,7.1,0.0,2.52,8.59375,8.63,5.0,13.0,5,-0.43799166700000036,-0.09999999999999964,-0.9000000000000004,0.33800000000000097,Fem,Privada,False
158,2022,-3.0,7.302,6.6,9.8,7.9,0.0,5.6,7.969999999999997,8.125,4.0,17.0,5,,,,,Fem,Privada,False
158,2023,1.0,7.297425,6.0,9.0,7.1,0.0,2.52,8.28125,7.545,5.0,14.0,6,-0.004574999999999996,-0.8000000000000007,-0.5999999999999996,-0.5800000000000001,Fem,Privada,False
159,2022,-1.0,6.49,4.7,8.1,8.3,0.0,5.6,7.484000000000002,6.458,4.0,15.0,1,,,,,Fem,Pública,True
160,2022,-1.0,6.746,5.3,7.2,7.5,0.0,5.6,7.860000000000005,8.25,4.0,15.0,1,,,,,Fem,Pública,True
160,2023,-1.0,6.598266667,5.0,8.3,8.8,0.0,2.52,8.125,7.46,5.0,16.0,2,-0.14773333300000058,1.1000000000000005,-0.2999999999999998,-0.79,Fem,Privada,True
161,2022,2.0,7.957,6.9,9.1,7.9,0.0,5.6,7.904,8.083,4.0,11.0,4,,,,,Fem,Privada,False
161,2023,1.0,6.250166667,5.8,7.3,,1.0,2.52,8.125,7.795,5.0,14.0,5,-1.7068333329999996,-1.7999999999999998,-1.1000000000000005,-0.28800000000000026,Fem,Privada,False
164,2022,-2.0,6.776,6.5,7.3,8.3,0.0,5.6,6.844000000000001,7.208,4.0,16.0,4,,,,,Masc,Pública,True
164,2023,-1.0,5.638666667,5.8,8.2,,1.0,2.52,6.875,6.9625,5.0,17.0,5,-1.137333333,0.8999999999999995,-0.7000000000000002,-0.24549999999999983,Masc,Privada,True
165,2022,0.0,8.063,7.6,9.8,7.1,0.0,5.6,8.130000000000006,7.5,4.0,14.0,5,,,,,Fem,Privada,False
165,2023,0.0,7.583433333,7.3,9.2,6.7,0.0,2.52,8.125,7.795,5.0,15.0,6,-0.4795666670000003,-0.6000000000000014,-0.2999999999999998,0.29499999999999993,Fem,Privada,False
166,2022,0.0,8.253,8.1,9.0,9.2,0.0,6.3,7.746000000000004,7.542,4.0,14.0,2,,,,,Masc,Pública,False
166,2023,0.0,8.105583333,8.1,8.9,7.5,0.0,6.26,8.4375,7.4625,5.0,15.0,3,-0.1474166669999999,-0.09999999999999964,0.0,-0.07949999999999946,Masc,Privada,False
167,2022,-2.0,7.798,7.9,9.7,9.2,0.0,5.6,7.314000000000007,7.833,4.0,16.0,4,,,,,Fem,Privada,True
167,2023,-2.0,7.806141667,7.9,9.9,8.8,0.0,5.0,7.96875,7.8375,5.0,17.0,5,0.008141667000000297,0.20000000000000107,0.0,0.0045000000000001705,Fem,Privada,True
168,2022,-1.0,6.917,5.9,8.3,7.9,0.0,6.3,7.403999999999993,7.083,4.0,15.0,4,,,,,Fem,Privada,False
17,2022,-1.0,8.068,7.8,10.0,8.8,0.0,7.5,7.195999999999989,8.292,7.0,20.0,0,,,,,Masc,Pública,False
170,2022,0.0,7.007,4.9,9.2,8.3,0.0,5.6,6.385999999999994,5.792,4.0,14.0,4,,,,,Fem,Privada,True
170,2023,-2.0,7.062433333,7.2,8.9,8.8,0.0,2.52,6.875,7.6725,3.0,15.0,5,0.05543333300000075,-0.29999999999999893,2.3,1.8805000000000005,Fem,Privada,True
171,2022,-2.0,6.581,5.5,6.8,7.5,0.0,7.5,7.460000000000004,6.875,4.0,16.0,0,,,,,Masc,Pública,True
171,2023,-2.0,6.293083333,5.2,7.2,7.5,0.0,5.0,7.1875,6.755,5.0,17.0,1,-0.2879166670000002,0.40000000000000036,-0.2999999999999998,-0.1200000000000001,Masc,Pública,True
172,2022,0.0,8.673,7.3,8.9,9.2,0.0,9.4,7.895999999999992,8.917,4.0,14.0,4,,,,,Fem,Privada,False
173,2022,-3.0,7.816,7.9,9.2,8.3,0.0,6.9,7.759999999999989,9.25,4.0,17.0,3,,,,,Masc,Privada,True
173,2023,-2.0,7.757466667,8.1,8.5,9.2,0.0,6.26,8.125,7.8775,5.0,18.0,4,-0.05853333299999974,-0.6999999999999993,0.1999999999999993,-1.3724999999999996,Masc,Privada,False
174,2022,-1.0,6.075,4.4,6.2,7.9,0.0,7.5,7.065999999999999,6.042,4.0,15.0,3,,,,,Fem,Pública,True
175,2022,-1.0,6.75,5.9,9.2,8.3,0.0,5.6,6.734000000000009,5.833,4.0,15.0,4,,,,,Fem,Privada,True
175,2023,-1.0,6.569516667,4.8,9.2,8.8,0.0,2.52,7.1875,7.085,5.0,16.0,5,-0.18048333299999975,0.0,-1.1000000000000005,1.2519999999999998,Fem,Privada,True
176,2022,0.0,8.427,6.9,9.1,9.6,0.0,5.6,8.903999999999996,9.083,3.0,13.0,4,,,,,Fem,Privada,False
176,2023,0.0,8.316833333,8.0,9.5,9.6,0.0,2.52,8.125,9.0025,4.0,14.0,5,-0.11016666699999966,0.40000000000000036,1.0999999999999996,-0.08050000000000068,Fem,Privada,False
178,2022,0.0,7.025,6.3,8.8,,1.0,4.4,8.734000000000002,8.458,3.0,13.0,6,,,,,Fem,Privada,False
178,2023,0.0,7.406658333,5.9,8.7,7.9,0.0,2.52,7.65625,8.42,4.0,14.0,7,0.38165833299999985,-0.10000000000000142,-0.39999999999999947,-0.038000000000000256,Fem,Privada,False
179,2022,0.0,7.993,6.1,9.2,7.5,0.0,7.5,8.246000000000002,8.042,3.0,12.0,0,,,,,Masc,Pública,False
179,2023,0.0,8.437641667,6.4,9.4,8.8,0.0,7.52,8.59375,8.9225,3.0,13.0,1,0.4446416669999991,0.20000000000000107,0.3000000000000007,0.8804999999999996,Masc,Pública,False
180,2022,0.0,8.442,8.1,8.3,9.2,0.0,6.3,8.870000000000005,8.625,3.0,12.0,4,,,,,Masc,Privada,False
180,2023,1.0,8.283216667,8.0,9.4,9.2,0.0,2.52,8.4375,8.92,4.0,13.0,5,-0.15878333300000058,1.0999999999999996,-0.09999999999999964,0.29499999999999993,Masc,Privada,False
181,2022,0.0,8.623,6.8,9.5,9.2,0.0,8.8,8.713999999999986,8.458,3.0,13.0,3,,,,,Fem,Privada,False
181,2023,0.0,7.671208333,6.8,8.3,9.6,0.0,2.52,7.96875,8.2525,4.0,14.0,4,-0.9517916669999993,-1.1999999999999993,0.0,-0.20550000000000068,Fem,Privada,False
183,2022,0.0,7.3,3.8,8.8,8.3,0.0,7.5,7.499999999999991,7.25,3.0,13.0,0,,,,,Fem,Pública,True
183,2023,-1.0,7.586241667,7.7,9.7,7.9,0.0,2.52,7.96875,8.795,3.0,14.0,1,0.28624166700000053,0.8999999999999986,3.9000000000000004,1.545,Fem,Pública,False
184,2022,-3.0,7.28,7.2,7.7,8.8,0.0,7.5,8.199999999999994,8.0,3.0,16.0,3,,,,,Masc,Pública,False
184,2023,1.0,8.430241667,7.1,9.5,7.9,0.0,7.52,8.59375,8.5025,4.0,13.0,4,1.1502416670000004,1.7999999999999998,-0.10000000000000053,0.5024999999999995,Masc,Pública,False
186,2022,0.0,7.832,6.6,8.5,8.3,0.0,7.5,7.319999999999993,7.5,3.0,13.0,3,,,,,Fem,Pública,False
186,2023,0.0,7.817541667,6.9,9.7,7.5,0.0,2.52,7.96875,8.46,4.0,14.0,4,-0.014458332999999435,1.1999999999999993,0.3000000000000007,0.9600000000000009,Fem,Privada,False
187,2022,0.0,7.928,5.8,8.9,8.8,0.0,7.5,7.745999999999995,7.917,3.0,12.0,3,,,,,Fem,Privada,False
187,2023,0.0,7.809875,6.9,9.9,7.5,0.0,2.52,7.96875,8.255,3.0,13.0,4,-0.11812500000000004,1.0,1.1000000000000005,0.33800000000000097,Fem,Privada,False
189,2022,-1.0,7.629,7.2,9.7,10.0,0.0,5.0,7.823999999999991,7.333,3.0,14.0,4,,,,,Masc,Privada,False
189,2023,0.0,7.727325,6.5,9.4,7.9,0.0,2.52,8.28125,8.3775,4.0,15.0,5,0.09832500000000088,-0.29999999999999893,-0.7000000000000002,1.0444999999999993,Masc,Privada,False
19,2022,-1.0,7.665,8.0,9.5,7.9,0.0,7.5,7.2499999999999964,7.0,7.0,19.0,0,,,,,Fem,Pública,True
19,2023,-1.0,7.710866667,7.8,9.4,7.9,0.0,5.63,7.75,8.1725,7.0,20.0,1,0.045866667000000305,-0.09999999999999964,-0.20000000000000018,1.1724999999999994,Fem,,False
190,2022,0.0,7.335,6.3,6.9,6.7,0.0,8.8,6.950000000000003,7.25,3.0,13.0,0,,,,,Fem,Pública,True
191,2022,0.0,8.74,7.2,9.4,10.0,0.0,8.8,8.399999999999999,8.5,3.0,13.0,3,,,,,Masc,Privada,False
191,2023,0.0,7.263666667,7.8,9.7,,1.0,2.52,8.125,8.4625,4.0,14.0,4,-1.4763333330000004,0.29999999999999893,0.5999999999999996,-0.037499999999999645,Masc,Privada,False
192,2022,-2.0,4.932,2.7,3.6,8.8,0.0,7.5,6.003999999999996,4.708,3.0,15.0,1,,,,,Masc,Pública,True
192,2023,-2.0,6.616016667,6.5,6.2,8.8,0.0,5.0,7.1875,7.3775,4.0,16.0,2,1.6840166669999999,2.6,3.8,2.6695,Masc,Privada,True
193,2022,0.0,8.155,6.7,8.9,9.2,0.0,5.6,8.549999999999995,8.5,3.0,12.0,6,,,,,Masc,Privada,False
193,2023,1.0,7.718566667,6.5,9.4,8.3,0.0,2.52,8.125,8.17,4.0,13.0,7,-0.4364333329999992,0.5,-0.20000000000000018,-0.33000000000000007,Masc,Privada,False
195,2022,0.0,8.017,6.3,9.2,8.8,0.0,5.0,8.869999999999996,8.25,3.0,13.0,5,,,,,Fem,Privada,False
195,2023,0.0,7.60205,6.0,9.2,7.1,0.0,2.52,8.4375,8.79,4.0,14.0,6,-0.41494999999999926,0.0,-0.2999999999999998,0.5399999999999991,Fem,Privada,False
196,2022,0.0,8.124,5.1,9.1,9.2,0.0,7.5,8.890000000000011,8.625,3.0,12.0,4,,,,,Masc,Privada,False
196,2023,1.0,7.560991667,6.2,9.0,7.9,0.0,2.52,8.28125,8.2125,4.0,13.0,5,-0.5630083330000009,-0.09999999999999964,1.1000000000000005,-0.41249999999999964,Masc,Privada,False
197,2022,0.0,8.218,7.3,9.7,8.8,0.0,4.4,8.39599999999999,8.292,3.0,13.0,1,,,,,Fem,Privada,False
197,2023,1.0,7.967608333,7.2,9.8,8.3,0.0,2.52,7.96875,8.46,4.0,14.0,2,-0.2503916669999997,0.10000000000000142,-0.09999999999999964,0.16800000000000104,Fem,Privada,False
199,2022,0.0,7.564,7.5,7.1,8.3,0.0,7.5,7.724000000000002,6.458,3.0,13.0,0,,,,,Masc,Pública,True
199,2023,-1.0,7.892341667,8.5,7.6,9.2,0.0,7.51,7.96875,8.505,3.0,14.0,1,0.3283416670000001,0.5,1.0,2.0470000000000006,Masc,Privada,True
2,2022,0.0,7.055,6.8,5.2,8.8,0.0,6.3,7.893999999999997,6.778,7.0,17.0,5,,,,,Fem,Privada,False
200,2022,-2.0,5.705,5.5,5.6,7.9,0.0,4.4,7.716000000000003,4.917,3.0,15.0,4,,,,,Masc,Privada,True
202,2022,-1.0,5.201,5.4,5.2,,1.0,4.4,7.575999999999992,6.917,3.0,14.0,5,,,,,Fem,Pública,True
202,2023,-1.0,6.791641667,5.9,7.9,8.8,0.0,2.52,7.96875,8.005,4.0,15.0,6,1.5906416670000008,2.7,0.5,1.088000000000001,Fem,Pública,True
204,2022,0.0,6.943,7.4,6.7,7.9,0.0,4.4,7.513999999999985,5.708,3.0,13.0,3,,,,,Fem,Pública,False
204,2023,0.0,7.557558333,7.1,7.9,8.8,0.0,2.52,8.28125,8.045,4.0,14.0,4,0.6145583330000006,1.2000000000000002,-0.3000000000000007,2.3369999999999997,Fem,Pública,False
205,2022,-1.0,5.372,4.1,3.8,9.6,0.0,7.5,6.153999999999993,4.833,3.0,14.0,2,,,,,Masc,Pública,True
21,2022,-1.0,6.945,3.8,9.2,9.6,0.0,7.5,6.850000000000005,7.25,7.0,18.0,0,,,,,Masc,Pública,False
211,2022,0.0,8.465,7.6,8.8,9.2,0.0,7.5,8.233999999999995,8.458,3.0,13.0,1,,,,,Masc,Pública,False
211,2023,0.0,8.024791667,7.1,9.4,9.6,0.0,2.52,7.65625,8.71,4.0,14.0,2,-0.4402083329999993,0.5999999999999996,-0.5,0.25200000000000067,Masc,Privada,False
215,2022,0.0,7.172,7.8,5.8,6.7,0.0,7.5,7.236000000000002,6.542,3.0,13.0,1,,,,,Fem,Pública,False
215,2023,0.0,7.166475,6.9,6.6,8.8,0.0,2.52,7.96875,7.7125,4.0,14.0,2,-0.005524999999999558,0.7999999999999998,-0.8999999999999995,1.1705000000000005,Fem,Pública,False
217,2022,-2.0,7.397,7.1,8.5,7.9,0.0,7.5,7.786,7.292,3.0,15.0,1,,,,,Fem,Pública,True
217,2023,-1.0,6.96965,5.6,8.6,8.3,0.0,2.52,8.4375,8.5025,4.0,16.0,2,-0.42735000000000056,0.09999999999999964,-1.5,1.2104999999999997,Fem,Pública,True
218,2022,-1.0,6.1,4.0,7.3,6.3,0.0,7.5,7.349999999999994,6.125,3.0,14.0,0,,,,,Fem,Pública,True
220,2022,0.0,7.028,6.5,8.1,,1.0,7.5,7.913999999999994,7.833,3.0,13.0,0,,,,,Fem,Pública,False
220,2023,0.0,7.102016667,6.1,7.6,8.8,0.0,2.52,7.1875,7.5475,4.0,14.0,1,0.07401666700000042,-0.5,-0.40000000000000036,-0.28549999999999986,Fem,Pública,False
221,2022,-1.0,6.892,5.2,8.5,9.6,0.0,7.5,7.42,6.0,3.0,14.0,0,,,,,Masc,Pública,True
223,2022,0.0,4.966,3.1,4.6,,1.0,7.5,5.594000000000001,5.583,3.0,13.0,0,,,,,Fem,Pública,True
227,2022,0.0,6.471,3.3,6.4,9.2,0.0,7.5,6.943999999999999,5.833,3.0,12.0,0,,,,,Masc,Pública,False
227,2023,0.0,7.722125,6.9,7.5,9.6,0.0,5.63,8.28125,7.4625,3.0,13.0,1,1.251125,1.0999999999999996,3.6000000000000005,1.6295000000000002,Masc,Pública,False
229,2022,0.0,8.62,6.9,9.4,10.0,0.0,7.5,9.099999999999993,8.5,3.0,12.0,0,,,,,Masc,Pública,False
229,2023,1.0,8.207591667,7.8,9.8,9.2,0.0,2.52,8.28125,8.42,4.0,13.0,1,-0.41240833299999835,0.40000000000000036,0.8999999999999995,-0.08000000000000007,Masc,Privada,False
23,2022,-1.0,7.677,6.7,8.2,8.3,0.0,8.1,8.457999999999988,8.556,6.0,17.0,1,,,,,Masc,Pública,False
234,2022,0.0,6.719,4.3,7.6,10.0,0.0,5.6,6.624000000000008,5.583,3.0,13.0,0,,,,,Masc,Pública,False
236,2022,0.0,7.11,3.7,7.5,9.6,0.0,7.5,7.183999999999999,7.208,3.0,12.0,0,,,,,Fem,Pública,False
236,2023,0.0,7.337116667,4.5,7.5,10.0,0.0,7.52,7.1875,7.2975,3.0,13.0,1,0.22711666699999977,0.0,0.7999999999999998,0.08950000000000014,Fem,Pública,False
237,2022,-1.0,8.084,7.8,9.0,10.0,0.0,7.5,7.905999999999995,8.417,3.0,14.0,0,,,,,Fem,Pública,True
237,2023,-1.0,7.436566667,6.7,9.5,8.3,0.0,2.52,8.125,8.96,4.0,15.0,1,-0.6474333329999995,0.5,-1.0999999999999996,0.543000000000001,Fem,Privada,True
239,2022,-2.0,4.572,3.7,3.7,,1.0,7.5,6.503999999999994,5.958,3.0,15.0,1,,,,,Fem,Pública,True
239,2023,-2.0,6.411333333,7.0,8.4,,1.0,5.0,8.125,7.6275,4.0,16.0,2,1.839333333,4.7,3.3,1.6695000000000002,Fem,Pública,True
240,2022,0.0,6.943,4.7,8.1,7.1,0.0,5.0,7.645999999999997,7.042,3.0,13.0,5,,,,,Fem,Privada,False
241,2022,-1.0,8.468,7.7,10.0,10.0,0.0,7.5,8.529999999999998,9.125,3.0,14.0,6,,,,,Masc,Privada,True
241,2023,-1.0,7.016,7.5,9.9,,1.0,2.52,8.75,9.545,4.0,15.0,7,-1.452,-0.09999999999999964,-0.20000000000000018,0.41999999999999993,Masc,Privada,False
242,2022,0.0,8.673,8.2,9.7,9.6,0.0,5.6,8.314000000000004,8.708,3.0,13.0,4,,,,,Masc,Privada,False
242,2023,0.0,8.221841667,7.9,9.7,7.1,0.0,2.52,8.59375,9.3775,4.0,14.0,5,-0.4511583330000004,0.0,-0.29999999999999893,0.6694999999999993,Masc,Privada,False
244,2022,0.0,8.51,7.8,9.4,7.5,0.0,6.3,8.483999999999998,9.208,3.0,12.0,4,,,,,Fem,Privada,False
244,2023,1.0,7.044333333,7.3,8.8,,1.0,2.52,8.125,8.8325,4.0,13.0,5,-1.4656666669999998,-0.5999999999999996,-0.5,-0.3755000000000006,Fem,Privada,False
245,2022,-1.0,8.656,8.4,9.9,10.0,0.0,7.5,8.960000000000008,9.25,3.0,14.0,6,,,,,Masc,Privada,True
245,2023,-1.0,7.171166667,8.1,10.0,,1.0,2.52,8.75,9.5875,4.0,15.0,7,-1.484833333000001,0.09999999999999964,-0.3000000000000007,0.33750000000000036,Masc,Privada,False
246,2022,0.0,8.639,7.6,9.4,8.3,0.0,7.5,8.255999999999988,9.167,3.0,13.0,0,,,,,Masc,Pública,False
246,2023,0.0,8.256766667,6.8,9.9,8.8,0.0,4.39,8.125,8.9175,4.0,14.0,1,-0.3822333329999985,0.5,-0.7999999999999998,-0.2494999999999994,Masc,Privada,False
247,2022,0.0,7.72,5.8,8.2,8.3,0.0,7.5,7.649999999999997,7.875,3.0,13.0,1,,,,,Fem,Pública,False
247,2023,0.0,7.221958333,7.2,8.5,,1.0,7.52,8.28125,7.5425,3.0,14.0,2,-0.49804166699999985,0.3000000000000007,1.4000000000000004,-0.3324999999999996,Fem,Pública,False
249,2022,-1.0,5.097,2.9,7.4,6.7,0.0,5.0,5.086000000000004,4.292,3.0,14.0,5,,,,,Masc,Pública,True
249,2023,-2.0,5.444625,4.9,8.2,,1.0,5.0,5.15625,6.545,3.0,15.0,6,0.34762499999999985,0.7999999999999989,2.0000000000000004,2.253,Masc,Pública,True
25,2022,-1.0,7.979,6.9,8.3,8.3,0.0,8.8,7.956000000000003,9.667,6.0,17.0,1,,,,,Fem,Pública,False
250,2022,0.0,7.958,6.6,8.6,8.3,0.0,7.5,8.129999999999997,7.625,3.0,12.0,0,,,,,Fem,Pública,False
250,2023,0.0,7.598208333,8.3,9.3,,1.0,5.63,7.96875,8.625,3.0,13.0,1,-0.35979166700000054,0.7000000000000011,1.700000000000001,1.0,Fem,Pública,False
251,2022,-2.0,7.022,6.3,8.1,10.0,0.0,5.6,7.570000000000006,6.625,3.0,15.0,4,,,,,Masc,Pública,True
251,2023,-1.0,6.665208333,5.3,8.0,9.6,0.0,2.52,7.34375,7.835,4.0,16.0,5,-0.3567916670000004,-0.09999999999999964,-1.0,1.21,Masc,Pública,True
254,2022,-1.0,6.715,5.3,7.4,10.0,0.0,5.6,7.316000000000002,6.917,3.0,14.0,3,,,,,Masc,Pública,True
26,2022,-1.0,8.677,8.0,8.8,9.6,0.0,10.0,8.569999999999993,10.0,6.0,17.0,0,,,,,Masc,Pública,True
260,2022,0.0,7.44,5.0,8.2,10.0,0.0,7.5,7.584000000000008,6.458,3.0,13.0,3,,,,,Fem,Pública,False
260,2023,0.0,8.080008333,6.1,9.9,9.2,0.0,7.52,7.34375,7.4175,3.0,14.0,4,0.6400083329999999,1.700000000000001,1.0999999999999996,0.9595000000000002,Fem,Pública,False
262,2022,-2.0,4.786,3.4,5.8,,1.0,5.6,7.609999999999992,5.625,3.0,15.0,1,,,,,Masc,Pública,True
262,2023,-2.0,4.406458333,3.8,3.7,,1.0,5.0,7.03125,6.05,4.0,16.0,2,-0.3795416669999998,-2.0999999999999996,0.3999999999999999,0.4249999999999998,Masc,Privada,True
265,2022,0.0,7.926,6.9,7.7,8.3,0.0,7.5,8.426,7.917,3.0,13.0,3,,,,,Masc,Pública,False
267,2022,-2.0,6.012,3.3,7.4,10.0,0.0,5.0,6.13599999999999,6.292,3.0,15.0,6,,,,,Fem,Pública,True
269,2022,0.0,8.231,8.9,8.6,9.2,0.0,6.3,7.309999999999999,7.25,3.0,13.0,0,,,,,Masc,Pública,False
269,2023,0.0,8.116041667,7.4,9.0,9.6,0.0,2.52,8.59375,8.7975,4.0,14.0,1,-0.11495833300000058,0.40000000000000036,-1.5,1.5474999999999994,Masc,Pública,False
27,2022,-1.0,7.124,8.0,7.6,,1.0,8.1,8.717999999999995,9.111,6.0,17.0,6,,,,,Masc,Privada,False
27,2023,0.0,7.921266667,6.9,7.7,6.7,0.0,6.89,8.625,8.8825,7.0,17.0,7,0.7972666670000006,0.10000000000000053,-1.0999999999999996,-0.22850000000000037,Masc,Privada,False
270,2022,0.0,8.226,7.9,8.4,8.3,0.0,6.9,8.210000000000006,8.125,3.0,13.0,3,,,,,Fem,Privada,False
270,2023,0.0,7.982633333,6.6,9.0,9.2,0.0,2.52,8.75,9.1275,4.0,14.0,4,-0.24336666700000098,0.5999999999999996,-1.3000000000000007,1.0024999999999995,Fem,Privada,False
271,2022,-2.0,7.255,7.1,8.5,9.2,0.0,5.6,7.633999999999999,6.958,3.0,15.0,0,,,,,Fem,Pública,True
271,2023,-2.0,6.140333333,5.9,9.3,,1.0,2.52,8.125,7.7125,4.0,16.0,1,-1.1146666669999998,0.8000000000000007,-1.1999999999999993,0.7545000000000002,Fem,Pública,True
273,2022,-1.0,5.679,3.0,5.3,9.2,0.0,7.5,6.824000000000003,5.833,3.0,14.0,4,,,,,Fem,Pública,True
273,2023,-1.0,6.337116667,5.0,7.4,7.9,0.0,2.52,7.8125,7.6275,3.0,15.0,5,0.6581166669999998,2.1000000000000005,2.0,1.7945000000000002,Fem,Pública,True
274,2022,1.0,7.946,8.1,8.3,7.9,0.0,7.5,7.259999999999991,7.0,3.0,11.0,3,,,,,Fem,Privada,False
274,2023,1.0,8.137625,7.5,9.5,7.5,0.0,5.63,7.65625,8.295,4.0,12.0,4,0.19162500000000016,1.1999999999999993,-0.5999999999999996,1.295,Fem,Privada,False
276,2022,-1.0,5.527,4.3,5.7,7.1,0.0,5.6,7.320000000000002,5.125,3.0,14.0,5,,,,,Fem,Pública,False
277,2022,-1.0,7.411,7.4,8.8,7.1,0.0,7.5,7.693999999999992,7.208,3.0,14.0,1,,,,,Masc,Pública,True
277,2023,-1.0,7.7284,5.5,9.9,8.3,0.0,7.52,8.125,8.7525,4.0,15.0,2,0.3174000000000001,1.0999999999999996,-1.9000000000000004,1.5444999999999993,Masc,Pública,False
278,2022,0.0,7.741,6.0,9.2,8.8,0.0,5.6,7.775999999999996,7.417,3.0,12.0,4,,,,,Masc,Privada,False
278,2023,1.0,7.1935,5.6,9.8,,1.0,5.63,8.75,8.3775,4.0,13.0,5,-0.5474999999999994,0.6000000000000014,-0.40000000000000036,0.9604999999999997,Masc,Pública,False
279,2022,0.0,8.815,9.1,9.9,9.2,0.0,6.3,8.233999999999986,8.208,3.0,13.0,3,,,,,Masc,Privada,False
279,2023,0.0,9.006266667,8.9,10.0,8.8,0.0,6.27,8.75,9.2125,4.0,14.0,4,0.19126666700000072,0.09999999999999964,-0.1999999999999993,1.0045000000000002,Masc,Pública,False
280,2022,0.0,8.046,7.1,9.2,7.5,0.0,7.5,8.193999999999999,7.333,3.0,13.0,1,,,,,Fem,Privada,False
280,2023,0.0,8.189225,6.5,9.5,6.7,0.0,7.52,8.28125,8.7125,4.0,14.0,2,0.14322500000000105,0.3000000000000007,-0.5999999999999996,1.3795000000000002,Fem,Privada,False
283,2022,-1.0,7.131,5.6,8.8,9.6,0.0,7.5,7.160000000000002,6.625,3.0,14.0,2,,,,,Masc,Pública,True
283,2023,-2.0,7.549025,6.8,9.5,8.3,0.0,7.52,7.03125,7.5025,3.0,15.0,3,0.4180250000000001,0.6999999999999993,1.2000000000000002,0.8775000000000004,Masc,Pública,True
285,2022,-3.0,5.063,2.8,4.1,9.2,0.0,7.5,6.129999999999996,5.75,3.0,16.0,2,,,,,Fem,Pública,True
286,2022,-2.0,5.424,3.0,5.8,7.1,0.0,6.3,6.990000000000007,5.625,3.0,15.0,0,,,,,Fem,Pública,True
286,2023,-1.0,5.713333333,4.7,7.5,,1.0,5.0,8.125,7.3375,4.0,16.0,1,0.2893333329999992,1.7000000000000002,1.7000000000000002,1.7125000000000004,Fem,Pública,True
287,2022,-4.0,3.7,1.1,3.4,7.9,0.0,5.0,4.015999999999997,4.292,3.0,17.0,0,,,,,Fem,Pública,True
29,2022,-1.0,4.985,3.7,4.0,,1.0,8.8,5.428000000000006,7.611,6.0,17.0,0,,,,,Masc,Pública,False
291,2022,0.0,8.122,8.0,8.2,8.3,0.0,6.9,8.035999999999994,7.792,3.0,13.0,0,,,,,Masc,Pública,False
291,2023,0.0,8.493058333,7.1,8.6,8.8,0.0,7.52,8.90625,9.21,4.0,14.0,1,0.3710583330000006,0.40000000000000036,-0.9000000000000004,1.418000000000001,Masc,Privada,False
295,2022,-1.0,7.305,6.9,8.0,7.9,0.0,7.5,8.099999999999987,7.375,3.0,14.0,0,,,,,Fem,Pública,True
298,2022,0.0,6.409,5.2,6.3,9.2,0.0,5.6,5.456000000000003,5.417,3.0,13.0,3,,,,,Masc,Pública,True
299,2022,0.0,7.278,6.8,8.2,7.1,0.0,5.0,7.2639999999999905,6.708,3.0,13.0,3,,,,,Fem,Privada,False
299,2023,0.0,6.796541667,6.1,9.6,,1.0,2.52,7.96875,8.005,4.0,14.0,4,-0.48145833299999996,1.4000000000000004,-0.7000000000000002,1.2970000000000006,Fem,Privada,False
300,2022,-1.0,5.557,3.1,6.9,5.4,0.0,6.3,7.120000000000006,5.875,3.0,14.0,0,,,,,Masc,Pública,True
301,2022,0.0,6.802,6.3,5.8,8.8,0.0,5.6,7.336,6.042,3.0,13.0,3,,,,,Fem,Pública,False
301,2023,0.0,6.760341667,5.2,5.4,9.2,0.0,7.52,6.71875,6.465,4.0,14.0,4,-0.04165833299999999,-0.39999999999999947,-1.0999999999999996,0.42300000000000004,Fem,Pública,False
302,2022,-3.0,6.334,4.8,7.7,9.2,0.0,6.9,7.323999999999993,6.208,3.0,16.0,0,,,,,Masc,Pública,True
303,2022,-1.0,6.03,3.9,7.2,7.5,0.0,7.5,7.349999999999994,5.375,3.0,14.0,3,,,,,Masc,Pública,True
303,2023,-2.0,5.914291667,5.1,7.3,,1.0,7.52,7.65625,7.05,3.0,15.0,4,-0.11570833300000061,0.09999999999999964,1.1999999999999997,1.6749999999999998,Masc,Pública,True
304,2022,-2.0,6.355,4.3,7.7,8.8,0.0,7.5,7.165999999999997,5.542,3.0,15.0,2,,,,,Masc,Pública,True
304,2023,-2.0,6.241583333,5.7,8.8,,1.0,5.0,7.8125,7.835,3.0,16.0,3,-0.11341666700000008,1.1000000000000005,1.4000000000000004,2.293,Masc,Pública,True
305,2022,-1.0,6.058,4.8,6.6,7.9,0.0,7.5,6.963999999999997,5.208,3.0,14.0,3,,,,,Masc,Pública,True
305,2023,-2.0,6.394291667,5.2,8.9,,1.0,7.52,7.65625,7.75,3.0,15.0,4,0.33629166700000024,2.3000000000000007,0.40000000000000036,2.542,Masc,Pública,True
306,2022,-1.0,6.427,5.2,6.8,8.3,0.0,7.5,7.55399999999999,5.958,3.0,14.0,1,,,,,Fem,Pública,True
306,2023,-1.0,5.732375,4.0,7.9,,1.0,6.26,7.34375,7.46,4.0,15.0,2,-0.6946249999999994,1.1000000000000005,-1.2000000000000002,1.5019999999999998,Fem,Pública,True
307,2022,-1.0,4.733,2.5,4.5,5.4,0.0,7.5,6.013999999999999,4.708,3.0,14.0,0,,,,,Masc,Pública,True
308,2022,0.0,6.93,5.0,7.4,7.9,0.0,6.9,7.365999999999992,6.167,3.0,13.0,3,,,,,Masc,Pública,False
308,2023,0.0,6.578558333,4.9,6.8,5.4,0.0,5.0,7.03125,7.5025,4.0,14.0,4,-0.35144166699999957,-0.6000000000000005,-0.09999999999999964,1.3355000000000006,Masc,Pública,False
31,2022,-1.0,8.843,8.0,9.5,10.0,0.0,9.4,9.029999999999996,10.0,6.0,17.0,3,,,,,Fem,Privada,False
313,2022,-1.0,5.8,4.1,7.0,7.5,0.0,5.0,6.521999999999997,5.889,3.0,14.0,0,,,,,Fem,Pública,False
313,2023,0.0,7.011091667,3.9,8.7,9.2,0.0,2.52,7.65625,7.75,4.0,15.0,1,1.2110916669999998,1.6999999999999993,-0.19999999999999973,1.8609999999999998,Fem,Pública,True
315,2022,0.0,5.672,3.0,5.1,6.7,0.0,7.5,6.208,5.056,3.0,13.0,0,,,,,Fem,Pública,True
315,2023,-1.0,5.977708333,6.3,6.8,,1.0,5.0,7.96875,7.8375,3.0,14.0,1,0.3057083330000001,1.7000000000000002,3.3,2.7815000000000003,Fem,Pública,True
316,2022,-1.0,7.889,6.1,10.0,10.0,0.0,6.9,8.012000000000006,8.389,3.0,14.0,0,,,,,Fem,Pública,False
316,2023,0.0,8.436908333,5.7,9.5,10.0,0.0,7.52,8.59375,8.96,4.0,15.0,1,0.5479083329999996,-0.5,-0.39999999999999947,0.5710000000000015,Fem,Pública,False
318,2022,-1.0,6.527,5.8,6.9,8.3,0.0,6.9,7.447999999999997,6.111,3.0,14.0,3,,,,,Fem,Pública,True
318,2023,-1.0,6.856575,4.9,8.1,7.9,0.0,6.26,7.96875,7.71,4.0,15.0,4,0.3295750000000002,1.1999999999999993,-0.8999999999999995,1.5990000000000002,Fem,Pública,True
319,2022,0.0,7.448,5.2,7.7,9.2,0.0,7.5,6.980000000000004,7.5,3.0,13.0,0,,,,,Masc,Pública,False
319,2023,0.0,8.367208333,7.2,9.2,9.6,0.0,5.0,8.59375,8.88,4.0,14.0,1,0.9192083330000003,1.4999999999999991,2.0,1.3800000000000008,Masc,,False
32,2022,0.0,7.37,6.1,5.2,8.8,0.0,8.8,7.612000000000005,7.944,6.0,16.0,4,,,,,Fem,Privada,False
320,2022,-1.0,7.897,6.4,10.0,8.8,0.0,6.9,8.135999999999992,8.667,3.0,14.0,0,,,,,Fem,Pública,False
320,2023,0.0,8.393508333,5.5,9.9,9.2,0.0,7.52,8.59375,8.96,4.0,15.0,1,0.4965083329999995,-0.09999999999999964,-0.9000000000000004,0.29300000000000104,Fem,Pública,False
321,2022,0.0,7.792,5.2,9.1,9.2,0.0,5.6,7.964000000000002,8.278,3.0,12.0,0,,,,,Fem,Pública,False
321,2023,1.0,7.695233333,6.2,9.4,8.3,0.0,2.52,8.125,8.42,4.0,13.0,1,-0.0967666669999998,0.3000000000000007,1.0,0.14199999999999946,Fem,Pública,False
322,2022,0.0,6.859,4.7,8.1,7.1,0.0,5.0,7.334000000000005,6.778,3.0,13.0,0,,,,,Fem,Pública,False
324,2022,0.0,8.27,6.8,9.3,10.0,0.0,6.9,6.377999999999986,8.611,2.0,10.0,0,,,,,Fem,Pública,False
325,2022,0.0,7.619,6.0,6.8,9.5,0.0,7.5,6.701999999999986,8.444,2.0,10.0,0,,,,,Masc,Pública,False
325,2023,0.0,6.243,5.6,7.1,,1.0,5.0,8.125,7.0025,2.0,11.0,1,-1.3759999999999994,0.2999999999999998,-0.40000000000000036,-1.4415000000000004,Masc,Pública,False
326,2022,-1.0,8.22,9.0,9.7,10.0,0.0,5.0,6.912000000000003,8.944,2.0,12.0,0,,,,,Fem,Pública,False
326,2023,0.0,8.65075,8.2,9.4,9.6,0.0,3.14,9.0625,9.76,3.0,13.0,1,0.43074999999999974,-0.29999999999999893,-0.8000000000000007,0.815999999999999,Fem,Privada,False
330,2022,-2.0,6.446,2.5,8.8,9.5,0.0,7.5,5.747999999999989,7.056,2.0,14.0,4,,,,,Fem,Pública,True
331,2022,-1.0,6.636,3.7,8.7,9.0,0.0,7.5,6.171999999999995,6.944,2.0,12.0,3,,,,,Fem,Pública,False
331,2023,0.0,7.039791667,5.2,8.6,9.6,0.0,2.52,7.03125,6.7975,3.0,13.0,4,0.40379166700000013,-0.09999999999999964,1.5,-0.14649999999999963,Fem,Pública,True
332,2022,-1.0,7.883,7.5,9.0,9.5,0.0,8.1,6.229999999999993,8.5,2.0,13.0,5,,,,,Masc,Privada,True
332,2023,-1.0,8.002591667,6.8,8.4,9.2,0.0,8.76,8.28125,9.175,3.0,14.0,6,0.11959166700000079,-0.5999999999999996,-0.7000000000000002,0.6750000000000007,Masc,Privada,False
336,2022,-1.0,6.787,5.1,8.5,9.5,0.0,4.4,5.991999999999997,7.889,2.0,13.0,6,,,,,Masc,Pública,True
336,2023,-1.0,5.887708333,5.1,7.5,,1.0,6.89,7.34375,7.255,3.0,14.0,7,-0.899291667,-1.0,0.0,-0.6340000000000003,Masc,Pública,False
338,2022,-1.0,6.837,5.8,7.3,8.5,0.0,7.5,5.947999999999993,7.611,2.0,12.0,3,,,,,Masc,Pública,False
338,2023,0.0,8.287441667,6.7,9.1,8.3,0.0,7.52,8.59375,8.38,3.0,13.0,4,1.4504416669999998,1.7999999999999998,0.9000000000000004,0.769000000000001,Masc,Pública,False
339,2022,0.0,8.488,8.1,9.9,6.9,0.0,7.5,6.701999999999986,8.889,2.0,11.0,3,,,,,Fem,Pública,False
339,2023,0.0,7.377583333,7.1,8.9,,1.0,7.52,7.8125,8.255,3.0,12.0,4,-1.110416667,-1.0,-1.0,-0.6339999999999986,Fem,Pública,False
34,2022,-1.0,6.259,3.8,4.8,9.6,0.0,8.1,8.134000000000006,7.278,6.0,17.0,6,,,,,Masc,Privada,False
340,2022,0.0,7.721,6.5,8.2,9.0,0.0,7.5,5.975999999999999,7.667,2.0,11.0,5,,,,,Masc,Pública,True
340,2023,-1.0,7.059666667,8.9,9.6,,1.0,2.52,9.166666667,8.505,2.0,12.0,6,-0.661333333,1.4000000000000004,2.4000000000000004,0.838000000000001,Masc,Pública,False
342,2022,-2.0,6.941,6.6,6.7,9.0,0.0,7.5,6.309999999999993,7.5,2.0,14.0,1,,,,,Fem,Pública,True
342,2023,-2.0,7.539875,6.6,8.6,7.5,0.0,7.52,7.96875,8.505,3.0,15.0,2,0.5988750000000005,1.8999999999999995,0.0,1.0050000000000008,Fem,Pública,True
343,2022,-2.0,6.9,5.9,7.4,9.5,0.0,7.5,6.0660000000000025,7.167,2.0,14.0,2,,,,,Masc,Pública,True
345,2022,-1.0,5.75,3.6,5.4,9.5,0.0,5.6,6.065999999999994,6.667,2.0,13.0,1,,,,,Masc,Pública,True
346,2022,0.0,8.143,7.0,9.1,10.0,0.0,7.5,5.952000000000002,7.889,2.0,10.0,0,,,,,Masc,Pública,False
346,2023,1.0,7.305541667,6.2,9.4,,1.0,8.14,7.96875,7.84,3.0,11.0,1,-0.8374583330000007,0.3000000000000007,-0.7999999999999998,-0.04900000000000038,Masc,Pública,False
347,2022,-1.0,7.908,8.5,10.0,9.0,0.0,5.6,6.480000000000006,8.0,2.0,12.0,3,,,,,Fem,Pública,False
347,2023,0.0,7.61835,7.3,9.5,6.7,0.0,2.52,7.8125,7.7925,3.0,13.0,4,-0.28964999999999996,-0.5,-1.2000000000000002,-0.20749999999999957,Fem,Pública,False
348,2022,-1.0,5.864,1.8,8.7,9.0,0.0,7.5,4.474,5.833,2.0,12.0,0,,,,,Masc,Pública,True
35,2022,-1.0,8.965,8.5,9.6,10.0,0.0,9.4,9.049999999999994,10.0,6.0,17.0,3,,,,,Fem,Privada,False
350,2022,0.0,8.206,6.5,8.8,10.0,0.0,7.5,6.737999999999991,8.611,2.0,11.0,0,,,,,Fem,Pública,True
352,2022,0.0,7.834,7.0,8.1,9.0,0.0,5.6,6.761999999999997,8.389,2.0,11.0,3,,,,,Masc,Pública,False
352,2023,0.0,7.840341667,7.2,8.1,9.2,0.0,6.26,7.96875,7.17,3.0,12.0,4,0.006341667000000051,0.0,0.20000000000000018,-1.2189999999999994,Masc,Pública,False
353,2022,0.0,8.264,7.5,10.0,7.0,0.0,7.5,6.2519999999999865,8.444,2.0,11.0,0,,,,,Fem,Pública,False
356,2022,-1.0,6.69,4.6,8.4,10.0,0.0,5.0,4.34400000000001,8.278,2.0,12.0,3,,,,,Masc,Pública,False
356,2023,0.0,6.452008333,3.4,8.5,9.2,0.0,2.52,6.09375,6.5025,3.0,13.0,4,-0.23799166700000018,0.09999999999999964,-1.1999999999999997,-1.7755,Masc,Pública,False
357,2022,-1.0,7.836,8.5,9.6,8.0,0.0,7.5,6.104000000000003,7.778,2.0,12.0,0,,,,,Masc,Pública,True
357,2023,-1.0,8.2832,8.7,9.6,8.5,0.0,7.52,8.75,8.23,2.0,13.0,1,0.4472000000000005,0.0,0.1999999999999993,0.45200000000000085,Masc,Pública,True
359,2022,-1.0,6.606,4.6,7.0,9.0,0.0,7.5,6.359999999999992,7.5,2.0,12.0,3,,,,,Fem,Pública,False
359,2023,0.0,7.627125,5.8,9.2,9.6,0.0,2.52,7.65625,8.255,3.0,13.0,4,1.0211250000000005,2.1999999999999993,1.2000000000000002,0.7550000000000008,Fem,Pública,False
36,2022,-1.0,7.876,6.8,9.0,9.2,0.0,6.9,8.171999999999997,8.944,6.0,17.0,3,,,,,Fem,Privada,False
360,2022,-1.0,7.075,5.2,8.5,9.5,0.0,7.5,6.349999999999998,7.5,2.0,12.0,3,,,,,Fem,Pública,False
360,2023,0.0,5.790875,4.3,7.3,,1.0,2.52,7.34375,7.4225,3.0,13.0,4,-1.2841250000000004,-1.2000000000000002,-0.9000000000000004,-0.07749999999999968,Fem,Pública,True
362,2022,-1.0,7.413,7.9,7.9,8.5,0.0,7.5,6.530000000000005,7.5,2.0,12.0,4,,,,,Fem,Pública,False
363,2022,-1.0,6.644,2.0,10.0,10.0,0.0,6.9,6.428000000000003,7.056,2.0,12.0,0,,,,,Masc,Pública,True
363,2023,-1.0,6.680833333,6.8,9.9,,1.0,2.52,8.541666667,8.673333333,2.0,13.0,1,0.03683333299999969,-0.09999999999999964,4.8,1.6173333330000004,Masc,Pública,False
364,2022,0.0,8.75,8.8,10.0,9.5,0.0,7.5,6.56600000000001,8.167,2.0,11.0,3,,,,,Masc,Pública,False
364,2023,0.0,7.734891667,5.8,9.0,8.8,0.0,6.89,7.03125,7.505,3.0,12.0,4,-1.0151083329999997,-1.0,-3.000000000000001,-0.6619999999999999,Masc,Pública,False
365,2022,0.0,8.063,7.8,10.0,8.0,0.0,5.0,6.364000000000001,7.833,2.0,10.0,0,,,,,Fem,Pública,False
365,2023,0.0,8.6587,8.7,9.9,10.0,0.0,2.52,8.958333333,8.953333333,2.0,11.0,1,0.595699999999999,-0.09999999999999964,0.8999999999999995,1.1203333329999996,Fem,Pública,False
367,2022,-1.0,6.95,6.7,7.4,8.5,0.0,6.3,6.500000000000004,7.5,2.0,12.0,4,,,,,Fem,Pública,False
367,2023,0.0,7.38685,5.9,8.7,8.8,0.0,2.52,7.8125,7.7925,3.0,13.0,5,0.43684999999999974,1.299999999999999,-0.7999999999999998,0.2925000000000004,Fem,Pública,False
368,2022,-1.0,6.969,7.3,7.9,8.0,0.0,5.0,6.2900000000000045,7.5,2.0,13.0,4,,,,,Masc,Privada,True
368,2023,-1.0,5.796458333,6.7,7.7,,1.0,2.52,7.03125,7.34,3.0,14.0,5,-1.172541667,-0.20000000000000018,-0.5999999999999996,-0.16000000000000014,Masc,Pública,True
369,2022,0.0,6.973,4.8,6.9,9.0,0.0,7.5,6.051999999999991,6.889,2.0,11.0,0,,,,,Masc,Pública,True
369,2023,-1.0,6.0197,4.0,4.1,10.0,0.0,5.0,8.541666667,7.726666667,2.0,12.0,1,-0.9532999999999996,-2.8000000000000007,-0.7999999999999998,0.8376666669999997,Masc,Pública,False
373,2022,0.0,7.503,7.3,9.5,6.4,0.0,5.0,6.142000000000003,6.944,2.0,11.0,0,,,,,Masc,Pública,True
374,2022,-1.0,7.747,6.9,9.8,9.0,0.0,7.5,6.681999999999997,7.944,2.0,12.0,1,,,,,Fem,Pública,False
375,2022,0.0,7.831,5.4,9.5,9.0,0.0,7.5,6.675999999999993,7.667,2.0,11.0,3,,,,,Masc,Pública,True
375,2023,-1.0,7.070833333,7.9,9.9,,1.0,5.0,8.541666667,8.283333333,2.0,12.0,4,-0.760166667,0.40000000000000036,2.5,0.616333333,Masc,Pública,False
376,2022,-1.0,6.957,4.3,9.0,9.0,0.0,7.5,6.4699999999999935,7.5,2.0,12.0,3,,,,,Fem,Pública,True
376,2023,-1.0,7.1392,5.9,9.6,8.5,0.0,2.52,7.916666667,8.226666667,2.0,13.0,4,0.18219999999999992,0.5999999999999996,1.6000000000000005,0.7266666669999999,Fem,Pública,True
377,2022,-1.0,6.743,6.2,7.7,9.0,0.0,5.6,6.364000000000001,6.833,2.0,12.0,1,,,,,Fem,Pública,False
377,2023,0.0,7.205041667,4.8,7.6,9.6,0.0,5.0,7.34375,7.6275,3.0,13.0,2,0.4620416669999994,-0.10000000000000053,-1.4000000000000004,0.7945000000000002,Fem,Pública,False
38,2022,-1.0,8.523,8.6,8.9,9.2,0.0,7.5,8.864,9.833,6.0,17.0,5,,,,,Fem,Privada,False
38,2023,0.0,8.835333333,7.7,9.7,9.6,0.0,7.52,8.75,8.8825,7.0,18.0,6,0.31233333299999977,0.7999999999999989,-0.8999999999999995,-0.9504999999999999,Fem,Privada,False
380,2022,-1.0,4.556,2.5,4.4,7.9,0.0,5.0,4.194000000000004,4.833,2.0,13.0,5,,,,,Masc,Pública,True
381,2022,-1.0,6.454,3.3,8.3,9.0,0.0,6.9,6.551999999999998,6.944,2.0,13.0,4,,,,,Masc,Pública,True
381,2023,-1.0,5.758041667,3.9,8.4,,1.0,6.89,7.34375,6.84,3.0,14.0,5,-0.6959583330000001,0.09999999999999964,0.6000000000000001,-0.10400000000000009,Masc,Pública,True
382,2022,-2.0,6.777,5.4,7.7,9.0,0.0,6.3,6.604000000000001,7.333,2.0,14.0,5,,,,,Masc,Pública,True
382,2023,-2.0,6.223833333,5.2,9.4,,1.0,6.26,7.5,7.1725,3.0,15.0,6,-0.5531666670000002,1.7000000000000002,-0.20000000000000018,-0.16049999999999986,Masc,Pública,True
383,2022,0.0,8.4,8.1,9.6,9.0,0.0,7.5,6.543999999999999,7.778,2.0,11.0,3,,,,,Masc,Pública,False
383,2023,0.0,7.5408,6.5,8.8,9.2,0.0,3.14,7.5,7.5,3.0,12.0,4,-0.8592000000000004,-0.7999999999999989,-1.5999999999999996,-0.2779999999999996,Masc,Pública,False
384,2022,-1.0,7.558,8.1,8.4,9.0,0.0,6.3,6.280000000000001,8.0,2.0,12.0,5,,,,,Fem,Pública,False
384,2023,0.0,6.757958333,7.3,9.1,,1.0,2.52,7.65625,7.335,3.0,13.0,6,-0.8000416669999995,0.6999999999999993,-0.7999999999999998,-0.665,Fem,Pública,False
386,2022,-1.0,6.104,4.0,5.9,10.0,0.0,5.6,6.1960000000000015,7.222,2.0,13.0,3,,,,,Masc,Pública,True
387,2022,-1.0,6.323,3.7,8.2,7.0,0.0,7.5,6.264000000000003,6.833,2.0,13.0,3,,,,,Masc,Pública,True
387,2023,-1.0,4.794333333,3.0,6.8,,1.0,2.52,6.875,7.0075,3.0,14.0,4,-1.5286666670000004,-1.3999999999999995,-0.7000000000000002,0.1745000000000001,Masc,Pública,True
388,2022,-2.0,6.654,4.5,8.5,7.9,0.0,5.6,6.595999999999993,7.722,2.0,14.0,3,,,,,Fem,Pública,True
388,2023,-2.0,5.630833333,4.2,7.4,,1.0,5.63,6.875,7.835,3.0,15.0,4,-1.023166667,-1.0999999999999996,-0.2999999999999998,0.11299999999999955,Fem,Pública,True
389,2022,0.0,7.184,3.5,8.9,8.0,0.0,7.5,6.428000000000003,7.556,2.0,11.0,3,,,,,Masc,Pública,True
389,2023,-1.0,6.687,8.2,8.2,,1.0,2.52,8.75,8.95,2.0,12.0,4,-0.4969999999999999,-0.7000000000000011,4.699999999999999,1.3939999999999992,Masc,Pública,False
39,2022,0.0,6.033,6.9,4.8,,1.0,6.9,7.808000000000002,6.111,6.0,16.0,5,,,,,Fem,Privada,False
39,2023,0.0,8.710333333,7.8,9.1,9.6,0.0,7.52,8.75,8.7575,7.0,17.0,6,2.677333332999999,4.3,0.8999999999999995,2.6465000000000005,Fem,Privada,False
390,2022,-1.0,6.776,4.7,8.8,7.4,0.0,6.3,6.615999999999991,7.722,2.0,12.0,0,,,,,Fem,Pública,False
390,2023,0.0,6.905741667,4.8,8.8,7.9,0.0,2.52,7.34375,7.005,3.0,13.0,1,0.12974166700000023,0.0,0.09999999999999964,-0.7170000000000005,Fem,Pública,False
391,2022,-1.0,7.117,5.1,8.1,10.0,0.0,7.5,6.157999999999992,8.056,2.0,12.0,0,,,,,Fem,Pública,False
392,2022,-2.0,6.418,4.8,8.8,9.5,0.0,5.6,3.324000000000007,6.778,2.0,14.0,0,,,,,Masc,Pública,True
392,2023,-2.0,6.567208333,4.6,9.5,9.6,0.0,2.52,6.09375,7.17,3.0,15.0,1,0.1492083329999998,0.6999999999999993,-0.20000000000000018,0.39200000000000035,Masc,Pública,True
395,2022,0.0,7.683,4.9,8.9,9.0,0.0,7.5,6.063999999999998,8.333,2.0,11.0,4,,,,,Fem,Pública,False
395,2023,0.0,7.469175,6.0,8.6,9.2,0.0,2.52,7.96875,7.9175,3.0,12.0,5,-0.21382499999999993,-0.3000000000000007,1.0999999999999996,-0.41549999999999976,Fem,Pública,False
397,2022,-2.0,5.852,2.8,5.7,9.0,0.0,6.9,6.286000000000005,7.167,2.0,14.0,5,,,,,Fem,Pública,True
397,2023,-1.0,6.207083333,4.6,7.9,7.5,0.0,2.52,7.1875,7.465,4.0,15.0,6,0.3550833329999996,2.2,1.7999999999999998,0.29800000000000004,Fem,Pública,True
398,2022,0.0,7.742,5.5,9.3,9.0,0.0,7.5,6.319999999999997,7.5,2.0,10.0,0,,,,,Fem,Pública,False
398,2023,1.0,7.153766667,6.5,8.1,6.7,0.0,2.52,7.5,7.7925,3.0,11.0,1,-0.5882333329999998,-1.200000000000001,1.0,0.2925000000000004,Fem,Pública,False
399,2022,-1.0,6.58,4.3,9.3,6.8,0.0,5.6,6.200000000000001,7.5,2.0,12.0,0,,,,,Fem,Pública,False
40,2022,-1.0,7.203,6.8,7.8,7.9,0.0,7.5,6.930000000000005,7.75,5.0,16.0,6,,,,,Fem,Privada,True
40,2023,-1.0,7.169975,5.9,8.2,7.5,0.0,7.52,7.96875,7.755,6.0,17.0,7,-0.033025000000000304,0.39999999999999947,-0.8999999999999995,0.004999999999999893,Fem,Privada,False
400,2022,-2.0,6.042,1.7,8.5,9.0,0.0,5.0,6.132,7.444,2.0,14.0,4,,,,,Masc,Pública,True
401,2022,-1.0,6.645,4.3,9.6,6.9,0.0,7.5,5.805999999999996,6.722,2.0,12.0,1,,,,,Fem,Pública,True
401,2023,-1.0,6.363666667,7.3,8.1,4.0,0.0,2.52,7.083333333,7.116666667,2.0,13.0,2,-0.2813333329999992,-1.5,3.0,0.3946666669999992,Fem,Pública,False
402,2022,-1.0,5.261,3.0,3.7,9.0,0.0,5.0,5.766,7.222,2.0,12.0,3,,,,,Fem,Pública,False
402,2023,0.0,6.632716667,4.2,7.3,9.2,0.0,2.52,7.8125,6.88,3.0,13.0,4,1.3717166670000003,3.5999999999999996,1.2000000000000002,-0.3420000000000005,Fem,Pública,False
403,2022,-1.0,7.455,6.3,9.3,9.5,0.0,7.5,6.349999999999998,7.5,2.0,12.0,2,,,,,Masc,Pública,True
403,2023,-1.0,7.716366667,7.8,8.8,8.5,0.0,6.27,7.291666667,8.45,2.0,13.0,3,0.2613666669999999,-0.5,1.5,0.9499999999999993,Masc,Pública,False
404,2022,-1.0,6.658,5.3,7.3,9.0,0.0,7.5,5.992000000000006,6.944,2.0,12.0,2,,,,,Fem,Pública,True
404,2023,-1.0,6.7093,6.0,8.3,7.9,0.0,5.02,6.875,6.89,2.0,13.0,3,0.05129999999999946,1.0000000000000009,0.7000000000000002,-0.05400000000000027,Fem,Pública,False
407,2022,-1.0,7.195,6.0,9.3,8.5,0.0,7.5,6.238000000000001,7.056,2.0,13.0,0,,,,,Masc,Pública,True
407,2023,-1.0,7.665083333,7.3,8.6,9.6,0.0,7.52,7.8125,7.5,3.0,14.0,1,0.4700833329999998,-0.7000000000000011,1.2999999999999998,0.44399999999999995,Masc,Pública,False
408,2022,-1.0,6.725,3.3,9.7,8.0,0.0,7.5,6.083999999999996,7.333,2.0,12.0,0,,,,,Fem,Pública,True
408,2023,-1.0,7.242133333,6.8,8.5,7.9,0.0,3.77,8.333333333,8.45,2.0,13.0,1,0.5171333330000003,-1.1999999999999993,3.5,1.116999999999999,Fem,Pública,False
409,2022,0.0,8.15,7.8,9.7,7.9,0.0,7.5,6.100000000000003,7.5,2.0,11.0,0,,,,,Fem,Pública,True
409,2023,-1.0,7.621466667,8.0,9.5,8.4,0.0,2.52,7.916666667,8.73,2.0,12.0,1,-0.5285333330000004,-0.1999999999999993,0.20000000000000018,1.2300000000000004,Fem,Pública,False
410,2022,-2.0,5.675,2.0,6.5,7.4,0.0,6.3,6.161999999999992,7.444,2.0,14.0,4,,,,,Masc,Pública,True
411,2022,-1.0,7.232,7.1,8.6,6.4,0.0,7.5,6.354000000000006,7.833,2.0,12.0,3,,,,,Fem,Pública,False
411,2023,0.0,7.779983333,6.6,9.0,6.2,0.0,7.52,7.8125,7.5425,3.0,13.0,4,0.5479833329999995,0.40000000000000036,-0.5,-0.29049999999999976,Fem,Privada,False
412,2022,-1.0,7.556,7.3,9.0,8.5,0.0,7.5,6.404000000000005,7.778,2.0,12.0,4,,,,,Fem,Pública,False
412,2023,0.0,7.373891667,6.2,8.9,8.8,0.0,2.52,7.03125,7.585,3.0,13.0,5,-0.1821083330000004,-0.09999999999999964,-1.0999999999999996,-0.19299999999999962,Fem,Pública,False
413,2022,-1.0,6.408,4.7,8.7,6.4,0.0,5.6,6.168000000000005,7.056,2.0,12.0,0,,,,,Fem,Pública,True
414,2022,-1.0,7.284,5.9,9.3,8.0,0.0,7.5,6.605999999999987,7.667,2.0,12.0,1,,,,,Fem,Pública,False
414,2023,0.0,7.25025,6.5,9.5,,1.0,7.52,7.8125,7.585,3.0,13.0,2,-0.0337499999999995,0.1999999999999993,0.5999999999999996,-0.08199999999999985,Fem,Pública,False
415,2022,0.0,7.695,6.2,8.3,8.0,0.0,7.5,6.337999999999999,8.056,2.0,11.0,3,,,,,Fem,Pública,False
416,2022,-1.0,7.913,7.2,9.3,9.5,0.0,8.8,6.385999999999994,8.222,2.0,12.0,4,,,,,Masc,Privada,False
416,2023,0.0,8.144425,7.6,9.8,9.2,0.0,2.52,8.28125,8.3375,3.0,13.0,5,0.23142499999999977,0.5,0.39999999999999947,0.11550000000000082,Masc,Privada,False
417,2022,-1.0,8.428,8.0,10.0,10.0,0.0,7.5,6.668000000000012,9.556,2.0,13.0,0,,,,,Fem,Pública,False
417,2023,0.0,8.257658333,7.8,9.7,5.4,0.0,7.52,8.28125,8.2125,3.0,14.0,1,-0.17034166700000064,-0.3000000000000007,-0.20000000000000018,-1.3434999999999988,Fem,Pública,False
418,2022,0.0,8.175,7.5,9.4,8.0,0.0,7.5,6.006000000000009,8.222,2.0,10.0,2,,,,,Fem,Privada,False
418,2023,1.0,8.1686,8.1,10.0,8.8,0.0,2.52,8.125,8.045,3.0,11.0,3,-0.0064000000000010715,0.5999999999999996,0.5999999999999996,-0.1769999999999996,Fem,Privada,False
419,2022,-1.0,7.359,6.9,9.2,7.5,0.0,5.6,6.512000000000011,8.389,2.0,12.0,3,,,,,Fem,Privada,False
419,2023,0.0,7.7261,7.6,9.5,6.7,0.0,2.52,8.125,7.875,3.0,13.0,4,0.36709999999999976,0.3000000000000007,0.6999999999999993,-0.5139999999999993,Fem,Privada,False
42,2022,0.0,6.72,4.8,7.9,8.3,0.0,5.6,5.734000000000004,6.083,5.0,15.0,3,,,,,Masc,Privada,True
42,2023,-1.0,6.794516667,5.7,8.6,8.8,0.0,5.63,6.5625,6.6675,5.0,16.0,4,0.07451666700000015,0.6999999999999993,0.9000000000000004,0.5845000000000002,Masc,Privada,True
420,2022,0.0,7.461,4.5,9.0,9.5,0.0,5.6,6.509999999999998,8.0,2.0,11.0,3,,,,,Fem,Privada,False
420,2023,0.0,7.356358333,5.3,9.3,8.3,0.0,2.52,7.65625,7.96,3.0,12.0,4,-0.1046416670000001,0.3000000000000007,0.7999999999999998,-0.040000000000000036,Fem,Privada,False
421,2022,0.0,8.717,8.8,9.3,8.5,0.0,7.5,6.747999999999994,9.111,2.0,11.0,1,,,,,Masc,Pública,False
421,2023,0.0,8.030716667,7.3,9.9,9.2,0.0,2.52,7.8125,8.17,3.0,12.0,2,-0.6862833330000004,0.5999999999999996,-1.5000000000000009,-0.9410000000000007,Masc,Pública,False
422,2022,-1.0,6.746,2.5,10.0,8.5,0.0,7.5,6.460000000000008,7.5,2.0,12.0,0,,,,,Masc,Pública,True
422,2023,-1.0,5.57,4.4,7.8,,1.0,7.52,6.666666667,6.106666667,2.0,13.0,1,-1.1760000000000002,-2.2,1.9000000000000004,-1.3933333330000002,Masc,Pública,True
423,2022,-1.0,6.647,2.3,9.6,8.4,0.0,7.5,6.436000000000002,7.667,2.0,12.0,0,,,,,Fem,Pública,True
423,2023,-1.0,6.607533333,3.4,8.7,8.0,0.0,6.89,7.083333333,7.45,2.0,13.0,1,-0.03946666700000012,-0.9000000000000004,1.1,-0.21699999999999964,Fem,Pública,False
424,2022,-1.0,7.94,7.5,10.0,9.0,0.0,7.5,6.456,8.222,2.0,12.0,0,,,,,Fem,Pública,False
424,2023,0.0,7.72685,6.4,9.9,8.8,0.0,2.52,7.8125,7.7925,3.0,13.0,1,-0.21315000000000062,-0.09999999999999964,-1.0999999999999996,-0.4294999999999991,Fem,Pública,False
425,2022,-1.0,8.117,9.0,10.0,9.0,0.0,7.5,6.670000000000007,7.5,2.0,12.0,0,,,,,Masc,Pública,False
425,2023,0.0,8.10555,7.5,9.9,9.2,0.0,2.52,7.8125,8.3775,3.0,13.0,1,-0.011450000000001737,-0.09999999999999964,-1.5,0.8774999999999995,Masc,Pública,False
426,2022,-2.0,6.35,4.6,6.5,9.0,0.0,7.5,5.578000000000003,7.111,2.0,14.0,0,,,,,Fem,Pública,True
426,2023,-1.0,6.329158333,5.0,7.6,5.4,0.0,5.0,7.65625,7.5425,3.0,15.0,1,-0.020841667000000008,1.0999999999999996,0.40000000000000036,0.43150000000000066,Fem,Pública,True
428,2022,-1.0,7.683,9.5,8.7,6.8,0.0,7.5,6.907999999999994,7.111,2.0,13.0,0,,,,,Masc,Pública,False
428,2023,0.0,7.821816667,7.2,9.5,8.3,0.0,2.52,7.8125,8.0425,3.0,14.0,1,0.1388166670000004,0.8000000000000007,-2.3,0.9315000000000007,Masc,Pública,False
43,2022,-1.0,5.486,4.3,6.5,6.3,0.0,5.6,4.443999999999999,5.958,5.0,16.0,3,,,,,Fem,Pública,True
430,2022,-1.0,7.585,8.5,8.6,9.5,0.0,7.5,6.428000000000003,6.611,2.0,13.0,0,,,,,Masc,Pública,True
432,2022,-2.0,6.34,5.1,6.8,10.0,0.0,5.0,6.378000000000004,6.611,2.0,14.0,3,,,,,Fem,Pública,True
432,2023,-2.0,6.850183333,5.2,9.0,8.8,0.0,2.52,7.8125,8.0425,3.0,15.0,4,0.5101833330000005,2.2,0.10000000000000053,1.4315000000000007,Fem,Pública,True
433,2022,-1.0,5.557,2.6,7.3,8.5,0.0,5.0,5.714000000000006,5.778,2.0,12.0,0,,,,,Masc,Pública,True
433,2023,-1.0,6.5982,4.8,7.2,8.5,0.0,7.52,5.833333333,7.613333333,2.0,13.0,1,1.0412,-0.09999999999999964,2.1999999999999997,1.8353333330000003,Masc,Pública,False
434,2022,0.0,7.403,5.7,8.1,9.0,0.0,7.5,6.373999999999995,6.778,2.0,11.0,0,,,,,Masc,Pública,True
434,2023,-1.0,7.069766667,6.6,8.0,6.3,0.0,7.52,7.5,7.613333333,2.0,12.0,1,-0.3332333329999999,-0.09999999999999964,0.8999999999999995,0.8353333330000003,Masc,Pública,False
436,2022,0.0,6.687,2.0,8.1,9.5,0.0,7.5,6.447999999999992,6.611,2.0,11.0,0,,,,,Masc,Pública,True
437,2022,-1.0,6.875,5.8,8.3,8.5,0.0,7.5,6.327999999999996,6.611,2.0,13.0,0,,,,,Masc,Pública,True
438,2022,0.0,7.764,7.3,8.7,8.0,0.0,7.5,6.3619999999999965,6.889,2.0,10.0,0,,,,,Masc,Pública,False
438,2023,0.0,6.9883,5.4,7.5,6.9,0.0,6.26,6.458333333,7.223333333,2.0,11.0,1,-0.7757000000000005,-1.1999999999999993,-1.8999999999999995,0.334333333,Masc,Pública,True
44,2022,-2.0,5.542,3.0,5.9,5.0,0.0,7.5,5.535999999999994,7.292,5.0,17.0,1,,,,,Fem,Pública,True
440,2022,0.0,7.329,5.5,9.0,9.5,0.0,6.9,6.2239999999999895,5.833,2.0,11.0,0,,,,,Masc,Pública,False
442,2022,0.0,8.226,7.5,8.2,10.0,0.0,7.5,6.916000000000011,8.222,2.0,11.0,0,,,,,Fem,Pública,False
442,2023,0.0,6.814166667,5.8,7.6,,1.0,7.52,7.5,8.1275,3.0,12.0,1,-1.4118333330000006,-0.5999999999999996,-1.7000000000000002,-0.09450000000000003,Fem,Pública,False
443,2022,-1.0,7.482,5.6,9.1,9.0,0.0,7.5,6.920000000000002,8.5,2.0,13.0,3,,,,,Fem,Pública,True
444,2022,0.0,6.665,3.1,7.2,9.0,0.0,5.0,6.493999999999991,7.778,2.0,11.0,4,,,,,Masc,Pública,False
444,2023,1.0,5.958791667,4.7,7.9,,1.0,5.0,6.40625,6.4575,3.0,12.0,5,-0.7062083330000002,0.7000000000000002,1.6,-1.3205,Masc,Pública,True
445,2022,-1.0,6.924,3.8,9.4,9.0,0.0,7.5,6.340000000000003,7.5,2.0,12.0,0,,,,,Masc,Pública,True
445,2023,-1.0,7.9087,8.4,8.8,8.0,0.0,6.89,8.541666667,8.176666667,2.0,13.0,1,0.9846999999999992,-0.5999999999999996,4.6000000000000005,0.6766666669999992,Masc,Pública,False
449,2022,-1.0,6.143,7.0,6.0,,1.0,7.5,6.7079999999999895,8.111,2.0,12.0,0,,,,,Fem,Pública,False
45,2022,0.0,7.591,6.8,8.9,7.9,0.0,5.6,6.176000000000004,7.417,5.0,15.0,3,,,,,Fem,Privada,False
45,2023,0.0,8.303591667,7.9,9.6,7.1,0.0,6.26,8.28125,8.1725,6.0,16.0,4,0.712591666999999,0.6999999999999993,1.1000000000000005,0.7554999999999996,Fem,Privada,False
450,2022,-1.0,7.843,7.5,9.1,10.0,0.0,7.5,6.507999999999994,8.111,2.0,13.0,1,,,,,Masc,Pública,True
450,2023,-1.0,6.819625,5.4,8.4,9.6,0.0,2.52,7.65625,7.9175,3.0,14.0,2,-1.0233749999999997,-0.6999999999999993,-2.0999999999999996,-0.19350000000000023,Masc,Pública,True
451,2022,-1.0,6.434,6.1,6.0,9.0,0.0,6.3,6.062000000000003,6.889,2.0,13.0,3,,,,,Fem,Pública,True
454,2022,-2.0,5.561,2.3,8.6,9.5,0.0,5.0,3.4220000000000006,5.444,2.0,14.0,4,,,,,Masc,Pública,True
454,2023,-2.0,4.603416667,2.6,7.5,,1.0,5.0,4.6875,5.54,3.0,15.0,5,-0.9575833329999996,-1.0999999999999996,0.30000000000000027,0.09600000000000009,Masc,Pública,True
456,2022,-1.0,7.193,7.3,8.2,6.4,0.0,6.3,6.451999999999991,8.389,2.0,12.0,0,,,,,Fem,Pública,True
456,2023,-1.0,7.518,9.9,8.3,,1.0,4.39,9.583333333,9.953333333,2.0,13.0,1,0.3250000000000002,0.10000000000000142,2.6000000000000005,1.5643333330000004,Fem,Pública,False
457,2022,-1.0,7.68,8.5,8.8,8.0,0.0,7.5,6.365999999999987,7.667,2.0,12.0,0,,,,,Fem,Pública,False
457,2023,0.0,8.256833333,8.1,8.6,7.5,0.0,7.52,8.125,8.045,3.0,13.0,1,0.5768333329999997,-0.20000000000000107,-0.40000000000000036,0.3780000000000001,Fem,Pública,False
458,2022,-1.0,6.512,5.6,7.7,8.0,0.0,7.5,6.353999999999997,5.833,2.0,13.0,3,,,,,Masc,Pública,True
458,2023,-1.0,6.312083333,3.8,6.9,9.6,0.0,7.52,7.1875,6.2475,3.0,14.0,4,-0.19991666699999922,-0.7999999999999998,-1.7999999999999998,0.4144999999999994,Masc,Pública,True
459,2022,-1.0,7.28,7.3,9.1,7.0,0.0,8.1,5.455999999999994,7.222,2.0,12.0,3,,,,,Masc,Pública,False
459,2023,0.0,8.240016667,8.3,9.3,6.7,0.0,7.52,7.1875,7.88,3.0,13.0,4,0.9600166670000005,0.20000000000000107,1.0000000000000009,0.6579999999999995,Masc,Pública,False
46,2022,-2.0,6.048,2.1,8.4,8.8,0.0,6.3,5.213999999999999,7.083,5.0,17.0,0,,,,,Fem,Pública,True
461,2022,-1.0,5.451,3.8,6.7,,1.0,7.5,6.565999999999992,7.222,2.0,12.0,4,,,,,Fem,Pública,True
461,2023,-1.0,7.2379,7.4,7.9,7.3,0.0,3.77,8.541666667,8.616666667,2.0,13.0,5,1.7869000000000002,1.2000000000000002,3.6000000000000005,1.394666667,Fem,Pública,False
462,2022,-2.0,6.626,3.6,8.5,10.0,0.0,7.5,6.004000000000005,6.778,2.0,14.0,0,,,,,Masc,Pública,True
463,2022,-1.0,6.41,2.5,7.8,10.0,0.0,7.5,6.221999999999994,7.389,2.0,12.0,2,,,,,Fem,Pública,False
464,2022,-1.0,6.745,4.8,8.0,7.5,0.0,7.5,6.405999999999992,7.722,2.0,13.0,0,,,,,Fem,Pública,True
464,2023,-1.0,6.081675,3.0,7.7,9.2,0.0,2.52,7.96875,7.38,3.0,14.0,1,-0.6633250000000004,-0.2999999999999998,-1.7999999999999998,-0.3420000000000005,Fem,Pública,True
465,2022,0.0,8.012,7.8,7.9,8.0,0.0,7.5,6.331999999999995,8.444,2.0,11.0,3,,,,,Masc,Pública,False
466,2022,-1.0,6.826,3.3,9.7,8.5,0.0,7.5,6.147999999999998,7.556,2.0,13.0,0,,,,,Masc,Pública,True
466,2023,-2.0,6.595533333,4.5,7.6,9.5,0.0,6.89,6.25,7.056666667,2.0,14.0,1,-0.23046666699999996,-2.0999999999999996,1.2000000000000002,-0.49933333300000005,Masc,Pública,True
467,2022,-1.0,6.38,5.5,8.4,5.8,0.0,5.0,5.977999999999994,7.111,2.0,13.0,0,,,,,Fem,Pública,True
467,2023,-1.0,6.552916667,5.2,9.2,6.3,0.0,3.14,7.1875,7.5425,3.0,14.0,1,0.17291666699999997,0.7999999999999989,-0.2999999999999998,0.43150000000000066,Fem,Pública,False
468,2022,-1.0,6.313,4.1,6.7,9.5,0.0,7.5,6.085999999999991,6.722,2.0,13.0,0,,,,,Masc,Pública,True
469,2022,0.0,7.624,5.7,9.6,9.0,0.0,5.0,5.973999999999986,7.833,2.0,11.0,0,,,,,Fem,Pública,True
469,2023,-1.0,7.482533333,7.8,9.3,7.5,0.0,2.52,7.916666667,8.843333333,2.0,12.0,1,-0.14146666699999955,-0.29999999999999893,2.0999999999999996,1.0103333330000002,Fem,Pública,False
470,2022,-1.0,7.378,6.3,9.7,8.0,0.0,7.5,6.280000000000001,7.5,2.0,13.0,3,,,,,Fem,Pública,True
470,2023,-1.0,6.993766667,4.9,9.2,8.8,0.0,5.0,7.5,7.71,3.0,14.0,4,-0.38423333300000007,-0.5,-1.3999999999999995,0.20999999999999996,Fem,Pública,False
471,2022,-1.0,6.535,6.3,8.5,3.5,0.0,5.0,6.137999999999995,8.056,2.0,13.0,2,,,,,Fem,Pública,False
471,2023,0.0,6.855541667,5.0,9.0,,1.0,6.27,7.96875,8.125,3.0,14.0,3,0.32054166699999964,0.5,-1.2999999999999998,0.06900000000000084,Fem,Pública,False
472,2022,-1.0,5.93,2.0,7.0,9.0,0.0,7.5,5.687999999999995,7.056,2.0,12.0,0,,,,,Fem,Pública,True
472,2023,-1.0,6.6858,5.5,7.1,5.1,0.0,7.52,7.708333333,8.223333333,2.0,13.0,1,0.7558000000000007,0.09999999999999964,3.5,1.1673333329999993,Fem,Pública,True
474,2022,-1.0,6.446,3.0,9.1,9.5,0.0,7.5,6.2599999999999945,6.0,2.0,13.0,3,,,,,Masc,Pública,True
474,2023,-1.0,5.283583333,3.3,7.8,,1.0,5.0,7.1875,6.7575,3.0,14.0,4,-1.1624166669999996,-1.2999999999999998,0.2999999999999998,0.7575000000000003,Masc,Pública,True
476,2022,-1.0,6.931,5.5,9.3,9.0,0.0,4.4,6.197999999999988,7.556,2.0,12.0,3,,,,,Fem,Pública,False
476,2023,0.0,6.492408333,4.1,7.0,7.9,0.0,2.52,7.34375,7.505,3.0,13.0,4,-0.43859166699999985,-2.3000000000000007,-1.4000000000000004,-0.051000000000000156,Fem,Pública,False
478,2022,-1.0,6.709,4.9,9.1,8.5,0.0,5.6,5.877999999999997,7.056,2.0,12.0,3,,,,,Fem,Pública,False
479,2022,-1.0,8.465,9.8,9.2,8.0,0.0,7.5,7.149999999999999,9.5,1.0,10.0,2,,,,,Masc,Privada,False
479,2023,0.0,8.988866667,9.7,10.0,9.0,0.0,2.52,9.791666667,9.6375,2.0,11.0,3,0.5238666670000001,0.8000000000000007,-0.10000000000000142,0.1374999999999993,Masc,Privada,False
48,2022,0.0,8.006,8.1,8.4,6.7,0.0,7.5,5.859999999999994,8.5,5.0,15.0,5,,,,,Fem,Privada,False
48,2023,0.0,7.797058333,7.7,8.4,6.7,0.0,6.26,7.65625,7.6275,6.0,16.0,6,-0.2089416670000004,0.0,-0.39999999999999947,-0.8724999999999996,Fem,Privada,False
480,2022,-1.0,7.502,6.3,8.8,9.0,0.0,7.5,6.431999999999984,8.444,1.0,10.0,1,,,,,Fem,Pública,True
480,2023,-1.0,8.226408333,7.9,9.7,10.0,0.0,7.52,7.96875,8.336666667,1.0,11.0,2,0.7244083330000004,0.8999999999999986,1.6000000000000005,-0.10733333300000147,Fem,Pública,False
483,2022,-1.0,5.263,2.4,4.8,9.0,0.0,5.0,5.564,6.833,1.0,11.0,3,,,,,Fem,Pública,True
483,2023,-2.0,6.3972,5.6,6.0,9.0,0.0,2.52,7.916666667,8.166666667,1.0,12.0,4,1.1341999999999999,1.2000000000000002,3.1999999999999997,1.3336666669999993,Fem,Pública,True
484,2022,-1.0,6.71,6.5,8.7,9.5,0.0,5.0,4.421999999999997,6.389,1.0,11.0,0,,,,,Masc,Pública,True
484,2023,-1.0,5.515466667,3.6,7.5,6.4,0.0,2.52,5.416666667,6.8,2.0,12.0,1,-1.1945333329999999,-1.1999999999999993,-2.9,0.4109999999999996,Masc,Pública,False
486,2022,-1.0,7.621,7.3,9.9,10.0,0.0,7.5,4.866000000000001,7.222,1.0,10.0,2,,,,,Fem,Pública,False
487,2022,-1.0,8.417,9.6,9.7,7.5,0.0,7.5,6.904000000000004,9.333,1.0,10.0,3,,,,,Fem,Privada,False
487,2023,0.0,8.988866667,9.5,9.9,8.5,0.0,5.0,9.166666667,9.26,2.0,11.0,4,0.5718666670000001,0.20000000000000107,-0.09999999999999964,-0.0730000000000004,Fem,Privada,False
49,2022,-2.0,6.304,3.9,7.4,7.5,0.0,7.5,6.356000000000002,7.042,5.0,17.0,0,,,,,Fem,Pública,False
490,2022,-1.0,7.576,7.7,8.2,7.9,0.0,7.5,6.116000000000001,8.722,1.0,10.0,0,,,,,Fem,Pública,False
490,2023,0.0,7.429466667,5.8,7.9,7.9,0.0,2.52,8.541666667,9.0075,2.0,11.0,1,-0.14653333299999982,-0.29999999999999893,-1.9000000000000004,0.28550000000000075,Fem,Privada,False
491,2022,-1.0,7.461,7.0,9.7,7.5,0.0,7.5,5.766,7.722,1.0,11.0,0,,,,,Masc,Pública,False
491,2023,0.0,7.560533333,5.0,9.6,9.5,0.0,2.52,7.708333333,8.3375,2.0,12.0,1,0.09953333300000011,-0.09999999999999964,-2.0,0.6154999999999999,Masc,Pública,True
493,2022,0.0,8.306,7.2,9.4,10.0,0.0,7.5,5.803999999999991,8.278,1.0,9.0,2,,,,,Fem,Pública,False
493,2023,0.0,7.934366667,6.0,9.6,9.5,0.0,2.52,8.541666667,8.84,2.0,10.0,3,-0.37163333299999923,0.1999999999999993,-1.2000000000000002,0.5619999999999994,Fem,Pública,False
494,2022,-1.0,6.407,5.8,8.3,6.4,0.0,5.0,5.581999999999994,6.944,1.0,11.0,0,,,,,Fem,Pública,True
494,2023,-1.0,7.116633333,6.8,9.0,6.9,0.0,2.52,7.708333333,8.71,2.0,12.0,1,0.7096333330000002,0.6999999999999993,1.0,1.766000000000001,Fem,Privada,False
495,2022,-1.0,7.857,8.4,8.9,9.0,0.0,7.5,6.357999999999997,8.056,1.0,11.0,0,,,,,Masc,Pública,True
496,2022,-1.0,6.683,5.7,6.8,8.5,0.0,7.5,5.717999999999996,7.556,1.0,11.0,4,,,,,Masc,Pública,True
496,2023,-1.0,6.603666667,8.3,7.1,,1.0,5.0,7.916666667,8.71,2.0,12.0,5,-0.07933333300000012,0.2999999999999998,2.6000000000000005,1.1540000000000008,Masc,Privada,False
497,2022,-2.0,6.323,5.1,9.2,6.9,0.0,5.0,6.064000000000007,5.833,1.0,13.0,6,,,,,Fem,Privada,True
497,2023,-2.0,5.7191,3.5,8.7,5.3,0.0,2.52,6.25,6.885,2.0,14.0,7,-0.6039000000000003,-0.5,-1.5999999999999996,1.0519999999999996,Fem,Privada,True
499,2022,-1.0,7.826,8.2,10.0,8.5,0.0,7.5,5.971999999999991,7.444,1.0,10.0,2,,,,,Masc,Pública,False
499,2023,0.0,7.8883,6.6,10.0,7.9,0.0,2.52,8.75,8.2975,2.0,11.0,3,0.062300000000000466,0.0,-1.5999999999999996,0.8534999999999995,Masc,Pública,False
5,2022,0.0,7.427,5.2,8.6,7.9,0.0,5.6,8.392,7.389,7.0,17.0,6,,,,,Fem,Privada,False
500,2022,-1.0,8.232,9.5,10.0,9.0,0.0,7.5,6.041999999999987,7.889,1.0,10.0,2,,,,,Fem,Pública,False
500,2023,0.0,8.427533333,7.9,10.0,9.5,0.0,2.52,8.958333333,8.7975,2.0,11.0,3,0.1955333330000002,0.0,-1.5999999999999996,0.9084999999999992,Fem,Pública,False
501,2022,0.0,7.794,6.8,8.8,8.5,0.0,7.5,6.073999999999993,7.333,1.0,9.0,1,,,,,Masc,Pública,True
501,2023,-1.0,8.1357,8.9,8.4,7.0,0.0,7.52,8.541666667,9.396666667,1.0,10.0,2,0.34170000000000034,-0.40000000000000036,2.1000000000000005,2.0636666669999997,Masc,Pública,False
502,2022,1.0,8.287,7.4,9.7,9.5,0.0,7.5,6.114000000000006,7.778,1.0,8.0,1,,,,,Fem,Privada,False
502,2023,0.0,8.749075,8.0,9.8,8.5,0.0,7.52,7.96875,8.95,1.0,9.0,2,0.4620749999999987,0.10000000000000142,0.5999999999999996,1.1719999999999997,Fem,Privada,False
503,2022,-1.0,7.95,8.8,10.0,8.5,0.0,7.5,5.900000000000008,7.5,1.0,10.0,2,,,,,Masc,Pública,False
503,2023,0.0,8.4682,8.7,10.0,9.5,0.0,2.52,8.75,8.255,2.0,11.0,3,0.5181999999999993,0.0,-0.10000000000000142,0.7550000000000008,Masc,Pública,False
504,2022,0.0,8.072,8.0,8.9,8.5,0.0,7.5,5.807999999999982,7.556,1.0,9.0,1,,,,,Fem,Pública,False
506,2022,-2.0,7.132,7.2,7.3,9.5,0.0,7.5,5.763999999999996,7.278,1.0,12.0,2,,,,,Masc,Pública,True
508,2022,-1.0,6.575,4.5,7.4,8.0,0.0,7.5,6.337999999999999,7.556,1.0,10.0,0,,,,,Masc,Pública,False
508,2023,0.0,7.671633333,7.5,8.6,6.4,0.0,2.52,8.333333333,8.6725,2.0,11.0,1,1.0966333329999998,1.1999999999999993,3.0,1.1164999999999994,Masc,Pública,False
509,2022,-2.0,7.808,9.2,8.2,9.0,0.0,7.5,6.113999999999997,7.833,1.0,12.0,4,,,,,Fem,Pública,True
509,2023,-1.0,7.606033333,8.6,8.1,8.5,0.0,2.52,8.958333333,8.84,2.0,13.0,5,-0.20196666699999977,-0.09999999999999964,-0.5999999999999996,1.0069999999999997,Fem,Pública,False
513,2022,0.0,8.229,8.3,9.6,9.0,0.0,5.6,6.333999999999991,7.778,1.0,9.0,1,,,,,Masc,Pública,False
513,2023,0.0,8.297866667,7.5,9.7,9.5,0.0,2.52,8.541666667,9.0075,2.0,10.0,2,0.06886666699999999,0.09999999999999964,-0.8000000000000007,1.2295000000000007,Masc,Privada,False
514,2022,0.0,7.039,4.8,9.7,8.0,0.0,7.5,4.111999999999991,5.889,1.0,9.0,0,,,,,Fem,Pública,True
514,2023,-1.0,5.823133333,5.5,7.5,7.9,0.0,2.52,5.0,5.896666667,1.0,10.0,1,-1.2158666669999993,-2.1999999999999993,0.7000000000000002,0.007666666999999627,Fem,Pública,False
516,2022,0.0,8.903,9.9,9.7,10.0,0.0,7.5,6.218000000000004,8.056,1.0,9.0,3,,,,,Masc,Privada,False
516,2023,0.0,8.6807,9.3,9.8,10.0,0.0,2.52,8.75,8.7175,2.0,10.0,4,-0.2223000000000006,0.10000000000000142,-0.5999999999999996,0.6615000000000002,Masc,Privada,False
517,2022,-2.0,7.604,7.7,9.5,6.9,0.0,7.5,6.573999999999991,7.833,1.0,12.0,5,,,,,Fem,Pública,True
517,2023,-1.0,6.3104,6.6,9.0,4.1,0.0,2.52,6.875,6.7125,2.0,13.0,6,-1.2936000000000005,-0.5,-1.1000000000000005,-1.1204999999999998,Fem,Pública,False
518,2022,-1.0,7.661,7.5,9.4,9.0,0.0,7.5,6.309999999999993,7.5,1.0,10.0,0,,,,,Masc,Pública,False
518,2023,0.0,7.5762,6.7,8.5,8.5,0.0,5.0,8.125,6.9175,2.0,11.0,1,-0.08479999999999954,-0.9000000000000004,-0.7999999999999998,-0.5824999999999996,Masc,Pública,False
519,2022,0.0,8.0,7.5,9.6,7.4,0.0,7.5,6.234000000000002,7.333,1.0,9.0,0,,,,,Masc,Pública,True
52,2022,2.0,7.861,6.2,8.9,9.6,0.0,7.5,6.309999999999993,7.5,5.0,13.0,4,,,,,Masc,Privada,False
52,2023,1.0,7.9642,6.4,9.8,10.0,0.0,2.52,8.125,8.2975,5.0,14.0,5,0.10320000000000018,0.9000000000000004,0.20000000000000018,0.7974999999999994,Masc,Privada,False
521,2022,0.0,7.725,6.0,10.0,9.0,0.0,5.0,6.249999999999991,7.5,1.0,9.0,0,,,,,Masc,Pública,True
521,2023,-1.0,6.768666667,7.9,9.9,,1.0,3.77,7.083333333,8.166666667,1.0,10.0,1,-0.9563333329999999,-0.09999999999999964,1.9000000000000004,0.6666666669999994,Masc,Pública,False
522,2022,0.0,8.306,7.5,9.1,9.5,0.0,7.5,6.525999999999987,8.167,1.0,9.0,1,,,,,Masc,Pública,True
522,2023,-1.0,7.890533333,8.3,9.2,7.5,0.0,7.52,7.083333333,8.45,1.0,10.0,2,-0.41546666699999957,0.09999999999999964,0.8000000000000007,0.2829999999999995,Masc,Pública,False
524,2022,-1.0,6.947,9.1,9.4,,1.0,5.0,6.357999999999997,8.056,1.0,11.0,3,,,,,Masc,Pública,True
524,2023,-1.0,7.331133333,8.9,9.2,6.4,0.0,2.52,8.333333333,7.42,2.0,12.0,4,0.3841333330000003,-0.20000000000000107,-0.1999999999999993,-0.6359999999999992,Masc,Pública,False
525,2022,-1.0,8.013,8.6,9.3,9.0,0.0,7.5,6.495999999999995,8.167,1.0,11.0,1,,,,,Fem,Pública,True
526,2022,-2.0,8.079,8.0,9.9,10.0,0.0,7.5,6.156000000000006,8.167,1.0,12.0,0,,,,,Masc,Pública,True
526,2023,-1.0,8.0957,8.8,9.8,9.5,0.0,5.0,8.75,7.7525,2.0,13.0,1,0.01670000000000016,-0.09999999999999964,0.8000000000000007,-0.4144999999999994,Masc,Pública,True
527,2022,0.0,8.025,6.5,10.0,8.5,0.0,7.5,6.25,7.5,1.0,9.0,0,,,,,Fem,Pública,True
527,2023,-1.0,7.5682,6.5,9.1,9.0,0.0,7.52,7.5,7.78,1.0,10.0,1,-0.4568000000000003,-0.9000000000000004,0.0,0.28000000000000025,Fem,Pública,False
528,2022,-1.0,5.335,4.0,6.2,,1.0,7.5,6.562000000000001,6.944,1.0,11.0,1,,,,,Masc,Pública,True
528,2023,-1.0,7.6892,8.2,8.5,9.0,0.0,5.0,8.75,7.92,2.0,12.0,2,2.3541999999999996,2.3,4.199999999999999,0.976,Masc,Pública,False
529,2022,-2.0,6.51,5.2,8.9,8.5,0.0,5.0,5.287999999999995,6.556,1.0,12.0,2,,,,,Masc,Pública,True
529,2023,-2.0,7.278991667,6.8,9.6,8.0,0.0,7.52,5.78125,6.893333333,1.0,13.0,3,0.7689916669999999,0.6999999999999993,1.5999999999999996,0.3373333330000001,Masc,Pública,True
53,2022,-2.0,6.725,7.0,7.0,9.2,0.0,7.5,4.633999999999992,6.458,5.0,17.0,0,,,,,Masc,Pública,True
530,2022,-1.0,8.338,8.9,9.0,10.0,0.0,7.5,6.967999999999996,9.056,1.0,10.0,3,,,,,Masc,Pública,False
530,2023,0.0,7.653033333,5.7,8.8,10.0,0.0,5.0,7.708333333,7.46,2.0,11.0,4,-0.6849666669999994,-0.1999999999999993,-3.2,-1.5959999999999992,Masc,Pública,False
531,2022,-1.0,8.057,7.8,9.8,9.5,0.0,7.5,7.035999999999998,8.167,1.0,10.0,0,,,,,Masc,Pública,False
531,2023,0.0,8.3252,7.7,10.0,9.5,0.0,2.52,8.75,8.59,2.0,11.0,1,0.2682000000000002,0.1999999999999993,-0.09999999999999964,0.42300000000000004,Masc,Pública,False
533,2022,-1.0,6.962,6.0,8.8,8.5,0.0,5.6,6.253999999999991,7.333,1.0,10.0,0,,,,,Masc,Pública,True
534,2022,-2.0,7.131,7.1,7.4,9.0,0.0,7.5,6.143999999999998,7.333,1.0,12.0,1,,,,,Fem,Pública,True
534,2023,-1.0,5.8385,5.4,8.1,,1.0,2.52,8.125,7.92,2.0,13.0,2,-1.2925000000000004,0.6999999999999993,-1.6999999999999993,0.5869999999999997,Masc,Pública,False
535,2022,-1.0,6.953,5.1,9.2,9.0,0.0,7.5,5.596000000000005,6.917,1.0,10.0,3,,,,,Fem,Pública,False
535,2023,0.0,8.0027,5.6,9.4,9.0,0.0,5.0,8.125,8.95,2.0,11.0,4,1.0497000000000005,0.20000000000000107,0.5,2.0329999999999995,Fem,Pública,False
536,2022,-1.0,7.106,6.0,8.9,9.5,0.0,5.6,5.659999999999998,7.75,1.0,10.0,2,,,,,Fem,Pública,False
536,2023,0.0,7.759533333,5.9,9.3,8.0,0.0,2.52,8.333333333,9.17,2.0,11.0,3,0.6535333330000004,0.40000000000000036,-0.09999999999999964,1.42,Fem,Pública,False
538,2022,-2.0,6.309,6.8,7.5,8.5,0.0,5.6,4.223999999999997,5.583,1.0,13.0,0,,,,,Masc,Pública,True
538,2023,-1.0,6.413466667,4.7,8.6,7.4,0.0,2.52,7.916666667,7.39,2.0,14.0,1,0.10446666699999962,1.0999999999999996,-2.0999999999999996,1.8069999999999995,Masc,Pública,True
539,2022,-1.0,7.665,7.5,9.3,8.5,0.0,6.9,5.81599999999999,8.417,1.0,11.0,0,,,,,Fem,Pública,True
539,2023,-1.0,7.796866667,8.5,8.6,9.5,0.0,2.52,9.166666667,8.84,2.0,12.0,1,0.13186666699999972,-0.7000000000000011,1.0,0.42300000000000004,Fem,Pública,False
540,2022,-1.0,7.303,7.0,9.5,8.5,0.0,5.6,5.93,7.5,1.0,10.0,3,,,,,Fem,Pública,False
542,2022,-1.0,7.221,6.5,9.8,8.0,0.0,6.3,5.475999999999992,7.417,1.0,11.0,3,,,,,Fem,Pública,True
542,2023,-1.0,7.816533333,6.3,9.7,9.5,0.0,5.0,8.75,9.006666667,2.0,12.0,4,0.5955333329999997,-0.10000000000000142,-0.20000000000000018,1.5896666669999995,Fem,Pública,False
543,2022,-1.0,7.05,6.5,9.8,8.5,0.0,4.4,5.665999999999993,7.167,1.0,10.0,0,,,,,Fem,Pública,False
543,2023,0.0,7.971833333,6.5,9.8,7.8,0.0,2.52,8.75,9.006666667,2.0,11.0,1,0.9218333330000004,0.0,0.0,1.8396666669999995,Fem,Pública,False
546,2022,-1.0,6.77,5.6,7.9,9.0,0.0,5.0,5.865999999999989,7.917,1.0,11.0,1,,,,,Fem,Pública,True
546,2023,-1.0,6.031666667,5.7,7.2,,1.0,2.52,8.75,9.173333333,2.0,12.0,2,-0.7383333329999999,-0.7000000000000002,0.10000000000000053,1.2563333330000006,Fem,Pública,False
547,2022,-1.0,7.745,7.6,9.7,9.5,0.0,5.0,5.683999999999996,8.833,1.0,11.0,3,,,,,Fem,Pública,True
547,2023,-1.0,6.467,6.2,9.1,,1.0,2.52,8.75,8.95,2.0,12.0,4,-1.2780000000000005,-0.5999999999999996,-1.3999999999999995,0.1169999999999991,Fem,Pública,False
548,2022,-2.0,7.292,7.2,9.1,8.0,0.0,6.9,5.253999999999985,7.583,1.0,12.0,3,,,,,Masc,Pública,True
548,2023,-1.0,7.4322,7.4,9.1,9.0,0.0,2.52,8.333333333,8.283333333,2.0,13.0,4,0.1402000000000001,0.0,0.20000000000000018,0.7003333329999997,Masc,Pública,False
549,2022,-1.0,6.301,4.2,7.9,10.0,0.0,6.9,4.575999999999993,6.167,1.0,10.0,1,,,,,Masc,Pública,True
549,2023,-1.0,7.0297,6.4,8.1,9.5,0.0,5.02,6.875,7.5,1.0,11.0,2,0.7286999999999999,0.1999999999999993,2.2,1.3330000000000002,Masc,Pública,True
55,2022,-1.0,6.576,7.5,7.6,7.1,0.0,5.6,4.859999999999998,6.5,5.0,16.0,5,,,,,Fem,Pública,True
551,2022,-2.0,6.853,6.6,7.3,8.5,0.0,6.9,5.66399999999998,7.333,1.0,12.0,4,,,,,Fem,Pública,True
552,2022,-1.0,6.625,5.5,8.8,9.5,0.0,5.0,3.815999999999997,7.167,1.0,11.0,0,,,,,Masc,Pública,True
555,2022,-2.0,5.949,4.4,8.1,9.5,0.0,5.0,4.6559999999999935,5.167,1.0,12.0,3,,,,,Masc,Pública,True
555,2023,-1.0,5.898133333,3.9,8.1,7.4,0.0,2.52,6.25,6.946666667,2.0,13.0,4,-0.0508666670000002,0.0,-0.5000000000000004,1.7796666669999999,Masc,Pública,True
556,2022,-1.0,7.181,6.4,8.8,9.0,0.0,5.0,5.909999999999993,8.25,1.0,11.0,4,,,,,Fem,Pública,True
556,2023,-1.0,7.7482,7.2,9.6,8.5,0.0,2.52,9.166666667,9.396666667,2.0,12.0,5,0.5671999999999997,0.7999999999999989,0.7999999999999998,1.1466666669999999,Fem,Pública,False
557,2022,-1.0,8.334,9.4,8.4,10.0,0.0,7.5,6.573999999999991,9.333,1.0,10.0,3,,,,,Masc,Pública,False
557,2023,0.0,8.7717,8.9,8.2,10.0,0.0,5.0,9.375,9.62,2.0,11.0,4,0.43769999999999953,-0.20000000000000107,-0.5,0.28699999999999903,Masc,Pública,False
558,2022,-3.0,5.539,4.3,8.5,9.0,0.0,5.0,4.289999999999994,4.5,1.0,14.0,0,,,,,Masc,Pública,True
558,2023,-3.0,6.615333333,6.0,9.4,7.8,0.0,5.0,6.458333333,6.78,2.0,15.0,1,1.076333333,0.9000000000000004,1.7000000000000002,2.2800000000000002,Masc,Pública,True
559,2022,-1.0,7.634,7.1,9.2,9.5,0.0,7.5,5.574000000000003,8.083,1.0,11.0,1,,,,,Masc,Pública,True
559,2023,-1.0,7.947366667,7.4,9.4,10.0,0.0,5.0,8.958333333,8.506666667,2.0,12.0,2,0.3133666669999995,0.20000000000000107,0.3000000000000007,0.4236666669999991,Masc,Pública,False
56,2022,0.0,8.404,7.0,10.0,10.0,0.0,7.5,6.039999999999992,8.25,5.0,15.0,3,,,,,Fem,Privada,False
56,2023,0.0,8.284333333,7.8,9.5,9.6,0.0,5.0,8.125,7.8,6.0,16.0,4,-0.11966666700000061,-0.5,0.7999999999999998,-0.4500000000000002,Fem,Privada,False
560,2022,-1.0,4.949,3.8,7.2,6.9,0.0,5.0,3.0899999999999928,3.75,1.0,11.0,2,,,,,Masc,Pública,True
562,2022,-1.0,7.855,8.0,9.0,8.0,0.0,7.5,6.5500000000000025,8.75,1.0,11.0,1,,,,,Fem,Pública,True
562,2023,-1.0,6.824833333,8.7,8.5,,1.0,2.52,8.541666667,8.893333333,2.0,12.0,2,-1.0301666670000005,-0.5,0.6999999999999993,0.14333333299999929,Fem,Pública,False
563,2022,-1.0,8.22,8.5,9.2,10.0,0.0,7.5,6.634000000000002,8.833,1.0,11.0,2,,,,,Fem,Pública,False
563,2023,0.0,7.684133333,6.2,9.7,6.4,0.0,2.52,8.75,8.726666667,2.0,12.0,3,-0.5358666670000005,0.5,-2.3,-0.10633333300000025,Fem,Pública,False
566,2022,-2.0,7.729,8.5,8.4,9.5,0.0,7.5,5.655999999999999,7.917,1.0,12.0,0,,,,,Fem,Pública,True
568,2022,-3.0,7.306,8.3,8.6,8.0,0.0,6.9,5.972,7.944,1.0,14.0,4,,,,,Masc,Pública,True
568,2023,-3.0,6.9647,7.6,7.9,7.0,0.0,5.0,8.125,8.01,2.0,15.0,5,-0.3413000000000004,-0.6999999999999993,-0.7000000000000011,0.06599999999999984,Masc,Pública,True
57,2022,-1.0,7.305,8.4,8.1,7.1,0.0,5.6,6.600000000000001,7.875,5.0,16.0,5,,,,,Masc,Privada,True
57,2023,-1.0,6.450875,7.2,8.0,,1.0,5.63,7.96875,7.755,6.0,17.0,6,-0.8541249999999998,-0.09999999999999964,-1.2000000000000002,-0.1200000000000001,Masc,Privada,False
570,2022,-1.0,5.722,1.3,7.0,9.0,0.0,7.5,5.564000000000009,6.778,1.0,10.0,3,,,,,Fem,Pública,True
570,2023,-1.0,6.781033333,5.9,7.3,8.5,0.0,3.77,8.125,8.056666667,1.0,11.0,4,1.0590333329999995,0.2999999999999998,4.6000000000000005,1.2786666670000004,Fem,Pública,True
571,2022,-1.0,6.589,3.7,8.8,8.5,0.0,7.5,6.002000000000001,6.944,1.0,11.0,3,,,,,Fem,Pública,True
571,2023,-2.0,6.6097,5.0,7.9,9.0,0.0,3.77,7.291666667,7.616666667,1.0,12.0,4,0.02069999999999972,-0.9000000000000004,1.2999999999999998,0.6726666669999997,Fem,Privada,True
573,2022,-1.0,8.261,8.2,9.9,9.5,0.0,7.5,6.521999999999988,8.944,1.0,11.0,2,,,,,Masc,Pública,True
573,2023,-1.0,7.774366667,6.6,9.8,9.5,0.0,5.0,8.541666667,8.45,2.0,12.0,3,-0.48663333299999945,-0.09999999999999964,-1.5999999999999996,-0.49400000000000155,Masc,Pública,False
574,2022,-1.0,6.86,7.5,7.2,9.5,0.0,5.0,5.811999999999999,6.944,1.0,10.0,0,,,,,Masc,Pública,False
576,2022,-1.0,7.59,7.8,9.1,9.5,0.0,7.5,5.877999999999997,7.111,1.0,10.0,0,,,,,Fem,Pública,True
576,2023,-1.0,7.984741667,8.0,9.3,9.0,0.0,5.02,9.21875,8.503333333,1.0,11.0,1,0.3947416669999999,0.20000000000000107,0.20000000000000018,1.3923333330000007,Fem,Pública,False
577,2022,-1.0,7.862,9.0,9.3,9.5,0.0,7.5,5.7979999999999965,7.111,1.0,10.0,0,,,,,Fem,Pública,True
577,2023,-1.0,7.219366667,7.4,8.2,10.0,0.0,3.77,6.875,7.673333333,1.0,11.0,1,-0.642633333,-1.1000000000000014,-1.5999999999999996,0.5623333330000007,Fem,Pública,True
578,2022,-1.0,8.814,9.5,10.0,9.5,0.0,8.8,6.617999999999995,9.611,1.0,10.0,3,,,,,Masc,Pública,False
578,2023,0.0,9.013866667,9.7,10.0,9.0,0.0,2.52,9.791666667,9.7625,2.0,11.0,4,0.19986666700000022,0.0,0.1999999999999993,0.15149999999999864,Masc,Privada,False
58,2022,0.0,8.136,7.2,9.2,9.6,0.0,6.3,6.409999999999991,8.125,5.0,15.0,5,,,,,Masc,Privada,False
58,2023,0.0,7.70625,8.1,9.7,,1.0,6.26,8.4375,8.3825,6.0,16.0,6,-0.4297499999999994,0.5,0.8999999999999995,0.2575000000000003,Masc,Privada,False
580,2022,-1.0,7.525,7.6,9.6,8.0,0.0,7.5,6.016000000000004,7.167,1.0,10.0,2,,,,,Fem,Pública,True
580,2023,-1.0,8.4712,9.0,9.8,8.5,0.0,7.52,8.75,8.67,1.0,11.0,3,0.9461999999999993,0.20000000000000107,1.4000000000000004,1.5030000000000001,Fem,Pública,True
581,2022,-1.0,6.464,5.0,8.9,7.5,0.0,7.5,5.061999999999998,5.889,1.0,10.0,3,,,,,Masc,Pública,True
581,2023,-1.0,7.7167,7.9,9.8,8.0,0.0,7.52,6.458333333,7.393333333,1.0,11.0,4,1.2527,0.9000000000000004,2.9000000000000004,1.504333333,Masc,Pública,True
583,2022,-2.0,7.456,7.1,9.4,8.5,0.0,7.5,5.894000000000004,7.333,1.0,12.0,3,,,,,Fem,Pública,True
583,2023,-1.0,7.838866667,6.3,9.4,9.0,0.0,7.52,8.333333333,8.616666667,2.0,13.0,4,0.38286666699999916,0.0,-0.7999999999999998,1.2836666670000003,Fem,Pública,False
584,2022,-1.0,6.714,4.6,8.5,8.0,0.0,7.5,5.774000000000008,7.333,1.0,10.0,3,,,,,Fem,Pública,False
584,2023,0.0,7.697533333,5.8,9.0,9.5,0.0,2.52,8.333333333,8.56,2.0,11.0,4,0.9835333329999996,0.5,1.2000000000000002,1.2270000000000003,Fem,Pública,False
586,2022,-1.0,7.988,8.2,9.6,10.0,0.0,5.6,6.124000000000009,8.778,1.0,10.0,1,,,,,Fem,Privada,False
586,2023,0.0,8.4242,8.4,10.0,8.0,0.0,2.52,8.333333333,9.343333333,2.0,11.0,2,0.43620000000000037,0.40000000000000036,0.20000000000000107,0.5653333329999999,Fem,Privada,False
587,2022,-1.0,6.632,3.8,9.3,9.5,0.0,7.5,5.785999999999998,6.167,1.0,10.0,0,,,,,Masc,Pública,True
587,2023,-1.0,6.032033333,2.7,7.0,8.5,0.0,7.52,6.458333333,6.72,1.0,11.0,1,-0.5999666669999995,-2.3000000000000007,-1.0999999999999996,0.5529999999999999,Masc,Pública,True
588,2022,0.0,8.622,9.3,10.0,9.5,0.0,5.6,5.963999999999992,8.278,1.0,9.0,1,,,,,Fem,Privada,False
588,2023,0.0,8.3527,7.8,9.6,8.0,0.0,2.52,8.958333333,9.673333333,2.0,10.0,2,-0.26929999999999943,-0.40000000000000036,-1.5000000000000009,1.395333333,Fem,Privada,False
59,2022,-2.0,7.642,7.2,9.3,9.2,0.0,7.5,5.885999999999996,7.917,5.0,17.0,0,,,,,Masc,Pública,True
59,2023,-2.0,7.692291667,7.2,9.6,7.5,0.0,5.63,8.28125,8.4225,6.0,18.0,1,0.05029166699999976,0.29999999999999893,0.0,0.5054999999999996,Masc,Privada,False
590,2022,-1.0,7.435,7.4,8.6,8.5,0.0,7.5,6.127999999999991,7.611,1.0,10.0,2,,,,,Fem,Pública,False
590,2023,0.0,7.647666667,6.5,9.7,6.3,0.0,3.77,7.291666667,8.34,2.0,11.0,3,0.2126666670000006,1.0999999999999996,-0.9000000000000004,0.7290000000000001,Fem,Privada,True
591,2022,-1.0,7.507,7.1,9.3,9.5,0.0,7.5,5.49199999999999,7.389,1.0,11.0,1,,,,,Masc,Pública,True
591,2023,-1.0,7.1472,6.9,8.5,9.0,0.0,6.27,5.833333333,7.333333333,2.0,12.0,2,-0.3597999999999999,-0.8000000000000007,-0.1999999999999993,-0.05566666700000056,Masc,Pública,True
592,2022,-1.0,7.381,8.4,8.5,8.0,0.0,5.6,5.853999999999999,7.778,1.0,10.0,2,,,,,Fem,Pública,False
592,2023,0.0,7.935466667,7.6,9.2,6.2,0.0,3.77,7.916666667,8.95,2.0,11.0,3,0.5544666669999998,0.6999999999999993,-0.8000000000000007,1.1719999999999997,Fem,Privada,False
594,2022,-1.0,7.392,7.8,9.4,8.0,0.0,7.5,5.241999999999996,6.889,1.0,10.0,0,,,,,Masc,Pública,True
594,2023,-1.0,6.702033333,5.8,7.1,8.5,0.0,6.27,6.875,7.336666667,1.0,11.0,1,-0.6899666670000002,-2.3000000000000007,-2.0,0.447666667,Masc,Pública,False
595,2022,-2.0,5.18,1.0,5.5,8.5,0.0,7.5,5.799999999999992,6.0,1.0,12.0,4,,,,,Masc,Pública,True
597,2022,0.0,8.265,8.0,10.0,9.0,0.0,7.5,6.038000000000006,7.056,1.0,9.0,0,,,,,Masc,Pública,True
597,2023,-1.0,8.49045,8.5,9.6,10.0,0.0,7.52,9.0625,8.56,1.0,10.0,1,0.2254499999999986,-0.40000000000000036,0.5,1.5040000000000004,Masc,Pública,False
599,2022,-1.0,8.2,9.1,9.2,9.5,0.0,7.5,6.287999999999991,8.556,1.0,10.0,0,,,,,Masc,Pública,False
599,2023,0.0,8.532866667,8.5,9.5,10.0,0.0,2.52,8.333333333,9.286666667,2.0,11.0,1,0.3328666670000011,0.3000000000000007,-0.5999999999999996,0.7306666670000013,Masc,Pública,False
6,2022,-1.0,5.848,3.3,4.5,7.9,0.0,7.5,8.035999999999994,7.222,7.0,18.0,1,,,,,Fem,Pública,False
600,2022,0.0,7.011,3.9,8.4,8.5,0.0,7.5,5.843999999999996,6.833,1.0,9.0,1,,,,,Fem,Pública,True
600,2023,-1.0,7.651658333,7.2,8.4,8.5,0.0,7.52,8.28125,8.056666667,1.0,10.0,2,0.6406583330000002,0.0,3.3000000000000003,1.2236666669999998,Fem,Pública,False
601,2022,1.0,7.713,5.7,9.7,9.0,0.0,7.5,5.495999999999999,7.167,1.0,8.0,1,,,,,Masc,Pública,False
601,2023,0.0,8.955783333,8.7,10.0,9.0,0.0,7.52,9.0625,8.336666667,1.0,9.0,2,1.2427833329999993,0.3000000000000007,2.999999999999999,1.1696666669999995,Masc,Pública,True
602,2022,-1.0,8.041,8.6,9.7,10.0,0.0,7.5,5.975999999999999,7.667,1.0,11.0,3,,,,,Masc,Pública,True
602,2023,-1.0,8.5592,8.1,9.6,10.0,0.0,7.52,8.75,9.51,2.0,12.0,4,0.5182000000000002,-0.09999999999999964,-0.5,1.843,Masc,Pública,False
603,2022,-1.0,7.78,7.5,9.5,9.0,0.0,7.5,6.299999999999999,8.0,1.0,11.0,0,,,,,Fem,Pública,False
603,2023,0.0,6.748833333,7.0,8.9,,1.0,2.52,7.708333333,7.78,2.0,12.0,1,-1.031166667,-0.5999999999999996,-0.5,-0.21999999999999975,Masc,Pública,False
604,2022,-1.0,8.018,8.8,9.0,9.0,0.0,7.5,6.414,8.333,1.0,10.0,1,,,,,Fem,Pública,False
604,2023,0.0,8.548033333,7.5,9.3,9.0,0.0,7.52,8.125,8.616666667,2.0,11.0,2,0.5300333329999987,0.3000000000000007,-1.3000000000000007,0.2836666670000003,Fem,Pública,False
605,2022,-2.0,7.276,7.1,9.3,6.9,0.0,6.9,6.047999999999991,7.556,1.0,12.0,1,,,,,Fem,Pública,True
605,2023,-1.0,7.709366667,6.8,9.5,9.0,0.0,7.52,7.291666667,7.84,2.0,13.0,2,0.4333666670000005,0.1999999999999993,-0.2999999999999998,0.2839999999999998,Fem,Pública,False
606,2022,-1.0,6.127,1.8,9.0,9.5,0.0,7.5,5.447999999999995,6.111,1.0,10.0,0,,,,,Masc,Pública,True
606,2023,-1.0,7.402491667,6.0,8.5,8.5,0.0,7.52,7.65625,8.223333333,1.0,11.0,1,1.2754916669999998,-0.5,4.2,2.1123333329999996,Masc,Pública,False
607,2022,-1.0,6.44,4.0,8.1,6.8,0.0,7.5,6.012000000000004,7.444,1.0,10.0,0,,,,,Masc,Pública,True
607,2023,-1.0,7.333075,6.8,7.5,8.0,0.0,7.52,7.96875,8.17,1.0,11.0,1,0.8930749999999996,-0.5999999999999996,2.8,0.726,Masc,Pública,False
608,2022,-1.0,7.216,6.3,9.6,7.8,0.0,7.5,5.616000000000003,7.222,1.0,10.0,0,,,,,Masc,Pública,True
608,2023,-1.0,7.401741667,6.2,7.5,10.0,0.0,7.52,7.96875,8.113333333,1.0,11.0,1,0.1857416669999994,-2.0999999999999996,-0.09999999999999964,0.8913333329999995,Masc,Pública,False
609,2022,-1.0,6.794,6.0,7.6,8.5,0.0,7.5,5.627999999999993,7.056,1.0,11.0,3,,,,,Masc,Pública,True
61,2022,0.0,7.533,5.8,7.4,9.2,0.0,7.5,6.479999999999997,7.875,5.0,15.0,1,,,,,Masc,Pública,False
610,2022,0.0,8.18,6.5,9.6,9.0,0.0,7.5,6.099999999999994,8.5,1.0,9.0,0,,,,,Fem,Pública,False
610,2023,0.0,8.2857,7.0,10.0,10.0,0.0,2.52,8.541666667,8.896666667,2.0,10.0,1,0.10570000000000057,0.40000000000000036,0.5,0.39666666699999986,Fem,Pública,False
612,2022,-1.0,7.594,7.9,9.2,9.0,0.0,7.5,5.906000000000002,7.167,1.0,10.0,1,,,,,Fem,Pública,True
612,2023,-1.0,8.410783333,9.7,9.7,9.0,0.0,3.77,9.0625,9.286666667,1.0,11.0,2,0.8167833329999992,0.5,1.799999999999999,2.1196666670000006,Fem,Privada,False
613,2022,-2.0,8.121,9.2,9.2,9.0,0.0,7.5,5.798000000000005,8.556,1.0,13.0,2,,,,,Masc,Pública,True
613,2023,-1.0,6.864508333,4.8,9.4,9.2,0.0,5.0,6.71875,7.2125,3.0,14.0,3,-1.2564916670000006,0.20000000000000107,-4.3999999999999995,-1.3434999999999988,Masc,Pública,True
614,2022,-2.0,8.339,9.6,9.7,9.5,0.0,7.5,6.234000000000002,8.278,1.0,12.0,1,,,,,Masc,Pública,True
614,2023,-1.0,8.2282,8.6,9.1,9.0,0.0,7.52,8.333333333,8.563333333,2.0,13.0,2,-0.11080000000000112,-0.5999999999999996,-1.0,0.28533333299999875,Masc,Pública,True
615,2022,0.0,8.086,7.3,9.7,9.5,0.0,7.5,6.082000000000001,6.889,1.0,9.0,2,,,,,Fem,Pública,True
616,2022,-2.0,7.303,8.8,7.4,7.4,0.0,7.5,6.173999999999991,7.278,1.0,12.0,3,,,,,Masc,Pública,True
616,2023,-1.0,5.612,6.8,6.6,,1.0,5.02,5.833333333,6.783333333,2.0,13.0,4,-1.6909999999999998,-0.8000000000000007,-2.000000000000001,-0.4946666669999997,Masc,Pública,False
617,2022,-1.0,7.107,6.3,8.9,8.5,0.0,7.5,6.113999999999997,6.778,1.0,11.0,1,,,,,Fem,Pública,True
618,2022,-2.0,7.18,6.7,8.3,8.9,0.0,7.5,5.733999999999995,7.333,1.0,13.0,2,,,,,Masc,Pública,True
618,2023,-2.0,6.4745,6.2,9.2,,1.0,5.02,8.125,7.95,2.0,14.0,3,-0.7054999999999998,0.8999999999999986,-0.5,0.617,Masc,Pública,True
619,2022,-1.0,7.693,9.0,8.0,9.5,0.0,7.5,6.264000000000003,7.333,1.0,11.0,1,,,,,Fem,Pública,False
62,2022,-2.0,7.891,9.3,9.4,8.8,0.0,7.5,5.709999999999997,7.25,5.0,17.0,0,,,,,Masc,Pública,False
62,2023,0.0,7.610333333,7.5,9.8,,1.0,6.89,8.25,8.215,7.0,18.0,1,-0.2806666670000002,0.40000000000000036,-1.8000000000000007,0.9649999999999999,Fem,Pública,False
620,2022,-2.0,6.018,6.8,7.5,,1.0,7.5,5.413999999999994,6.833,1.0,12.0,1,,,,,Masc,Pública,True
620,2023,-1.0,7.043666667,6.2,8.4,6.8,0.0,7.52,6.875,7.503333333,2.0,13.0,2,1.0256666670000003,0.9000000000000004,-0.5999999999999996,0.6703333329999994,Masc,Pública,False
623,2022,-2.0,7.524,8.3,9.0,7.5,0.0,7.5,5.861999999999998,7.389,1.0,13.0,0,,,,,Masc,Pública,True
623,2023,-2.0,7.8307,7.3,9.5,10.0,0.0,7.52,7.291666667,7.446666667,2.0,14.0,1,0.3067000000000002,0.5,-1.0000000000000009,0.05766666699999945,Masc,Pública,True
624,2022,-1.0,7.425,6.8,8.9,9.0,0.0,7.5,5.905999999999985,7.722,1.0,10.0,0,,,,,Masc,Pública,True
624,2023,-1.0,8.270825,8.6,9.2,9.0,0.0,7.52,8.90625,8.39,1.0,11.0,1,0.8458250000000005,0.29999999999999893,1.7999999999999998,0.6680000000000001,Masc,Pública,False
626,2022,-1.0,5.818,1.3,7.6,7.4,0.0,7.5,5.923999999999996,7.278,1.0,11.0,1,,,,,Masc,Pública,True
626,2023,-1.0,7.231033333,6.5,9.2,9.0,0.0,4.39,7.291666667,7.613333333,2.0,12.0,2,1.4130333330000004,1.5999999999999996,5.2,0.33533333300000034,Masc,Pública,False
628,2022,-1.0,7.577,9.2,7.6,9.5,0.0,7.5,5.503999999999998,7.333,1.0,11.0,0,,,,,Masc,Pública,True
628,2023,-2.0,8.370325,9.4,8.9,9.5,0.0,7.52,8.28125,8.45,1.0,12.0,1,0.7933249999999994,1.3000000000000007,0.20000000000000107,1.116999999999999,Masc,Pública,True
629,2022,0.0,8.11,7.0,10.0,9.0,0.0,7.5,6.043999999999983,7.278,1.0,9.0,0,,,,,Masc,Pública,True
629,2023,-1.0,8.013866667,7.5,9.4,10.0,0.0,7.52,7.916666667,7.95,1.0,10.0,1,-0.09613333299999915,-0.5999999999999996,0.5,0.6720000000000006,Fem,Pública,False
63,2022,-1.0,8.282,8.7,9.1,8.3,0.0,8.8,6.285999999999996,9.417,5.0,16.0,4,,,,,Masc,Privada,True
630,2022,0.0,8.064,7.3,9.2,9.5,0.0,7.5,6.083999999999996,7.278,1.0,9.0,0,,,,,Masc,Pública,True
630,2023,-1.0,7.199991667,5.7,8.6,9.0,0.0,3.77,8.28125,8.673333333,1.0,10.0,1,-0.8640083330000001,-0.5999999999999996,-1.5999999999999996,1.3953333330000008,Masc,Pública,False
631,2022,-2.0,6.928,7.0,6.8,8.5,0.0,7.5,6.235999999999997,7.222,1.0,12.0,0,,,,,Masc,Pública,True
631,2023,-1.0,5.954666667,7.0,6.4,,1.0,6.27,7.916666667,6.78,2.0,13.0,1,-0.9733333330000002,-0.39999999999999947,0.0,-0.44200000000000017,Masc,Pública,False
632,2022,-1.0,6.996,6.3,9.3,8.5,0.0,6.9,4.915999999999992,6.722,1.0,10.0,0,,,,,Fem,Pública,False
632,2023,0.0,7.8768,7.4,9.1,4.7,0.0,5.64,8.333333333,8.563333333,2.0,11.0,1,0.8807999999999998,-0.20000000000000107,1.1000000000000005,1.8413333329999988,Fem,Pública,False
633,2022,-1.0,7.476,7.7,8.9,7.3,0.0,7.5,6.093999999999991,7.833,1.0,11.0,2,,,,,Fem,Pública,True
633,2023,-1.0,6.6552,7.2,8.1,1.7,0.0,6.27,8.541666667,7.286666667,2.0,12.0,3,-0.8208000000000002,-0.8000000000000007,-0.5,-0.5463333329999998,Fem,Pública,False
636,2022,-1.0,7.189,7.3,8.0,8.5,0.0,6.9,6.111999999999993,7.389,1.0,10.0,0,,,,,Masc,Pública,True
636,2023,-1.0,6.836666667,9.0,8.3,,1.0,5.64,8.333333333,7.446666667,1.0,11.0,1,-0.3523333329999998,0.3000000000000007,1.7000000000000002,0.05766666699999945,Masc,Pública,False
637,2022,-1.0,7.039,5.8,9.0,8.5,0.0,7.5,5.7899999999999885,7.0,1.0,10.0,1,,,,,Fem,Pública,True
637,2023,-1.0,8.109533333,8.5,9.5,8.0,0.0,7.52,8.333333333,8.17,1.0,11.0,2,1.0705333330000002,0.5,2.7,1.17,Fem,Pública,False
638,2022,0.0,7.059,3.9,9.3,8.5,0.0,7.5,5.633999999999997,6.278,1.0,9.0,2,,,,,Fem,Pública,True
638,2023,-1.0,7.754866667,6.5,9.4,9.0,0.0,7.52,8.333333333,7.946666667,1.0,10.0,3,0.6958666669999998,0.09999999999999964,2.6,1.668666667,Fem,Pública,False
639,2022,-1.0,6.613,5.5,7.4,8.5,0.0,7.5,6.108000000000002,6.611,1.0,10.0,1,,,,,Fem,Pública,False
639,2023,0.0,7.5853,6.3,8.1,7.4,0.0,6.27,8.125,7.62,2.0,11.0,2,0.9722999999999997,0.6999999999999993,0.7999999999999998,1.0090000000000003,Fem,Pública,False
64,2022,-1.0,7.368,7.5,8.1,7.1,0.0,8.1,5.779999999999994,8.25,5.0,16.0,3,,,,,Masc,Pública,True
64,2023,-1.0,7.452541667,6.7,9.2,7.5,0.0,6.89,7.34375,7.9625,6.0,17.0,4,0.08454166699999988,1.0999999999999996,-0.7999999999999998,-0.28749999999999964,Fem,Privada,False
640,2022,-1.0,6.73,4.8,8.4,9.0,0.0,7.5,5.844000000000005,6.778,1.0,11.0,0,,,,,Fem,Pública,True
642,2022,-1.0,7.75,7.3,9.7,10.0,0.0,6.9,6.043999999999992,7.778,1.0,10.0,1,,,,,Fem,Pública,False
642,2023,0.0,8.416866667,6.5,9.2,9.5,0.0,6.27,8.75,9.173333333,2.0,11.0,2,0.6668666670000007,-0.5,-0.7999999999999998,1.3953333330000008,Fem,Pública,False
643,2022,-1.0,6.763,6.2,8.0,9.0,0.0,7.5,4.285999999999994,6.722,1.0,10.0,0,,,,,Masc,Pública,True
643,2023,-1.0,7.389033333,7.1,8.2,9.5,0.0,7.52,6.041666667,7.613333333,1.0,11.0,1,0.6260333330000005,0.1999999999999993,0.8999999999999995,0.8913333329999995,Masc,Pública,True
644,2022,-1.0,7.83,8.8,8.0,9.5,0.0,7.5,6.143999999999998,8.278,1.0,11.0,1,,,,,Fem,Pública,True
645,2022,-1.0,6.086,2.0,8.1,8.5,0.0,7.5,5.9940000000000015,6.833,1.0,10.0,0,,,,,Fem,Pública,True
645,2023,-1.0,7.613033333,7.3,8.5,9.0,0.0,6.27,8.125,8.116666667,1.0,11.0,1,1.5270333329999994,0.40000000000000036,5.3,1.2836666670000003,Fem,Pública,False
646,2022,-2.0,8.181,8.4,9.8,8.5,0.0,8.1,7.031999999999989,8.389,1.0,13.0,3,,,,,Masc,Pública,True
646,2023,-1.0,8.3547,8.4,8.9,10.0,0.0,7.52,8.958333333,8.783333333,2.0,14.0,4,0.1737000000000002,-0.9000000000000004,0.0,0.3943333330000005,Masc,Pública,True
647,2022,-1.0,6.606,3.3,8.6,9.5,0.0,7.5,5.7039999999999935,7.278,1.0,10.0,0,,,,,Masc,Pública,True
649,2022,-2.0,7.302,7.4,8.9,8.5,0.0,5.6,6.09799999999999,7.611,1.0,12.0,3,,,,,Fem,Pública,True
649,2023,-1.0,7.579533333,6.5,9.3,9.0,0.0,3.77,8.75,8.836666667,2.0,13.0,4,0.27753333300000005,0.40000000000000036,-0.9000000000000004,1.2256666669999996,Fem,Pública,False
651,2022,-1.0,7.866,7.8,9.3,8.5,0.0,7.5,6.793999999999993,8.333,1.0,10.0,0,,,,,Fem,Pública,False
651,2023,0.0,7.332,9.3,8.2,,1.0,3.77,8.75,7.95,2.0,11.0,1,-0.5339999999999998,-1.1000000000000014,1.5000000000000009,-0.383,Fem,Pública,False
652,2022,0.0,8.151,7.8,9.6,8.0,0.0,7.5,6.209999999999996,7.5,1.0,9.0,0,,,,,Fem,Pública,True
652,2023,-1.0,7.871033333,7.0,9.4,9.0,0.0,6.89,8.125,8.446666667,1.0,10.0,1,-0.27996666700000006,-0.1999999999999993,-0.7999999999999998,0.9466666670000006,Fem,Pública,False
653,2022,-1.0,8.101,9.3,9.6,9.5,0.0,7.5,6.210000000000004,7.5,1.0,11.0,0,,,,,Fem,Pública,True
653,2023,-1.0,7.385666667,7.9,9.8,,1.0,6.27,9.166666667,9.06,2.0,12.0,1,-0.7153333330000011,0.20000000000000107,-1.4000000000000004,1.5600000000000005,Fem,Pública,False
655,2022,-2.0,7.785,8.3,9.2,7.5,0.0,7.5,6.072000000000006,8.389,1.0,12.0,3,,,,,Fem,Pública,True
655,2023,-1.0,8.3198,8.3,9.9,7.4,0.0,7.52,9.166666667,8.896666667,2.0,13.0,4,0.5348000000000006,0.7000000000000011,0.0,0.5076666670000005,Fem,Pública,False
656,2022,-1.0,6.652,6.3,7.5,7.4,0.0,5.6,5.920000000000005,7.5,1.0,11.0,2,,,,,Fem,Pública,True
656,2023,-1.0,6.780833333,7.3,8.9,,1.0,7.52,8.541666667,7.173333333,2.0,12.0,3,0.12883333300000022,1.4000000000000004,1.0,-0.3266666669999996,Fem,Pública,False
657,2022,-2.0,8.093,9.0,9.8,9.5,0.0,7.5,6.33,7.5,1.0,12.0,1,,,,,Fem,Pública,True
657,2023,-1.0,8.3532,8.2,10.0,8.5,0.0,7.52,8.75,8.73,2.0,13.0,2,0.2601999999999993,0.1999999999999993,-0.8000000000000007,1.2300000000000004,Fem,Pública,False
658,2022,-1.0,7.407,5.6,9.3,10.0,0.0,7.5,5.935999999999995,7.917,1.0,10.0,0,,,,,Fem,Pública,False
658,2023,0.0,8.438533333,6.1,9.5,9.5,0.0,7.52,7.916666667,9.173333333,2.0,11.0,1,1.0315333330000005,0.1999999999999993,0.5,1.2563333330000006,Fem,Pública,False
661,2022,-1.0,7.593,7.8,8.3,9.0,0.0,7.5,6.395999999999997,7.917,1.0,11.0,0,,,,,Masc,Pública,False
662,2022,-1.0,7.044,6.8,8.8,9.0,0.0,7.5,5.573999999999986,6.083,1.0,11.0,0,,,,,Fem,Pública,True
662,2023,-1.0,6.733566667,6.7,7.6,6.8,0.0,6.27,7.291666667,6.72,2.0,12.0,1,-0.31043333299999976,-1.200000000000001,-0.09999999999999964,0.6369999999999996,Fem,Pública,False
663,2022,-1.0,6.376,5.8,8.7,6.9,0.0,7.5,4.860000000000007,5.25,1.0,10.0,0,,,,,Masc,Pública,True
663,2023,-1.0,6.969133333,7.0,7.4,6.9,0.0,7.52,6.666666667,7.393333333,1.0,11.0,1,0.5931333329999999,-1.299999999999999,1.2000000000000002,2.143333333,Masc,Pública,True
664,2022,-1.0,7.277,6.3,8.8,9.5,0.0,7.5,6.235999999999997,7.167,1.0,10.0,0,,,,,Fem,Pública,True
664,2023,-1.0,8.0872,8.0,9.6,9.0,0.0,7.52,7.916666667,8.116666667,1.0,11.0,1,0.8101999999999991,0.7999999999999989,1.7000000000000002,0.9496666670000007,Fem,Pública,False
665,2022,-1.0,6.996,6.8,7.4,9.0,0.0,7.5,5.5600000000000005,7.25,1.0,11.0,0,,,,,Fem,Pública,True
665,2023,-1.0,6.185658333,5.2,4.9,9.5,0.0,2.52,8.28125,8.226666667,1.0,12.0,1,-0.8103416670000003,-2.5,-1.5999999999999996,0.9766666669999999,Fem,Pública,True
666,2022,-1.0,7.929,7.8,9.1,9.5,0.0,7.5,5.823999999999998,8.833,1.0,10.0,0,,,,,Masc,Pública,False
666,2023,0.0,8.720366667,7.1,9.1,9.5,0.0,7.52,8.541666667,9.62,2.0,11.0,1,0.7913666670000001,0.0,-0.7000000000000002,0.786999999999999,Masc,Pública,False
667,2022,-1.0,5.844,4.5,5.6,8.5,0.0,7.5,5.574000000000012,5.833,1.0,11.0,1,,,,,Masc,Pública,True
667,2023,-1.0,6.774866667,5.2,6.9,9.0,0.0,6.89,7.083333333,7.836666667,2.0,12.0,2,0.9308666670000001,1.3000000000000007,0.7000000000000002,2.003666667,Masc,Pública,False
668,2022,-1.0,4.365,2.8,3.3,6.9,0.0,7.5,4.550000000000001,3.75,1.0,11.0,0,,,,,Masc,Pública,True
669,2022,-1.0,7.475,6.0,9.7,9.0,0.0,7.5,6.183999999999994,7.833,1.0,11.0,0,,,,,Masc,Pública,False
669,2023,0.0,7.345033333,5.0,7.8,8.5,0.0,7.52,7.708333333,7.06,2.0,12.0,1,-0.1299666669999997,-1.8999999999999995,-1.0,-0.7730000000000006,Masc,Pública,False
670,2022,-1.0,7.451,6.9,8.8,8.0,0.0,7.5,6.275999999999993,8.167,1.0,10.0,0,,,,,Fem,Pública,False
670,2023,0.0,8.6067,7.0,8.7,9.5,0.0,7.52,8.958333333,9.343333333,2.0,11.0,1,1.1557000000000004,-0.10000000000000142,0.09999999999999964,1.1763333330000005,Fem,Pública,False
671,2022,-1.0,7.617,8.8,8.2,8.5,0.0,8.1,5.735999999999999,7.417,0.0,9.0,1,,,,,Masc,Pública,True
672,2022,-1.0,7.48,8.8,8.5,8.5,0.0,8.1,5.099999999999998,6.75,0.0,9.0,1,,,,,Fem,Pública,True
672,2023,-2.0,6.5623,6.4,9.5,7.9,0.0,2.52,5.625,6.43,0.0,10.0,2,-0.9177000000000008,1.0,-2.4000000000000004,-0.3200000000000003,Fem,Pública,True
674,2022,0.0,7.862,8.0,8.7,9.5,0.0,8.1,4.954000000000001,6.333,0.0,8.0,0,,,,,Masc,Pública,True
675,2022,0.0,7.576,7.4,6.6,10.0,0.0,8.1,5.493999999999986,7.083,0.0,8.0,0,,,,,Masc,Pública,False
677,2022,0.0,8.358,7.3,9.4,10.0,0.0,7.5,5.51400000000001,8.583,0.0,8.0,1,,,,,Fem,Pública,True
678,2022,-1.0,8.0,7.3,10.0,9.0,0.0,6.9,5.499999999999989,9.5,0.0,9.0,0,,,,,Masc,Pública,True
679,2022,-2.0,7.172,6.3,8.2,9.0,0.0,7.5,5.553999999999997,7.833,0.0,10.0,2,,,,,Masc,Pública,True
680,2022,-2.0,7.518,7.4,8.8,9.5,0.0,7.5,5.279999999999996,7.75,0.0,10.0,3,,,,,Fem,Pública,True
680,2023,-1.0,6.5855,6.4,9.1,,1.0,7.52,6.875,7.78,1.0,11.0,4,-0.9325000000000001,0.29999999999999893,-1.0,0.03000000000000025,Fem,Pública,True
681,2022,-2.0,7.204,6.5,8.5,8.5,0.0,6.9,5.639999999999992,8.0,0.0,10.0,0,,,,,Masc,Pública,True
681,2023,-2.0,6.2955,8.3,7.8,,1.0,3.77,5.625,8.18,0.0,11.0,1,-0.9085000000000001,-0.7000000000000002,1.8000000000000007,0.17999999999999972,Masc,Pública,True
684,2022,0.0,8.26,9.3,7.5,9.5,0.0,8.1,5.5659999999999865,7.917,0.0,7.0,0,,,,,Masc,Pública,False
684,2023,0.0,7.4277,6.5,8.1,9.0,0.0,7.52,6.875,5.84,0.0,8.0,1,-0.8323,0.5999999999999996,-2.8000000000000007,-2.077,Masc,Privada,False
686,2022,-1.0,7.729,8.8,8.6,7.5,0.0,8.1,5.723999999999991,8.083,0.0,9.0,0,,,,,Fem,Pública,True
686,2023,-1.0,7.9642,8.0,9.0,8.5,0.0,7.52,7.5,8.56,1.0,10.0,1,0.23519999999999985,0.40000000000000036,-0.8000000000000007,0.4770000000000003,Fem,Pública,False
687,2022,-1.0,7.703,8.3,9.0,8.5,0.0,8.1,4.8299999999999965,8.0,0.0,9.0,0,,,,,Masc,Pública,True
687,2023,-1.0,7.617533333,6.9,9.0,8.0,0.0,7.52,7.5,8.226666667,1.0,10.0,1,-0.08546666700000038,0.0,-1.4000000000000004,0.22666666699999993,Masc,Pública,False
688,2022,-1.0,7.771,7.9,9.7,8.5,0.0,7.5,5.6760000000000055,7.917,0.0,9.0,0,,,,,Masc,Pública,True
688,2023,-1.0,8.0442,8.6,9.3,8.5,0.0,7.52,7.5,8.06,1.0,10.0,1,0.2732000000000001,-0.3999999999999986,0.6999999999999993,0.14300000000000068,Masc,Pública,False
690,2022,-1.0,7.541,7.0,9.5,9.5,0.0,7.5,5.576000000000008,7.417,0.0,9.0,0,,,,,Fem,Pública,True
690,2023,-2.0,8.6112,9.1,9.8,9.0,0.0,6.89,7.5,10.01,0.0,10.0,1,1.0701999999999998,0.3000000000000007,2.0999999999999996,2.593,Fem,Pública,True
692,2022,-1.0,7.569,6.9,8.9,9.5,0.0,8.1,5.655999999999999,7.917,0.0,9.0,1,,,,,Fem,Pública,True
693,2022,0.0,7.944,5.7,9.8,9.5,0.0,8.1,5.505999999999984,7.667,0.0,7.0,0,,,,,Fem,Pública,False
693,2023,0.0,9.0112,8.5,9.4,10.0,0.0,6.89,7.5,10.01,0.0,8.0,1,1.0672000000000006,-0.40000000000000036,2.8,2.343,Fem,Pública,False
696,2022,-1.0,7.441,6.6,9.0,8.5,0.0,7.5,5.875999999999992,8.167,0.0,9.0,1,,,,,Fem,Pública,False
696,2023,0.0,7.172666667,6.7,9.4,,1.0,5.02,7.5,8.503333333,1.0,10.0,2,-0.2683333330000002,0.40000000000000036,0.10000000000000053,0.3363333330000007,Fem,Pública,False
698,2022,-1.0,7.44,8.1,9.8,9.0,0.0,2.5,5.933999999999999,8.083,0.0,9.0,1,,,,,Masc,Pública,False
698,2023,0.0,7.553616667,5.7,9.9,8.5,0.0,2.52,7.1875,8.113333333,1.0,10.0,2,0.11361666699999962,0.09999999999999964,-2.3999999999999995,0.03033333299999974,Masc,Pública,False
699,2022,-1.0,6.658,7.1,9.2,5.2,0.0,7.5,4.280000000000008,6.0,0.0,9.0,0,,,,,Masc,Pública,True
699,2023,-1.0,6.389991667,6.0,8.3,8.5,0.0,3.77,5.78125,6.173333333,1.0,10.0,1,-0.26800833300000004,-0.8999999999999986,-1.0999999999999996,0.17333333300000042,Masc,Pública,True
7,2022,-1.0,6.818,7.6,8.4,,1.0,7.5,8.345999999999991,7.667,7.0,18.0,5,,,,,Masc,Privada,False
70,2022,-1.0,5.712,2.9,6.6,8.8,0.0,5.0,7.097999999999995,6.111,5.0,16.0,5,,,,,Fem,Pública,True
700,2022,-1.0,7.738,9.2,8.7,9.0,0.0,7.5,5.9140000000000015,7.083,0.0,9.0,0,,,,,Fem,Pública,True
700,2023,-1.0,8.2852,7.8,9.7,9.5,0.0,7.52,6.25,9.84,0.0,10.0,1,0.5471999999999992,1.0,-1.3999999999999995,2.7569999999999997,Fem,Pública,True
701,2022,-2.0,7.755,8.7,9.3,9.0,0.0,7.5,5.215999999999985,7.417,0.0,10.0,1,,,,,Masc,Pública,True
702,2022,0.0,7.387,6.8,8.6,10.0,0.0,5.0,4.069999999999991,7.0,0.0,8.0,0,,,,,Fem,Pública,True
702,2023,-1.0,8.239866667,9.3,10.0,10.0,0.0,5.63,7.5,7.833333333,0.0,9.0,1,0.8528666669999998,1.4000000000000004,2.500000000000001,0.8333333329999997,Fem,Pública,True
703,2022,-2.0,6.099,5.1,7.4,7.5,0.0,5.0,4.824000000000002,6.833,0.0,10.0,1,,,,,Masc,Pública,True
704,2022,-2.0,6.741,7.2,8.6,9.0,0.0,5.0,3.6439999999999895,6.583,0.0,10.0,0,,,,,Masc,Pública,True
704,2023,-2.0,6.8297,6.1,9.9,10.0,0.0,3.14,5.625,6.265,0.0,11.0,1,0.08870000000000022,1.3000000000000007,-1.1000000000000005,-0.3180000000000005,Masc,Pública,True
705,2022,-2.0,6.634,7.1,6.2,9.5,0.0,7.5,5.073999999999996,6.333,0.0,10.0,0,,,,,Masc,Pública,True
705,2023,-2.0,6.982,8.8,8.3,,1.0,6.89,7.5,8.165,0.0,11.0,1,0.34799999999999986,2.1000000000000005,1.700000000000001,1.831999999999999,Masc,Pública,True
706,2022,-2.0,7.659,9.1,6.7,9.5,0.0,7.5,6.155999999999997,8.417,0.0,10.0,1,,,,,Fem,Pública,True
706,2023,-2.0,7.1527,7.3,7.8,9.0,0.0,4.39,6.875,8.08,0.0,11.0,2,-0.5062999999999995,1.0999999999999996,-1.7999999999999998,-0.33699999999999974,Fem,Pública,False
707,2022,-2.0,7.679,8.5,8.1,10.0,0.0,6.9,5.523999999999996,8.083,0.0,10.0,2,,,,,Fem,Pública,True
707,2023,-1.0,6.518,6.5,9.8,,1.0,3.77,7.916666667,7.946666667,1.0,11.0,3,-1.1610000000000005,1.700000000000001,-2.0,-0.1363333330000005,Fem,Pública,True
708,2022,-1.0,7.282,7.3,8.4,8.0,0.0,7.5,5.7539999999999925,7.583,0.0,9.0,0,,,,,Masc,Pública,True
709,2022,-2.0,5.313,2.3,3.5,9.5,0.0,7.5,5.363999999999995,7.083,0.0,10.0,0,,,,,Fem,Pública,True
709,2023,-2.0,6.6927,4.9,7.9,10.0,0.0,7.52,5.625,6.59,0.0,11.0,1,1.3797000000000006,4.4,2.6000000000000005,-0.4930000000000003,Fem,Pública,True
71,2022,-2.0,4.332,1.2,2.0,7.9,0.0,7.5,4.853999999999994,5.833,5.0,17.0,3,,,,,Fem,Pública,True
710,2022,-2.0,7.285,6.9,8.9,9.5,0.0,5.0,5.749999999999993,8.0,0.0,10.0,2,,,,,Masc,Pública,True
710,2023,-1.0,7.0582,6.5,9.0,9.5,0.0,3.77,7.083333333,7.113333333,1.0,11.0,3,-0.2267999999999999,0.09999999999999964,-0.40000000000000036,-0.8866666670000001,Masc,Pública,True
712,2022,-2.0,6.026,8.0,5.1,8.0,0.0,5.0,4.394,5.833,0.0,11.0,3,,,,,Masc,Pública,True
712,2023,-2.0,6.331533333,6.7,5.6,9.5,0.0,3.14,7.5,6.836666667,1.0,12.0,4,0.3055333330000005,0.5,-1.2999999999999998,1.003666667,Masc,Pública,True
713,2022,-1.0,7.42,7.8,8.7,10.0,0.0,7.5,4.199999999999999,7.25,0.0,9.0,1,,,,,Masc,Pública,True
713,2023,-1.0,7.408033333,7.5,9.6,8.0,0.0,3.77,6.875,8.166666667,1.0,10.0,2,-0.011966667000000264,0.9000000000000004,-0.2999999999999998,0.9166666669999994,Masc,Pública,False
714,2022,-2.0,6.953,8.0,6.9,9.0,0.0,5.6,5.629999999999997,7.25,0.0,11.0,3,,,,,Masc,Pública,True
714,2023,-2.0,6.078666667,7.4,8.0,,1.0,3.14,7.5,7.223333333,1.0,12.0,4,-0.874333333,1.0999999999999996,-0.5999999999999996,-0.026666666999999755,Masc,Pública,True
715,2022,-1.0,6.656,4.9,8.7,8.5,0.0,4.4,5.625999999999989,7.917,0.0,9.0,0,,,,,Fem,Pública,True
715,2023,-2.0,5.8915,5.4,9.5,,1.0,3.14,5.625,7.675,0.0,10.0,1,-0.7645,0.8000000000000007,0.5,-0.242,Fem,Pública,False
716,2022,-1.0,6.525,6.7,8.1,8.9,0.0,7.5,3.4160000000000057,5.417,0.0,9.0,0,,,,,Masc,Pública,True
716,2023,-1.0,6.813366667,5.6,8.7,9.0,0.0,3.77,6.875,7.443333333,1.0,10.0,1,0.288366667,0.5999999999999996,-1.1000000000000005,2.026333333,Masc,Pública,True
717,2022,-2.0,6.832,5.4,7.3,9.0,0.0,7.5,5.586000000000002,7.917,0.0,10.0,1,,,,,Fem,Pública,True
718,2022,0.0,8.093,9.2,8.9,8.0,0.0,6.3,5.5959999999999965,7.417,0.0,8.0,0,,,,,Fem,Pública,False
718,2023,0.0,8.166866667,7.8,9.1,9.5,0.0,3.77,7.916666667,8.39,1.0,9.0,1,0.07386666700000077,0.1999999999999993,-1.3999999999999995,0.9730000000000008,Fem,Pública,False
719,2022,-2.0,5.552,4.2,4.6,9.0,0.0,7.5,4.253999999999998,6.083,0.0,10.0,1,,,,,Fem,Pública,True
719,2023,-2.0,6.4137,5.9,5.3,9.5,0.0,7.52,5.625,7.095,0.0,11.0,2,0.8617000000000008,0.7000000000000002,1.7000000000000002,1.0119999999999996,Masc,Pública,True
721,2022,0.0,7.973,7.6,8.1,9.5,0.0,7.5,5.49599999999999,7.917,0.0,8.0,1,,,,,Fem,Pública,False
721,2023,0.0,8.683366667,8.4,9.5,8.5,0.0,7.52,8.125,8.443333333,1.0,9.0,2,0.7103666669999997,1.4000000000000004,0.8000000000000007,0.5263333330000002,Fem,Pública,False
722,2022,-1.0,7.41,8.1,8.1,10.0,0.0,4.4,5.633999999999997,8.333,0.0,9.0,1,,,,,Fem,Pública,True
725,2022,0.0,6.33,5.0,5.9,8.0,0.0,8.1,4.399999999999995,5.5,0.0,8.0,0,,,,,Masc,Pública,True
725,2023,-1.0,8.117366667,8.4,9.0,9.5,0.0,7.52,8.125,8.113333333,0.0,9.0,1,1.7873666670000006,3.0999999999999996,3.4000000000000004,2.613333333,Masc,Pública,True
726,2022,0.0,6.985,4.4,7.5,10.0,0.0,7.5,5.384000000000002,6.583,0.0,7.0,0,,,,,Fem,Pública,False
727,2022,0.0,7.736,8.4,7.7,9.0,0.0,8.1,4.559999999999986,6.75,0.0,8.0,0,,,,,Masc,Pública,True
727,2023,-1.0,7.6802,8.0,8.8,9.5,0.0,2.52,7.5,9.34,0.0,9.0,1,-0.05579999999999963,1.1000000000000005,-0.40000000000000036,2.59,Masc,Pública,False
729,2022,0.0,8.155,8.1,8.7,10.0,0.0,8.1,5.3499999999999925,7.25,0.0,8.0,0,,,,,Fem,Pública,True
729,2023,-1.0,7.26545,8.6,9.1,8.0,0.0,3.77,6.5625,7.01,0.0,9.0,1,-0.889549999999999,0.40000000000000036,0.5,-0.2400000000000002,Fem,Pública,True
730,2022,-2.0,7.902,8.3,8.2,10.0,0.0,8.8,5.720000000000001,8.25,0.0,10.0,1,,,,,Fem,Pública,True
730,2023,-1.0,7.979325,7.8,8.7,10.0,0.0,5.02,9.53125,8.67,1.0,11.0,2,0.07732500000000009,0.5,-0.5000000000000009,0.41999999999999993,Fem,Privada,False
731,2022,-2.0,7.151,7.3,8.5,9.0,0.0,6.9,4.843999999999991,7.083,0.0,10.0,3,,,,,Fem,Pública,True
731,2023,-1.0,6.7742,6.8,7.6,8.5,0.0,3.14,7.5,7.45,1.0,11.0,4,-0.37679999999999936,-0.9000000000000004,-0.5,0.367,Fem,Pública,True
733,2022,-1.0,6.684,5.1,8.5,9.5,0.0,5.6,5.706000000000007,6.917,0.0,9.0,0,,,,,Fem,Pública,False
733,2023,0.0,8.3342,6.2,8.7,10.0,0.0,7.52,8.333333333,8.893333333,1.0,10.0,1,1.650199999999999,0.1999999999999993,1.1000000000000005,1.9763333329999995,Fem,Pública,True
734,2022,-2.0,6.952,7.3,7.2,9.5,0.0,5.6,5.586000000000002,7.417,0.0,10.0,0,,,,,Fem,Pública,True
735,2022,-2.0,7.485,7.3,9.0,9.0,0.0,5.6,5.484,8.583,0.0,10.0,1,,,,,Fem,Pública,True
735,2023,-1.0,7.184,8.1,9.0,,1.0,7.52,8.333333333,8.393333333,1.0,11.0,2,-0.30100000000000016,0.0,0.7999999999999998,-0.1896666670000009,Fem,Pública,True
736,2022,-2.0,6.707,5.4,8.5,9.0,0.0,5.6,5.669999999999993,7.0,0.0,10.0,0,,,,,Masc,Pública,True
737,2022,-1.0,8.058,9.0,9.2,9.5,0.0,5.6,5.746000000000002,9.167,0.0,9.0,0,,,,,Fem,Pública,False
737,2023,0.0,8.048033333,7.5,7.8,9.5,0.0,7.52,7.291666667,7.783333333,1.0,10.0,1,-0.009966667000000484,-1.3999999999999995,-1.5,-1.383666667,Fem,Pública,False
738,2022,0.0,7.227,5.7,8.1,8.5,0.0,5.6,5.570000000000004,7.5,0.0,8.0,0,,,,,Fem,Pública,False
738,2023,0.0,8.123283333,6.0,9.3,8.0,0.0,7.52,8.4375,8.336666667,1.0,9.0,1,0.8962833329999995,1.200000000000001,0.2999999999999998,0.8366666669999994,Fem,Pública,True
739,2022,0.0,6.82,5.9,7.3,6.4,0.0,5.6,5.634000000000006,7.083,0.0,8.0,0,,,,,Masc,Pública,True
740,2022,-1.0,7.218,7.2,9.0,8.5,0.0,5.6,5.680000000000005,7.5,0.0,9.0,0,,,,,Fem,Pública,True
740,2023,-2.0,7.2845,9.1,8.7,,1.0,7.52,6.875,8.925,0.0,10.0,1,0.06650000000000045,-0.3000000000000007,1.8999999999999995,1.4250000000000007,Fem,Privada,True
741,2022,-2.0,6.896,6.3,8.4,9.5,0.0,5.6,4.625999999999992,7.417,0.0,10.0,0,,,,,Fem,Pública,True
741,2023,-2.0,6.2707,5.1,6.9,9.5,0.0,4.39,5.625,7.095,0.0,11.0,1,-0.6253000000000002,-1.5,-1.2000000000000002,-0.32200000000000006,Fem,Pública,True
742,2022,-1.0,7.097,7.3,8.7,8.5,0.0,5.0,5.469999999999997,7.5,0.0,9.0,0,,,,,Fem,Pública,True
743,2022,-1.0,6.672,4.8,7.9,10.0,0.0,5.6,5.720000000000001,7.5,0.0,9.0,0,,,,,Fem,Pública,True
743,2023,-2.0,6.659,7.1,9.1,,1.0,3.77,7.5,9.01,0.0,10.0,1,-0.0129999999999999,1.1999999999999993,2.3,1.5099999999999998,Fem,Pública,True
745,2022,-1.0,7.382,8.1,8.5,9.0,0.0,5.6,5.519999999999996,7.75,0.0,9.0,1,,,,,Masc,Privada,True
745,2023,-1.0,7.668366667,7.0,9.3,9.5,0.0,3.77,8.125,8.893333333,1.0,10.0,2,0.28636666700000024,0.8000000000000007,-1.0999999999999996,1.1433333329999993,Masc,Privada,False
746,2022,0.0,7.656,7.2,9.1,8.0,0.0,5.6,5.525999999999991,7.417,0.0,8.0,0,,,,,Masc,Pública,False
746,2023,0.0,6.517166667,7.2,8.0,,1.0,3.77,6.875,7.113333333,1.0,9.0,1,-1.138833333,-1.0999999999999996,0.0,-0.3036666669999999,Masc,Pública,False
747,2022,-2.0,7.676,8.8,7.6,10.0,0.0,7.5,5.625999999999998,7.917,0.0,11.0,0,,,,,Fem,Pública,True
747,2023,-1.0,6.026366667,3.1,8.0,10.0,0.0,3.14,6.041666667,6.94,1.0,12.0,1,-1.6496333330000006,0.40000000000000036,-5.700000000000001,-0.9769999999999994,Fem,Pública,True
748,2022,-1.0,8.084,9.1,9.0,10.0,0.0,7.5,5.639999999999992,8.25,0.0,9.0,1,,,,,Masc,Pública,True
748,2023,-2.0,8.7142,9.1,9.7,9.5,0.0,7.52,7.5,10.01,0.0,10.0,2,0.6302000000000003,0.6999999999999993,0.0,1.7599999999999998,Masc,Pública,True
749,2022,-1.0,7.484,8.8,7.7,9.5,0.0,7.5,5.339999999999998,7.25,0.0,9.0,0,,,,,Masc,Pública,True
749,2023,-1.0,7.7597,7.3,9.0,10.0,0.0,7.52,5.625,8.425,0.0,10.0,1,0.2756999999999996,1.2999999999999998,-1.5000000000000009,1.1750000000000007,Masc,Pública,True
750,2022,-2.0,6.344,6.8,8.9,9.5,0.0,4.4,2.8059999999999885,5.167,0.0,10.0,3,,,,,Masc,Pública,True
750,2023,-2.0,5.6857,3.4,7.7,9.5,0.0,3.14,4.375,6.32,0.0,11.0,4,-0.6583000000000006,-1.2000000000000002,-3.4,1.1530000000000005,Masc,Pública,True
752,2022,-2.0,8.197,9.5,9.0,10.0,0.0,7.5,5.635999999999992,8.417,0.0,11.0,0,,,,,Fem,Pública,True
752,2023,-1.0,8.073825,6.4,9.9,9.5,0.0,7.52,7.65625,9.23,1.0,12.0,1,-0.12317499999999981,0.9000000000000004,-3.0999999999999996,0.8130000000000006,Fem,Pública,True
753,2022,0.0,8.481,9.1,8.6,9.5,0.0,7.5,5.575999999999999,8.417,0.0,8.0,0,,,,,Fem,Pública,True
753,2023,-1.0,8.6672,9.0,9.9,9.0,0.0,7.52,7.5,9.925,0.0,9.0,1,0.18619999999999948,1.3000000000000007,-0.09999999999999964,1.508000000000001,Fem,Pública,True
754,2022,-1.0,6.602,7.9,5.8,10.0,0.0,4.4,5.3859999999999975,6.917,0.0,9.0,0,,,,,Masc,Pública,True
754,2023,-2.0,6.0537,5.6,6.1,9.5,0.0,2.52,6.875,6.67,0.0,10.0,1,-0.5483000000000002,0.2999999999999998,-2.3000000000000007,-0.2469999999999999,Masc,Pública,True
755,2022,0.0,8.566,9.5,9.2,9.5,0.0,6.9,5.693999999999999,8.083,0.0,8.0,0,,,,,Masc,Pública,True
755,2023,-1.0,8.7442,9.2,9.5,10.0,0.0,7.52,7.5,10.01,0.0,9.0,1,0.17819999999999858,0.3000000000000007,-0.3000000000000007,1.9269999999999996,Masc,Pública,True
756,2022,-1.0,6.976,5.7,7.9,10.0,0.0,7.5,5.559999999999992,7.25,0.0,9.0,0,,,,,Masc,Pública,True
756,2023,-2.0,7.0927,6.1,8.7,10.0,0.0,7.52,5.625,6.59,0.0,10.0,1,0.1166999999999998,0.7999999999999989,0.39999999999999947,-0.6600000000000001,Masc,Pública,True
757,2022,-1.0,8.26,9.7,9.3,9.5,0.0,7.5,5.599999999999987,8.5,0.0,9.0,0,,,,,Fem,Pública,True
757,2023,-2.0,8.6742,9.3,9.6,9.0,0.0,7.52,7.5,10.01,0.0,10.0,1,0.414200000000001,0.29999999999999893,-0.3999999999999986,1.5099999999999998,Fem,Pública,True
76,2022,0.0,9.105,8.7,9.1,10.0,0.0,8.1,8.765999999999998,9.292,5.0,15.0,5,,,,,Fem,Privada,False
760,2022,-2.0,8.172,8.8,9.2,9.0,0.0,7.5,6.386000000000003,8.917,0.0,11.0,1,,,,,Masc,Pública,True
760,2023,-1.0,6.548333333,6.3,8.8,,1.0,7.52,7.083333333,7.84,2.0,12.0,2,-1.6236666670000002,-0.3999999999999986,-2.500000000000001,-1.077,Masc,Pública,False
761,2022,-1.0,8.06,8.2,9.4,10.0,0.0,7.5,6.400000000000006,8.25,0.0,9.0,0,,,,,Masc,Pública,True
761,2023,-1.0,8.219533333,8.4,9.7,9.0,0.0,7.52,8.333333333,8.12,1.0,10.0,1,0.15953333299999883,0.29999999999999893,0.20000000000000107,-0.13000000000000078,Masc,Pública,False
762,2022,-3.0,7.28,6.7,9.7,10.0,0.0,7.5,5.834000000000001,7.083,0.0,12.0,0,,,,,Masc,Pública,True
762,2023,-2.0,7.09945,5.8,9.1,10.0,0.0,3.14,7.8125,7.67,1.0,13.0,1,-0.1805500000000002,-0.5999999999999996,-0.9000000000000004,0.5869999999999997,Masc,Pública,True
763,2022,-2.0,7.402,6.5,9.7,9.5,0.0,7.5,5.286,7.167,0.0,10.0,1,,,,,Fem,Pública,True
763,2023,-2.0,6.7215,7.9,9.2,,1.0,3.14,6.875,9.0,0.0,11.0,2,-0.6805000000000003,-0.5,1.4000000000000004,1.8330000000000002,Fem,Pública,True
764,2022,0.0,8.004,7.5,8.8,9.0,0.0,7.5,5.605999999999991,7.667,0.0,8.0,0,,,,,Masc,Pública,False
764,2023,0.0,7.682125,7.8,9.2,,1.0,7.52,8.28125,8.56,1.0,9.0,1,-0.32187499999999947,0.3999999999999986,0.2999999999999998,0.8930000000000007,Masc,Pública,False
766,2022,-2.0,8.185,8.7,9.5,10.0,0.0,7.5,6.284000000000001,8.333,0.0,11.0,2,,,,,Fem,Pública,True
767,2022,-2.0,7.511,7.0,9.0,9.5,0.0,7.5,5.943999999999994,7.583,0.0,10.0,1,,,,,Masc,Pública,True
767,2023,-1.0,7.3807,6.3,8.3,10.0,0.0,7.52,7.291666667,7.446666667,1.0,11.0,2,-0.13030000000000008,-0.6999999999999993,-0.7000000000000002,-0.1363333330000005,Masc,Pública,True
768,2022,-2.0,7.646,7.1,10.0,9.0,0.0,7.5,5.593999999999992,7.583,0.0,10.0,1,,,,,Fem,Pública,True
768,2023,-2.0,8.4042,7.9,9.1,10.0,0.0,7.52,7.5,10.01,0.0,11.0,2,0.7581999999999995,-0.9000000000000004,0.8000000000000007,2.4269999999999996,Fem,Pública,True
769,2022,-1.0,7.598,7.9,7.5,10.0,0.0,7.5,5.679999999999996,8.5,0.0,9.0,0,,,,,Fem,Pública,True
769,2023,-2.0,7.85345,8.0,9.3,10.0,0.0,3.77,7.8125,8.675,0.0,10.0,1,0.25544999999999973,1.8000000000000007,0.09999999999999964,0.1750000000000007,Fem,Pública,True
770,2022,0.0,8.143,8.3,8.9,9.5,0.0,7.5,5.364000000000004,7.333,0.0,7.0,0,,,,,Masc,Pública,False
770,2023,0.0,6.6785,5.9,8.3,,1.0,3.77,6.875,8.92,0.0,8.0,1,-1.464500000000001,-0.5999999999999996,-2.4000000000000004,1.5869999999999997,Masc,Pública,True
771,2022,0.0,7.873,7.0,8.3,10.0,0.0,7.5,5.629999999999997,7.5,0.0,7.0,0,,,,,Fem,Pública,False
771,2023,0.0,7.056,8.2,8.8,,1.0,3.14,6.25,8.585,0.0,8.0,1,-0.8170000000000002,0.5,1.1999999999999993,1.0850000000000009,Fem,Pública,True
772,2022,-2.0,6.994,9.2,5.4,9.0,0.0,7.5,4.739999999999993,7.25,0.0,11.0,1,,,,,Masc,Pública,True
773,2022,-1.0,6.922,8.1,6.8,10.0,0.0,5.0,5.253999999999994,7.083,0.0,9.0,0,,,,,Fem,Pública,True
773,2023,-1.0,6.9287,7.9,7.5,10.0,0.0,2.52,5.625,7.67,0.0,10.0,1,0.006700000000000372,0.7000000000000002,-0.1999999999999993,0.5869999999999997,Fem,Pública,True
774,2022,0.0,7.587,6.1,7.8,10.0,0.0,7.5,5.736000000000008,7.417,0.0,8.0,0,,,,,Fem,Pública,True
774,2023,-1.0,5.852,6.9,9.5,,1.0,3.14,5.0,6.34,0.0,9.0,1,-1.7349999999999994,1.7000000000000002,0.8000000000000007,-1.077,Fem,Pública,True
776,2022,-1.0,3.898,1.7,4.3,,1.0,4.4,4.914000000000001,6.333,0.0,9.0,0,,,,,Fem,Pública,True
776,2023,-1.0,5.567916667,3.5,7.0,,1.0,7.52,7.8125,7.223333333,1.0,10.0,1,1.6699166670000003,2.7,1.8,0.8903333330000001,Fem,Privada,True
777,2022,0.0,7.096,5.3,7.7,8.0,0.0,7.5,5.459999999999994,7.0,0.0,8.0,0,,,,,Masc,Pública,False
777,2023,0.0,7.468125,6.3,9.3,,1.0,7.52,8.28125,8.84,1.0,9.0,1,0.3721249999999996,1.6000000000000005,1.0,1.8399999999999999,Fem,Pública,False
778,2022,-1.0,7.432,7.1,6.7,10.0,0.0,7.5,6.554000000000002,8.833,0.0,9.0,1,,,,,Fem,Pública,True
778,2023,-1.0,7.926825,8.2,7.9,8.5,0.0,7.52,8.90625,8.62,1.0,10.0,2,0.4948249999999996,1.2000000000000002,1.0999999999999996,-0.21300000000000097,Fem,Pública,False
78,2022,-2.0,7.04,7.2,6.6,8.3,0.0,5.6,7.9,8.0,5.0,17.0,4,,,,,Masc,Privada,True
78,2023,-2.0,6.434625,6.7,7.7,,1.0,6.26,8.28125,8.0025,6.0,18.0,5,-0.6053750000000004,1.1000000000000005,-0.5,0.0024999999999995026,Fem,Privada,False
780,2022,-1.0,6.955,6.9,7.6,8.0,0.0,7.5,5.716000000000001,7.167,0.0,9.0,0,,,,,Fem,Pública,True
780,2023,-2.0,7.7842,8.3,8.8,9.5,0.0,3.14,8.75,8.675,0.0,10.0,1,0.8292000000000002,1.200000000000001,1.4000000000000004,1.508000000000001,Fem,Pública,True
781,2022,-1.0,7.786,8.3,8.9,10.0,0.0,7.5,5.459999999999994,7.75,0.0,9.0,1,,,,,Fem,Pública,True
781,2023,-1.0,8.209283333,7.9,9.8,7.5,0.0,7.52,8.4375,9.116666667,1.0,10.0,2,0.42328333300000054,0.9000000000000004,-0.40000000000000036,1.3666666670000005,Fem,Pública,False
782,2022,0.0,7.485,6.0,8.4,9.5,0.0,7.5,5.049999999999999,7.0,0.0,8.0,0,,,,,Masc,Pública,True
782,2023,-1.0,7.6812,7.5,9.8,8.5,0.0,2.52,7.5,9.345,0.0,9.0,1,0.19619999999999926,1.4000000000000004,1.5,2.3450000000000006,Masc,Pública,False
783,2022,0.0,6.996,6.0,5.8,9.5,0.0,7.5,5.526,6.917,0.0,8.0,1,,,,,Masc,Pública,True
784,2022,-1.0,8.34,8.2,10.0,9.5,0.0,7.5,6.500000000000004,9.25,0.0,9.0,0,,,,,Masc,Pública,True
784,2023,-1.0,8.171366667,7.3,9.5,10.0,0.0,7.52,8.125,8.783333333,1.0,10.0,1,-0.16863333300000072,-0.5,-0.8999999999999995,-0.46666666700000015,Fem,Pública,False
785,2022,-1.0,7.642,8.4,8.6,9.0,0.0,7.5,5.585999999999993,7.667,0.0,9.0,0,,,,,Fem,Pública,True
785,2023,-1.0,8.137866667,8.8,8.5,9.0,0.0,7.52,7.916666667,8.67,1.0,10.0,1,0.4958666670000005,-0.09999999999999964,0.40000000000000036,1.0030000000000001,Fem,Pública,False
787,2022,0.0,7.205,3.4,9.5,8.5,0.0,7.5,5.750000000000002,7.25,0.0,8.0,0,,,,,Masc,Pública,True
787,2023,-1.0,7.5227,5.9,9.8,9.0,0.0,7.52,5.625,8.34,0.0,9.0,1,0.3177000000000003,0.3000000000000007,2.5000000000000004,1.0899999999999999,Masc,Pública,True
788,2022,0.0,8.264,8.0,9.3,10.0,0.0,5.6,5.105999999999984,8.667,0.0,8.0,1,,,,,Masc,Privada,False
788,2023,0.0,7.806091667,6.9,9.8,7.9,0.0,2.52,7.65625,8.283333333,1.0,9.0,2,-0.4579083329999998,0.5,-1.0999999999999996,-0.38366666699999996,Masc,Pública,False
789,2022,0.0,7.405,4.2,9.4,9.0,0.0,7.5,5.5159999999999965,7.417,0.0,7.0,0,,,,,Fem,Pública,False
789,2023,0.0,7.974,7.9,9.5,,1.0,7.52,7.5,10.01,0.0,8.0,1,0.569,0.09999999999999964,3.7,2.593,Fem,Pública,False
79,2022,-1.0,6.847,8.9,6.3,5.4,0.0,5.6,7.486000000000006,7.292,5.0,16.0,4,,,,,Fem,Privada,True
790,2022,-2.0,7.504,7.8,8.9,9.0,0.0,7.5,5.305999999999997,7.417,0.0,11.0,0,,,,,Fem,Pública,True
790,2023,-2.0,6.707666667,7.4,8.1,,1.0,7.52,7.083333333,8.286666667,1.0,12.0,1,-0.7963333329999998,-0.8000000000000007,-0.39999999999999947,0.8696666670000006,Masc,Pública,True
791,2022,-2.0,7.507,6.5,8.7,9.5,0.0,7.5,5.669999999999993,8.5,0.0,11.0,0,,,,,Fem,Pública,True
792,2022,-1.0,7.025,6.2,8.0,9.5,0.0,7.5,5.516000000000005,7.167,0.0,9.0,0,,,,,Fem,Pública,True
792,2023,-2.0,7.6267,7.2,7.7,9.0,0.0,7.52,6.875,9.085,0.0,10.0,1,0.6016999999999992,-0.2999999999999998,1.0,1.918000000000001,Fem,Pública,True
794,2022,0.0,7.335,4.1,8.9,9.5,0.0,7.5,5.683999999999996,7.333,0.0,8.0,0,,,,,Fem,Pública,True
794,2023,-1.0,7.9842,6.2,9.2,9.0,0.0,7.52,7.5,10.01,0.0,9.0,1,0.6492000000000004,0.29999999999999893,2.1000000000000005,2.6769999999999996,Fem,Pública,False
795,2022,0.0,8.064,7.3,9.7,9.0,0.0,7.5,5.473999999999997,7.333,0.0,8.0,0,,,,,Fem,Pública,True
795,2023,-1.0,8.4642,8.2,9.6,9.0,0.0,7.52,7.5,10.01,0.0,9.0,1,0.4001999999999999,-0.09999999999999964,0.8999999999999995,2.6769999999999996,Fem,Pública,True
796,2022,-2.0,7.232,5.4,9.3,9.5,0.0,7.5,5.585999999999993,7.667,0.0,10.0,0,,,,,Fem,Pública,True
796,2023,-1.0,7.462866667,5.5,9.8,9.0,0.0,6.27,7.083333333,8.336666667,1.0,11.0,1,0.23086666699999991,0.5,0.09999999999999964,0.6696666669999995,Fem,Pública,True
797,2022,-2.0,7.217,7.3,8.5,9.0,0.0,7.5,4.069999999999991,7.5,0.0,10.0,1,,,,,Masc,Pública,True
797,2023,-1.0,7.373033333,7.5,8.6,8.5,0.0,7.52,6.041666667,7.233333333,1.0,11.0,2,0.15603333300000077,0.09999999999999964,0.20000000000000018,-0.26666666699999997,Masc,Pública,True
798,2022,-2.0,7.049,6.3,8.3,8.0,0.0,7.5,5.456000000000003,7.667,0.0,10.0,0,,,,,Masc,Pública,True
798,2023,-1.0,7.018033333,6.1,8.1,9.0,0.0,7.52,6.458333333,6.95,1.0,11.0,1,-0.030966667000000392,-0.20000000000000107,-0.20000000000000018,-0.7169999999999996,Masc,Privada,True
799,2022,-2.0,7.676,7.8,9.6,8.0,0.0,7.5,5.625999999999998,7.917,0.0,10.0,0,,,,,Fem,Pública,True
799,2023,-1.0,8.061533333,8.3,9.6,9.5,0.0,5.64,8.333333333,8.17,1.0,11.0,1,0.3855333329999997,0.0,0.5000000000000009,0.2530000000000001,Fem,Pública,False
80,2022,-1.0,7.29,7.1,8.3,9.2,0.0,5.0,7.649999999999997,7.625,5.0,16.0,5,,,,,Fem,Privada,True
80,2023,-1.0,7.252275,6.3,8.4,8.3,0.0,6.89,7.96875,7.465,6.0,17.0,6,-0.03772500000000001,0.09999999999999964,-0.7999999999999998,-0.16000000000000014,Fem,Privada,False
801,2022,-1.0,6.644,6.8,6.6,7.0,0.0,7.5,5.1399999999999935,7.5,0.0,9.0,0,,,,,Masc,Pública,False
801,2023,0.0,6.8735,7.6,7.5,,1.0,7.52,6.875,7.12,1.0,10.0,1,0.22949999999999982,0.9000000000000004,0.7999999999999998,-0.3799999999999999,Masc,Pública,True
802,2022,-1.0,7.831,8.3,9.0,9.0,0.0,7.5,5.544000000000002,8.333,0.0,9.0,1,,,,,Masc,Pública,True
802,2023,-1.0,8.126866667,9.4,9.3,8.0,0.0,7.52,8.333333333,7.506666667,1.0,10.0,2,0.2958666669999994,0.3000000000000007,1.0999999999999996,-0.826333333,Masc,Pública,False
804,2022,-2.0,6.848,4.8,8.4,10.0,0.0,6.3,5.445999999999991,7.667,0.0,10.0,0,,,,,Masc,Pública,True
805,2022,0.0,8.279,8.8,9.0,9.5,0.0,7.5,5.523999999999987,7.333,0.0,8.0,1,,,,,Masc,Pública,True
805,2023,-1.0,6.492,6.8,9.1,,1.0,7.52,6.25,7.175,0.0,9.0,2,-1.787,0.09999999999999964,-2.000000000000001,-0.15800000000000036,Masc,Pública,True
806,2022,0.0,7.561,6.6,7.3,9.5,0.0,7.5,4.975999999999994,7.917,0.0,8.0,0,,,,,Masc,Pública,True
806,2023,-1.0,7.2937,7.8,8.3,8.5,0.0,6.27,6.875,7.095,0.0,9.0,1,-0.26729999999999965,1.0000000000000009,1.2000000000000002,-0.8220000000000001,Masc,Pública,True
807,2022,0.0,8.121,9.0,8.7,9.5,0.0,6.3,5.010000000000003,7.5,0.0,8.0,0,,,,,Masc,Pública,True
807,2023,-1.0,7.8632,8.0,9.1,9.5,0.0,7.52,6.25,8.08,0.0,9.0,1,-0.2578000000000005,0.40000000000000036,-1.0,0.5800000000000001,Masc,Pública,False
808,2022,0.0,8.361,9.3,9.1,10.0,0.0,6.3,4.510000000000005,8.0,0.0,8.0,0,,,,,Masc,Pública,True
808,2023,-1.0,8.1932,8.7,10.0,10.0,0.0,2.52,7.5,9.755,0.0,9.0,1,-0.1678000000000015,0.9000000000000004,-0.6000000000000014,1.7550000000000008,Masc,Pública,False
81,2022,1.0,7.675,6.0,9.2,9.2,0.0,5.0,7.233999999999998,7.458,5.0,14.0,5,,,,,Fem,Privada,False
81,2023,0.0,7.45425,6.3,8.8,9.6,0.0,2.52,7.8125,7.2125,5.0,15.0,6,-0.22074999999999978,-0.3999999999999986,0.2999999999999998,-0.24549999999999983,Fem,Privada,False
810,2022,0.0,7.887,9.6,9.1,8.5,0.0,5.0,3.4699999999999958,7.25,0.0,8.0,1,,,,,Masc,Pública,False
810,2023,0.0,7.782866667,6.9,8.5,8.0,0.0,7.52,5.833333333,7.836666667,1.0,9.0,2,-0.10413333299999916,-0.5999999999999996,-2.6999999999999993,0.5866666670000003,Masc,Pública,True
812,2022,0.0,7.497,7.4,8.1,9.0,0.0,5.6,4.703999999999997,7.333,0.0,8.0,0,,,,,Masc,Pública,False
813,2022,0.0,7.093,6.0,6.5,9.5,0.0,6.9,4.695999999999998,7.417,0.0,8.0,0,,,,,Masc,Pública,False
814,2022,-1.0,7.592,7.5,9.0,8.9,0.0,6.9,5.286,8.417,0.0,9.0,0,,,,,Masc,Pública,True
814,2023,-1.0,8.367866667,8.2,9.6,9.5,0.0,6.89,8.333333333,9.226666667,1.0,10.0,1,0.7758666669999998,0.5999999999999996,0.6999999999999993,0.8096666670000001,Masc,Pública,False
815,2022,-1.0,6.81,6.5,7.9,10.0,0.0,5.6,4.6999999999999975,7.0,0.0,9.0,0,,,,,Masc,Pública,True
816,2022,-1.0,8.513,9.6,9.3,10.0,0.0,7.5,5.995999999999997,9.417,0.0,9.0,0,,,,,Fem,Pública,True
816,2023,-1.0,8.5572,8.9,9.8,7.5,0.0,7.52,9.583333333,9.283333333,1.0,10.0,1,0.04420000000000002,0.5,-0.6999999999999993,-0.13366666699999996,Fem,Pública,False
817,2022,0.0,7.819,7.1,8.7,10.0,0.0,6.3,5.455999999999994,7.417,0.0,8.0,0,,,,,Fem,Pública,False
818,2022,0.0,7.483,6.2,7.3,9.5,0.0,7.5,5.829999999999993,7.5,0.0,7.0,0,,,,,Masc,Pública,False
819,2022,0.0,7.741,7.3,7.9,10.0,0.0,7.5,4.843999999999991,7.333,0.0,8.0,0,,,,,Masc,Pública,False
819,2023,0.0,7.944833333,9.5,8.3,,1.0,7.52,8.541666667,8.893333333,1.0,9.0,1,0.2038333330000004,0.40000000000000036,2.2,1.560333332999999,Masc,Pública,False
820,2022,-1.0,7.417,6.0,10.0,9.5,0.0,6.9,5.603999999999987,7.583,0.0,9.0,0,,,,,Masc,Pública,True
820,2023,-1.0,7.85605,8.9,7.4,7.9,0.0,7.52,9.0625,8.28,1.0,10.0,1,0.43904999999999994,-2.5999999999999996,2.9000000000000004,0.6969999999999992,Masc,Pública,False
822,2022,-2.0,6.922,6.1,8.4,8.0,0.0,7.5,5.553999999999997,7.083,0.0,10.0,0,,,,,Masc,Pública,True
822,2023,-2.0,6.4497,7.1,8.4,8.5,0.0,2.52,5.625,5.925,0.0,11.0,1,-0.4722999999999997,0.0,1.0,-1.1580000000000004,Masc,Pública,True
826,2022,0.0,7.776,5.4,9.6,9.5,0.0,7.5,5.759999999999996,7.5,0.0,8.0,0,,,,,Masc,Pública,True
826,2023,-1.0,7.77645,7.3,10.0,10.0,0.0,3.77,7.8125,8.34,0.0,9.0,1,0.0004499999999998394,0.40000000000000036,1.8999999999999995,0.8399999999999999,Masc,Pública,True
827,2022,-2.0,7.412,7.6,7.0,9.5,0.0,7.5,5.585999999999993,8.667,0.0,10.0,0,,,,,Fem,Pública,True
827,2023,-1.0,7.419925,8.1,8.1,7.9,0.0,3.14,8.28125,8.73,1.0,11.0,1,0.007925000000000182,1.0999999999999996,0.5,0.06300000000000061,Fem,Pública,False
829,2022,0.0,8.003,7.8,8.6,9.0,0.0,7.5,5.729999999999995,7.5,0.0,8.0,0,,,,,Fem,Pública,False
829,2023,0.0,8.532075,8.4,9.4,9.0,0.0,3.14,9.21875,9.23,1.0,9.0,1,0.5290750000000006,0.8000000000000007,0.6000000000000005,1.7300000000000004,Fem,Pública,False
830,2022,-1.0,7.234,6.0,8.6,10.0,0.0,7.5,5.640000000000001,7.5,0.0,9.0,0,,,,,Fem,Pública,True
830,2023,-1.0,6.78,8.3,8.9,,1.0,3.14,6.25,9.505,0.0,10.0,1,-0.45399999999999974,0.3000000000000007,2.3000000000000007,2.005000000000001,Fem,Pública,True
831,2022,-1.0,7.41,7.2,9.2,9.5,0.0,7.5,4.965999999999999,7.167,0.0,9.0,0,,,,,Masc,Pública,True
831,2023,-1.0,7.71645,8.3,9.4,8.0,0.0,3.77,7.8125,8.59,0.0,10.0,1,0.3064499999999999,0.20000000000000107,1.1000000000000005,1.423,Masc,Pública,True
832,2022,-1.0,8.179,8.8,9.2,10.0,0.0,7.5,5.624000000000002,8.833,0.0,9.0,0,,,,,Masc,Pública,True
832,2023,-1.0,8.2697,8.5,9.5,10.0,0.0,7.52,7.708333333,8.283333333,1.0,10.0,1,0.0907,0.3000000000000007,-0.3000000000000007,-0.5496666670000003,Masc,Pública,False
833,2022,-1.0,7.791,7.8,9.5,10.0,0.0,7.5,5.644,7.583,0.0,9.0,0,,,,,Masc,Pública,True
833,2023,-1.0,7.81295,7.4,9.5,10.0,0.0,3.77,8.4375,8.56,1.0,10.0,1,0.02194999999999947,0.0,-0.39999999999999947,0.9770000000000003,Masc,Pública,False
834,2022,-1.0,8.136,9.0,9.0,9.0,0.0,7.5,5.69399999999999,9.083,0.0,9.0,0,,,,,Masc,Pública,True
834,2023,-1.0,8.662616667,9.2,9.9,9.0,0.0,6.27,9.6875,9.283333333,1.0,10.0,1,0.5266166670000008,0.9000000000000004,0.1999999999999993,0.20033333299999967,Masc,Pública,False
835,2022,0.0,7.263,7.5,7.3,6.9,0.0,7.5,5.295999999999994,6.667,0.0,8.0,0,,,,,Masc,Pública,False
836,2022,-1.0,7.665,9.2,8.3,8.5,0.0,7.5,5.484,7.583,0.0,9.0,0,,,,,Masc,Pública,True
836,2023,-2.0,7.6417,6.7,9.6,9.5,0.0,6.27,6.875,8.085,0.0,10.0,1,-0.023299999999999876,1.299999999999999,-2.499999999999999,0.5020000000000007,Masc,Pública,True
837,2022,0.0,8.207,8.8,9.0,8.5,0.0,7.5,5.470000000000006,7.5,0.0,8.0,0,,,,,Masc,Pública,False
837,2023,0.0,8.2712,7.0,9.3,9.0,0.0,7.52,7.916666667,7.836666667,1.0,9.0,1,0.06419999999999959,0.3000000000000007,-1.8000000000000007,0.33666666700000025,Masc,Pública,False
84,2022,-2.0,6.682,5.8,8.8,7.1,0.0,5.0,7.02,6.75,5.0,17.0,4,,,,,Fem,Privada,True
840,2022,0.0,7.875,7.8,8.2,9.0,0.0,7.5,5.249999999999995,7.5,0.0,8.0,0,,,,,Masc,Pública,True
840,2023,-1.0,7.7862,8.2,9.0,9.5,0.0,4.38,7.5,8.59,0.0,9.0,1,-0.08879999999999999,0.8000000000000007,0.39999999999999947,1.0899999999999999,Masc,Pública,False
841,2022,-2.0,7.3,7.2,8.5,8.5,0.0,7.5,5.599999999999996,7.5,0.0,11.0,0,,,,,Masc,Pública,True
841,2023,-2.0,6.78,6.9,7.2,,1.0,7.52,7.5,9.84,0.0,12.0,1,-0.5199999999999996,-1.2999999999999998,-0.2999999999999998,2.34,Masc,Pública,True
842,2022,0.0,7.952,9.1,8.3,7.5,0.0,7.5,3.219999999999992,8.25,0.0,8.0,0,,,,,Fem,Pública,True
842,2023,-1.0,7.2117,7.9,8.5,9.0,0.0,3.77,5.625,8.01,0.0,9.0,1,-0.7402999999999995,0.1999999999999993,-1.1999999999999993,-0.2400000000000002,Fem,Pública,True
846,2022,0.0,7.412,5.9,7.2,9.0,0.0,7.5,5.585999999999993,7.917,0.0,7.0,0,,,,,Fem,Pública,False
847,2022,-1.0,6.839,7.7,8.2,7.9,0.0,4.4,4.456000000000007,7.417,0.0,9.0,0,,,,,Masc,Pública,True
847,2023,-2.0,6.5418,7.6,9.1,7.9,0.0,2.52,5.0,5.84,0.0,10.0,1,-0.29720000000000013,0.9000000000000004,-0.10000000000000053,-1.577,Masc,Pública,True
85,2022,0.0,6.243,4.3,7.3,6.7,0.0,5.0,5.8640000000000025,5.833,5.0,15.0,0,,,,,Masc,Pública,True
85,2023,-1.0,7.08435,5.7,8.9,8.8,0.0,6.27,5.9375,7.8425,5.0,16.0,1,0.8413499999999994,1.6000000000000005,1.4000000000000004,2.0095,Masc,Pública,True
850,2022,0.0,7.641,8.5,7.3,10.0,0.0,7.5,2.976000000000001,7.167,0.0,8.0,0,,,,,Masc,Pública,True
850,2023,-1.0,6.06525,7.3,7.9,,1.0,6.26,6.5625,6.265,0.0,9.0,1,-1.5757500000000002,0.6000000000000005,-1.2000000000000002,-0.9020000000000001,Masc,Pública,True
851,2022,0.0,7.515,8.3,7.9,9.0,0.0,7.5,3.083999999999989,6.583,0.0,8.0,0,,,,,Masc,Pública,True
851,2023,-1.0,6.1683,6.6,7.5,8.4,0.0,2.52,5.625,6.01,0.0,9.0,1,-1.3466999999999993,-0.40000000000000036,-1.700000000000001,-0.5730000000000004,Masc,Pública,True
853,2022,0.0,8.616,8.5,9.6,10.0,0.0,7.5,5.459999999999994,8.5,0.0,8.0,0,,,,,Fem,Pública,True
853,2023,-1.0,7.8402,7.4,9.5,10.0,0.0,3.77,6.25,9.84,0.0,9.0,1,-0.7757999999999994,-0.09999999999999964,-1.0999999999999996,1.3399999999999999,Fem,Pública,False
854,2022,0.0,8.098,9.3,9.0,8.0,0.0,7.5,4.54600000000001,7.167,0.0,8.0,0,,,,,Fem,Pública,False
854,2023,0.0,6.6415,6.0,9.5,,1.0,3.77,5.625,8.01,0.0,9.0,1,-1.456500000000001,0.5,-3.3000000000000007,0.843,Fem,Pública,False
855,2022,-1.0,8.453,9.7,9.6,10.0,0.0,7.5,5.4300000000000015,9.0,0.0,9.0,0,,,,,Fem,Pública,False
855,2023,0.0,8.62995,6.8,10.0,9.5,0.0,7.52,8.4375,8.67,1.0,10.0,1,0.17694999999999972,0.40000000000000036,-2.8999999999999995,-0.33000000000000007,Fem,Pública,False
856,2022,0.0,8.398,8.4,9.1,10.0,0.0,7.5,5.48,8.0,0.0,7.0,0,,,,,Masc,Pública,False
857,2022,-1.0,8.154,9.5,8.9,8.5,0.0,7.5,5.573999999999986,9.083,0.0,9.0,0,,,,,Fem,Pública,True
858,2022,0.0,7.523,7.7,7.1,10.0,0.0,5.6,5.364000000000004,7.333,0.0,7.0,0,,,,,Masc,Pública,False
858,2023,0.0,7.248833333,9.3,8.1,,1.0,3.77,8.125,7.946666667,0.0,8.0,1,-0.27416666699999936,1.0,1.6000000000000005,0.6136666669999995,Masc,Pública,True
859,2022,0.0,8.325,8.9,8.7,8.5,0.0,7.5,5.549999999999979,8.25,0.0,7.0,0,,,,,Fem,Pública,False
859,2023,0.0,8.6042,7.3,9.2,8.0,0.0,7.52,7.5,10.01,0.0,8.0,1,0.2792000000000012,0.5,-1.6000000000000005,1.7599999999999998,Fem,Pública,False
86,2022,-1.0,7.566,6.7,9.6,7.5,0.0,5.6,8.044000000000002,8.458,5.0,16.0,6,,,,,Masc,Privada,False
860,2022,0.0,8.136,8.1,8.5,9.5,0.0,7.5,5.6599999999999895,7.75,0.0,7.0,0,,,,,Masc,Pública,False
860,2023,0.0,8.2372,7.4,9.8,7.0,0.0,6.89,7.5,8.34,0.0,8.0,1,0.1012000000000004,1.3000000000000007,-0.6999999999999993,0.5899999999999999,Masc,Pública,False
861,2023,0.0,9.31095,9.6,10.0,9.5,0.0,8.13,8.4375,8.92,0.0,8.0,0,,,,,Fem,Pública,True
862,2023,-1.0,8.2212,8.9,9.1,8.5,0.0,8.14,7.5,8.585,0.0,9.0,0,,,,,Masc,Pública,True
863,2023,0.0,5.92975,6.3,7.6,,1.0,3.14,5.9375,6.26,0.0,7.0,0,,,,,Masc,Pública,True
867,2023,0.0,8.6992,8.9,8.6,9.0,0.0,8.76,7.5,8.415,0.0,8.0,0,,,,,Masc,Pública,True
868,2023,0.0,8.63895,7.1,9.5,10.0,0.0,8.76,7.1875,8.67,0.0,8.0,0,,,,,Masc,Pública,True
87,2022,0.0,8.712,8.8,9.6,8.3,0.0,7.5,7.519999999999998,8.5,5.0,15.0,1,,,,,Masc,Privada,False
87,2023,0.0,8.6625,9.3,10.0,7.5,0.0,5.63,8.125,8.385,6.0,16.0,2,-0.0495000000000001,0.40000000000000036,0.5,-0.11500000000000021,Masc,Privada,False
871,2023,-1.0,6.8617,6.9,9.5,9.0,0.0,3.76,4.375,6.84,0.0,9.0,0,,,,,Masc,Pública,False
873,2023,-2.0,7.8012,7.0,9.7,8.5,0.0,7.52,6.25,8.67,0.0,11.0,0,,,,,Fem,Pública,True
874,2023,-1.0,5.811,4.8,8.2,,1.0,7.52,6.25,6.67,0.0,10.0,0,,,,,Masc,Pública,True
876,2023,0.0,8.6492,7.5,9.4,10.0,0.0,7.52,7.5,8.835,0.0,8.0,0,,,,,Masc,Pública,False
878,2023,-2.0,6.24,8.1,9.5,,1.0,2.52,5.0,7.34,0.0,10.0,0,,,,,Masc,Pública,True
879,2023,-1.0,6.8225,8.2,9.8,,1.0,2.52,6.875,8.915,0.0,9.0,0,,,,,Fem,Pública,True
88,2022,-2.0,7.498,6.5,9.2,7.1,0.0,5.6,7.464000000000004,9.208,5.0,17.0,1,,,,,Masc,Pública,False
880,2023,0.0,6.724,6.3,9.4,,1.0,2.52,6.25,8.585,0.0,8.0,0,,,,,Fem,Pública,True
884,2023,0.0,8.4587,8.8,9.7,9.0,0.0,4.39,6.875,8.66,0.0,8.0,0,,,,,Fem,Pública,True
885,2023,0.0,8.8252,8.7,9.8,9.0,0.0,7.52,7.5,8.665,0.0,8.0,0,,,,,Masc,Pública,True
886,2023,0.0,8.6422,8.1,9.4,8.5,0.0,7.52,7.5,9.0,0.0,7.0,0,,,,,Fem,Pública,True
888,2023,0.0,8.9182,8.8,10.0,9.0,0.0,7.52,7.5,8.83,0.0,7.0,0,,,,,Masc,Pública,True
889,2023,0.0,8.8092,9.1,9.5,8.5,0.0,6.89,7.5,9.0,0.0,8.0,0,,,,,Masc,Pública,True
89,2022,-1.0,7.323,5.9,7.8,9.6,0.0,7.5,7.729999999999997,8.0,5.0,16.0,1,,,,,Masc,Pública,True
891,2023,-1.0,7.8882,7.5,9.5,9.5,0.0,6.89,7.5,7.995,0.0,9.0,0,,,,,Fem,Pública,True
892,2023,0.0,8.8112,8.3,9.6,8.0,0.0,6.89,7.5,10.01,0.0,8.0,0,,,,,Masc,Pública,False
893,2023,-1.0,8.8042,9.3,10.0,9.5,0.0,7.52,7.5,10.01,0.0,9.0,0,,,,,Masc,Pública,False
894,2023,-1.0,8.8142,9.4,9.9,9.5,0.0,7.52,7.5,10.01,0.0,9.0,0,,,,,Fem,Pública,True
895,2023,0.0,8.5397,6.8,9.5,9.5,0.0,7.52,6.875,9.5,0.0,8.0,0,,,,,Fem,Pública,True
896,2023,0.0,9.0912,8.5,10.0,9.5,0.0,6.89,7.5,10.01,0.0,8.0,0,,,,,Masc,Pública,False
897,2023,-1.0,5.48225,6.5,8.1,,1.0,7.52,6.5625,3.32,0.0,9.0,0,,,,,Masc,Pública,True
898,2023,-1.0,8.4217,9.4,9.8,9.0,0.0,3.77,8.125,10.01,0.0,9.0,0,,,,,Masc,Pública,True
899,2023,0.0,8.8452,9.5,9.8,10.0,0.0,3.77,7.5,9.34,0.0,8.0,0,,,,,Masc,Pública,False
90,2022,2.0,9.442,8.5,9.7,10.0,0.0,9.4,9.11999999999999,9.75,5.0,13.0,3,,,,,Fem,Privada,False
90,2023,1.0,8.699408333,7.7,9.6,10.0,0.0,7.52,8.59375,8.1725,5.0,14.0,4,-0.742591667000001,-0.09999999999999964,-0.7999999999999998,-1.5775000000000006,Fem,Privada,False
900,2023,0.0,8.8947,7.8,9.8,9.0,0.0,9.38,8.125,8.67,0.0,8.0,0,,,,,Fem,Pública,False
903,2023,0.0,8.5242,7.8,9.6,10.0,0.0,5.02,7.5,9.01,0.0,8.0,0,,,,,Fem,Pública,False
904,2023,0.0,8.140783333,6.4,9.3,9.0,0.0,7.52,7.8125,7.836666667,0.0,7.0,0,,,,,Fem,Pública,True
905,2023,-1.0,7.831033333,8.3,9.4,9.5,0.0,7.52,6.875,7.056666667,0.0,10.0,0,,,,,Masc,Pública,True
907,2023,0.0,8.962033333,9.3,9.6,9.5,0.0,7.52,8.125,8.336666667,0.0,8.0,0,,,,,Fem,Privada,True
908,2023,0.0,8.479366667,7.9,9.0,9.0,0.0,7.52,8.125,8.223333333,0.0,8.0,0,,,,,Fem,Pública,True
909,2023,-2.0,8.486033333,9.2,9.9,10.0,0.0,7.52,8.125,8.056666667,0.0,10.0,0,,,,,Fem,Pública,True
91,2022,-1.0,6.645,6.6,5.7,9.2,0.0,5.6,7.800000000000002,7.125,5.0,16.0,6,,,,,Fem,Privada,True
91,2023,-1.0,7.42395,7.4,7.4,10.0,0.0,6.89,7.8125,7.4675,6.0,17.0,7,0.77895,1.7000000000000002,0.8000000000000007,0.34250000000000025,Fem,Privada,True
910,2023,0.0,7.801,8.9,8.8,,1.0,7.52,8.75,8.17,0.0,8.0,0,,,,,Masc,Pública,False
911,2023,-2.0,5.59545,3.4,6.7,9.0,0.0,2.52,5.3125,7.01,0.0,11.0,0,,,,,Masc,Pública,True
912,2023,-1.0,7.0797,6.3,9.4,7.0,0.0,7.52,5.625,7.175,0.0,9.0,0,,,,,Fem,Pública,True
916,2023,-1.0,7.3882,6.6,9.7,9.5,0.0,2.52,6.25,9.005,0.0,9.0,0,,,,,Fem,Pública,True
918,2023,0.0,7.4967,7.7,8.7,10.0,0.0,2.52,5.625,7.01,0.0,7.0,0,,,,,Fem,Pública,True
919,2023,-1.0,6.225,5.3,8.4,,1.0,7.52,6.25,8.09,0.0,9.0,0,,,,,Masc,Pública,True
92,2022,-1.0,6.957,7.4,7.1,9.2,0.0,5.0,8.035999999999994,6.667,5.0,16.0,6,,,,,Fem,Privada,True
92,2023,-1.0,7.375916667,6.7,9.4,9.6,0.0,5.63,7.1875,7.045,6.0,17.0,7,0.4189166670000004,2.3000000000000007,-0.7000000000000002,0.3780000000000001,Fem,Privada,False
920,2023,0.0,6.9647,6.1,6.3,9.0,0.0,7.52,5.625,6.35,0.0,8.0,0,,,,,Fem,Pública,True
921,2023,0.0,7.7407,6.3,9.7,9.0,0.0,7.52,5.625,6.68,0.0,7.0,0,,,,,Fem,Pública,True
922,2023,0.0,8.5262,8.4,9.7,8.5,0.0,3.14,7.5,10.01,0.0,9.0,0,,,,,Fem,Pública,False
923,2023,0.0,8.8842,7.3,9.9,9.5,0.0,7.52,7.5,10.01,0.0,8.0,0,,,,,Fem,Pública,False
924,2023,0.0,6.5207,5.0,5.6,9.0,0.0,7.52,5.625,5.93,0.0,8.0,0,,,,,Masc,Pública,True
925,2023,0.0,7.1837,5.4,8.9,9.0,0.0,7.52,5.625,5.595,0.0,8.0,0,,,,,Masc,Pública,True
926,2023,-1.0,7.7792,6.8,10.0,9.0,0.0,3.77,7.5,9.51,0.0,9.0,0,,,,,Fem,Pública,True
927,2023,-1.0,7.5982,6.4,9.7,9.0,0.0,3.77,7.5,9.255,0.0,9.0,0,,,,,Fem,Pública,False
928,2023,0.0,9.3712,9.8,10.0,8.5,0.0,7.52,8.75,9.67,0.0,8.0,0,,,,,Fem,Pública,False
929,2023,0.0,9.1312,8.8,9.8,8.5,0.0,7.52,8.75,9.67,0.0,8.0,0,,,,,Fem,Pública,True
93,2022,0.0,8.941,8.5,9.7,8.3,0.0,8.1,8.443999999999985,9.083,5.0,15.0,6,,,,,Fem,Privada,False
930,2023,0.0,8.8872,9.0,8.8,9.0,0.0,7.52,8.75,9.0,0.0,8.0,0,,,,,Masc,Pública,True
931,2023,0.0,7.3747,7.8,8.2,8.5,0.0,2.52,5.625,7.6,0.0,8.0,0,,,,,Masc,Pública,True
934,2023,0.0,9.1737,8.7,9.6,9.0,0.0,7.52,9.375,9.67,0.0,8.0,0,,,,,Fem,Pública,True
935,2023,-1.0,7.9535,9.4,9.8,,1.0,7.52,9.375,9.67,0.0,9.0,0,,,,,Masc,Pública,True
937,2023,0.0,9.3237,9.2,9.6,9.5,0.0,7.52,9.375,9.67,0.0,8.0,0,,,,,Fem,Pública,True
938,2023,-1.0,6.7372,4.2,8.4,8.5,0.0,7.52,6.25,7.5,0.0,9.0,0,,,,,Masc,Pública,True
939,2023,-2.0,7.9742,5.4,10.0,9.0,0.0,7.52,7.5,10.01,0.0,11.0,0,,,,,Fem,Pública,True
94,2022,0.0,8.921,7.7,9.6,8.3,0.0,8.1,9.04399999999999,9.583,5.0,15.0,4,,,,,Fem,Privada,True
94,2023,-1.0,7.289333333,7.2,9.6,7.5,0.0,2.52,8.75,7.795,5.0,16.0,5,-1.6316666669999993,0.0,-0.5,-1.7880000000000003,Fem,Privada,False
941,2023,0.0,7.6872,5.0,10.0,8.0,0.0,7.52,5.0,8.175,0.0,8.0,0,,,,,Fem,Pública,True
943,2023,0.0,8.9172,8.0,9.4,9.5,0.0,7.52,7.5,9.925,0.0,8.0,0,,,,,Fem,Pública,False
944,2023,-1.0,7.0687,7.5,7.6,9.0,0.0,7.52,5.625,6.67,0.0,9.0,0,,,,,Fem,Pública,True
945,2023,0.0,8.0777,7.9,9.2,8.5,0.0,7.52,6.875,6.84,0.0,8.0,0,,,,,Masc,Pública,True
946,2023,0.0,8.5822,9.3,9.4,9.5,0.0,7.52,7.5,7.0,0.0,7.0,0,,,,,Masc,Pública,True
947,2023,0.0,6.3457,3.3,7.9,9.0,0.0,7.52,4.375,5.08,0.0,8.0,0,,,,,Masc,Pública,True
949,2023,0.0,8.0172,8.9,8.1,9.5,0.0,7.52,6.25,6.5,0.0,8.0,0,,,,,Fem,Pública,True
950,2023,0.0,8.8862,9.3,10.0,9.0,0.0,7.52,7.5,8.17,0.0,9.0,0,,,,,Fem,Pública,True
951,2023,0.0,8.8902,8.4,9.7,9.5,0.0,7.52,7.5,9.09,0.0,7.0,0,,,,,Fem,Pública,True
952,2023,0.0,8.37095,9.0,9.2,9.5,0.0,3.77,7.1875,8.425,0.0,8.0,0,,,,,Masc,Pública,False
953,2023,0.0,7.54005,8.3,8.8,7.4,0.0,3.14,6.5625,7.09,0.0,8.0,0,,,,,Fem,Pública,False
954,2023,0.0,6.82375,7.7,8.3,,1.0,3.14,7.1875,8.005,0.0,8.0,0,,,,,Fem,Pública,False
955,2023,-2.0,7.1297,7.8,8.8,9.0,0.0,3.14,6.875,7.09,0.0,10.0,0,,,,,Fem,Pública,True
956,2023,-2.0,7.7312,7.8,7.5,8.0,0.0,7.52,7.5,9.345,0.0,11.0,0,,,,,Masc,Pública,True
958,2023,0.0,9.2902,9.3,9.8,10.0,0.0,7.52,7.5,9.84,0.0,8.0,0,,,,,Fem,Pública,False
959,2023,0.0,8.6677,7.7,9.6,10.0,0.0,7.52,6.875,8.84,0.0,8.0,0,,,,,Masc,Pública,True
96,2022,-1.0,7.54,6.7,7.8,9.2,0.0,6.9,8.299999999999992,8.5,5.0,16.0,1,,,,,Masc,Pública,True
96,2023,-1.0,7.610791667,6.4,8.9,9.6,0.0,7.52,7.65625,7.84,6.0,17.0,2,0.07079166699999995,1.1000000000000005,-0.2999999999999998,-0.6600000000000001,Masc,Privada,False
960,2023,-2.0,7.0847,6.3,10.0,8.5,0.0,7.52,5.625,5.85,0.0,10.0,0,,,,,Masc,Pública,True
961,2023,-1.0,5.99625,6.2,8.7,,1.0,2.52,5.3125,8.665,0.0,9.0,0,,,,,Masc,Pública,True
963,2023,-1.0,8.6142,8.5,9.8,9.5,0.0,7.52,7.5,10.01,0.0,9.0,0,,,,,Fem,Pública,False
964,2023,-1.0,7.7997,7.2,9.4,8.5,0.0,7.52,6.875,8.5,0.0,9.0,0,,,,,Masc,Pública,True
965,2023,-1.0,6.4832,4.7,8.2,8.5,0.0,6.27,5.0,7.18,0.0,9.0,0,,,,,Fem,Pública,True
966,2023,-1.0,7.44345,5.0,10.0,10.0,0.0,7.52,6.5625,7.675,0.0,9.0,0,,,,,Masc,Pública,True
967,2023,-2.0,7.1347,6.5,8.0,9.5,0.0,7.52,5.625,7.35,0.0,10.0,0,,,,,Masc,Pública,True
968,2023,-1.0,8.4942,8.3,9.7,9.0,0.0,7.52,7.5,10.01,0.0,9.0,0,,,,,Fem,Pública,True
969,2023,0.0,7.7692,5.5,9.7,8.5,0.0,7.52,6.25,7.51,0.0,8.0,0,,,,,Masc,Pública,True
971,2023,0.0,7.0169,6.9,6.4,7.8,0.0,3.77,5.625,8.17,0.0,8.0,0,,,,,Masc,Pública,True
972,2023,0.0,7.5427,6.0,9.1,9.0,0.0,3.77,6.875,7.84,0.0,8.0,0,,,,,Masc,Pública,True
973,2023,-1.0,5.82875,5.2,8.6,,1.0,3.77,7.1875,7.415,0.0,9.0,0,,,,,Masc,Pública,True
974,2023,0.0,8.4752,8.8,9.1,9.0,0.0,3.77,7.5,9.34,0.0,8.0,0,,,,,Masc,Pública,True
975,2023,0.0,7.7803,6.5,9.2,7.9,0.0,7.52,5.625,7.67,0.0,8.0,0,,,,,Fem,Pública,True
977,2023,0.0,7.1717,5.8,7.4,8.5,0.0,5.02,5.625,8.085,0.0,8.0,0,,,,,Fem,Pública,True
978,2023,0.0,8.3877,8.6,9.8,9.0,0.0,3.77,5.625,9.34,0.0,8.0,0,,,,,Fem,Pública,True
979,2023,0.0,8.1617,6.0,9.6,9.5,0.0,6.27,5.625,9.51,0.0,8.0,0,,,,,Masc,Pública,True
98,2022,0.0,9.354,8.5,10.0,8.8,0.0,9.4,9.00599999999999,9.667,5.0,15.0,5,,,,,Fem,Privada,False
980,2023,0.0,7.1425,6.3,9.8,,1.0,5.02,5.625,9.34,0.0,8.0,0,,,,,Fem,Pública,False
981,2023,0.0,7.5367,5.8,9.1,9.5,0.0,2.52,5.625,9.01,0.0,7.0,0,,,,,Fem,Pública,True
982,2023,0.0,7.1215,8.6,9.1,,1.0,2.52,5.625,8.835,0.0,8.0,0,,,,,Masc,Pública,False
984,2023,0.0,8.8177,8.3,9.8,8.0,0.0,7.52,6.875,9.84,0.0,9.0,0,,,,,Fem,Pública,False
985,2023,0.0,7.6247,6.8,9.3,9.0,0.0,2.52,5.625,8.5,0.0,8.0,0,,,,,Masc,Pública,False
986,2023,0.0,8.0107,8.3,9.1,9.5,0.0,2.52,5.625,8.83,0.0,8.0,0,,,,,Fem,Pública,False
987,2023,0.0,7.6765,7.3,9.8,,1.0,6.27,6.875,9.76,0.0,8.0,0,,,,,Masc,Pública,False
988,2023,-1.0,7.9568,8.5,8.1,7.9,0.0,7.52,6.25,9.84,0.0,9.0,0,,,,,Fem,Pública,True
989,2023,-1.0,7.7242,8.3,8.1,9.5,0.0,2.52,7.5,10.01,0.0,9.0,0,,,,,Masc,Pública,False
99,2022,-1.0,6.158,5.0,6.3,8.8,0.0,7.5,6.014000000000008,5.833,5.0,16.0,3,,,,,Masc,Pública,True
990,2023,-1.0,7.254,7.8,8.5,,1.0,7.52,7.5,10.01,0.0,9.0,0,,,,,Masc,Pública,True
991,2023,-1.0,7.7687,7.7,9.1,10.0,0.0,3.14,6.875,9.585,0.0,9.0,0,,,,,Fem,Pública,True
994,2023,0.0,7.4127,6.0,9.4,9.5,0.0,3.77,5.625,7.265,0.0,9.0,0,,,,,Fem,Pública,True
995,2023,-2.0,6.4782,5.1,7.9,9.5,0.0,3.77,6.25,7.18,0.0,11.0,0,,,,,Fem,Pública,True
