id_aluno,genero,ano_nasc,ano_ingresso,tipo_instituicao,pedra,inde,cf,ct,n_av,avaliador_1,rec_av_1,avaliador_2,rec_av_2,avaliador_3,rec_av_3,avaliador_4,rec_av_4,iaa,ieg,ips,rec_psicologia,ida,matem,portug,ingles,indicado_bolsa,ipv,ian,destaque_ieg,destaque_ida,destaque_ipv,ano,ipp,avaliador_5,avaliador_6,escola,fase,fase_ideal,fase_grupo,idade,tempo_vinculo,defas,atingiu_pv,em_risco
1,0,2003.0,2016,Escola Pública,Quartzo,5.783,18.0,10.0,4.0,Avaliador-5,Mantido na Fase atual,Avaliador-27,Promovido de Fase + Bolsa,Avaliador-28,Promovido de Fase,Avaliador-31,Mantido na Fase atual,8.3,4.1,5.6,Requer avaliação,4.0,2.7,3.5,6.0,Sim,7.278,5.0,Melhorar: Melhorar a sua entrega de lições de casa.,Melhorar: Empenhar-se mais nas aulas e avaliações.,Melhorar: Integrar-se mais aos Princípios Passos Mágicos.,2022,8.174000000000001,,,,7.0,8.0,fase_0_7,19.0,6,-1.0,False,True
1,0,2003.0,2016,Privada *Parcerias com Bolsa 100%,,,,,,,,,,,,,,,,,,,,,,,,10.0,,,,2023,,,,,8.0,8.0,fase_8,20.0,7,0.0,False,False
1,0,2003.0,2021,Privada *Parcerias com Bolsa 100%,,,,,0.0,,,,,,,,,,,,,,,,,,,10.0,,,,2024,,,,Universidade Santo Amaro (UNISA),8.0,8.0,fase_8,21.0,3,0.0,False,False
10,0,2004.0,2021,Escola Pública,Quartzo,5.784,17.0,9.0,4.0,Avaliador-5,Promovido de Fase,Avaliador-27,Mantido na Fase atual,Avaliador-28,Mantido na Fase atual,Avaliador-31,Mantido na Fase atual,8.3,5.2,5.0,Requer avaliação,4.1,3.3,2.6,6.4,Não,7.056,5.0,Melhorar: Melhorar a sua entrega de lições de casa.,Melhorar: Empenhar-se mais nas aulas e avaliações.,Melhorar: Integrar-se mais aos Princípios Passos Mágicos.,2022,6.827999999999994,,,,7.0,8.0,fase_0_7,18.0,1,-1.0,False,True
100,0,2009.0,2019,Rede Decisão,Ametista,7.618,22.0,7.0,4.0,Avaliador-6,Promovido de Fase,Avaliador-27,Mantido na Fase atual,Avaliador-30,Promovido de Fase,Avaliador-31,Promovido de Fase + Bolsa,8.8,7.8,5.0,Não indicado,7.6,7.0,7.8,8.1,Não,7.25,10.0,Destaque: A sua boa entrega das lições de casa.,Destaque: As suas boas notas na Passos Mágicos.,Melhorar: Integrar-se mais aos Princípios Passos Mágicos.,2022,7.080000000000002,,,,4.0,3.0,fase_0_7,13.0,3,1.0,False,False
1000,0,2015.0,2023,Pública,Ametista,7.9162,,,2.0,Avaliador-13,,Avaliador-3,,,,,,8.5,9.4,3.77,,7.0,7.0,7.0,,,8.92,10.0,,,,2023,6.25,,,,0.0,0.0,fase_0_7,8.0,0,0.0,False,False
1000,0,2015.0,2023,Pública,Topázio,8.364790909100002,,,2.0,Avaliador-15,,Avaliador-2,,,,,,9.002,9.5454545455,6.26,,7.75,7.5,8.0,,,7.835,10.0,,,,2024,8.125,,,EE Helio Luiz Dobrochinski Prof,1.0,1.0,fase_0_7,9.0,1,0.0,False,False
1001,0,2014.0,2023,Pública,Topázio,8.1162,,,2.0,Avaliador-13,,Avaliador-3,,,,,,9.0,9.1,7.52,,7.8,8.3,7.3,,,9.17,5.0,,,,2023,7.5,,,,0.0,1.0,fase_0_7,9.0,0,-1.0,True,True
1001,0,2014.0,2023,Pública,Ametista,7.7964318841,,,2.0,Avaliador-15,,Avaliador-2,,,,,,7.502,9.347826087,7.51,,7.75,6.5,9.0,,,7.92,5.0,,,,2024,7.916666667,,,EE Helio Luiz Dobrochinski Prof,1.0,2.0,fase_0_7,10.0,1,-1.0,False,True
1002,0,2014.0,2023,Pública,Ametista,7.9012,,,2.0,Avaliador-13,,Avaliador-3,,,,,,9.0,9.7,7.52,,7.0,7.0,7.0,,,8.92,5.0,,,,2023,6.25,,,,0.0,1.0,fase_0_7,9.0,0,-1.0,False,True
1002,0,2014.0,2023,Pública,Ametista,7.967866666700001,,,2.0,Avaliador-13,,Avaliador-2,,,,,,9.002,7.833333333500001,7.51,,9.25,10.0,8.5,,,8.25,5.0,,,,2024,7.5,,,EM Cecilia Cristina de Oliveira Rodrigues,0.0,1.0,fase_0_7,10.0,1,-1.0,False,True
1003,1,2015.0,2023,Pública,Ametista,7.6522,,,2.0,Avaliador-11,,Avaliador-2,,,,,,9.0,8.5,7.52,,4.0,8.0,0.0,,,8.75,10.0,,,,2023,7.5,,,,0.0,0.0,fase_0_7,8.0,0,0.0,False,False
1003,1,2015.0,2023,Pública,Ametista,7.627588888900001,,,2.0,Avaliador-3,,Avaliador-13,,,,,,8.002,8.6944444445,7.51,,8.25,10.0,6.5,,,7.5,5.0,,,,2024,6.875,,,EM Maria Ignez Concelles Irma Ines,0.0,1.0,fase_0_7,9.0,1,-1.0,False,True
1004,0,2014.0,2023,Pública,Topázio,8.3137,,,2.0,Avaliador-11,,Avaliador-2,,,,,,9.0,9.6,7.52,,7.9,6.5,9.2,,,7.42,10.0,,,,2023,6.875,,,,0.0,0.0,fase_0_7,9.0,0,0.0,False,False
1004,0,2014.0,2023,Pública,Ametista,7.801200000000001,,,2.0,Avaliador-3,,Avaliador-13,,,,,,9.502,9.25,7.51,,7.5,7.5,7.5,,,7.5,5.0,,,,2024,7.5,,,EM Pedro Antonio de Almeida,0.0,1.0,fase_0_7,10.0,1,-1.0,False,True
1005,1,2015.0,2023,Pública,Topázio,8.4252,,,2.0,Avaliador-11,,Avaliador-2,,,,,,9.5,7.9,7.52,,8.8,8.4,9.2,,,8.165,10.0,,,,2023,7.5,,,,0.0,0.0,fase_0_7,8.0,0,0.0,False,False
1006,0,2015.0,2023,Pública,Topázio,8.5922,,,2.0,Avaliador-11,,Avaliador-2,,,,,,9.0,9.3,7.52,,8.7,8.7,8.6,,,8.0,10.0,,,,2023,7.5,,,,0.0,0.0,fase_0_7,8.0,0,0.0,False,False
1006,0,2015.0,2023,Pública,Ametista,7.040088888900001,,,2.0,Avaliador-3,,Avaliador-13,,,,,,8.502,8.4444444445,7.51,,5.0,5.0,5.0,,,7.5,5.0,,,,2024,7.5,,,EM Pedro Antonio de Almeida,0.0,1.0,fase_0_7,9.0,1,-1.0,False,True
1007,1,2015.0,2023,Pública,Topázio,8.0782,,,2.0,Avaliador-11,,Avaliador-2,,,,,,9.0,7.4,7.52,,8.3,8.1,8.5,,,7.68,10.0,,,,2023,7.5,,,,0.0,0.0,fase_0_7,8.0,0,0.0,False,False
1008,1,2015.0,2023,Pública,Topázio,8.13595,,,2.0,Avaliador-11,,Avaliador-2,,,,,,9.0,8.6,7.52,,8.4,7.5,9.2,,,7.5,10.0,,,,2023,5.9375,,,,0.0,0.0,fase_0_7,8.0,0,0.0,False,False
1008,1,2015.0,2023,Pública,Agata,6.8667414438000005,,,2.0,Avaliador-3,,Avaliador-13,,,,,,7.002,6.483957219,7.51,,7.0,6.5,7.5,,,7.5,5.0,,,,2024,7.1875,,,EE Joaquim Mendes Feliz,0.0,1.0,fase_0_7,9.0,1,-1.0,False,True
1009,1,2015.0,2023,Pública,Ametista,7.245,,,2.0,Avaliador-11,,Avaliador-2,,,,,,0.0,9.0,3.77,,8.8,8.3,9.2,,,7.84,10.0,,,,2023,7.5,,,,0.0,0.0,fase_0_7,8.0,0,0.0,False,False
1009,1,2015.0,2023,Pública,Agata,6.395389393900001,,,3.0,Avaliador-3,,Avaliador-13,,Avaliador-9,,,,8.002,6.8863636365000005,2.51,,7.5,10.0,5.0,,,6.553333333,5.0,,,,2024,6.5625,,,EE Dom Pedro Villas Boas de Souza,0.0,1.0,fase_0_7,9.0,1,-1.0,False,True
101,0,2007.0,2021,Escola Pública,Ametista,7.305,31.0,8.0,4.0,Avaliador-6,Promovido de Fase,Avaliador-27,Mantido na Fase atual,Avaliador-30,Promovido de Fase,Avaliador-31,Promovido de Fase + Bolsa,7.9,8.3,7.5,Não atendido,7.6,7.2,6.5,9.2,Sim,6.833,5.0,Destaque: A sua boa entrega das lições de casa.,Destaque: As suas boas notas na Passos Mágicos.,Melhorar: Integrar-se mais aos Princípios Passos Mágicos.,2022,7.18399999999999,,,,4.0,5.0,fase_0_7,15.0,1,-1.0,False,True
1010,1,2015.0,2023,Pública,Topázio,8.70645,,,2.0,Avaliador-11,,Avaliador-2,,,,,,9.5,10.0,3.77,,9.4,9.0,9.8,,,8.59,10.0,,,,2023,7.8125,,,,0.0,0.0,fase_0_7,8.0,0,0.0,False,False
1011,1,2015.0,2023,Pública,Ametista,7.33095,,,2.0,Avaliador-11,,Avaliador-2,,,,,,9.5,8.6,3.77,,5.2,5.5,4.8,,,7.675,10.0,,,,2023,7.1875,,,,0.0,0.0,fase_0_7,8.0,0,0.0,False,False
1012,0,2015.0,2023,Pública,Ametista,7.96495,,,2.0,Avaliador-11,,Avaliador-2,,,,,,10.0,9.9,3.77,,6.6,7.0,6.2,,,7.845,10.0,,,,2023,7.1875,,,,0.0,0.0,fase_0_7,8.0,0,0.0,False,False
1012,0,2015.0,2023,Pública,Topázio,8.057128571400002,,,3.0,Avaliador-3,,Avaliador-11,,Avaliador-9,,,,9.502,9.523809524,2.51,,9.75,10.0,9.5,,,8.443333333,5.0,,,,2024,8.125,,,EE Joaquim Mendes Feliz,0.0,1.0,fase_0_7,9.0,1,-1.0,True,True
1013,1,2015.0,2023,Pública,Ametista,7.6237,,,2.0,Avaliador-11,,Avaliador-2,,,,,,9.0,9.6,4.39,,8.3,7.0,9.5,,,5.76,10.0,,,,2023,5.625,,,,0.0,0.0,fase_0_7,8.0,0,0.0,False,False
1013,1,2015.0,2023,Pública,Quartzo,5.7839559808,,,3.0,Avaliador-3,,Avaliador-13,,Avaliador-9,,,,9.002,5.693779904,2.51,,7.75,8.0,7.5,,,4.72,5.0,,,,2024,5.0,,,EE Dom Pedro Villas Boas de Souza,0.0,1.0,fase_0_7,9.0,1,-1.0,False,True
1014,0,2016.0,2023,Pública,Topázio,8.2582,,,2.0,Avaliador-11,,Avaliador-2,,,,,,9.0,9.7,3.77,,8.2,7.7,8.7,,,8.255,10.0,,,,2023,7.5,,,,0.0,0.0,fase_0_7,7.0,0,0.0,False,False
1014,0,2016.0,2023,Pública,Agata,6.315972727300001,,,3.0,Avaliador-3,,Avaliador-13,,Avaliador-9,,,,8.502,7.8863636365,2.51,,5.25,6.5,4.0,,,7.0,5.0,,,,2024,6.875,,,EE Dom Pedro Villas Boas de Souza,0.0,1.0,fase_0_7,8.0,1,-1.0,False,True
1015,0,2013.0,2023,Pública,Ametista,7.538908333,,,3.0,Avaliador-19,,Avaliador-4,,Avaliador-3,,,,10.0,9.3,6.27,,6.3,5.0,7.6,,,7.786666667,5.0,,,,2023,7.34375,,,,1.0,2.0,fase_0_7,10.0,0,-1.0,False,True
1015,0,2013.0,2023,Pública,Agata,6.643252381000002,,,3.0,Avaliador-19,,Avaliador-5,,Avaliador-2,,,,7.918,7.8214285715,7.51,,4.0,2.0,6.0,,,5.66,10.0,,,,2024,6.041666667,,,EE Alexandre Rodrigues Nogueira,2.0,2.0,fase_0_7,11.0,1,0.0,False,False
1016,0,2013.0,2023,Pública,Ametista,7.762575,,,3.0,Avaliador-19,,Avaliador-4,,Avaliador-3,,,,10.0,9.5,7.52,,6.7,5.8,7.5,,,7.73,5.0,,,,2023,7.34375,,,,1.0,2.0,fase_0_7,10.0,0,-1.0,False,True
1017,1,2012.0,2023,Pública,Agata,6.505333333,,,3.0,Avaliador-19,,Avaliador-4,,Avaliador-3,,,,0.0,8.0,5.02,,7.7,7.0,8.3,,,8.116666667,5.0,,,,2023,7.5,,,,1.0,2.0,fase_0_7,11.0,0,-1.0,False,True
1017,1,2012.0,2023,Pública,Ametista,7.345521428500001,,,3.0,Avaliador-19,,Avaliador-5,,Avaliador-2,,,,9.502,7.8095238095,6.26,,5.0,2.5,7.5,,,7.443333333,10.0,,,,2024,7.1875,,,EE João Ortiz Rodrigues,2.0,2.0,fase_0_7,12.0,1,0.0,False,False
1018,1,2013.0,2023,Pública,Agata,6.824,,,3.0,Avaliador-19,,Avaliador-4,,Avaliador-3,,,,0.0,8.5,5.02,,6.3,5.8,6.8,,,8.06,10.0,,,,2023,7.5,,,,1.0,1.0,fase_0_7,10.0,0,0.0,False,False
1018,1,2013.0,2023,Pública,Ametista,7.7054045454,,,3.0,Avaliador-14,,Avaliador-3,,Avaliador-15,,,,8.502,7.727272727,6.26,,8.25,8.5,8.0,,,8.45,5.0,,,,2024,8.4375,,,EE Dom Pedro Villas Boas de Souza,1.0,2.0,fase_0_7,11.0,1,-1.0,True,True
1019,0,2015.0,2023,Pública,Ametista,7.177033333,,,3.0,Avaliador-19,,Avaliador-4,,Avaliador-3,,,,7.5,9.1,5.02,,4.3,0.5,8.0,,,7.836666667,10.0,,,,2023,6.875,,,,1.0,0.0,fase_0_7,8.0,0,1.0,False,False
1019,0,2015.0,2023,Pública,Topázio,8.692255194900001,,,3.0,Avaliador-14,,Avaliador-3,,Avaliador-15,,,,9.502,9.3073593075,6.26,,8.75,9.5,8.0,,,8.616666667,10.0,,,,2024,7.8125,,,EM Etelvina Delfim Simões,1.0,1.0,fase_0_7,9.0,1,0.0,True,False
102,1,2008.0,2019,Escola Pública,Ágata,6.922,43.0,9.0,4.0,Avaliador-6,Promovido de Fase,Avaliador-27,Mantido na Fase atual,Avaliador-30,Mantido na Fase atual,Avaliador-31,Promovido de Fase,6.7,7.7,6.9,Requer avaliação,5.7,4.7,6.8,5.5,Não,6.0,10.0,Destaque: A sua boa entrega das lições de casa.,Melhorar: Empenhar-se mais nas aulas e avaliações.,Melhorar: Integrar-se mais aos Princípios Passos Mágicos.,2022,6.819999999999986,,,,4.0,4.0,fase_0_7,14.0,3,0.0,False,False
1020,0,2014.0,2023,Pública,Ametista,7.612283333,,,3.0,Avaliador-19,,Avaliador-4,,Avaliador-3,,,,10.0,9.1,2.52,,6.1,4.3,7.8,,,8.056666667,10.0,,,,2023,7.1875,,,,1.0,1.0,fase_0_7,9.0,0,0.0,False,False
1020,0,2014.0,2023,Pública,Topázio,8.9544954545,,,3.0,Avaliador-14,,Avaliador-3,,Avaliador-15,,,,9.002,9.7727272725,6.88,,9.0,10.0,8.0,,,8.84,10.0,,,,2024,8.4375,,,EE Dom Pedro Villas Boas de Souza,1.0,1.0,fase_0_7,10.0,1,0.0,True,False
1021,1,2014.0,2023,Pública,Agata,6.964616667,,,3.0,Avaliador-19,,Avaliador-4,,Avaliador-3,,,,8.0,9.2,3.77,,3.3,2.5,4.0,,,7.893333333,10.0,,,,2023,7.1875,,,,1.0,1.0,fase_0_7,9.0,0,0.0,False,False
1021,1,2014.0,2023,Pública,Topázio,8.0985863636,,,3.0,Avaliador-14,,Avaliador-3,,Avaliador-15,,,,9.502,9.318181818,7.51,,8.0,9.0,7.0,,,7.95,5.0,,,,2024,8.4375,,,EE Dom Pedro Villas Boas de Souza,1.0,2.0,fase_0_7,10.0,1,-1.0,False,True
1022,1,2014.0,2023,Pública,Ametista,7.164616667,,,3.0,Avaliador-19,,Avaliador-4,,Avaliador-3,,,,8.5,8.5,3.77,,4.7,4.7,4.7,,,7.893333333,10.0,,,,2023,7.1875,,,,1.0,1.0,fase_0_7,9.0,0,0.0,False,False
1022,1,2014.0,2023,Pública,Ametista,7.613169697000002,,,3.0,Avaliador-14,,Avaliador-3,,Avaliador-15,,,,9.502,9.318181818,6.26,,6.5,5.5,7.5,,,8.116666667,5.0,,,,2024,7.5,,,EE Dom Pedro Villas Boas de Souza,1.0,2.0,fase_0_7,10.0,1,-1.0,False,True
1023,0,2014.0,2023,Pública,Topázio,9.1342,,,3.0,Avaliador-19,,Avaliador-4,,Avaliador-3,,,,10.0,10.0,6.27,,9.1,8.5,9.7,,,9.06,10.0,,,,2023,8.75,,,,1.0,1.0,fase_0_7,9.0,0,0.0,True,False
1023,0,2014.0,2023,Pública,Topázio,9.4985809523,,,3.0,Avaliador-19,,Avaliador-5,,Avaliador-2,,,,9.502,9.511904762,9.375,,9.5,9.0,10.0,,,9.563333333,10.0,,,,2024,8.958333333,,,EE Dom Pedro Villas Boas de Souza,2.0,2.0,fase_0_7,10.0,1,0.0,True,False
1024,0,2013.0,2023,Pública,Ametista,7.788875,,,3.0,Avaliador-15,,Avaliador-4,,Avaliador-3,,,,0.0,10.0,6.27,,9.8,10.0,9.5,,,8.95,5.0,,,,2023,9.21875,,,,1.0,2.0,fase_0_7,10.0,0,-1.0,False,True
1024,0,2013.0,2023,Pública,Topázio,8.6516166666,,,3.0,Avaliador-14,,Avaliador-3,,Avaliador-15,,,,8.002,10.0,7.51,,10.0,10.0,10.0,,,8.783333333,5.0,,,,2024,8.4375,,,Escola João Paulo II,1.0,2.0,fase_0_7,11.0,1,-1.0,True,True
1025,1,2013.0,2023,Pública,Topázio,8.215158333,,,3.0,Avaliador-15,,Avaliador-4,,Avaliador-3,,,,8.5,8.9,7.52,,7.5,7.5,7.5,,,7.836666667,10.0,,,,2023,7.65625,,,,1.0,1.0,fase_0_7,10.0,0,0.0,False,False
1025,1,2013.0,2023,Pública,Ametista,7.897071212,,,3.0,Avaliador-14,,Avaliador-3,,Avaliador-15,,,,9.002,7.727272727,7.51,,9.0,10.0,8.0,,,7.783333333,5.0,,,,2024,8.4375,,,EE Dom Pedro Villas Boas de Souza,1.0,2.0,fase_0_7,11.0,1,-1.0,False,True
1026,0,2009.0,2023,Pública,Agata,6.494825,,,3.0,Avaliador-15,,Avaliador-4,,Avaliador-3,,,,8.5,9.8,7.52,,3.2,2.3,4.0,,,7.06,2.5,,,,2023,6.40625,,,,1.0,4.0,fase_0_7,14.0,0,-3.0,False,True
1027,0,2013.0,2023,Pública,Ametista,7.748866667,,,3.0,Avaliador-15,,Avaliador-4,,Avaliador-3,,,,9.5,9.7,7.52,,6.0,4.2,7.7,,,8.333333333,5.0,,,,2023,7.5,,,,1.0,2.0,fase_0_7,10.0,0,-1.0,False,True
1027,0,2013.0,2023,Pública,Topázio,8.220866666700001,,,3.0,Avaliador-19,,Avaliador-5,,Avaliador-2,,,,9.502,10.0,7.51,,5.25,6.0,4.5,,,8.39,10.0,,,,2024,7.916666667,,,EE Bairro Boa Vista,2.0,2.0,fase_0_7,11.0,1,0.0,False,False
1028,1,2012.0,2023,Pública,Agata,6.415708333,,,3.0,Avaliador-15,,Avaliador-4,,Avaliador-3,,,,0.0,9.2,7.52,,5.0,5.0,5.0,,,7.946666667,5.0,,,,2023,7.34375,,,,1.0,2.0,fase_0_7,11.0,0,-1.0,False,True
1028,1,2012.0,2023,Pública,Ametista,7.1404338602,,,3.0,Avaliador-14,,Avaliador-3,,Avaliador-15,,,,8.002,7.055335968,5.63,,7.5,6.0,9.0,,,8.393333333,5.0,,,,2024,6.875,,,EE Olivia de Faria Nogueira,1.0,3.0,fase_0_7,12.0,1,-2.0,False,True
1029,0,2014.0,2023,Pública,Ametista,7.058533333,,,3.0,Avaliador-19,,Avaliador-4,,Avaliador-3,,,,10.0,6.3,3.77,,5.4,3.5,7.2,,,8.006666667,10.0,,,,2023,7.5,,,,1.0,1.0,fase_0_7,9.0,0,0.0,False,False
1029,0,2014.0,2023,Pública,Ametista,7.797790909100001,,,2.0,Avaliador-3,,Avaliador-15,,,,,,9.002,8.7954545455,6.885,,8.75,8.0,9.5,,,7.25,5.0,,,,2024,7.5,,,EE Dom Pedro Villas Boas de Souza,1.0,2.0,fase_0_7,10.0,1,-1.0,False,True
103,0,2009.0,2020,Rede Decisão,Topázio,8.107,11.0,4.0,4.0,Avaliador-6,Promovido de Fase + Bolsa,Avaliador-27,Mantido na Fase atual,Avaliador-30,Promovido de Fase,Avaliador-31,Promovido de Fase + Bolsa,7.9,8.7,7.5,Não atendido,7.3,7.3,7.3,7.3,Não,7.708,10.0,Destaque: A sua boa entrega das lições de casa.,Melhorar: Empenhar-se mais nas aulas e avaliações.,Destaque: A sua boa integração aos Princípios Passos Mágicos.,2022,8.253999999999992,,,,4.0,3.0,fase_0_7,13.0,2,1.0,False,False
103,0,2009.0,2020,Privada - Programa de Apadrinhamento,Topázio,8.0239,,,4.0,Avaliador-24,,Avaliador-7,,Avaliador-23,,Avaliador-8,,8.3,9.2,5.0,,7.1,7.3,6.3,7.7,,8.09,10.0,,,,2023,8.125,,,,5.0,4.0,fase_0_7,14.0,3,1.0,False,False
103,0,2009.0,2021,Privada - Programa de Apadrinhamento,Topázio,8.775268254,,,5.0,Avaliador-23,,Avaliador-24,,Avaliador-26,,Avaliador-1,,8.334,9.603174603333336,6.26,,9.166666666666666,9.0,9.0,9.5,,8.872,10.0,,,,2024,7.875,Avaliador-7,,Colégio Arco Íris Evolução,5.0,5.0,fase_0_7,15.0,3,0.0,True,False
1030,1,2012.0,2023,Pública,Ametista,7.4027,,,3.0,Avaliador-19,,Avaliador-4,,Avaliador-3,,,,8.5,9.7,3.77,,6.9,6.2,7.5,,,8.39,5.0,,,,2023,6.875,,,,1.0,2.0,fase_0_7,11.0,0,-1.0,False,True
1030,1,2012.0,2023,Pública,Ametista,7.740191604,,,3.0,Avaliador-20,,Avaliador-19,,Avaliador-2,,,,7.418,8.28320802,4.385,,8.0,10.0,6.0,,,7.61,10.0,,,,2024,7.8125,,,EE Paschoal Carlos Magno,2.0,2.0,fase_0_7,12.0,1,0.0,False,False
1031,1,2013.0,2023,Pública,Ametista,7.0602,,,3.0,Avaliador-19,,Avaliador-4,,Avaliador-3,,,,8.0,8.8,7.52,,5.9,4.8,7.0,,,7.006666667,5.0,,,,2023,6.666666667,,,,1.0,2.0,fase_0_7,10.0,0,-1.0,False,True
1031,1,2013.0,2023,Pública,Agata,6.8757227273,,,2.0,Avaliador-3,,Avaliador-15,,,,,,9.502,8.6363636365,7.51,,6.25,5.5,7.0,,,5.83,5.0,,,,2024,5.3125,,,EE Joaquim Mendes Feliz,1.0,2.0,fase_0_7,11.0,1,-1.0,False,True
1032,1,2013.0,2023,Pública,Ametista,7.434033333,,,3.0,Avaliador-19,,Avaliador-4,,Avaliador-3,,,,8.5,9.5,7.52,,6.0,5.7,6.2,,,7.563333333,5.0,,,,2023,7.291666667,,,,1.0,2.0,fase_0_7,10.0,0,-1.0,False,True
1032,1,2013.0,2023,Pública,Topázio,8.01645,,,2.0,Avaliador-3,,Avaliador-15,,,,,,8.502,9.75,7.51,,8.0,9.0,7.0,,,7.92,5.0,,,,2024,7.8125,,,EE Joaquim Mendes Feliz,1.0,2.0,fase_0_7,11.0,1,-1.0,False,True
1033,0,2012.0,2023,Pública,Topázio,8.126033333,,,3.0,Avaliador-19,,Avaliador-4,,Avaliador-3,,,,9.0,8.9,7.52,,7.9,7.0,8.8,,,9.006666667,5.0,,,,2023,8.125,,,,1.0,2.0,fase_0_7,11.0,0,-1.0,True,True
1034,1,2013.0,2023,Pública,Ametista,7.9642,,,3.0,Avaliador-19,,Avaliador-4,,Avaliador-3,,,,7.5,9.0,7.52,,8.3,7.8,8.7,,,8.393333333,5.0,,,,2023,8.333333333,,,,1.0,2.0,fase_0_7,10.0,0,-1.0,False,True
1034,1,2013.0,2023,Pública,Topázio,8.0333666666,,,3.0,Avaliador-19,,Avaliador-5,,Avaliador-2,,,,7.502,8.0833333335,7.51,,7.5,7.5,7.5,,,8.223333333,10.0,,,,2024,7.708333333,,,EE Alexandre Rodrigues Nogueira,2.0,2.0,fase_0_7,11.0,1,0.0,False,False
1035,1,2014.0,2023,Pública,Agata,6.888833333,,,3.0,Avaliador-19,,Avaliador-4,,Avaliador-3,,,,0.0,8.3,7.52,,5.8,4.0,7.5,,,7.78,10.0,,,,2023,7.708333333,,,,1.0,1.0,fase_0_7,9.0,0,0.0,False,False
1035,1,2014.0,2023,Pública,Ametista,7.833495454500001,,,2.0,Avaliador-3,,Avaliador-15,,,,,,9.502,9.0227272725,7.51,,7.0,6.5,7.5,,,7.92,5.0,,,,2024,8.4375,,,EE Dom Pedro Villas Boas de Souza,1.0,2.0,fase_0_7,10.0,1,-1.0,False,True
1036,0,2012.0,2023,Pública,Agata,6.970583333,,,3.0,Avaliador-15,,Avaliador-5,,Avaliador-2,,,,0.0,9.6,3.77,,8.0,9.0,7.0,,,8.336666667,5.0,,,,2023,9.0625,,,,1.0,2.0,fase_0_7,11.0,0,-1.0,False,True
1036,0,2012.0,2023,Pública,Topázio,8.2841303831,,,4.0,Avaliador-19,,Avaliador-17,,Avaliador-25,,Avaliador-2,,10.002,9.0890269155,7.51,,7.0,7.0,7.0,,,7.7475,10.0,,,,2024,7.65625,,,EE João Ortiz Rodrigues,2.0,2.0,fase_0_7,12.0,1,0.0,False,False
1037,1,2012.0,2023,Pública,Ametista,7.655575,,,3.0,Avaliador-15,,Avaliador-5,,Avaliador-2,,,,9.0,8.4,7.52,,6.7,5.0,8.3,,,8.17,5.0,,,,2023,8.59375,,,,1.0,2.0,fase_0_7,11.0,0,-1.0,False,True
1038,0,2013.0,2023,Privada,Ametista,7.736825,,,3.0,Avaliador-15,,Avaliador-5,,Avaliador-2,,,,8.0,9.3,7.52,,6.5,7.5,5.5,,,8.17,5.0,,,,2023,8.90625,,,,1.0,2.0,fase_0_7,10.0,0,-1.0,False,True
1038,0,2013.0,2023,Pública,Ametista,7.9646385965,,,3.0,Avaliador-19,,Avaliador-17,,Avaliador-2,,,,8.002,7.5438596495,7.51,,8.5,10.0,7.0,,,7.273333333,10.0,,,,2024,7.5,,,EE Dom Pedro Villas Boas de Souza,2.0,2.0,fase_0_7,11.0,1,0.0,False,False
1039,1,2011.0,2023,Pública,Ametista,7.686033333,,,3.0,Avaliador-15,,Avaliador-5,,Avaliador-2,,,,8.0,9.9,7.52,,6.2,6.0,6.3,,,8.056666667,5.0,,,,2023,8.125,,,,1.0,3.0,fase_0_7,12.0,0,-2.0,False,True
1039,1,2011.0,2023,Pública,Ametista,7.549644444400001,,,3.0,Avaliador-19,,Avaliador-17,,Avaliador-2,,,,8.002,9.722222222,7.51,,7.25,8.0,6.5,,,6.77,5.0,,,,2024,7.5,,,EE Joaquim Mendes Feliz,2.0,3.0,fase_0_7,13.0,1,-1.0,False,True
104,1,2004.0,2022,Escola Pública,Ágata,6.315,61.0,11.0,4.0,Avaliador-6,Promovido de Fase,Avaliador-27,Mantido na Fase atual,Avaliador-30,Promovido de Fase,Avaliador-31,Promovido de Fase,7.9,8.7,7.5,Não atendido,3.7,4.8,5.8,0.3,Não,6.708,2.5,Destaque: A sua boa entrega das lições de casa.,Melhorar: Empenhar-se mais nas aulas e avaliações.,Melhorar: Integrar-se mais aos Princípios Passos Mágicos.,2022,7.034000000000011,,,,4.0,8.0,fase_0_7,18.0,0,-4.0,False,True
104,1,2004.0,2022,Pública,Quartzo,4.25,,,4.0,Avaliador-24,,Avaliador-7,,Avaliador-23,,Avaliador-8,,0.0,7.7,2.52,,2.6,3.7,1.8,2.3,,5.6275,2.5,,,,2023,5.625,,,,5.0,8.0,fase_0_7,19.0,1,-3.0,False,True
1040,1,2011.0,2023,Pública,Ametista,7.81545,,,3.0,Avaliador-15,,Avaliador-5,,Avaliador-2,,,,10.0,9.3,7.52,,6.6,5.8,7.3,,,8.06,5.0,,,,2023,7.8125,,,,1.0,2.0,fase_0_7,12.0,0,-1.0,False,True
1040,1,2011.0,2023,Pública,Ametista,7.764199999900001,,,3.0,Avaliador-19,,Avaliador-17,,Avaliador-2,,,,9.502,8.5416666665,7.51,,8.25,8.0,8.5,,,7.273333333,5.0,,,,2024,7.5,,,EE Joaquim Mendes Feliz,2.0,3.0,fase_0_7,13.0,1,-1.0,False,True
1041,0,2013.0,2023,Pública,Agata,6.724116667,,,3.0,Avaliador-15,,Avaliador-5,,Avaliador-2,,,,10.0,7.2,7.52,,3.3,1.8,4.7,,,8.003333333,5.0,,,,2023,7.8125,,,,1.0,2.0,fase_0_7,10.0,0,-1.0,False,True
1042,1,2013.0,2023,Pública,Quartzo,5.331166667,,,3.0,Avaliador-15,,Avaliador-4,,Avaliador-3,,,,0.0,6.5,3.77,,4.3,4.0,4.5,,,7.666666667,5.0,,,,2023,7.708333333,,,,1.0,2.0,fase_0_7,10.0,0,-1.0,False,True
1043,1,2013.0,2023,Pública,Agata,6.5447,,,3.0,Avaliador-15,,Avaliador-4,,Avaliador-3,,,,10.0,7.9,6.27,,2.5,2.0,3.0,,,7.833333333,5.0,,,,2023,7.708333333,,,,1.0,2.0,fase_0_7,10.0,0,-1.0,False,True
1043,1,2013.0,2023,Pública,Ametista,7.539847562500002,,,3.0,Avaliador-3,,Avaliador-16,,Avaliador-15,,,,10.002,7.994071146,7.51,,8.25,8.5,8.0,,,6.553333333,5.0,,,,2024,7.291666667,,,EE João Ortiz Rodrigues,1.0,2.0,fase_0_7,11.0,1,-1.0,False,True
1044,0,2013.0,2023,Pública,Ametista,7.629533333,,,3.0,Avaliador-15,,Avaliador-4,,Avaliador-3,,,,8.0,9.7,7.52,,6.1,4.5,7.7,,,8.336666667,5.0,,,,2023,7.5,,,,1.0,2.0,fase_0_7,10.0,0,-1.0,False,True
1044,0,2013.0,2023,Pública,Ametista,7.966711904800001,,,4.0,Avaliador-19,,Avaliador-16,,Avaliador-25,,Avaliador-2,,7.502,9.523809524,7.51,,7.0,7.0,7.0,,,7.21,10.0,,,,2024,7.1875,,,EE Olivia de Faria Nogueira,2.0,2.0,fase_0_7,11.0,1,0.0,False,False
1045,0,2012.0,2023,Pública,Topázio,8.089033333,,,3.0,Avaliador-15,,Avaliador-4,,Avaliador-3,,,,9.5,9.4,7.52,,7.9,6.8,9.0,,,8.28,5.0,,,,2023,7.708333333,,,,1.0,2.0,fase_0_7,11.0,0,-1.0,False,True
1046,1,2014.0,2023,Pública,Agata,6.835833333,,,3.0,Avaliador-15,,Avaliador-4,,Avaliador-3,,,,0.0,8.5,3.77,,6.3,6.3,6.3,,,8.223333333,10.0,,,,2023,8.541666667,,,,1.0,1.0,fase_0_7,9.0,0,0.0,False,False
1047,1,2014.0,2023,Pública,Ametista,7.848366667,,,3.0,Avaliador-15,,Avaliador-4,,Avaliador-3,,,,10.0,8.5,3.77,,6.9,5.8,8.0,,,7.893333333,10.0,,,,2023,8.125,,,,1.0,1.0,fase_0_7,9.0,0,0.0,False,False
1048,0,2013.0,2023,Privada,Ametista,7.811366667,,,3.0,Avaliador-15,,Avaliador-4,,Avaliador-3,,,,8.5,9.5,3.77,,8.2,7.5,8.8,,,8.5,5.0,,,,2023,8.541666667,,,,1.0,2.0,fase_0_7,10.0,0,-1.0,False,True
1048,0,2013.0,2023,Privada,Ametista,7.5198666666,,,3.0,Avaliador-19,,Avaliador-5,,Avaliador-2,,,,8.502,6.833333333500001,6.255,,6.25,6.5,6.0,,,8.283333333,10.0,,,,2024,7.708333333,,,Estuda em outra cidade,2.0,1.0,fase_0_7,11.0,1,1.0,False,False
1049,1,2013.0,2023,Pública,Ametista,7.443366667,,,3.0,Avaliador-15,,Avaliador-4,,Avaliador-3,,,,10.0,7.7,7.52,,6.3,5.5,7.0,,,7.943333333,5.0,,,,2023,8.125,,,,1.0,2.0,fase_0_7,10.0,0,-1.0,False,True
1049,1,2013.0,2023,Pública,Agata,6.821885606,,,4.0,Avaliador-16,,Avaliador-18,,Avaliador-15,,Avaliador-2,,9.502,8.03030303,7.51,,4.5,4.0,5.0,,,6.745,5.0,,,,2024,7.65625,,,EE João Ortiz Rodrigues,1.0,2.0,fase_0_7,11.0,1,-1.0,False,True
105,1,2005.0,2016,Rede Decisão,Ágata,6.846,47.0,10.0,4.0,Avaliador-6,Promovido de Fase + Bolsa,Avaliador-27,Mantido na Fase atual,Avaliador-30,Promovido de Fase,Avaliador-31,Promovido de Fase + Bolsa,7.9,8.2,5.6,Requer avaliação,6.7,7.2,6.2,6.8,Não,7.417,2.5,Destaque: A sua boa entrega das lições de casa.,Melhorar: Empenhar-se mais nas aulas e avaliações.,Melhorar: Integrar-se mais aos Princípios Passos Mágicos.,2022,7.826000000000004,,,,4.0,7.0,fase_0_7,17.0,6,-3.0,False,True
1050,1,2012.0,2023,Pública,Ametista,7.764366667,,,3.0,Avaliador-15,,Avaliador-4,,Avaliador-3,,,,9.0,9.2,6.27,,7.2,6.2,8.2,,,8.223333333,5.0,,,,2023,8.125,,,,1.0,2.0,fase_0_7,11.0,0,-1.0,False,True
1051,0,2014.0,2023,Pública,Topázio,8.534866667,,,3.0,Avaliador-15,,Avaliador-4,,Avaliador-3,,,,8.5,8.9,6.27,,8.4,7.0,9.8,,,8.613333333,10.0,,,,2023,8.75,,,,1.0,1.0,fase_0_7,9.0,0,0.0,False,False
1052,1,2014.0,2023,Pública,Agata,6.960333333,,,3.0,Avaliador-15,,Avaliador-4,,Avaliador-3,,,,0.0,9.0,7.52,,5.3,5.0,5.5,,,7.833333333,10.0,,,,2023,7.916666667,,,,1.0,1.0,fase_0_7,9.0,0,0.0,False,False
1052,1,2014.0,2023,Pública,Ametista,7.744032575800001,,,4.0,Avaliador-16,,Avaliador-18,,Avaliador-15,,Avaliador-2,,5.834,9.128787879,6.26,,8.25,8.5,8.0,,,8.4975,5.0,,,,2024,8.59375,,,EM Maria Ignez Concelles Irma Ines,1.0,2.0,fase_0_7,10.0,1,-1.0,True,True
1053,1,2014.0,2023,Pública,Ametista,7.776166667,,,3.0,Avaliador-19,,Avaliador-4,,Avaliador-2,,,,0.0,9.1,6.27,,8.6,7.8,9.3,,,8.616666667,10.0,,,,2023,8.958333333,,,,1.0,1.0,fase_0_7,9.0,0,0.0,False,False
1054,1,2010.0,2023,Pública,Ametista,7.459533333,,,3.0,Avaliador-19,,Avaliador-4,,Avaliador-2,,,,8.5,8.6,7.52,,6.6,5.0,8.2,,,7.836666667,5.0,,,,2023,7.5,,,,1.0,3.0,fase_0_7,13.0,0,-2.0,False,True
1054,1,2010.0,2023,Pública,Agata,6.985788509300001,,,4.0,Avaliador-19,,Avaliador-16,,Avaliador-25,,Avaliador-2,,9.502,7.3291925465,7.51,,6.25,6.0,6.5,,,6.75,5.0,,,,2024,7.1875,,,EE Leonice de Aquino Oliveira,2.0,3.0,fase_0_7,14.0,1,-1.0,False,True
1055,1,2012.0,2023,Pública,Quartzo,5.9765,,,3.0,Avaliador-19,,Avaliador-4,,Avaliador-2,,,,0.0,7.2,7.52,,5.5,6.0,5.0,,,7.276666667,5.0,,,,2023,7.291666667,,,,1.0,2.0,fase_0_7,11.0,0,-1.0,False,True
1055,1,2012.0,2023,Pública,Agata,6.403040909100001,,,4.0,Avaliador-16,,Avaliador-18,,Avaliador-15,,Avaliador-2,,10.002,5.7954545455,7.51,,5.5,4.0,7.0,,,5.87,5.0,,,,2024,7.1875,,,EE Loris Nassif Mattar Profa,1.0,3.0,fase_0_7,12.0,1,-2.0,False,True
1056,1,2014.0,2023,Pública,Topázio,8.551741667,,,3.0,Avaliador-15,,Avaliador-5,,Avaliador-2,,,,8.5,9.6,7.52,,8.1,7.8,8.3,,,8.113333333,10.0,,,,2023,7.96875,,,,1.0,1.0,fase_0_7,9.0,0,0.0,False,False
1056,1,2014.0,2023,Pública,Topázio,8.192009523800001,,,2.0,Avaliador-15,,Avaliador-2,,,,,,8.502,9.2857142855,7.51,,8.25,8.5,8.0,,,8.335,5.0,,,,2024,9.166666667,,,EM Amanda Consuelo da Cunha,1.0,2.0,fase_0_7,10.0,1,-1.0,False,True
1057,0,2014.0,2023,Pública,Topázio,8.4827,,,3.0,Avaliador-19,,Avaliador-4,,Avaliador-2,,,,10.0,10.0,7.52,,6.3,6.5,6.0,,,8.34,10.0,,,,2023,8.125,,,,1.0,1.0,fase_0_7,9.0,0,0.0,False,False
1057,0,2014.0,2023,Pública,Topázio,8.2352,,,2.0,Avaliador-15,,Avaliador-2,,,,,,10.002,10.0,6.26,,8.0,8.0,8.0,,,8.17,5.0,,,,2024,8.75,,,EE Helio Luiz Dobrochinski Prof,1.0,2.0,fase_0_7,10.0,1,-1.0,False,True
1058,0,2014.0,2023,Pública,Ametista,7.356533333,,,3.0,Avaliador-19,,Avaliador-4,,Avaliador-2,,,,10.0,8.7,3.14,,5.4,4.0,6.7,,,7.62,10.0,,,,2023,7.083333333,,,,1.0,1.0,fase_0_7,9.0,0,0.0,False,False
1058,0,2014.0,2023,Pública,Ametista,7.703347619,,,2.0,Avaliador-15,,Avaliador-2,,,,,,9.168,8.095238095,6.88,,7.75,7.5,8.0,,,8.085,5.0,,,,2024,8.125,,,EE Helio Luiz Dobrochinski Prof,1.0,2.0,fase_0_7,10.0,1,-1.0,False,True
1059,1,2013.0,2023,Pública,Ametista,7.763741667,,,3.0,Avaliador-15,,Avaliador-5,,Avaliador-2,,,,10.0,9.8,2.52,,7.6,6.2,9.0,,,8.673333333,5.0,,,,2023,7.96875,,,,1.0,2.0,fase_0_7,10.0,0,-1.0,False,True
1059,1,2013.0,2023,Pública,Topázio,8.678450000000002,,,3.0,Avaliador-20,,Avaliador-19,,Avaliador-2,,,,8.002,10.0,6.26,,7.5,7.5,7.5,,,9.23,10.0,,,,2024,9.0625,,,EE Helio Luiz Dobrochinski Prof,2.0,2.0,fase_0_7,11.0,1,0.0,True,False
106,0,2007.0,2016,Rede Decisão,Ametista,7.973,13.0,5.0,4.0,Avaliador-6,Promovido de Fase + Bolsa,Avaliador-27,Mantido na Fase atual,Avaliador-30,Promovido de Fase,Avaliador-31,Promovido de Fase + Bolsa,9.2,8.0,9.4,Sem limitações,7.4,7.8,7.2,7.2,Não,8.375,5.0,Destaque: A sua boa entrega das lições de casa.,Melhorar: Empenhar-se mais nas aulas e avaliações.,Destaque: A sua boa integração aos Princípios Passos Mágicos.,2022,8.579999999999997,,,,4.0,5.0,fase_0_7,15.0,6,-1.0,True,True
106,0,2007.0,2016,Privada - Programa de Apadrinhamento,Ametista,7.769658333,,,4.0,Avaliador-24,,Avaliador-7,,Avaliador-23,,Avaliador-8,,7.9,9.1,5.0,,7.3,6.7,6.8,8.3,,7.5075,10.0,,,,2023,7.03125,,,,5.0,5.0,fase_0_7,16.0,7,0.0,False,False
106,0,2007.0,2021,Privada - Programa de Apadrinhamento,Ametista,7.721664285733334,,,5.0,Avaliador-23,,Avaliador-24,,Avaliador-1,,Avaliador-26,,9.168,8.761904762,5.635,,5.666666666666667,7.0,3.5,6.5,,7.872,10.0,,,,2024,7.8125,Avaliador-7,,Colégio Arco Íris Evolução,6.0,6.0,fase_0_7,17.0,3,0.0,False,False
1060,1,2012.0,2023,Pública,Ametista,7.095741667,,,3.0,Avaliador-15,,Avaliador-5,,Avaliador-2,,,,9.0,8.6,3.14,,5.7,4.3,7.0,,,8.673333333,5.0,,,,2023,7.96875,,,,1.0,2.0,fase_0_7,11.0,0,-1.0,False,True
1060,1,2012.0,2023,Pública,Agata,6.448416666600001,,,3.0,Avaliador-20,,Avaliador-19,,Avaliador-2,,,,9.585,6.0,6.26,,3.25,3.5,3.0,,,6.163333333,10.0,,,,2024,7.8125,,,EE Donizetti Aparecido Leite Professor,2.0,2.0,fase_0_7,12.0,1,0.0,False,False
1061,1,2013.0,2023,Pública,Topázio,8.196533333,,,3.0,Avaliador-15,,Avaliador-5,,Avaliador-2,,,,9.5,9.7,3.14,,9.3,8.8,9.7,,,8.836666667,5.0,,,,2023,8.75,,,,1.0,2.0,fase_0_7,10.0,0,-1.0,False,True
1061,1,2013.0,2023,Pública,Topázio,8.76595,,,3.0,Avaliador-20,,Avaliador-19,,Avaliador-2,,,,8.502,10.0,6.26,,8.5,7.0,10.0,,,8.73,10.0,,,,2024,8.4375,,,EE Helio Luiz Dobrochinski Prof,2.0,2.0,fase_0_7,11.0,1,0.0,True,False
1062,1,2014.0,2023,Pública,Ametista,7.448841667,,,3.0,Avaliador-15,,Avaliador-5,,Avaliador-2,,,,7.4,7.7,3.77,,6.2,4.8,7.5,,,8.503333333,10.0,,,,2023,8.59375,,,,1.0,1.0,fase_0_7,9.0,0,0.0,False,False
1062,1,2014.0,2023,Pública,Ametista,7.6147238096,,,2.0,Avaliador-15,,Avaliador-2,,,,,,8.002,9.047619048,5.63,,7.25,6.5,8.0,,,8.085,5.0,,,,2024,8.75,,,EM Alfredo Schunk,1.0,2.0,fase_0_7,10.0,1,-1.0,False,True
1063,1,2012.0,2023,Privada - Programa de Apadrinhamento,Ametista,7.490825,,,3.0,Avaliador-15,,Avaliador-5,,Avaliador-2,,,,9.5,9.5,7.52,,5.9,4.7,7.0,,,7.89,5.0,,,,2023,6.40625,,,,1.0,2.0,fase_0_7,11.0,0,-1.0,False,True
1063,1,2012.0,2023,Pública,Ametista,7.279250000000001,,,3.0,Avaliador-20,,Avaliador-19,,Avaliador-2,,,,5.25,9.75,7.51,,7.75,9.0,6.5,,,6.11,5.0,,,,2024,7.8125,,,EE Donizetti Aparecido Leite Professor,2.0,3.0,fase_0_7,12.0,1,-1.0,False,True
1064,1,2013.0,2023,Pública,Topázio,8.4777,,,3.0,Avaliador-15,,Avaliador-5,,Avaliador-2,,,,8.5,9.8,7.52,,8.6,8.3,8.8,,,8.84,5.0,,,,2023,9.375,,,,1.0,2.0,fase_0_7,10.0,0,-1.0,False,True
1064,1,2013.0,2023,Pública,Topázio,8.9802350877,,,3.0,Avaliador-20,,Avaliador-19,,Avaliador-2,,,,9.502,9.7368421055,7.51,,8.5,8.0,9.0,,,8.783333333,10.0,,,,2024,8.75,,,EE Helio Luiz Dobrochinski Prof,2.0,2.0,fase_0_7,11.0,1,0.0,True,False
1065,0,2013.0,2023,Pública,Topázio,8.03395,,,3.0,Avaliador-15,,Avaliador-5,,Avaliador-2,,,,8.5,9.6,7.52,,7.0,7.7,6.3,,,8.84,5.0,,,,2023,8.4375,,,,1.0,2.0,fase_0_7,10.0,0,-1.0,False,True
1065,0,2013.0,2023,Pública,Topázio,8.8634934783,,,3.0,Avaliador-20,,Avaliador-19,,Avaliador-2,,,,9.502,8.8152173915,6.26,,9.25,9.0,9.5,,,8.84,10.0,,,,2024,9.0625,,,EE Helio Luiz Dobrochinski Prof,2.0,2.0,fase_0_7,11.0,1,0.0,True,False
1066,0,2013.0,2023,Pública,Ametista,7.262616667,,,3.0,Avaliador-15,,Avaliador-5,,Avaliador-2,,,,8.5,6.6,7.52,,6.2,4.2,8.2,,,8.783333333,5.0,,,,2023,8.4375,,,,1.0,2.0,fase_0_7,10.0,0,-1.0,False,True
1066,0,2013.0,2023,Pública,Ametista,7.9326223603,,,3.0,Avaliador-19,,Avaliador-25,,Avaliador-2,,,,9.502,8.3954451345,6.26,,7.25,7.0,7.5,,,7.386666667,10.0,,,,2024,7.5,,,EM Cecilia Cristina de Oliveira Rodrigues,2.0,2.0,fase_0_7,11.0,1,0.0,False,False
1067,1,2013.0,2023,Pública,Agata,6.541458333,,,3.0,Avaliador-15,,Avaliador-5,,Avaliador-2,,,,0.0,7.9,7.52,,5.4,4.5,6.3,,,9.006666667,5.0,,,,2023,8.28125,,,,1.0,2.0,fase_0_7,10.0,0,-1.0,True,True
1067,1,2013.0,2023,Pública,Ametista,7.840033333300001,,,2.0,Avaliador-15,,Avaliador-2,,,,,,10.002,8.333333332999999,7.51,,6.75,6.5,7.0,,,8.59,5.0,,,,2024,8.541666667,,,EM Cecilia Cristina de Oliveira Rodrigues,1.0,2.0,fase_0_7,11.0,1,-1.0,True,True
1068,1,2013.0,2023,Pública,Topázio,8.472533333,,,3.0,Avaliador-15,,Avaliador-5,,Avaliador-2,,,,8.5,9.3,6.89,,9.0,8.3,9.7,,,9.283333333,5.0,,,,2023,9.166666667,,,,1.0,2.0,fase_0_7,10.0,0,-1.0,True,True
1068,1,2013.0,2023,Pública,Topázio,9.0150030303,,,3.0,Avaliador-19,,Avaliador-25,,Avaliador-2,,,,9.502,9.068181818,7.51,,9.5,9.0,10.0,,,8.73,10.0,,,,2024,8.541666667,,,EE Maria André Schunck Dona,2.0,2.0,fase_0_7,11.0,1,0.0,True,False
1069,1,2012.0,2023,Pública,Ametista,7.590033333,,,3.0,Avaliador-15,,Avaliador-5,,Avaliador-2,,,,9.0,7.8,7.52,,7.1,7.5,6.7,,,8.226666667,5.0,,,,2023,8.125,,,,1.0,2.0,fase_0_7,11.0,0,-1.0,False,True
1069,1,2012.0,2023,Pública,Ametista,7.678917391300001,,,4.0,Avaliador-17,,Avaliador-19,,Avaliador-25,,Avaliador-2,,9.002,7.0760869565,7.51,,6.25,7.0,5.5,,,7.75,10.0,,,,2024,8.125,,,EE Maria André Schunck Dona,2.0,2.0,fase_0_7,12.0,1,0.0,False,False
107,0,2007.0,2018,Escola Pública,Ágata,6.258,63.0,12.0,4.0,Avaliador-6,Promovido de Fase,Avaliador-27,Mantido na Fase atual,Avaliador-30,Promovido de Fase,Avaliador-31,Promovido de Fase + Bolsa,7.5,6.4,7.5,Sem limitações,4.6,3.3,4.3,6.0,Sim,6.5,5.0,Melhorar: Melhorar a sua entrega de lições de casa.,Melhorar: Empenhar-se mais nas aulas e avaliações.,Melhorar: Integrar-se mais aos Princípios Passos Mágicos.,2022,7.58,,,,4.0,5.0,fase_0_7,15.0,4,-1.0,False,True
107,0,2007.0,2018,Pública,Agata,6.845208333,,,4.0,Avaliador-32,,Avaliador-5,,Avaliador-23,,Avaliador-8,,0.0,8.5,5.0,,7.0,6.0,5.2,9.7,,7.5875,10.0,,,,2023,7.34375,,,,5.0,5.0,fase_0_7,16.0,5,0.0,False,False
107,0,2007.0,2021,Pública,Agata,6.676130827066667,,,5.0,Avaliador-23,,Avaliador-26,,Avaliador-22,,Avaliador-1,,7.5,7.9949874686666655,7.51,,4.666666666666667,0.0,4.5,9.5,,6.964,5.0,,,,2024,7.5,Avaliador-5,,EE Mario Francisco de Amorim,5.0,6.0,fase_0_7,17.0,3,-1.0,False,True
1070,1,2012.0,2023,Pública,Agata,6.939033333,,,3.0,Avaliador-15,,Avaliador-5,,Avaliador-2,,,,9.0,7.8,3.14,,5.8,5.3,6.3,,,8.67,5.0,,,,2023,7.708333333,,,,1.0,2.0,fase_0_7,11.0,0,-1.0,False,True
1070,1,2012.0,2023,Pública,Agata,6.287171861500001,,,4.0,Avaliador-3,,Avaliador-18,,Avaliador-17,,Avaliador-15,,9.002,9.3073593075,5.635,,2.25,4.5,0.0,,,6.6225,5.0,,,,2024,6.875,,,EE Donizetti Aparecido Leite Professor,1.0,2.0,fase_0_7,12.0,1,-1.0,False,True
1071,1,2012.0,2023,Pública,Agata,6.414033333,,,3.0,Avaliador-15,,Avaliador-5,,Avaliador-2,,,,9.0,8.6,7.52,,3.5,1.7,5.3,,,6.396666667,5.0,,,,2023,5.625,,,,1.0,2.0,fase_0_7,11.0,0,-1.0,False,True
1071,1,2012.0,2023,Pública,Quartzo,4.8048623378,,,3.0,Avaliador-19,,Avaliador-25,,Avaliador-2,,,,8.002,4.188311688500001,7.51,,4.5,4.0,5.0,,,2.996666667,5.0,,,,2024,4.166666667,,,EE Maria André Schunck Dona,2.0,3.0,fase_0_7,12.0,1,-1.0,False,True
1072,1,2011.0,2023,Pública,Topázio,8.0152,,,3.0,Avaliador-15,,Avaliador-5,,Avaliador-2,,,,9.0,8.6,5.0,,6.7,5.2,8.2,,,8.7125,10.0,,,,2023,8.125,,,,2.0,2.0,fase_0_7,12.0,0,0.0,False,False
1072,1,2011.0,2023,Pública,Ametista,7.8153856754,,,4.0,Avaliador-21,,Avaliador-26,,Avaliador-23,,Avaliador-5,,8.751,5.627886710333333,8.755,,8.166666666666666,8.0,7.0,9.5,,7.545,10.0,,,,2024,7.96875,,,EE Leonice de Aquino Oliveira,3.0,3.0,fase_0_7,13.0,1,0.0,False,False
1073,0,2011.0,2023,Pública,Agata,6.384333333,,,3.0,Avaliador-15,,Avaliador-5,,Avaliador-2,,,,0.0,8.8,2.52,,6.2,4.8,7.5,,,9.045,5.0,,,,2023,8.333333333,,,,2.0,3.0,fase_0_7,12.0,0,-1.0,True,True
1073,0,2011.0,2022,Pública,Ametista,7.0859945773333335,,,4.0,Avaliador-21,,Avaliador-26,,Avaliador-23,,Avaliador-5,,9.168,6.370972886666667,7.5,,6.5,6.5,5.0,8.0,,5.7875,10.0,,,,2024,6.875,,,EE Mario Francisco de Amorim,3.0,3.0,fase_0_7,13.0,2,0.0,False,False
1074,0,2010.0,2023,Pública,Agata,6.195833333,,,3.0,Avaliador-15,,Avaliador-5,,Avaliador-2,,,,0.0,9.8,2.52,,6.0,8.0,4.0,,,7.8775,5.0,,,,2023,7.083333333,,,,2.0,3.0,fase_0_7,13.0,0,-1.0,False,True
1075,0,2010.0,2023,Pública,Agata,6.591333333,,,3.0,Avaliador-15,,Avaliador-5,,Avaliador-2,,,,0.0,9.6,5.0,,5.5,5.0,6.0,,,9.0025,5.0,,,,2023,7.708333333,,,,2.0,3.0,fase_0_7,13.0,0,-1.0,True,True
1075,0,2010.0,2023,Pública,Agata,6.8100812324,,,3.0,Avaliador-19,,Avaliador-5,,Avaliador-2,,,,7.5,8.5154061625,3.755,,6.0,5.0,7.0,,,7.553333333,5.0,,,,2024,7.708333333,,,EE Leonice de Aquino Oliveira,2.0,3.0,fase_0_7,14.0,1,-1.0,False,True
1076,0,2011.0,2023,Pública,Ametista,7.901033333,,,3.0,Avaliador-15,,Avaliador-5,,Avaliador-2,,,,9.0,9.7,2.52,,8.5,9.0,8.0,,,8.8775,5.0,,,,2023,8.333333333,,,,2.0,3.0,fase_0_7,12.0,0,-1.0,False,True
1076,0,2011.0,2021,Pública,Ametista,7.479598365200001,,,4.0,Avaliador-21,,Avaliador-26,,Avaliador-23,,Avaliador-5,,8.334,7.777033492666668,8.125,,6.333333333333333,5.5,6.5,7.0,,6.5425,10.0,,,,2024,7.03125,,,EE Mario Francisco de Amorim,3.0,3.0,fase_0_7,13.0,3,0.0,False,False
1077,1,2012.0,2023,Pública,Ametista,7.2115,,,3.0,Avaliador-15,,Avaliador-5,,Avaliador-2,,,,0.0,9.7,2.52,,7.3,6.8,7.8,,,8.4225,10.0,,,,2023,8.75,,,,2.0,2.0,fase_0_7,11.0,0,0.0,False,False
1077,1,2012.0,2023,Pública,Quartzo,5.543865740733334,,,4.0,Avaliador-22,,Avaliador-23,,Avaliador-26,,Avaliador-5,,0.0,7.703703703666666,6.885,,2.0,0.0,6.0,0.0,,6.37,10.0,,,,2024,6.40625,,,EE Alexandre Rodrigues Nogueira,3.0,3.0,fase_0_7,12.0,1,0.0,False,False
1078,1,2009.0,2023,Pública,Agata,6.472333333,,,3.0,Avaliador-15,,Avaliador-5,,Avaliador-2,,,,5.3,6.8,2.52,,6.4,4.3,8.5,,,8.2975,5.0,,,,2023,8.958333333,,,,2.0,4.0,fase_0_7,14.0,0,-2.0,False,True
1079,1,2010.0,2023,Pública,Agata,6.916533333,,,3.0,Avaliador-15,,Avaliador-5,,Avaliador-2,,,,9.0,8.1,2.52,,7.6,7.3,7.8,,,7.13,5.0,,,,2023,7.083333333,,,,2.0,3.0,fase_0_7,13.0,0,-1.0,False,True
1079,1,2010.0,2023,Pública,Quartzo,5.4253413299333335,,,4.0,Avaliador-21,,Avaliador-26,,Avaliador-23,,Avaliador-5,,7.5,4.516498316333333,2.51,,6.333333333333333,5.0,7.5,6.5,,4.1625,10.0,,,,2024,4.21875,,,EE Alexandre Rodrigues Nogueira,3.0,3.0,fase_0_7,14.0,1,0.0,False,False
108,0,2005.0,2019,Escola Pública,Quartzo,5.547,72.0,15.0,4.0,Avaliador-6,Mantido na Fase atual,Avaliador-27,Mantido na Fase atual,Avaliador-30,Promovido de Fase,Avaliador-31,Promovido de Fase,4.6,7.7,5.0,Não indicado,5.0,3.0,5.8,6.2,Não,6.125,2.5,Destaque: A sua boa entrega das lições de casa.,Melhorar: Empenhar-se mais nas aulas e avaliações.,Melhorar: Integrar-se mais aos Princípios Passos Mágicos.,2022,5.720000000000001,,,,4.0,7.0,fase_0_7,17.0,3,-3.0,False,True
108,0,2005.0,2019,Concluiu o 3º EM,Quartzo,4.9308,,,4.0,Avaliador-24,,Avaliador-7,,Avaliador-23,,Avaliador-8,,5.8,7.3,2.52,,2.9,2.7,3.2,2.8,,5.59,5.0,,,,2023,4.375,,,,5.0,7.0,fase_0_7,18.0,4,-2.0,False,True
1080,1,2011.0,2023,Pública,Agata,6.571966667,,,3.0,Avaliador-15,,Avaliador-5,,Avaliador-2,,,,7.9,10.0,5.0,,1.5,0.0,3.0,,,8.13,5.0,,,,2023,8.541666667,,,,2.0,3.0,fase_0_7,12.0,0,-1.0,False,True
1081,0,2009.0,2023,Pública,Ametista,7.666033333,,,3.0,Avaliador-15,,Avaliador-5,,Avaliador-2,,,,10.0,10.0,2.52,,6.5,8.0,5.0,,,8.59,5.0,,,,2023,8.958333333,,,,2.0,4.0,fase_0_7,14.0,0,-2.0,False,True
1081,0,2009.0,2023,Privada - Programa de Apadrinhamento,Topázio,8.5452952381,,,3.0,Avaliador-21,,Avaliador-23,,Avaliador-17,,,,6.667,9.523809523666666,5.005,,8.833333333333334,9.5,8.0,9.0,,8.95,10.0,,,,2024,9.166666667,,,Colégio Arco Íris Evolução,4.0,4.0,fase_0_7,15.0,1,0.0,True,False
1082,0,2011.0,2023,Pública,Ametista,7.1617,,,3.0,Avaliador-15,,Avaliador-5,,Avaliador-2,,,,9.5,9.5,2.52,,5.0,3.5,6.5,,,8.4225,5.0,,,,2023,8.75,,,,2.0,3.0,fase_0_7,12.0,0,-1.0,False,True
1082,0,2011.0,2023,Pública,Agata,6.6114857142,,,3.0,Avaliador-19,,Avaliador-5,,Avaliador-2,,,,7.502,7.5714285715,10.0,,3.75,2.0,5.5,,,6.943333333,5.0,,,,2024,7.083333333,,,EE Leonice de Aquino Oliveira,2.0,3.0,fase_0_7,13.0,1,-1.0,False,True
1083,0,2013.0,2023,Pública,Topázio,8.2345,,,3.0,Avaliador-15,,Avaliador-5,,Avaliador-2,,,,6.8,10.0,5.0,,7.5,7.0,8.0,,,8.38,10.0,,,,2023,8.75,,,,2.0,2.0,fase_0_7,10.0,0,0.0,False,False
1084,0,2012.0,2023,Pública,Ametista,7.9948,,,3.0,Avaliador-15,,Avaliador-5,,Avaliador-2,,,,8.4,10.0,2.52,,6.8,5.0,8.5,,,8.38,10.0,,,,2023,8.75,,,,2.0,2.0,fase_0_7,11.0,0,0.0,False,False
1084,0,2012.0,2023,Pública,Agata,6.9071109649333335,,,4.0,Avaliador-21,,Avaliador-26,,Avaliador-23,,Avaliador-5,,8.751,7.705263158,5.63,,3.6666666666666665,1.0,6.0,4.0,,7.4575,10.0,,,,2024,7.03125,,,EE Leonice de Aquino Oliveira,3.0,3.0,fase_0_7,12.0,1,0.0,False,False
1085,0,2011.0,2023,Pública,Agata,6.563833333,,,3.0,Avaliador-15,,Avaliador-5,,Avaliador-2,,,,0.0,9.8,2.52,,6.7,6.0,7.3,,,8.13,5.0,,,,2023,8.958333333,,,,2.0,3.0,fase_0_7,12.0,0,-1.0,False,True
1086,0,2011.0,2023,Pública,Ametista,7.2382,,,3.0,Avaliador-15,,Avaliador-5,,Avaliador-2,,,,8.5,9.4,2.52,,5.7,6.0,5.3,,,8.755,5.0,,,,2023,8.75,,,,2.0,3.0,fase_0_7,12.0,0,-1.0,False,True
1087,0,2011.0,2023,Pública,Ametista,7.2067,,,3.0,Avaliador-15,,Avaliador-5,,Avaliador-2,,,,10.0,9.5,2.52,,5.4,3.7,7.0,,,8.0475,5.0,,,,2023,8.75,,,,2.0,3.0,fase_0_7,12.0,0,-1.0,False,True
1087,0,2011.0,2023,Pública,Agata,6.913936532,,,4.0,Avaliador-21,,Avaliador-26,,Avaliador-23,,Avaliador-5,,7.917,8.393265993333333,8.755,,2.6666666666666665,2.0,5.0,1.0,,6.58,10.0,,,,2024,7.1875,,,EE Mario Francisco de Amorim,3.0,3.0,fase_0_7,13.0,1,0.0,False,False
1088,1,2010.0,2023,Pública,Ametista,7.4717,,,3.0,Avaliador-15,,Avaliador-5,,Avaliador-2,,,,9.5,9.8,2.52,,6.8,6.0,7.5,,,7.9225,5.0,,,,2023,8.75,,,,2.0,3.0,fase_0_7,13.0,0,-1.0,False,True
1089,0,2012.0,2023,Pública,Ametista,7.9947,,,3.0,Avaliador-15,,Avaliador-5,,Avaliador-2,,,,9.0,9.5,2.52,,7.0,6.0,8.0,,,8.3375,10.0,,,,2023,8.75,,,,2.0,2.0,fase_0_7,11.0,0,0.0,False,False
1089,0,2012.0,2023,Pública,Ametista,7.6221531746,,,4.0,Avaliador-22,,Avaliador-23,,Avaliador-26,,Avaliador-5,,9.168,7.039682539666667,8.13,,6.833333333333333,6.0,6.0,8.5,,6.995,10.0,,,,2024,7.1875,,,EE Bairro Boa Vista,3.0,3.0,fase_0_7,12.0,1,0.0,False,False
109,1,2006.0,2021,Rede Decisão,Topázio,8.512,4.0,2.0,4.0,Avaliador-6,Promovido de Fase + Bolsa,Avaliador-27,Mantido na Fase atual,Avaliador-30,Promovido de Fase,Avaliador-31,Promovido de Fase + Bolsa,8.8,10.0,8.8,Sem limitações,8.4,7.8,7.5,9.9,Não,8.667,5.0,Destaque: A sua boa entrega das lições de casa.,Destaque: As suas boas notas na Passos Mágicos.,Destaque: A sua boa integração aos Princípios Passos Mágicos.,2022,8.386000000000013,,,,4.0,6.0,fase_0_7,16.0,1,-2.0,True,True
109,1,2006.0,2021,Privada - Programa de Apadrinhamento,Topázio,8.3184,,,4.0,Avaliador-24,,Avaliador-7,,Avaliador-23,,Avaliador-8,,8.3,9.9,7.52,,8.3,7.0,8.2,9.7,,8.59,5.0,,,,2023,8.75,,,,6.0,7.0,fase_0_7,17.0,2,-1.0,False,True
1090,1,2010.0,2023,Pública,Ametista,7.844033333,,,3.0,Avaliador-15,,Avaliador-5,,Avaliador-2,,,,9.0,9.6,2.52,,9.0,8.7,9.3,,,7.88,5.0,,,,2023,8.958333333,,,,2.0,3.0,fase_0_7,13.0,0,-1.0,False,True
1090,1,2010.0,2023,Pública,Ametista,7.7652831384,,,4.0,Avaliador-22,,Avaliador-23,,Avaliador-26,,Avaliador-5,,9.585,7.621832358666666,7.51,,6.333333333333333,3.5,7.5,8.0,,7.4175,10.0,,,,2024,7.8125,,,EE Alexandre Rodrigues Nogueira,3.0,3.0,fase_0_7,14.0,1,0.0,False,False
1091,1,2011.0,2023,Pública,Topázio,8.032533333,,,3.0,Avaliador-15,,Avaliador-5,,Avaliador-2,,,,8.5,9.0,2.52,,9.5,9.3,9.7,,,9.1725,5.0,,,,2023,8.958333333,,,,2.0,3.0,fase_0_7,12.0,0,-1.0,True,True
1092,1,2011.0,2023,Pública,Ametista,7.41,,,3.0,Avaliador-15,,Avaliador-5,,Avaliador-2,,,,7.8,9.8,2.52,,6.9,6.0,7.8,,,8.2975,5.0,,,,2023,8.75,,,,2.0,3.0,fase_0_7,12.0,0,-1.0,False,True
1093,1,2012.0,2023,Pública,Topázio,8.197533333,,,3.0,Avaliador-15,,Avaliador-5,,Avaliador-2,,,,7.0,9.3,2.52,,9.2,9.3,9.0,,,8.2975,10.0,,,,2023,8.958333333,,,,2.0,2.0,fase_0_7,11.0,0,0.0,False,False
1093,1,2012.0,2023,Pública,Topázio,8.5079027778,,,4.0,Avaliador-22,,Avaliador-23,,Avaliador-26,,Avaliador-5,,7.5,7.722222222333333,8.13,,8.666666666666666,8.5,8.0,9.5,,8.8825,10.0,,,,2024,8.90625,,,EE Mario Francisco de Amorim,3.0,3.0,fase_0_7,12.0,1,0.0,True,False
1094,0,2011.0,2023,Pública,Topázio,8.1779,,,3.0,Avaliador-15,,Avaliador-5,,Avaliador-2,,,,7.8,9.5,2.52,,8.5,7.8,9.2,,,8.3375,10.0,,,,2023,8.75,,,,2.0,2.0,fase_0_7,12.0,0,0.0,False,False
1094,0,2011.0,2023,Pública,Topázio,8.0164785714,,,4.0,Avaliador-22,,Avaliador-23,,Avaliador-26,,Avaliador-5,,9.168,9.523809523666666,2.51,,7.333333333333333,6.0,7.5,8.5,,8.1675,10.0,,,,2024,8.4375,,,EE Leonice de Aquino Oliveira,3.0,3.0,fase_0_7,13.0,1,0.0,False,False
1095,1,2010.0,2023,Pública,Agata,6.238,,,3.0,Avaliador-15,,Avaliador-5,,Avaliador-2,,,,0.0,9.8,2.52,,5.3,5.8,4.7,,,8.005,5.0,,,,2023,8.75,,,,2.0,3.0,fase_0_7,13.0,0,-1.0,False,True
1095,1,2010.0,2023,Pública,Agata,6.108547514666667,,,4.0,Avaliador-22,,Avaliador-23,,Avaliador-26,,Avaliador-5,,7.5,7.84502924,7.51,,2.333333333333333,3.0,2.0,2.0,,5.125,10.0,,,,2024,5.46875,,,EE Mario Francisco de Amorim,3.0,3.0,fase_0_7,14.0,1,0.0,False,False
1096,0,2012.0,2023,Pública,Topázio,8.615533333,,,3.0,Avaliador-15,,Avaliador-5,,Avaliador-2,,,,9.5,9.9,2.52,,9.6,9.5,9.7,,,8.0875,10.0,,,,2023,8.958333333,,,,2.0,2.0,fase_0_7,11.0,0,0.0,False,False
1096,0,2012.0,2023,Pública,Topázio,9.189883333333334,,,4.0,Avaliador-21,,Avaliador-26,,Avaliador-23,,Avaliador-5,,9.168,9.866666666666667,8.755,,8.5,8.5,7.0,10.0,,9.09,10.0,,,,2024,9.0625,,,EE Leonice de Aquino Oliveira,3.0,2.0,fase_0_7,12.0,1,1.0,True,False
1097,1,2009.0,2023,Pública,Agata,6.9547,,,3.0,Avaliador-15,,Avaliador-5,,Avaliador-2,,,,9.5,8.6,5.0,,5.4,4.3,6.5,,,6.96,5.0,,,,2023,8.125,,,,2.0,4.0,fase_0_7,14.0,0,-2.0,False,True
1097,1,2009.0,2023,Pública,Quartzo,5.475324895633334,,,3.0,Avaliador-21,,Avaliador-23,,Avaliador-26,,,,10.002,4.849791144666667,6.25,,3.0,4.5,4.5,0.0,,5.88,5.0,,,,2024,6.041666667,,,EE Paschoal Carlos Magno,3.0,4.0,fase_0_7,15.0,1,-1.0,False,True
1098,0,2010.0,2023,Pública,Ametista,7.2787,,,3.0,Avaliador-15,,Avaliador-5,,Avaliador-2,,,,9.5,9.5,2.52,,6.4,6.3,6.5,,,7.92,5.0,,,,2023,8.125,,,,2.0,3.0,fase_0_7,13.0,0,-1.0,False,True
1098,0,2010.0,2023,Pública,Agata,6.5744562514,,,4.0,Avaliador-22,,Avaliador-23,,Avaliador-26,,Avaliador-5,,8.751,5.822406257,7.51,,3.5,1.0,3.5,6.0,,6.7475,10.0,,,,2024,7.34375,,,EE Alexandre Rodrigues Nogueira,3.0,3.0,fase_0_7,14.0,1,0.0,False,False
1099,0,2010.0,2023,Pública,Ametista,7.113533333,,,3.0,Avaliador-15,,Avaliador-5,,Avaliador-2,,,,9.0,9.6,2.52,,5.2,5.7,4.7,,,8.34,5.0,,,,2023,8.333333333,,,,2.0,3.0,fase_0_7,13.0,0,-1.0,False,True
1099,0,2010.0,2023,Pública,Ametista,7.332483333333334,,,4.0,Avaliador-21,,Avaliador-16,,Avaliador-26,,Avaliador-7,,8.334,8.133333333333333,10.0,,3.8333333333333335,2.5,3.5,5.5,,6.6225,10.0,,,,2024,7.8125,,,EE Leonice de Aquino Oliveira,3.0,3.0,fase_0_7,14.0,1,0.0,False,False
11,0,2004.0,2016,Escola Pública,Quartzo,5.323,19.0,11.0,4.0,Avaliador-5,Promovido de Fase,Avaliador-27,Mantido na Fase atual,Avaliador-28,Mantido na Fase atual,Avaliador-31,Mantido na Fase atual,9.2,4.2,5.0,Requer avaliação,3.0,1.8,2.5,4.5,Não,6.389,5.0,Melhorar: Melhorar a sua entrega de lições de casa.,Melhorar: Empenhar-se mais nas aulas e avaliações.,Melhorar: Integrar-se mais aos Princípios Passos Mágicos.,2022,6.852,,,,7.0,8.0,fase_0_7,18.0,6,-1.0,False,True
110,1,2008.0,2017,Rede Decisão,Topázio,8.15,10.0,3.0,4.0,Avaliador-6,Promovido de Fase + Bolsa,Avaliador-27,Mantido na Fase atual,Avaliador-30,Mantido na Fase atual,Avaliador-31,Promovido de Fase + Bolsa,9.2,9.7,5.6,Requer avaliação,6.7,8.3,5.7,6.0,Não,8.0,10.0,Destaque: A sua boa entrega das lições de casa.,Melhorar: Empenhar-se mais nas aulas e avaliações.,Destaque: A sua boa integração aos Princípios Passos Mágicos.,2022,7.900000000000009,,,,4.0,4.0,fase_0_7,14.0,5,0.0,False,False
110,1,2008.0,2017,Privada - Programa de Apadrinhamento,Topázio,8.0879,,,4.0,Avaliador-24,,Avaliador-7,,Avaliador-23,,Avaliador-8,,8.3,8.6,5.0,,7.5,8.3,6.2,8.0,,8.2975,10.0,,,,2023,8.75,,,,5.0,5.0,fase_0_7,15.0,6,0.0,False,False
110,1,2008.0,2021,Privada - Programa de Apadrinhamento,Topázio,8.6324939394,,,5.0,Avaliador-23,,Avaliador-24,,Avaliador-26,,Avaliador-1,,9.168,9.696969697,6.255,,8.5,10.0,7.0,8.5,,8.504,10.0,,,,2024,7.5,Avaliador-7,,Colégio Arco Íris Evolução,5.0,5.0,fase_0_7,16.0,3,0.0,True,False
1100,1,2012.0,2023,Pública,Topázio,8.261033333,,,3.0,Avaliador-15,,Avaliador-5,,Avaliador-2,,,,10.0,9.2,5.0,,7.1,6.3,7.8,,,8.283333333,10.0,,,,2023,8.541666667,,,,2.0,2.0,fase_0_7,11.0,0,0.0,False,False
1100,1,2012.0,2023,Pública,Agata,6.649708333333334,,,4.0,Avaliador-21,,Avaliador-16,,Avaliador-26,,Avaliador-7,,7.5,7.1000000000000005,7.51,,4.666666666666667,4.0,4.0,6.0,,5.6175,10.0,,,,2024,6.71875,,,EE João Ortiz Rodrigues,3.0,2.0,fase_0_7,12.0,1,1.0,False,False
1101,1,2013.0,2023,Pública,Agata,6.446666667,,,3.0,Avaliador-15,,Avaliador-5,,Avaliador-2,,,,0.0,7.2,5.0,,5.3,4.2,6.3,,,8.116666667,10.0,,,,2023,8.333333333,,,,2.0,2.0,fase_0_7,10.0,0,0.0,False,False
1102,1,2012.0,2023,Pública,Topázio,8.123033333,,,3.0,Avaliador-15,,Avaliador-5,,Avaliador-2,,,,9.5,9.5,5.0,,7.5,5.7,9.2,,,7.56,10.0,,,,2023,7.708333333,,,,2.0,2.0,fase_0_7,11.0,0,0.0,False,False
1102,1,2012.0,2023,Pública,Topázio,8.440611904733334,,,5.0,Avaliador-16,,Avaliador-26,,Avaliador-22,,Avaliador-10,,8.751,9.390476190333333,8.13,,9.333333333333334,10.0,8.0,10.0,,7.07,10.0,,,,2024,5.9375,Avaliador-25,,EE Leonice de Aquino Oliveira,3.0,2.0,fase_0_7,12.0,1,1.0,False,False
1103,1,2012.0,2023,Pública,Ametista,7.574866667,,,3.0,Avaliador-15,,Avaliador-5,,Avaliador-2,,,,9.0,8.7,5.0,,5.0,4.5,5.5,,,8.006666667,10.0,,,,2023,8.333333333,,,,2.0,2.0,fase_0_7,11.0,0,0.0,False,False
1103,1,2012.0,2023,Pública,Ametista,7.861995031000001,,,4.0,Avaliador-19,,Avaliador-17,,Avaliador-25,,Avaliador-2,,8.502,7.763975155000001,7.51,,7.25,6.0,8.5,,,7.54,10.0,,,,2024,7.5,,,EE Loris Nassif Mattar Profa,2.0,2.0,fase_0_7,12.0,1,0.0,False,False
1104,0,2010.0,2023,Pública,Ametista,7.265533333,,,3.0,Avaliador-15,,Avaliador-5,,Avaliador-2,,,,5.7,10.0,2.52,,6.4,5.5,7.3,,,9.063333333,5.0,,,,2023,8.541666667,,,,2.0,3.0,fase_0_7,13.0,0,-1.0,True,True
1105,0,2010.0,2023,Pública,Agata,6.299166667,,,3.0,Avaliador-15,,Avaliador-5,,Avaliador-2,,,,0.0,9.0,2.52,,6.0,5.0,7.0,,,8.673333333,5.0,,,,2023,8.125,,,,2.0,3.0,fase_0_7,13.0,0,-1.0,False,True
1106,1,2011.0,2023,Pública,Ametista,7.1642,,,3.0,Avaliador-15,,Avaliador-5,,Avaliador-2,,,,8.5,9.3,5.0,,5.1,5.2,5.0,,,8.003333333,5.0,,,,2023,8.333333333,,,,2.0,3.0,fase_0_7,12.0,0,-1.0,False,True
1106,1,2011.0,2023,Pública,Quartzo,5.936272086266667,,,4.0,Avaliador-22,,Avaliador-23,,Avaliador-26,,Avaliador-5,,8.334,5.4312354313333335,7.51,,0.0,0.0,0.0,0.0,,7.5,10.0,,,,2024,7.65625,,,EE João Ortiz Rodrigues,3.0,3.0,fase_0_7,13.0,1,0.0,False,False
1107,0,2010.0,2023,Pública,Ametista,7.9327,,,3.0,Avaliador-15,,Avaliador-5,,Avaliador-2,,,,9.0,9.4,5.0,,7.5,8.0,7.0,,,8.783333333,5.0,,,,2023,8.958333333,,,,2.0,3.0,fase_0_7,13.0,0,-1.0,False,True
1107,0,2010.0,2023,Pública,Quartzo,5.9731,,,4.0,Avaliador-21,,Avaliador-16,,Avaliador-26,,Avaliador-7,,8.751,6.2,2.51,,2.5,1.0,3.5,3.0,,6.785,10.0,,,,2024,7.5,,,EE João Ortiz Rodrigues,3.0,3.0,fase_0_7,14.0,1,0.0,False,False
1108,1,2010.0,2023,Pública,Agata,6.310833333,,,3.0,Avaliador-15,,Avaliador-5,,Avaliador-2,,,,0.0,9.3,5.0,,4.7,3.7,5.7,,,8.283333333,5.0,,,,2023,8.541666667,,,,2.0,3.0,fase_0_7,13.0,0,-1.0,False,True
1108,1,2010.0,2023,Pública,Agata,6.017215010400001,,,5.0,Avaliador-16,,Avaliador-26,,Avaliador-22,,Avaliador-10,,9.168,3.7546583853333337,8.13,,3.6666666666666665,3.5,3.5,4.0,,5.422,10.0,,,,2024,7.1875,Avaliador-7,,EE João Ortiz Rodrigues,3.0,3.0,fase_0_7,14.0,1,0.0,False,False
1109,1,2009.0,2023,Pública,Agata,6.277533333,,,3.0,Avaliador-15,,Avaliador-5,,Avaliador-2,,,,10.0,6.4,5.0,,3.4,3.5,3.3,,,7.836666667,5.0,,,,2023,7.5,,,,2.0,4.0,fase_0_7,14.0,0,-2.0,False,True
111,0,2009.0,2020,Rede Decisão,Topázio,8.646,2.0,1.0,4.0,Avaliador-6,Promovido de Fase + Bolsa,Avaliador-27,Mantido na Fase atual,Avaliador-30,Promovido de Fase,Avaliador-31,Promovido de Fase + Bolsa,7.5,9.4,8.1,Sem limitações,8.0,6.7,7.5,9.7,Não,8.667,10.0,Destaque: A sua boa entrega das lições de casa.,Destaque: As suas boas notas na Passos Mágicos.,Destaque: A sua boa integração aos Princípios Passos Mágicos.,2022,8.726000000000003,,,,4.0,3.0,fase_0_7,13.0,2,1.0,True,False
111,0,2009.0,2020,Privada - Programa de Apadrinhamento,Ametista,7.566458333,,,4.0,Avaliador-24,,Avaliador-7,,Avaliador-23,,Avaliador-8,,7.5,8.7,5.0,,6.0,6.0,5.2,6.7,,8.0875,10.0,,,,2023,7.65625,,,,5.0,4.0,fase_0_7,14.0,3,1.0,False,False
111,0,2009.0,2021,Privada - Programa de Apadrinhamento,Topázio,8.667693939400001,,,5.0,Avaliador-23,,Avaliador-24,,Avaliador-26,,Avaliador-1,,9.168,9.488636363666666,6.26,,8.333333333333334,8.0,7.0,10.0,,8.74,10.0,,,,2024,8.125,Avaliador-7,,Colégio Arco Íris Evolução,5.0,5.0,fase_0_7,15.0,3,0.0,True,False
1110,0,2011.0,2023,Pública,Ametista,7.248566667,,,3.0,Avaliador-15,,Avaliador-5,,Avaliador-2,,,,4.6,9.2,5.0,,6.8,6.5,7.0,,,8.73,5.0,,,,2023,8.541666667,,,,2.0,3.0,fase_0_7,12.0,0,-1.0,False,True
1111,0,2012.0,2023,Pública,Agata,6.559166667,,,3.0,Avaliador-15,,Avaliador-5,,Avaliador-2,,,,0.0,8.9,2.52,,5.4,4.8,6.0,,,8.173333333,10.0,,,,2023,8.125,,,,2.0,2.0,fase_0_7,11.0,0,0.0,False,False
1111,0,2012.0,2023,Pública,Agata,6.116032815733334,,,5.0,Avaliador-16,,Avaliador-26,,Avaliador-22,,Avaliador-10,,6.249,4.600414078666667,7.5,,5.0,5.0,4.0,6.0,,5.824,10.0,,,,2024,6.5625,Avaliador-7,,EE Leonice de Aquino Oliveira,3.0,2.0,fase_0_7,12.0,1,1.0,False,False
1112,1,2011.0,2023,Pública,Ametista,7.088866667,,,3.0,Avaliador-15,,Avaliador-5,,Avaliador-2,,,,9.5,7.9,2.52,,6.3,5.2,7.3,,,8.616666667,5.0,,,,2023,8.333333333,,,,2.0,3.0,fase_0_7,12.0,0,-1.0,False,True
1112,1,2011.0,2023,Pública,Agata,6.856082394,,,4.0,Avaliador-21,,Avaliador-23,,Avaliador-26,,Avaliador-17,,9.585,9.02791197,8.135,,4.0,4.0,4.0,4.0,,4.705,10.0,,,,2024,5.375,,,EE Joaquim Mendes Feliz,3.0,3.0,fase_0_7,13.0,1,0.0,False,False
1113,1,2011.0,2023,Pública,Quartzo,5.636666667,,,3.0,Avaliador-15,,Avaliador-5,,Avaliador-2,,,,0.0,6.0,7.52,,5.0,5.0,5.0,,,7.173333333,5.0,,,,2023,7.5,,,,2.0,3.0,fase_0_7,12.0,0,-1.0,False,True
1114,0,2011.0,2023,Pública,Ametista,7.5667,,,3.0,Avaliador-15,,Avaliador-5,,Avaliador-2,,,,8.5,9.8,2.52,,4.9,4.3,5.5,,,8.56,10.0,,,,2023,8.125,,,,2.0,2.0,fase_0_7,12.0,0,0.0,False,False
1114,0,2011.0,2023,Pública,Ametista,7.437466666666667,,,5.0,Avaliador-20,,Avaliador-21,,Avaliador-17,,Avaliador-26,,8.751,9.533333333333331,2.51,,5.0,5.0,3.0,7.0,,7.836,10.0,,,,2024,8.375,Avaliador-10,,EM Cecilia Cristina de Oliveira Rodrigues,3.0,3.0,fase_0_7,13.0,1,0.0,False,False
1115,0,2012.0,2023,Pública,Agata,6.474,,,3.0,Avaliador-15,,Avaliador-5,,Avaliador-2,,,,0.0,8.3,7.52,,4.0,6.0,2.0,,,7.56,10.0,,,,2023,7.5,,,,2.0,2.0,fase_0_7,11.0,0,0.0,False,False
1115,0,2012.0,2023,Pública,Agata,6.570068686900001,,,3.0,Avaliador-20,,Avaliador-19,,Avaliador-2,,,,8.002,4.2676767675,7.51,,6.25,6.5,6.0,,,5.826666667,10.0,,,,2024,7.5,,,EE Donizetti Aparecido Leite Professor,2.0,2.0,fase_0_7,12.0,1,0.0,False,False
1116,1,2009.0,2023,Pública,Agata,6.956533333,,,3.0,Avaliador-15,,Avaliador-5,,Avaliador-2,,,,9.5,9.2,5.0,,4.9,3.8,6.0,,,7.39,5.0,,,,2023,7.083333333,,,,2.0,3.0,fase_0_7,14.0,0,-1.0,False,True
1116,1,2009.0,2023,Pública,Quartzo,3.7894777778,,,5.0,Avaliador-20,,Avaliador-21,,Avaliador-17,,Avaliador-26,,0.0,3.3555555556666667,6.26,,2.333333333333333,1.0,3.0,3.0,,5.066,5.0,,,,2024,5.125,Avaliador-10,,EM Cecilia Cristina de Oliveira Rodrigues,3.0,4.0,fase_0_7,15.0,1,-1.0,False,True
1117,0,2012.0,2023,Pública,Topázio,8.382366667,,,3.0,Avaliador-15,,Avaliador-5,,Avaliador-2,,,,9.0,9.6,7.52,,7.3,6.0,8.5,,,7.946666667,10.0,,,,2023,7.708333333,,,,2.0,2.0,fase_0_7,11.0,0,0.0,False,False
1117,0,2012.0,2023,Pública,Ametista,7.601562962866668,,,3.0,Avaliador-21,,Avaliador-7,,Avaliador-10,,,,8.751,8.314814814666667,7.51,,5.666666666666667,5.0,5.0,7.0,,6.833333333,10.0,,,,2024,8.125,,,EE Maria André Schunck Dona,3.0,2.0,fase_0_7,12.0,1,1.0,False,False
1118,0,2010.0,2023,Pública,Ametista,7.163833333,,,3.0,Avaliador-15,,Avaliador-5,,Avaliador-2,,,,5.3,8.8,7.52,,6.0,4.8,7.2,,,8.28,5.0,,,,2023,7.708333333,,,,2.0,3.0,fase_0_7,13.0,0,-1.0,False,True
1118,0,2010.0,2023,Pública,Ametista,7.0305545924,,,5.0,Avaliador-20,,Avaliador-21,,Avaliador-17,,Avaliador-26,,7.084,7.846439628666666,9.38,,3.8333333333333335,3.0,4.5,4.0,,6.866,10.0,,,,2024,6.75,Avaliador-10,,EM Alfredo Schunk,3.0,3.0,fase_0_7,14.0,1,0.0,False,False
1119,0,2010.0,2023,Pública,Ametista,7.192,,,3.0,Avaliador-32,,Avaliador-5,,Avaliador-2,,,,7.3,9.7,3.77,,5.9,3.0,8.8,,,8.453333333,5.0,,,,2023,7.708333333,,,,2.0,3.0,fase_0_7,13.0,0,-1.0,False,True
1119,0,2010.0,2023,Pública,Ametista,7.388266666666667,,,5.0,Avaliador-20,,Avaliador-21,,Avaliador-17,,Avaliador-26,,9.585,8.716666666666667,7.51,,5.666666666666667,6.0,3.5,7.5,,7.698,5.0,,,,2024,7.625,Avaliador-10,,EM Cecilia Cristina de Oliveira Rodrigues,3.0,4.0,fase_0_7,14.0,1,-1.0,False,True
112,0,2007.0,2016,Rede Decisão,Ametista,7.836,17.0,6.0,4.0,Avaliador-6,Promovido de Fase + Bolsa,Avaliador-27,Mantido na Fase atual,Avaliador-30,Promovido de Fase,Avaliador-31,Promovido de Fase + Bolsa,7.9,7.8,6.3,Sem limitações,8.5,9.0,7.5,9.1,Não,8.833,5.0,Destaque: A sua boa entrega das lições de casa.,Destaque: As suas boas notas na Passos Mágicos.,Destaque: A sua boa integração aos Princípios Passos Mágicos.,2022,8.893999999999993,,,,4.0,5.0,fase_0_7,15.0,6,-1.0,True,True
112,0,2007.0,2016,Privada - Programa de Apadrinhamento,Ametista,7.141308333,,,4.0,Avaliador-24,,Avaliador-7,,Avaliador-23,,Avaliador-8,,6.7,8.1,5.0,,7.4,7.3,6.5,8.3,,7.9225,5.0,,,,2023,7.96875,,,,5.0,6.0,fase_0_7,16.0,7,-1.0,False,True
112,0,2007.0,2021,Privada - Programa de Apadrinhamento,Topázio,8.052609920666667,,,5.0,Avaliador-23,,Avaliador-24,,Avaliador-1,,Avaliador-26,,7.083,7.978174603333333,7.51,,8.0,9.5,6.0,8.5,,8.004,10.0,,,,2024,7.96875,Avaliador-7,,Colégio Arco Íris Evolução,6.0,6.0,fase_0_7,17.0,3,0.0,False,False
1120,0,2012.0,2023,Pública,Topázio,9.103366667,,,3.0,Avaliador-32,,Avaliador-5,,Avaliador-2,,,,9.5,9.6,7.52,,8.3,7.3,9.2,,,9.676666667,10.0,,,,2023,8.958333333,,,,2.0,2.0,fase_0_7,11.0,0,0.0,True,False
1121,1,2012.0,2023,Pública,Topázio,8.049,,,3.0,Avaliador-32,,Avaliador-5,,Avaliador-2,,,,0.0,9.9,6.26,,8.0,6.5,9.5,,,9.84,10.0,,,,2023,8.75,,,,2.0,2.0,fase_0_7,11.0,0,0.0,True,False
1121,1,2012.0,2023,Pública,Topázio,8.407166666633334,,,3.0,Avaliador-21,,Avaliador-7,,Avaliador-10,,,,9.585,10.0,7.51,,6.666666666666667,9.0,5.0,6.0,,8.28,10.0,,,,2024,7.083333333,,,EE Maria André Schunck Dona,3.0,3.0,fase_0_7,12.0,1,0.0,False,False
1122,1,2012.0,2023,Pública,Ametista,7.3715,,,3.0,Avaliador-32,,Avaliador-5,,Avaliador-2,,,,0.0,9.3,6.89,,6.9,5.2,8.5,,,8.616666667,10.0,,,,2023,7.291666667,,,,2.0,2.0,fase_0_7,11.0,0,0.0,False,False
1122,1,2012.0,2023,Pública,Ametista,7.817322222166666,,,3.0,Avaliador-21,,Avaliador-7,,Avaliador-10,,,,8.751,9.861111111,7.51,,5.333333333333333,5.0,4.5,6.5,,7.22,10.0,,,,2024,7.083333333,,,EE Maria André Schunck Dona,3.0,2.0,fase_0_7,12.0,1,1.0,False,False
1123,1,2010.0,2023,Pública,Agata,6.9565,,,3.0,Avaliador-32,,Avaliador-5,,Avaliador-2,,,,7.3,8.9,7.52,,5.3,3.8,6.8,,,7.113333333,5.0,,,,2023,7.083333333,,,,2.0,3.0,fase_0_7,13.0,0,-1.0,False,True
1124,0,2009.0,2023,Pública,Agata,6.667866667,,,3.0,Avaliador-15,,Avaliador-5,,Avaliador-2,,,,9.5,8.0,7.52,,3.0,1.0,5.0,,,7.786666667,5.0,,,,2023,7.083333333,,,,2.0,4.0,fase_0_7,14.0,0,-2.0,False,True
1125,0,2012.0,2023,Pública,Agata,6.655366667,,,3.0,Avaliador-15,,Avaliador-5,,Avaliador-2,,,,4.7,7.9,7.52,,4.0,1.0,7.0,,,6.95,10.0,,,,2023,6.666666667,,,,2.0,2.0,fase_0_7,11.0,0,0.0,False,False
1126,0,2011.0,2023,Pública,,,,,3.0,Avaliador-15,,Avaliador-5,,Avaliador-2,,,,0.0,5.2,3.77,,,,,,,7.06,5.0,,,,2023,7.291666667,,,,2.0,3.0,fase_0_7,12.0,0,-1.0,False,True
1127,0,2012.0,2023,Pública,Topázio,8.3167,,,3.0,Avaliador-15,,Avaliador-5,,Avaliador-2,,,,8.5,9.9,5.02,,6.9,5.0,8.7,,,9.01,10.0,,,,2023,8.125,,,,2.0,2.0,fase_0_7,11.0,0,0.0,True,False
1127,0,2012.0,2023,Pública,Topázio,8.180966666666668,,,2.0,Avaliador-21,,Avaliador-23,,,,,,9.168,10.0,7.51,,5.833333333333333,8.5,4.5,4.5,,7.67,10.0,,,,2024,8.125,,,EE Donizetti Aparecido Leite Professor,3.0,3.0,fase_0_7,12.0,1,0.0,False,False
1128,1,2011.0,2023,Pública,Agata,6.404533333,,,3.0,Avaliador-15,,Avaliador-5,,Avaliador-2,,,,9.5,7.3,5.02,,3.5,3.0,4.0,,,7.503333333,5.0,,,,2023,7.916666667,,,,2.0,3.0,fase_0_7,12.0,0,-1.0,False,True
1129,1,2012.0,2023,Pública,Ametista,7.309333333,,,3.0,Avaliador-15,,Avaliador-5,,Avaliador-2,,,,0.0,9.2,6.27,,7.8,6.8,8.7,,,7.503333333,10.0,,,,2023,7.916666667,,,,2.0,2.0,fase_0_7,11.0,0,0.0,False,False
1129,1,2012.0,2023,Pública,Ametista,7.360417647066668,,,2.0,Avaliador-21,,Avaliador-23,,,,,,9.168,7.137254902,8.13,,6.833333333333333,9.0,5.5,6.0,,5.745,10.0,,,,2024,6.875,,,EE Donizetti Aparecido Leite Professor,3.0,3.0,fase_0_7,12.0,1,0.0,False,False
113,0,2007.0,2017,Rede Decisão,Quartzo,3.032,76.0,16.0,4.0,Avaliador-6,Alocado em Fase anterior,Avaliador-27,Mantido na Fase atual,Avaliador-30,Promovido de Fase,Avaliador-31,Alocado em Fase anterior,0.0,0.0,5.0,Não indicado,3.7,3.3,5.5,2.3,Não,3.792,5.0,Melhorar: Melhorar a sua entrega de lições de casa.,Melhorar: Empenhar-se mais nas aulas e avaliações.,Melhorar: Integrar-se mais aos Princípios Passos Mágicos.,2022,5.335999999999999,,,,4.0,5.0,fase_0_7,15.0,5,-1.0,False,True
113,0,2007.0,2021,Pública,Ametista,7.043536903066667,,,3.0,Avaliador-23,,Avaliador-5,,Avaliador-5,,,,8.751,7.063851181666667,7.51,,6.666666666666667,7.0,6.0,7.0,,7.106666667,5.0,,,,2024,7.5,,,EE Leonice de Aquino Oliveira,5.0,6.0,fase_0_7,17.0,3,-1.0,False,True
1130,1,2012.0,2023,Pública,Topázio,8.0037,,,3.0,Avaliador-15,,Avaliador-5,,Avaliador-2,,,,8.5,8.4,7.52,,7.3,6.3,8.2,,,7.503333333,10.0,,,,2023,7.708333333,,,,2.0,2.0,fase_0_7,11.0,0,0.0,False,False
1130,1,2012.0,2023,Pública,Agata,6.563952941199999,,,2.0,Avaliador-21,,Avaliador-23,,,,,,8.751,6.278431372666667,8.13,,4.333333333333333,7.5,3.5,2.0,,5.33,10.0,,,,2024,6.875,,,EE Donizetti Aparecido Leite Professor,3.0,3.0,fase_0_7,12.0,1,0.0,False,False
1131,0,2011.0,2023,Pública,Topázio,8.316133333,,,3.0,Avaliador-15,,Avaliador-5,,Avaliador-2,,,,7.9,9.9,5.02,,9.1,8.3,9.8,,,9.286666667,5.0,,,,2023,8.75,,,,2.0,3.0,fase_0_7,12.0,0,-1.0,True,True
1131,0,2011.0,2023,Privada - Programa de Apadrinhamento,Topázio,8.2889555555,,,3.0,Avaliador-21,,Avaliador-7,,Avaliador-10,,,,8.334,9.277777777666666,6.255,,8.333333333333334,8.0,7.0,10.0,,7.893333333,10.0,,,,2024,7.291666667,,,Colégio Arco Íris Evolução,3.0,3.0,fase_0_7,13.0,1,0.0,False,False
1132,1,2011.0,2023,Pública,Agata,6.829533333,,,3.0,Avaliador-15,,Avaliador-5,,Avaliador-2,,,,10.0,6.3,6.27,,5.8,5.2,6.3,,,7.503333333,5.0,,,,2023,7.916666667,,,,2.0,3.0,fase_0_7,12.0,0,-1.0,False,True
1133,0,2013.0,2023,Pública,Topázio,8.600033333,,,3.0,Avaliador-15,,Avaliador-5,,Avaliador-2,,,,9.5,10.0,6.27,,6.5,5.0,8.0,,,9.343333333,10.0,,,,2023,8.541666667,,,,2.0,2.0,fase_0_7,10.0,0,0.0,True,False
1133,0,2013.0,2023,Pública,Topázio,8.238553968266668,,,4.0,Avaliador-20,,Avaliador-21,,Avaliador-26,,Avaliador-10,,9.168,9.841269841333334,8.75,,4.5,5.0,3.5,5.0,,8.83,10.0,,,,2024,8.125,,,EE Donizetti Aparecido Leite Professor,3.0,2.0,fase_0_7,11.0,1,1.0,True,False
1134,1,2011.0,2023,Pública,Ametista,7.769866667,,,3.0,Avaliador-15,,Avaliador-5,,Avaliador-2,,,,8.0,9.7,3.76,,6.8,5.5,8.0,,,7.56,10.0,,,,2023,7.916666667,,,,2.0,2.0,fase_0_7,12.0,0,0.0,False,False
1134,1,2011.0,2023,Pública,Ametista,7.7564571427,,,3.0,Avaliador-21,,Avaliador-23,,Avaliador-20,,,,8.751,8.914285714,7.51,,6.0,6.0,5.5,6.5,,6.883333333,10.0,,,,2024,7.708333333,,,EE Donizetti Aparecido Leite Professor,3.0,3.0,fase_0_7,13.0,1,0.0,False,False
1135,1,2011.0,2023,Pública,Ametista,7.453833333,,,3.0,Avaliador-15,,Avaliador-5,,Avaliador-2,,,,0.0,9.4,7.52,,7.2,4.8,9.5,,,7.896666667,10.0,,,,2023,8.125,,,,2.0,2.0,fase_0_7,12.0,0,0.0,False,False
1136,0,2009.0,2023,Pública,Agata,6.7351,,,3.0,Avaliador-15,,Avaliador-5,,Avaliador-2,,,,6.8,8.1,2.52,,6.6,4.8,8.3,,,7.723333333,5.0,,,,2023,8.333333333,,,,2.0,3.0,fase_0_7,14.0,0,-1.0,False,True
1136,0,2009.0,2023,Pública,Quartzo,5.458179831866667,,,3.0,Avaliador-20,,Avaliador-21,,Avaliador-23,,,,8.751,4.547899159666667,8.135,,1.6666666666666667,1.0,2.0,2.0,,6.383333333,5.0,,,,2024,7.5,,,EE Donizetti Aparecido Leite Professor,3.0,4.0,fase_0_7,15.0,1,-1.0,False,True
1137,0,2013.0,2023,Pública,Topázio,8.743366667,,,3.0,Avaliador-32,,Avaliador-5,,Avaliador-2,,,,9.5,9.8,6.27,,6.5,6.0,7.0,,,9.843333333,10.0,,,,2023,9.375,,,,2.0,2.0,fase_0_7,10.0,0,0.0,True,False
1137,0,2013.0,2023,Pública,Ametista,7.183752652466668,,,4.0,Avaliador-21,,Avaliador-23,,Avaliador-5,,Avaliador-26,,8.334,7.588638262333333,8.13,,3.5,1.0,4.5,5.0,,7.4575,10.0,,,,2024,8.28125,,,EE Maria André Schunck Dona,3.0,2.0,fase_0_7,11.0,1,1.0,False,False
1138,0,2011.0,2023,Pública,Topázio,8.3472,,,3.0,Avaliador-32,,Avaliador-5,,Avaliador-2,,,,9.0,9.2,6.27,,9.3,9.0,9.5,,,8.566666667,5.0,,,,2023,9.166666667,,,,2.0,3.0,fase_0_7,12.0,0,-1.0,False,True
1139,1,2012.0,2023,Pública,Ametista,7.6647,,,3.0,Avaliador-32,,Avaliador-5,,Avaliador-2,,,,8.5,9.1,5.64,,5.3,6.3,4.3,,,7.79,10.0,,,,2023,8.125,,,,2.0,2.0,fase_0_7,11.0,0,0.0,False,False
1139,1,2012.0,2023,Pública,Agata,6.906276357600001,,,4.0,Avaliador-21,,Avaliador-23,,Avaliador-5,,Avaliador-26,,8.334,6.152715121333333,7.51,,4.666666666666667,5.0,3.0,6.0,,7.04,10.0,,,,2024,7.5,,,EE Maria André Schunck Dona,3.0,2.0,fase_0_7,12.0,1,1.0,False,False
114,1,2006.0,2022,Escola Pública,Quartzo,5.894,66.0,13.0,4.0,Avaliador-6,Promovido de Fase,Avaliador-27,Mantido na Fase atual,Avaliador-30,Mantido na Fase atual,Avaliador-31,Alocado em Fase anterior,7.9,6.3,7.5,Sem limitações,5.3,6.0,4.5,,Não,5.0,5.0,Melhorar: Melhorar a sua entrega de lições de casa.,Melhorar: Empenhar-se mais nas aulas e avaliações.,Melhorar: Integrar-se mais aos Princípios Passos Mágicos.,2022,5.339999999999998,,,,4.0,6.0,fase_0_7,16.0,0,-2.0,False,True
114,1,2006.0,2022,Pública,Quartzo,5.335,,,4.0,Avaliador-24,,Avaliador-7,,Avaliador-23,,Avaliador-8,,0.0,6.0,3.14,,5.6,4.0,4.5,8.3,,7.255,5.0,,,,2023,7.5,,,,5.0,7.0,fase_0_7,17.0,1,-2.0,False,True
1140,0,2012.0,2023,Pública,Ametista,7.703533333,,,3.0,Avaliador-32,,Avaliador-5,,Avaliador-2,,,,4.7,8.7,7.52,,7.3,8.5,6.0,,,7.62,10.0,,,,2023,7.708333333,,,,2.0,2.0,fase_0_7,11.0,0,0.0,False,False
1140,0,2012.0,2023,Pública,Ametista,7.3473880383,,,3.0,Avaliador-20,,Avaliador-19,,Avaliador-2,,,,6.834,6.112440191499999,7.51,,7.0,4.5,9.5,,,7.39,10.0,,,,2024,8.125,,,EE Donizetti Aparecido Leite Professor,2.0,2.0,fase_0_7,12.0,1,0.0,False,False
1141,0,2011.0,2023,Pública,Ametista,7.2757,,,3.0,Avaliador-32,,Avaliador-5,,Avaliador-2,,,,9.0,8.8,7.52,,5.9,5.5,6.2,,,7.113333333,5.0,,,,2023,7.708333333,,,,2.0,3.0,fase_0_7,12.0,0,-1.0,False,True
1141,0,2011.0,2023,Pública,Agata,6.793890866866667,,,4.0,Avaliador-20,,Avaliador-21,,Avaliador-26,,Avaliador-10,,9.585,6.191537667666666,7.51,,4.166666666666667,5.0,4.5,3.0,,6.7825,10.0,,,,2024,6.5625,,,EE Maria André Schunck Dona,3.0,3.0,fase_0_7,13.0,1,0.0,False,False
1142,0,2012.0,2023,Pública,Topázio,9.175033333,,,3.0,Avaliador-32,,Avaliador-5,,Avaliador-2,,,,9.0,10.0,7.52,,10.0,10.0,10.0,,,8.343333333,10.0,,,,2023,8.541666667,,,,2.0,2.0,fase_0_7,11.0,0,0.0,False,False
1142,0,2012.0,2023,Pública,Topázio,8.390566666666668,,,4.0,Avaliador-21,,Avaliador-23,,Avaliador-5,,Avaliador-26,,8.334,9.133333333333333,7.51,,8.5,10.0,8.0,7.5,,7.335,10.0,,,,2024,8.125,,,EM Cecilia Cristina de Oliveira Rodrigues,3.0,3.0,fase_0_7,12.0,1,0.0,False,False
1143,0,2008.0,2023,Pública,Agata,6.445933333,,,4.0,Avaliador-32,,Avaliador-6,,Avaliador-4,,Avaliador-8,,8.8,7.0,6.26,,5.3,6.0,6.3,3.5,,6.2075,5.0,,,,2023,7.5,,,,3.0,5.0,fase_0_7,15.0,0,-2.0,False,True
1143,0,2008.0,2021,Pública,Quartzo,5.881225668333334,,,4.0,Avaliador-21,,Avaliador-26,,Avaliador-23,,Avaliador-5,,9.585,5.201336675,9.38,,3.1666666666666665,3.0,6.5,0.0,,6.79,2.5,,,,2024,7.03125,,,EE Joaquim Mendes Feliz,3.0,6.0,fase_0_7,16.0,3,-3.0,False,True
1144,0,2010.0,2023,Pública,Ametista,7.410625,,,4.0,Avaliador-21,,Avaliador-6,,Avaliador-4,,Avaliador-8,,0.0,9.4,5.02,,8.0,7.0,8.2,8.8,,8.0025,10.0,,,,2023,8.28125,,,,3.0,3.0,fase_0_7,13.0,0,0.0,False,False
1145,0,2012.0,2023,Pública,Ametista,7.484375,,,4.0,Avaliador-21,,Avaliador-6,,Avaliador-4,,Avaliador-8,,0.0,9.5,4.39,,7.8,7.7,7.7,8.0,,8.63,10.0,,,,2023,8.59375,,,,3.0,2.0,fase_0_7,11.0,0,1.0,False,False
1146,0,2008.0,2023,Pública,Agata,6.689583333,,,4.0,Avaliador-21,,Avaliador-6,,Avaliador-4,,Avaliador-8,,9.6,8.8,6.26,,3.7,5.0,3.3,2.7,,6.965,5.0,,,,2023,7.1875,,,,3.0,4.0,fase_0_7,15.0,0,-1.0,False,True
1146,0,2008.0,2023,Pública,Quartzo,5.3933086048000005,,,3.0,Avaliador-21,,Avaliador-23,,Avaliador-26,,,,10.002,5.017209691,6.88,,2.0,2.0,0.0,4.0,,5.883333333,5.0,,,,2024,6.25,,,EE Mario Francisco de Amorim,3.0,5.0,fase_0_7,16.0,1,-2.0,False,True
1147,0,2009.0,2023,Pública,Ametista,7.072983333,,,4.0,Avaliador-21,,Avaliador-6,,Avaliador-4,,Avaliador-8,,8.3,8.3,6.26,,6.7,5.0,7.5,7.5,,7.0075,5.0,,,,2023,7.1875,,,,3.0,4.0,fase_0_7,14.0,0,-1.0,False,True
1147,0,2009.0,2023,Pública,Quartzo,5.833118518533334,,,4.0,Avaliador-21,,Avaliador-26,,Avaliador-23,,Avaliador-5,,8.751,6.125925926,8.755,,3.1666666666666665,2.0,5.0,2.5,,5.495,5.0,,,,2024,6.25,,,EE Loris Nassif Mattar Profa,3.0,4.0,fase_0_7,15.0,1,-1.0,False,True
1148,0,2011.0,2023,Pública,Ametista,7.227866667,,,4.0,Avaliador-21,,Avaliador-6,,Avaliador-4,,Avaliador-8,,7.9,8.6,3.77,,5.7,5.7,5.3,6.2,,7.2125,10.0,,,,2023,7.5,,,,3.0,2.0,fase_0_7,12.0,0,1.0,False,False
1149,0,2009.0,2023,Pública,Ametista,7.410108333,,,4.0,Avaliador-21,,Avaliador-6,,Avaliador-4,,Avaliador-8,,8.3,9.8,2.52,,7.2,6.0,6.8,8.7,,8.1725,5.0,,,,2023,7.96875,,,,3.0,4.0,fase_0_7,14.0,0,-1.0,False,True
1149,0,2009.0,2023,Pública,Topázio,8.1371,,,5.0,Avaliador-21,,Avaliador-23,,Avaliador-26,,Avaliador-1,,8.334,10.0,10.0,,6.0,2.0,6.0,10.0,,8.706,5.0,,,,2024,8.625,Avaliador-5,,EE Joaquim Mendes Feliz,4.0,5.0,fase_0_7,15.0,1,-1.0,True,True
115,0,2006.0,2019,Escola Pública,Quartzo,5.886,67.0,14.0,4.0,Avaliador-6,Promovido de Fase,Avaliador-27,Mantido na Fase atual,Avaliador-30,Mantido na Fase atual,Avaliador-31,Promovido de Fase,8.3,6.8,6.3,Requer avaliação,3.8,3.0,5.7,2.7,Não,5.583,5.0,Melhorar: Melhorar a sua entrega de lições de casa.,Melhorar: Empenhar-se mais nas aulas e avaliações.,Melhorar: Integrar-se mais aos Princípios Passos Mágicos.,2022,6.894,,,,4.0,6.0,fase_0_7,16.0,3,-2.0,False,True
115,0,2006.0,2019,Pública,Agata,6.319141667,,,4.0,Avaliador-24,,Avaliador-7,,Avaliador-23,,Avaliador-8,,8.8,7.1,5.0,,4.2,3.7,3.8,5.2,,7.215,5.0,,,,2023,7.34375,,,,5.0,6.0,fase_0_7,17.0,4,-1.0,False,True
115,0,2006.0,2021,Pública,Quartzo,5.404184695733334,,,5.0,Avaliador-23,,Avaliador-24,,Avaliador-26,,Avaliador-1,,7.917,4.164756812,6.26,,4.166666666666667,6.5,4.5,1.5,,5.726,5.0,,,,2024,6.75,Avaliador-7,,EE Joaquim Mendes Feliz,5.0,7.0,fase_0_7,18.0,3,-2.0,False,True
1150,1,2007.0,2023,Pública,Ametista,7.076008333,,,4.0,Avaliador-21,,Avaliador-6,,Avaliador-4,,Avaliador-8,,9.2,9.8,2.52,,6.7,7.0,6.5,6.5,,7.835,2.5,,,,2023,7.96875,,,,3.0,6.0,fase_0_7,16.0,0,-3.0,False,True
1150,1,2007.0,2023,Pública,Ametista,7.1023212964,,,3.0,Avaliador-21,,Avaliador-20,,Avaliador-26,,,,8.334,6.481481481666667,7.51,,6.833333333333333,4.0,6.5,10.0,,7.946666667,5.0,,,,2024,7.65625,,,EE Olivia de Faria Nogueira,4.0,6.0,fase_0_7,17.0,1,-2.0,False,True
1151,0,2011.0,2023,Pública,Ametista,7.829958333,,,4.0,Avaliador-21,,Avaliador-6,,Avaliador-4,,Avaliador-8,,7.5,9.5,2.52,,8.3,7.3,8.8,8.7,,7.545,10.0,,,,2023,7.65625,,,,3.0,3.0,fase_0_7,12.0,0,0.0,False,False
1151,0,2011.0,2023,Pública,Topázio,8.749111111066668,,,3.0,Avaliador-21,,Avaliador-20,,Avaliador-26,,,,7.5,9.722222222333334,5.635,,9.0,9.0,8.0,10.0,,9.393333333,10.0,,,,2024,8.125,,,EE Paschoal Carlos Magno,4.0,3.0,fase_0_7,13.0,1,1.0,True,False
1152,1,2009.0,2023,Pública,Agata,6.544916667,,,4.0,Avaliador-21,,Avaliador-6,,Avaliador-4,,Avaliador-8,,0.0,9.4,5.0,,6.8,6.7,6.0,7.8,,7.585,5.0,,,,2023,7.8125,,,,3.0,4.0,fase_0_7,14.0,0,-1.0,False,True
1153,0,2009.0,2023,Pública,Ametista,7.968658333,,,4.0,Avaliador-21,,Avaliador-6,,Avaliador-4,,Avaliador-8,,7.9,10.0,7.52,,7.2,6.7,7.8,7.0,,8.63,5.0,,,,2023,7.65625,,,,3.0,4.0,fase_0_7,14.0,0,-1.0,False,True
1153,0,2009.0,2021,Privada - Programa de Apadrinhamento,Topázio,8.268876190466667,,,5.0,Avaliador-21,,Avaliador-23,,Avaliador-26,,Avaliador-1,,8.751,9.702380952333334,5.635,,8.5,8.0,8.5,9.0,,9.074,5.0,,,,2024,8.75,Avaliador-5,,Colégio Arco Íris Evolução,4.0,5.0,fase_0_7,15.0,3,-1.0,True,True
1154,1,2010.0,2023,Pública,Ametista,7.701125,,,4.0,Avaliador-21,,Avaliador-6,,Avaliador-34,,Avaliador-8,,9.6,9.3,5.63,,5.1,5.3,5.0,5.0,,7.67,10.0,,,,2023,7.65625,,,,3.0,3.0,fase_0_7,13.0,0,0.0,False,False
1154,1,2010.0,2023,Pública,Ametista,7.566075,,,4.0,Avaliador-21,,Avaliador-16,,Avaliador-26,,Avaliador-7,,7.917,9.2,7.51,,8.0,7.0,7.0,10.0,,6.745,5.0,,,,2024,7.34375,,,EE João Ortiz Rodrigues,3.0,4.0,fase_0_7,14.0,1,-1.0,False,True
1155,0,2009.0,2023,Pública,Ametista,7.821633333,,,4.0,Avaliador-21,,Avaliador-6,,Avaliador-34,,Avaliador-8,,9.2,9.2,5.63,,8.0,6.7,8.2,9.0,,8.2925,5.0,,,,2023,7.5,,,,3.0,4.0,fase_0_7,14.0,0,-1.0,False,True
1155,0,2009.0,2023,Pública,Ametista,7.119011111133333,,,5.0,Avaliador-22,,Avaliador-17,,Avaliador-1,,Avaliador-5,,8.334,8.888888889,5.005,,4.666666666666667,6.0,8.0,0.0,,8.87,5.0,,,,2024,8.0,Avaliador-26,,EE Alexandre Rodrigues Nogueira,4.0,5.0,fase_0_7,15.0,1,-1.0,True,True
1156,0,2011.0,2023,Pública,Ametista,7.340775,,,4.0,Avaliador-21,,Avaliador-6,,Avaliador-34,,Avaliador-8,,8.3,9.2,2.52,,5.3,6.2,6.0,3.7,,7.7925,10.0,,,,2023,7.96875,,,,3.0,3.0,fase_0_7,12.0,0,0.0,False,False
1156,0,2011.0,2023,Pública,Agata,6.6777135642,,,5.0,Avaliador-22,,Avaliador-17,,Avaliador-1,,Avaliador-5,,7.5,7.821067821,7.51,,2.0,6.0,0.0,0.0,,7.5,10.0,,,,2024,7.125,Avaliador-26,,EE João Ortiz Rodrigues,4.0,3.0,fase_0_7,13.0,1,1.0,False,False
1157,1,2009.0,2023,Pública,Ametista,7.086633333,,,4.0,Avaliador-21,,Avaliador-6,,Avaliador-34,,Avaliador-8,,9.2,8.8,6.26,,5.7,5.0,6.3,5.7,,7.0025,5.0,,,,2023,7.5,,,,3.0,4.0,fase_0_7,14.0,0,-1.0,False,True
1157,1,2009.0,2023,Pública,Ametista,7.916082936533334,,,5.0,Avaliador-16,,Avaliador-26,,Avaliador-22,,Avaliador-10,,9.585,9.082539682666663,7.51,,7.0,8.0,6.0,7.0,,8.466,5.0,,,,2024,7.96875,Avaliador-25,,EE Olivia de Faria Nogueira,3.0,4.0,fase_0_7,15.0,1,-1.0,True,True
1158,0,2009.0,2023,Pública,Agata,6.306666667,,,4.0,Avaliador-21,,Avaliador-6,,Avaliador-34,,Avaliador-8,,7.5,8.6,2.52,,4.3,5.3,5.0,2.7,,7.34,5.0,,,,2023,7.5,,,,3.0,4.0,fase_0_7,14.0,0,-1.0,False,True
1159,0,2010.0,2023,Pública,Quartzo,5.913883333,,,4.0,Avaliador-21,,Avaliador-6,,Avaliador-4,,Avaliador-8,,5.8,6.6,2.52,,3.1,5.2,1.5,2.5,,7.1325,10.0,,,,2023,7.1875,,,,3.0,3.0,fase_0_7,13.0,0,0.0,False,False
116,0,2006.0,2019,Escola Pública,Ágata,6.854,46.0,8.0,4.0,Avaliador-6,Promovido de Fase,Avaliador-27,Mantido na Fase atual,Avaliador-30,Promovido de Fase,Avaliador-31,Promovido de Fase + Bolsa,5.8,8.1,6.3,Sem limitações,5.9,5.0,7.2,5.5,Sim,7.792,5.0,Destaque: A sua boa entrega das lições de casa.,Melhorar: Empenhar-se mais nas aulas e avaliações.,Destaque: A sua boa integração aos Princípios Passos Mágicos.,2022,7.855999999999996,,,,4.0,6.0,fase_0_7,16.0,3,-2.0,False,True
116,0,2006.0,2019,Pública,Agata,6.433075,,,4.0,Avaliador-24,,Avaliador-7,,Avaliador-23,,Avaliador-8,,6.7,7.6,5.0,,4.7,2.3,5.0,6.8,,7.5475,5.0,,,,2023,7.96875,,,,5.0,7.0,fase_0_7,17.0,4,-2.0,False,True
116,0,2006.0,2021,Pública,Agata,6.337470707133334,,,5.0,Avaliador-23,,Avaliador-24,,Avaliador-26,,Avaliador-1,,8.334,7.535353535666666,5.635,,4.5,6.5,2.0,5.0,,6.73,5.0,,,,2024,6.875,Avaliador-7,,EE Joaquim Mendes Feliz,5.0,7.0,fase_0_7,18.0,3,-2.0,False,True
1160,1,2010.0,2023,Pública,Agata,6.636166667,,,4.0,Avaliador-21,,Avaliador-6,,Avaliador-4,,Avaliador-8,,9.6,8.7,2.52,,2.7,4.8,2.7,0.7,,7.2575,10.0,,,,2023,6.875,,,,3.0,3.0,fase_0_7,13.0,0,0.0,False,False
1160,1,2010.0,2023,Pública,Agata,6.274190982333334,,,4.0,Avaliador-21,,Avaliador-23,,Avaliador-26,,Avaliador-17,,8.751,8.201288245,7.51,,3.1666666666666665,5.5,2.0,2.0,,6.2475,5.0,,,,2024,6.25,,,EE Joaquim Mendes Feliz,3.0,4.0,fase_0_7,14.0,1,-1.0,False,True
1161,0,2010.0,2023,Pública,Ametista,7.317791667,,,4.0,Avaliador-21,,Avaliador-6,,Avaliador-4,,Avaliador-8,,6.3,8.1,2.52,,6.3,7.3,6.5,5.2,,8.63,10.0,,,,2023,8.28125,,,,3.0,3.0,fase_0_7,13.0,0,0.0,False,False
1162,0,2009.0,2023,Pública,Ametista,7.44215,,,4.0,Avaliador-21,,Avaliador-6,,Avaliador-4,,Avaliador-8,,8.3,8.5,3.77,,6.0,7.3,5.5,5.2,,7.7525,10.0,,,,2023,7.8125,,,,3.0,3.0,fase_0_7,14.0,0,0.0,False,False
1162,0,2009.0,2023,Pública,Ametista,7.473167836266667,,,4.0,Avaliador-21,,Avaliador-20,,Avaliador-1,,Avaliador-26,,7.917,9.135672514666666,6.26,,5.666666666666667,4.0,7.5,5.5,,7.0375,10.0,,,,2024,6.875,,,EE Maria André Schunck Dona,4.0,4.0,fase_0_7,15.0,1,0.0,False,False
1163,1,2009.0,2023,Pública,Ametista,7.749391667,,,4.0,Avaliador-21,,Avaliador-6,,Avaliador-4,,Avaliador-8,,8.8,9.3,7.52,,7.2,7.0,6.7,8.0,,7.75,5.0,,,,2023,7.65625,,,,3.0,4.0,fase_0_7,14.0,0,-1.0,False,True
1163,1,2009.0,2023,Pública,Topázio,8.6794789474,,,4.0,Avaliador-21,,Avaliador-20,,Avaliador-1,,Avaliador-26,,8.334,9.824561403666666,7.51,,7.833333333333333,9.5,6.5,7.5,,8.755,10.0,,,,2024,8.125,,,EE Maria André Schunck Dona,4.0,4.0,fase_0_7,15.0,1,0.0,True,False
1164,1,2010.0,2023,Pública,Agata,6.910091667,,,4.0,Avaliador-21,,Avaliador-6,,Avaliador-4,,Avaliador-8,,9.2,7.5,2.52,,4.8,7.0,7.5,0.0,,7.545,10.0,,,,2023,7.65625,,,,3.0,3.0,fase_0_7,13.0,0,0.0,False,False
1165,0,2011.0,2023,Pública,Ametista,7.880716667,,,4.0,Avaliador-21,,Avaliador-6,,Avaliador-4,,Avaliador-8,,9.2,9.1,5.0,,7.3,7.0,6.0,9.0,,7.2925,10.0,,,,2023,7.1875,,,,3.0,3.0,fase_0_7,12.0,0,0.0,False,False
1165,0,2011.0,2023,Pública,Ametista,7.908044272466667,,,4.0,Avaliador-20,,Avaliador-21,,Avaliador-26,,Avaliador-10,,8.751,6.829721362333333,8.135,,8.0,9.0,7.5,7.5,,7.83,10.0,,,,2024,6.875,,,EM Alfredo Schunk,3.0,3.0,fase_0_7,13.0,1,0.0,False,False
1166,0,2008.0,2023,Pública,Ametista,7.307858333,,,4.0,Avaliador-21,,Avaliador-6,,Avaliador-4,,Avaliador-8,,8.3,9.6,7.52,,4.8,5.3,2.8,6.2,,7.9175,5.0,,,,2023,7.65625,,,,3.0,5.0,fase_0_7,15.0,0,-2.0,False,True
1166,0,2008.0,2023,Pública,Ametista,7.452799122766667,,,4.0,Avaliador-21,,Avaliador-20,,Avaliador-1,,Avaliador-26,,8.334,8.498245614,6.26,,6.333333333333333,5.0,7.0,7.0,,8.625,5.0,,,,2024,8.020833333,,,EE Donizetti Aparecido Leite Professor,4.0,5.0,fase_0_7,16.0,1,-1.0,True,True
1167,1,2007.0,2023,Pública,Agata,6.021891667,,,4.0,Avaliador-21,,Avaliador-6,,Avaliador-4,,Avaliador-8,,8.8,7.6,2.52,,3.8,6.0,3.7,1.8,,7.9625,2.5,,,,2023,7.65625,,,,3.0,6.0,fase_0_7,16.0,0,-3.0,False,True
1168,0,2010.0,2023,Pública,Quartzo,5.886625,,,4.0,Avaliador-21,,Avaliador-6,,Avaliador-34,,Avaliador-8,,0.0,8.8,2.52,,3.5,5.0,2.0,3.5,,7.045,10.0,,,,2023,7.65625,,,,3.0,3.0,fase_0_7,13.0,0,0.0,False,False
1168,0,2010.0,2023,Pública,Agata,6.864053921600001,,,2.0,Avaliador-21,,Avaliador-23,,,,,,9.585,7.682352941333334,7.51,,5.666666666666667,8.5,3.5,5.0,,6.33,5.0,,,,2024,7.1875,,,EE Paschoal Carlos Magno,3.0,4.0,fase_0_7,14.0,1,-1.0,False,True
1169,0,2009.0,2023,Pública,Ametista,7.213625,,,4.0,Avaliador-32,,Avaliador-6,,Avaliador-34,,Avaliador-8,,7.5,9.5,5.0,,6.3,6.8,7.3,4.8,,8.0025,5.0,,,,2023,7.03125,,,,3.0,4.0,fase_0_7,14.0,0,-1.0,False,True
1169,0,2009.0,2023,Pública,Agata,6.885305555533334,,,5.0,Avaliador-21,,Avaliador-5,,Avaliador-17,,Avaliador-23,,6.25,8.444444444333334,5.635,,6.833333333333333,6.0,6.5,8.0,,6.8,5.0,,,,2024,7.8125,Avaliador-5,,EE Maria André Schunck Dona,4.0,5.0,fase_0_7,15.0,1,-1.0,False,True
117,0,2007.0,2022,Escola Pública,Ágata,6.685,55.0,10.0,4.0,Avaliador-6,Promovido de Fase,Avaliador-27,Mantido na Fase atual,Avaliador-30,Promovido de Fase,Avaliador-31,Promovido de Fase,7.9,6.3,6.9,Requer avaliação,6.1,4.7,6.7,7.0,Não,7.417,5.0,Melhorar: Melhorar a sua entrega de lições de casa.,Melhorar: Empenhar-se mais nas aulas e avaliações.,Melhorar: Integrar-se mais aos Princípios Passos Mágicos.,2022,7.415999999999991,,,,4.0,5.0,fase_0_7,15.0,0,-1.0,False,True
1170,1,2009.0,2023,Pública,Agata,6.874683333,,,4.0,Avaliador-32,,Avaliador-6,,Avaliador-34,,Avaliador-8,,8.8,7.7,7.52,,5.9,6.0,6.8,4.8,,6.5775,5.0,,,,2023,7.1875,,,,3.0,4.0,fase_0_7,14.0,0,-1.0,False,True
1170,1,2009.0,2023,Pública,Agata,6.095440873,,,4.0,Avaliador-21,,Avaliador-23,,Avaliador-5,,Avaliador-26,,9.168,5.565079365,8.13,,3.5,1.0,2.5,7.0,,6.7475,5.0,,,,2024,7.03125,,,EE Donizetti Aparecido Leite Professor,3.0,5.0,fase_0_7,15.0,1,-2.0,False,True
1171,1,2009.0,2023,Pública,Ametista,7.856033333,,,4.0,Avaliador-32,,Avaliador-6,,Avaliador-34,,Avaliador-8,,7.9,8.4,5.0,,8.7,7.3,9.0,9.7,,8.88,5.0,,,,2023,8.75,,,,3.0,4.0,fase_0_7,14.0,0,-1.0,False,True
1171,1,2009.0,2023,Pública,Ametista,7.6236817459,,,6.0,Avaliador-23,,Avaliador-22,,Avaliador-17,,Avaliador-1,,8.334,7.230158729999999,7.51,,7.5,5.0,9.5,8.0,,8.643333333,5.0,,,,2024,8.645833333,Avaliador-5,Avaliador-26,EE Donizetti Aparecido Leite Professor,4.0,5.0,fase_0_7,15.0,1,-1.0,True,True
1172,0,2007.0,2023,Pública,Ametista,7.030108333,,,4.0,Avaliador-21,,Avaliador-6,,Avaliador-23,,Avaliador-8,,8.3,7.8,2.52,,6.7,6.0,5.7,8.3,,8.46,5.0,,,,2023,8.59375,,,,4.0,6.0,fase_0_7,16.0,0,-2.0,False,True
1172,0,2007.0,2023,Pública,Quartzo,5.719565079333334,,,5.0,Avaliador-23,,Avaliador-24,,Avaliador-26,,Avaliador-1,,7.5,6.0634920633333325,6.26,,3.333333333333333,0.0,5.0,5.0,,6.196,5.0,,,,2024,7.25,Avaliador-7,,EE Donizetti Aparecido Leite Professor,5.0,6.0,fase_0_7,17.0,1,-1.0,False,True
1173,1,2009.0,2023,Pública,Ametista,7.67285,,,4.0,Avaliador-21,,Avaliador-6,,Avaliador-23,,Avaliador-8,,8.8,9.7,2.52,,6.0,7.0,5.0,6.0,,8.1225,10.0,,,,2023,7.8125,,,,4.0,4.0,fase_0_7,14.0,0,0.0,False,False
1173,1,2009.0,2023,Pública,Topázio,8.220132915666667,,,5.0,Avaliador-23,,Avaliador-26,,Avaliador-22,,Avaliador-1,,9.168,9.665831245,7.51,,5.833333333333333,6.0,7.5,4.0,,8.2,10.0,,,,2024,8.125,Avaliador-5,,EE Leonice de Aquino Oliveira,5.0,5.0,fase_0_7,15.0,1,0.0,False,False
1174,0,2008.0,2023,Pública,Ametista,7.333591667,,,4.0,Avaliador-21,,Avaliador-6,,Avaliador-23,,Avaliador-8,,9.2,8.7,2.52,,6.8,6.5,7.2,6.8,,8.3375,5.0,,,,2023,8.90625,,,,4.0,5.0,fase_0_7,15.0,0,-1.0,False,True
1174,0,2008.0,2023,Pública,Ametista,7.374213419866667,,,5.0,Avaliador-23,,Avaliador-24,,Avaliador-26,,Avaliador-1,,8.751,8.349567099333333,6.26,,5.0,5.0,3.0,7.0,,7.266,10.0,,,,2024,7.5,Avaliador-7,,EE Olivia de Faria Nogueira,5.0,5.0,fase_0_7,16.0,1,0.0,False,False
1175,0,2006.0,2023,Pública,Quartzo,5.939858333,,,4.0,Avaliador-21,,Avaliador-6,,Avaliador-23,,Avaliador-8,,8.3,5.3,2.52,,6.3,6.3,6.3,6.2,,7.6275,2.5,,,,2023,7.65625,,,,4.0,7.0,fase_0_7,17.0,0,-3.0,False,True
1176,1,2010.0,2023,Pública,Topázio,8.881483333,,,4.0,Avaliador-21,,Avaliador-6,,Avaliador-23,,Avaliador-8,,8.3,9.3,7.52,,8.2,8.0,7.8,8.7,,9.17,10.0,,,,2023,9.6875,,,,4.0,3.0,fase_0_7,13.0,0,1.0,True,False
1176,1,2010.0,2023,Privada - Programa de Apadrinhamento,Topázio,8.914816269866666,,,4.0,Avaliador-23,,Avaliador-22,,Avaliador-1,,Avaliador-5,,8.751,9.682539682666668,6.26,,9.166666666666666,10.0,8.0,9.5,,8.9225,10.0,,,,2024,8.59375,,,Colégio Arco Íris Evolução,5.0,4.0,fase_0_7,14.0,1,1.0,True,False
1177,0,2008.0,2023,Pública,Topázio,8.345491667,,,4.0,Avaliador-21,,Avaliador-6,,Avaliador-23,,Avaliador-8,,10.0,9.9,2.52,,7.2,7.0,6.7,8.0,,8.88,10.0,,,,2023,8.90625,,,,4.0,4.0,fase_0_7,15.0,0,0.0,False,False
1177,0,2008.0,2023,Pública,Topázio,8.3233039474,,,4.0,Avaliador-23,,Avaliador-22,,Avaliador-1,,Avaliador-5,,8.751,9.824561403666666,6.26,,7.333333333333333,9.5,5.5,7.0,,8.125,10.0,,,,2024,7.65625,,,EE Mario Francisco de Amorim,5.0,5.0,fase_0_7,16.0,1,0.0,False,False
1178,1,2007.0,2023,Pública,Ametista,7.066475,,,4.0,Avaliador-21,,Avaliador-6,,Avaliador-23,,Avaliador-8,,8.8,9.3,2.52,,5.7,6.3,4.5,6.3,,8.2125,5.0,,,,2023,7.96875,,,,4.0,6.0,fase_0_7,16.0,0,-2.0,False,True
1178,1,2007.0,2023,Pública,Topázio,8.0934746032,,,5.0,Avaliador-23,,Avaliador-26,,Avaliador-22,,Avaliador-1,,8.751,9.682539682666668,6.26,,8.333333333333334,9.0,8.0,8.0,,8.696,5.0,,,,2024,7.5,Avaliador-5,,EE Mario Francisco de Amorim,5.0,6.0,fase_0_7,17.0,1,-1.0,True,True
1179,1,2008.0,2023,Pública,Agata,6.631333333,,,4.0,Avaliador-21,,Avaliador-6,,Avaliador-23,,Avaliador-8,,9.6,8.1,4.38,,5.0,6.7,3.7,4.5,,7.17,5.0,,,,2023,6.875,,,,4.0,5.0,fase_0_7,15.0,0,-1.0,False,True
118,0,2008.0,2021,Escola Pública,Quartzo,5.597,70.0,12.0,4.0,Avaliador-6,Promovido de Fase,Avaliador-27,Mantido na Fase atual,Avaliador-30,Mantido na Fase atual,Avaliador-31,Promovido de Fase,0.0,5.3,6.3,Sem limitações,3.9,3.7,4.7,3.5,Não,6.958,10.0,Melhorar: Melhorar a sua entrega de lições de casa.,Melhorar: Empenhar-se mais nas aulas e avaliações.,Melhorar: Integrar-se mais aos Princípios Passos Mágicos.,2022,7.354000000000003,,,,4.0,4.0,fase_0_7,14.0,1,0.0,False,False
1180,1,2008.0,2023,Pública,Ametista,7.067983333,,,4.0,Avaliador-21,,Avaliador-6,,Avaliador-23,,Avaliador-8,,8.3,9.5,5.0,,5.4,6.0,4.8,5.3,,7.7125,5.0,,,,2023,7.1875,,,,4.0,5.0,fase_0_7,15.0,0,-1.0,False,True
1181,0,2009.0,2023,Pública,Agata,6.971266667,,,4.0,Avaliador-21,,Avaliador-6,,Avaliador-23,,Avaliador-8,,8.8,8.3,2.52,,4.8,5.7,4.3,4.5,,7.3375,10.0,,,,2023,7.5,,,,4.0,4.0,fase_0_7,14.0,0,0.0,False,False
1181,0,2009.0,2023,Pública,Agata,6.2015816738666665,,,5.0,Avaliador-23,,Avaliador-24,,Avaliador-26,,Avaliador-1,,9.168,5.036075036,6.26,,3.8333333333333335,1.0,1.0,9.5,,5.862,10.0,,,,2024,7.125,Avaliador-7,,EE Paschoal Carlos Magno,5.0,5.0,fase_0_7,15.0,1,0.0,False,False
1182,0,2007.0,2023,Pública,Quartzo,5.709808333,,,4.0,Avaliador-21,,Avaliador-6,,Avaliador-23,,Avaliador-8,,7.5,6.3,2.52,,4.2,5.3,2.0,5.2,,7.2125,5.0,,,,2023,6.71875,,,,4.0,6.0,fase_0_7,16.0,0,-2.0,False,True
1183,1,2007.0,2023,Pública,Agata,6.269541667,,,4.0,Avaliador-21,,Avaliador-6,,Avaliador-23,,Avaliador-8,,7.5,8.7,2.52,,5.3,6.0,4.0,6.0,,6.7575,5.0,,,,2023,6.09375,,,,4.0,5.0,fase_0_7,16.0,0,-1.0,False,True
1184,1,2007.0,2023,Pública,Ametista,7.381566667,,,4.0,Avaliador-21,,Avaliador-6,,Avaliador-23,,Avaliador-8,,8.3,8.3,5.0,,7.3,8.0,5.5,8.5,,8.045,5.0,,,,2023,8.125,,,,4.0,6.0,fase_0_7,16.0,0,-2.0,False,True
1184,1,2007.0,2023,Pública,Ametista,7.411701731566668,,,3.0,Avaliador-24,,Avaliador-1,,Avaliador-7,,,,6.666,8.658008657666668,7.51,,7.666666666666667,6.0,7.0,10.0,,7.5,5.0,,,,2024,7.291666667,,,EE Joaquim Mendes Feliz,5.0,6.0,fase_0_7,17.0,1,-1.0,False,True
1185,0,2010.0,2023,Pública,Topázio,8.02675,,,4.0,Avaliador-21,,Avaliador-6,,Avaliador-23,,Avaliador-8,,7.5,9.1,5.0,,7.5,6.7,6.3,9.5,,8.3775,10.0,,,,2023,7.8125,,,,4.0,3.0,fase_0_7,13.0,0,1.0,False,False
1186,0,2007.0,2023,Pública,Ametista,7.281433333,,,4.0,Avaliador-21,,Avaliador-6,,Avaliador-23,,Avaliador-8,,8.8,9.8,6.89,,5.5,6.7,5.2,4.5,,7.3825,5.0,,,,2023,6.875,,,,4.0,6.0,fase_0_7,16.0,0,-2.0,False,True
1187,0,2010.0,2023,Pública,Agata,6.644475,,,4.0,Avaliador-21,,Avaliador-6,,Avaliador-23,,Avaliador-8,,8.8,6.9,2.52,,5.3,4.7,5.0,6.2,,6.715,10.0,,,,2023,7.34375,,,,4.0,3.0,fase_0_7,13.0,0,1.0,False,False
1188,0,2008.0,2023,Pública,,,,,4.0,Avaliador-21,,Avaliador-6,,Avaliador-23,,Avaliador-8,,9.6,9.4,,,6.4,6.5,7.5,5.2,,7.5875,5.0,,,,2023,7.8125,,,,4.0,5.0,fase_0_7,15.0,0,-1.0,False,True
1188,0,2008.0,2023,Pública,Ametista,7.801633333400001,,,3.0,Avaliador-23,,Avaliador-1,,Avaliador-5,,,,9.168,10.0,7.51,,7.0,7.0,6.0,8.0,,7.106666667,5.0,,,,2024,8.125,,,EE Olivia de Faria Nogueira,5.0,6.0,fase_0_7,16.0,1,-1.0,False,True
1189,0,2008.0,2023,Pública,,,,,4.0,Avaliador-21,,Avaliador-6,,Avaliador-23,,Avaliador-8,,8.8,9.0,,,6.1,6.3,5.7,6.2,,7.3775,5.0,,,,2023,7.8125,,,,4.0,5.0,fase_0_7,15.0,0,-1.0,False,True
1189,0,2008.0,2023,Pública,Ametista,7.6486387164,,,3.0,Avaliador-23,,Avaliador-1,,Avaliador-5,,,,9.585,8.672360248333332,7.51,,7.666666666666667,7.0,7.0,9.0,,7.106666667,5.0,,,,2024,7.5,,,EE Olivia de Faria Nogueira,5.0,6.0,fase_0_7,16.0,1,-1.0,False,True
119,0,2008.0,2016,Rede Decisão,Ametista,7.501,26.0,3.0,4.0,Avaliador-6,Promovido de Fase,Avaliador-27,Mantido na Fase atual,Avaliador-30,Promovido de Fase,Avaliador-31,Promovido de Fase + Bolsa,8.3,8.2,5.6,Requer avaliação,5.4,5.7,7.0,3.4,Não,7.875,10.0,Destaque: A sua boa entrega das lições de casa.,Melhorar: Empenhar-se mais nas aulas e avaliações.,Destaque: A sua boa integração aos Princípios Passos Mágicos.,2022,8.160000000000007,,,,4.0,4.0,fase_0_7,14.0,6,0.0,False,False
119,0,2008.0,2016,Privada - Programa de Apadrinhamento,,,,,,,,,,,,,,6.7,,2.52,,,,,,,,10.0,,,,2023,,,,,7.0,5.0,fase_0_7,15.0,7,2.0,False,False
119,0,2008.0,2021,Privada - Programa de Apadrinhamento,Topázio,8.085299999933333,,,0.0,,,,,,,,,7.083,9.983333333,6.57,,7.366666666666667,6.05,7.5,8.55,,7.5,10.0,,,,2024,7.5,,,Colégio Albert Einstein - SP,7.0,6.0,fase_0_7,16.0,3,1.0,False,False
1190,1,2009.0,2023,Pública,Agata,6.330041667,,,4.0,Avaliador-21,,Avaliador-6,,Avaliador-23,,Avaliador-8,,0.0,9.2,5.0,,4.2,3.0,4.2,5.5,,7.045,10.0,,,,2023,7.34375,,,,4.0,4.0,fase_0_7,14.0,0,0.0,False,False
1191,1,2009.0,2023,Pública,Agata,6.175333333,,,4.0,Avaliador-21,,Avaliador-6,,Avaliador-23,,Avaliador-8,,7.5,7.2,5.0,,3.7,2.3,2.5,6.2,,6.26,10.0,,,,2023,5.0,,,,4.0,4.0,fase_0_7,14.0,0,0.0,False,False
1192,0,2007.0,2023,Pública,Agata,6.780741667,,,4.0,Avaliador-21,,Avaliador-6,,Avaliador-23,,Avaliador-8,,7.9,8.7,2.52,,5.8,4.7,6.0,6.8,,7.6675,5.0,,,,2023,7.96875,,,,4.0,5.0,fase_0_7,16.0,0,-1.0,False,True
1193,0,2009.0,2023,Pública,Agata,6.018083333,,,4.0,Avaliador-21,,Avaliador-6,,Avaliador-23,,Avaliador-8,,0.0,7.8,5.0,,4.1,3.7,3.5,5.0,,7.13,10.0,,,,2023,7.1875,,,,4.0,4.0,fase_0_7,14.0,0,0.0,False,False
1193,0,2009.0,2023,Pública,Agata,6.6304815790000005,,,4.0,Avaliador-23,,Avaliador-20,,Avaliador-22,,Avaliador-26,,8.751,7.763157895,5.635,,4.0,3.0,6.0,3.0,,7.79,5.0,,,,2024,7.8125,,,EE Donizetti Aparecido Leite Professor,4.0,5.0,fase_0_7,15.0,1,-1.0,False,True
1194,1,2010.0,2023,Pública,Ametista,7.671933333,,,4.0,Avaliador-21,,Avaliador-6,,Avaliador-23,,Avaliador-8,,8.8,9.0,5.0,,6.1,6.0,4.2,8.0,,7.6675,10.0,,,,2023,7.5,,,,4.0,3.0,fase_0_7,13.0,0,1.0,False,False
1195,0,2006.0,2022,Pública,Quartzo,5.677291667,,,4.0,Avaliador-21,,Avaliador-6,,Avaliador-23,,Avaliador-8,,0.0,8.3,2.52,,5.4,4.3,4.7,7.3,,8.0025,2.5,,,,2023,8.28125,,,,4.0,7.0,fase_0_7,17.0,1,-3.0,False,True
1195,0,2006.0,2022,Pública,Ametista,7.508514492666666,,,3.0,Avaliador-23,,Avaliador-22,,Avaliador-1,,,,9.585,9.855072463666666,5.63,,6.166666666666667,8.0,5.0,5.5,,7.663333333,5.0,,,,2024,7.5,,,EE Maria André Schunck Dona,5.0,7.0,fase_0_7,18.0,2,-2.0,False,True
1196,1,2008.0,2023,Privada,Ametista,7.03025,,,4.0,Avaliador-24,,Avaliador-7,,Avaliador-23,,Avaliador-8,,0.0,8.2,5.0,,7.5,8.0,6.2,8.3,,8.045,10.0,,,,2023,7.8125,,,,5.0,5.0,fase_0_7,15.0,0,0.0,False,False
1197,0,2007.0,2023,Pública,Agata,6.946058333,,,4.0,Avaliador-24,,Avaliador-7,,Avaliador-23,,Avaliador-8,,6.7,8.4,5.0,,7.3,5.3,7.2,9.3,,7.215,5.0,,,,2023,7.03125,,,,5.0,6.0,fase_0_7,16.0,0,-1.0,False,True
1198,0,2007.0,2023,Pública,Ametista,7.515233333,,,4.0,Avaliador-24,,Avaliador-7,,Avaliador-23,,Avaliador-8,,8.3,9.4,6.26,,6.7,7.3,3.7,9.0,,7.9625,5.0,,,,2023,7.5,,,,5.0,6.0,fase_0_7,16.0,0,-1.0,False,True
1198,0,2007.0,2023,Pública,Agata,6.9217748918,,,5.0,Avaliador-23,,Avaliador-24,,Avaliador-26,,Avaliador-1,,8.751,9.458874459,7.51,,3.5,0.0,1.0,9.5,,7.332,5.0,,,,2024,7.375,Avaliador-7,,EE Joaquim Mendes Feliz,5.0,6.0,fase_0_7,17.0,1,-1.0,False,True
1199,1,2006.0,2023,Pública,Ametista,7.024933333,,,4.0,Avaliador-32,,Avaliador-5,,Avaliador-23,,Avaliador-8,,6.7,9.1,5.0,,6.2,6.8,5.0,6.7,,8.0875,5.0,,,,2023,6.875,,,,5.0,7.0,fase_0_7,17.0,0,-2.0,False,True
1199,1,2006.0,2023,Concluiu o 3º EM,Ametista,7.614235714266666,,,5.0,Avaliador-23,,Avaliador-26,,Avaliador-22,,Avaliador-1,,7.5,8.571428571333334,5.005,,9.0,10.0,7.0,10.0,,8.466,5.0,,,,2024,6.5625,Avaliador-5,,Concluiu o 3º EM,5.0,7.0,fase_0_7,18.0,1,-2.0,True,True
12,0,2005.0,2020,Escola Pública,Quartzo,4.832,20.0,12.0,4.0,Avaliador-5,Promovido de Fase,Avaliador-27,Promovido de Fase + Bolsa,Avaliador-28,Mantido na Fase atual,Avaliador-31,Mantido na Fase atual,0.0,4.0,6.9,Sem limitações,1.5,2.7,1.1,0.7,Sim,6.389,10.0,Melhorar: Melhorar a sua entrega de lições de casa.,Melhorar: Empenhar-se mais nas aulas e avaliações.,Melhorar: Integrar-se mais aos Princípios Passos Mágicos.,2022,7.641999999999998,,,,7.0,7.0,fase_0_7,17.0,2,0.0,False,False
12,0,2005.0,2020,Privada *Parcerias com Bolsa 100%,,,,,,,,,,,,,,,,,,,,,,,,10.0,,,,2023,,,,,8.0,8.0,fase_8,18.0,3,0.0,False,False
12,0,2005.0,2021,Privada *Parcerias com Bolsa 100%,,,,,0.0,,,,,,,,,,,,,,,,,,,10.0,,,,2024,,,,Universidade Santo Amaro (UNISA),8.0,8.0,fase_8,19.0,3,0.0,False,False
120,1,2007.0,2019,Escola Pública,Ágata,6.825,48.0,9.0,4.0,Avaliador-6,Promovido de Fase + Bolsa,Avaliador-27,Mantido na Fase atual,Avaliador-30,Promovido de Fase,Avaliador-31,Promovido de Fase + Bolsa,8.3,5.9,7.5,Não atendido,6.2,3.7,5.2,9.7,Sim,7.667,5.0,Melhorar: Melhorar a sua entrega de lições de casa.,Melhorar: Empenhar-se mais nas aulas e avaliações.,Destaque: A sua boa integração aos Princípios Passos Mágicos.,2022,7.915999999999999,,,,4.0,5.0,fase_0_7,15.0,3,-1.0,False,True
1200,0,2007.0,2023,Pública,Quartzo,5.711166667,,,4.0,Avaliador-32,,Avaliador-5,,Avaliador-23,,Avaliador-8,,0.0,6.4,5.0,,4.0,4.3,2.3,5.5,,6.8725,10.0,,,,2023,7.5,,,,5.0,5.0,fase_0_7,16.0,0,0.0,False,False
1200,0,2007.0,2023,Pública,Quartzo,5.6415838956,,,3.0,Avaliador-23,,Avaliador-22,,Avaliador-1,,,,7.917,7.099419478000001,6.26,,1.5,0.0,4.5,0.0,,6.27,5.0,,,,2024,7.5,,,EE Maria André Schunck Dona,5.0,6.0,fase_0_7,17.0,1,-1.0,False,True
1201,1,2008.0,2023,Pública,Topázio,8.378008333,,,4.0,Avaliador-32,,Avaliador-5,,Avaliador-23,,Avaliador-8,,9.2,9.6,3.77,,7.8,8.3,6.5,8.5,,8.7575,10.0,,,,2023,8.59375,,,,5.0,5.0,fase_0_7,15.0,0,0.0,False,False
1201,1,2008.0,2023,Pública,Topázio,8.376195238033333,,,3.0,Avaliador-23,,Avaliador-22,,Avaliador-1,,,,8.751,9.523809523666666,7.51,,9.0,9.0,8.0,10.0,,8.56,5.0,,,,2024,8.333333333,,,EE Maria André Schunck Dona,5.0,6.0,fase_0_7,16.0,1,-1.0,True,True
1202,0,2007.0,2023,Pública,Agata,6.202008333,,,4.0,Avaliador-24,,Avaliador-7,,Avaliador-23,,Avaliador-8,,7.1,7.6,7.52,,3.3,4.5,3.3,2.0,,6.67,5.0,,,,2023,7.34375,,,,5.0,6.0,fase_0_7,16.0,0,-1.0,False,True
1203,0,2007.0,2023,Pública,Ametista,7.487841667,,,4.0,Avaliador-24,,Avaliador-7,,Avaliador-23,,Avaliador-8,,9.2,10.0,2.52,,7.2,6.7,5.8,9.2,,7.8775,5.0,,,,2023,7.96875,,,,5.0,6.0,fase_0_7,16.0,0,-1.0,False,True
1203,0,2007.0,2023,Privada - Programa de Apadrinhamento,Topázio,8.9495245614,,,5.0,Avaliador-23,,Avaliador-24,,Avaliador-26,,Avaliador-1,,9.168,9.649122807,7.51,,9.0,8.5,9.0,9.5,,8.572,10.0,,,,2024,8.375,Avaliador-7,,Colégio Arco Íris Evolução,6.0,6.0,fase_0_7,17.0,1,0.0,True,False
1204,1,2007.0,2023,Pública,Agata,6.940416667,,,4.0,Avaliador-24,,Avaliador-7,,Avaliador-23,,Avaliador-8,,7.5,8.7,5.0,,6.1,5.0,3.7,9.7,,7.2125,5.0,,,,2023,7.8125,,,,5.0,6.0,fase_0_7,16.0,0,-1.0,False,True
1205,0,2005.0,2023,Pública,Agata,6.806466667,,,4.0,Avaliador-24,,Avaliador-7,,Avaliador-23,,Avaliador-8,,9.2,9.2,6.26,,5.0,5.2,3.7,6.2,,7.085,2.5,,,,2023,7.5,,,,5.0,8.0,fase_0_7,18.0,0,-3.0,False,True
1206,0,2006.0,2023,Pública,Agata,6.724183333,,,4.0,Avaliador-24,,Avaliador-7,,Avaliador-23,,Avaliador-8,,8.8,8.3,2.52,,5.6,4.7,3.7,8.3,,7.7125,5.0,,,,2023,7.8125,,,,5.0,7.0,fase_0_7,17.0,0,-2.0,False,True
1207,0,2008.0,2023,Pública,Ametista,7.58235,,,4.0,Avaliador-24,,Avaliador-7,,Avaliador-23,,Avaliador-8,,8.8,9.0,5.0,,5.5,5.0,4.0,7.5,,7.63,10.0,,,,2023,7.8125,,,,5.0,5.0,fase_0_7,15.0,0,0.0,False,False
1207,0,2008.0,2023,Pública,Agata,6.509169736866667,,,4.0,Avaliador-23,,Avaliador-24,,Avaliador-1,,Avaliador-7,,8.334,6.581140350999999,7.51,,5.333333333333333,4.5,1.5,10.0,,6.5375,5.0,,,,2024,7.34375,,,EE Donizetti Aparecido Leite Professor,5.0,6.0,fase_0_7,16.0,1,-1.0,False,True
1208,1,2008.0,2023,Pública,Ametista,7.0651,,,4.0,Avaliador-24,,Avaliador-7,,Avaliador-23,,Avaliador-8,,8.8,8.8,2.52,,6.2,5.0,4.8,8.8,,6.2525,10.0,,,,2023,6.875,,,,5.0,5.0,fase_0_7,15.0,0,0.0,False,False
1209,0,2007.0,2023,Pública,Ametista,7.43375,,,4.0,Avaliador-24,,Avaliador-7,,Avaliador-23,,Avaliador-8,,7.5,9.4,5.0,,7.4,7.7,5.7,8.8,,7.7125,5.0,,,,2023,7.8125,,,,5.0,6.0,fase_0_7,16.0,0,-1.0,False,True
121,0,2006.0,2021,Escola Pública,Ametista,7.245,33.0,5.0,4.0,Avaliador-6,Promovido de Fase,Avaliador-27,Mantido na Fase atual,Avaliador-30,Promovido de Fase,Avaliador-31,Promovido de Fase + Bolsa,7.1,8.4,6.3,Sem limitações,7.2,5.7,6.8,9.0,Sim,7.625,5.0,Destaque: A sua boa entrega das lições de casa.,Melhorar: Empenhar-se mais nas aulas e avaliações.,Destaque: A sua boa integração aos Princípios Passos Mágicos.,2022,7.599999999999998,,,,4.0,6.0,fase_0_7,16.0,1,-2.0,False,True
121,0,2006.0,2021,Pública,Agata,6.811875,,,4.0,Avaliador-24,,Avaliador-7,,Avaliador-23,,Avaliador-8,,6.3,8.8,5.0,,6.0,5.0,5.7,7.3,,7.4625,5.0,,,,2023,7.34375,,,,5.0,6.0,fase_0_7,17.0,2,-1.0,False,True
121,0,2006.0,2021,Pública,Ametista,7.476158297266668,,,5.0,Avaliador-23,,Avaliador-24,,Avaliador-26,,Avaliador-1,,8.751,8.152958153,6.26,,8.833333333333334,7.5,9.0,10.0,,6.764,5.0,,,,2024,7.25,Avaliador-7,,EE Joaquim Mendes Feliz,5.0,7.0,fase_0_7,18.0,3,-2.0,False,True
1210,0,2007.0,2023,Pública,Ametista,7.171083333,,,4.0,Avaliador-24,,Avaliador-7,,Avaliador-23,,Avaliador-8,,9.6,9.4,5.0,,4.7,5.0,2.0,7.0,,8.09,5.0,,,,2023,7.8125,,,,5.0,6.0,fase_0_7,16.0,0,-1.0,False,True
1210,0,2007.0,2023,Pública,Topázio,8.2302,,,5.0,Avaliador-23,,Avaliador-24,,Avaliador-26,,Avaliador-1,,9.585,10.0,7.51,,5.5,5.0,6.5,5.0,,8.166,10.0,,,,2024,7.875,Avaliador-7,,EE Donizetti Aparecido Leite Professor,6.0,6.0,fase_0_7,17.0,1,0.0,False,False
1211,0,2007.0,2023,Pública,Ametista,7.09205,,,4.0,Avaliador-24,,Avaliador-7,,Avaliador-23,,Avaliador-8,,7.1,9.1,5.0,,6.2,6.3,4.5,7.8,,7.7125,5.0,,,,2023,7.8125,,,,5.0,6.0,fase_0_7,16.0,0,-1.0,False,True
1212,0,2007.0,2023,Pública,Agata,6.755358333,,,4.0,Avaliador-24,,Avaliador-7,,Avaliador-23,,Avaliador-8,,8.3,8.9,5.0,,4.2,0.0,3.5,9.0,,7.715,5.0,,,,2023,7.65625,,,,5.0,6.0,fase_0_7,16.0,0,-1.0,False,True
1213,0,2006.0,2023,Pública,Quartzo,5.95625,,,4.0,Avaliador-24,,Avaliador-7,,Avaliador-23,,Avaliador-8,,0.0,8.4,2.52,,6.0,6.7,4.8,6.5,,7.715,5.0,,,,2023,7.8125,,,,5.0,7.0,fase_0_7,17.0,0,-2.0,False,True
1214,1,2007.0,2023,Pública,Topázio,8.378666667,,,4.0,Avaliador-24,,Avaliador-7,,Avaliador-23,,Avaliador-8,,9.6,9.8,6.89,,7.4,8.0,5.0,9.3,,7.6725,10.0,,,,2023,7.5,,,,6.0,6.0,fase_0_7,16.0,0,0.0,False,False
1214,1,2007.0,2023,Pública,Topázio,8.5902971362,,,3.0,Avaliador-22,,Avaliador-26,,Avaliador-7,,,,10.002,9.081527348,8.13,,8.0,8.0,6.0,10.0,,7.663333333,10.0,,,,2024,8.28125,,,EE Paschoal Carlos Magno,7.0,7.0,fase_0_7,17.0,1,0.0,False,False
1215,0,2007.0,2023,Pública,Agata,6.339466667,,,4.0,Avaliador-24,,Avaliador-7,,Avaliador-23,,Avaliador-8,,7.1,5.6,5.0,,4.1,5.0,2.7,4.7,,7.1725,10.0,,,,2023,7.5,,,,6.0,6.0,fase_0_7,16.0,0,0.0,False,False
1216,0,2004.0,2023,Concluiu o 3º EM,Ametista,7.7105,,,4.0,Avaliador-24,,Avaliador-7,,Avaliador-23,,Avaliador-8,,9.6,9.0,5.63,,7.9,8.7,5.3,9.7,,7.795,5.0,,,,2023,7.5,,,,6.0,8.0,fase_0_7,19.0,0,-2.0,False,True
1216,0,2004.0,2023,Privada *Parcerias com Bolsa 100%,,,,,0.0,,,,,,,,,,,,,,,,,,,10.0,,,,2024,,,,Universidade Santo Amaro (UNISA),8.0,8.0,fase_8,20.0,1,0.0,False,False
1217,0,2006.0,2023,Pública,Agata,6.064625,,,4.0,Avaliador-24,,Avaliador-7,,Avaliador-23,,Avaliador-8,,0.0,7.9,5.63,,5.9,7.0,4.0,6.7,,7.38,5.0,,,,2023,7.65625,,,,6.0,7.0,fase_0_7,17.0,0,-1.0,False,True
1218,1,2006.0,2023,Pública,Agata,6.8265,,,4.0,Avaliador-24,,Avaliador-7,,Avaliador-23,,Avaliador-8,,7.5,9.2,5.0,,5.3,6.7,3.5,5.7,,7.1325,5.0,,,,2023,7.5,,,,6.0,7.0,fase_0_7,17.0,0,-1.0,False,True
1219,0,2007.0,2023,Pública,Ametista,7.215141667,,,4.0,Avaliador-24,,Avaliador-7,,Avaliador-23,,Avaliador-8,,8.8,6.5,5.63,,6.3,7.2,5.5,6.3,,7.38,10.0,,,,2023,7.34375,,,,6.0,6.0,fase_0_7,16.0,0,0.0,False,False
122,0,2008.0,2019,Escola Pública,Quartzo,5.061,74.0,14.0,4.0,Avaliador-6,Mantido na Fase atual,Avaliador-27,Mantido na Fase atual,Avaliador-30,Promovido de Fase,Avaliador-31,Alocado em Fase anterior,7.9,3.4,7.5,Não atendido,1.8,1.7,3.7,0.0,Não,4.958,10.0,Melhorar: Melhorar a sua entrega de lições de casa.,Melhorar: Empenhar-se mais nas aulas e avaliações.,Melhorar: Integrar-se mais aos Princípios Passos Mágicos.,2022,4.893999999999998,,,,4.0,4.0,fase_0_7,14.0,3,0.0,False,False
1220,0,2005.0,2023,Pública,Agata,6.46725,,,4.0,Avaliador-24,,Avaliador-7,,Avaliador-23,,Avaliador-8,,0.0,9.0,5.0,,6.8,8.8,5.3,6.3,,7.63,5.0,,,,2023,7.8125,,,,6.0,7.0,fase_0_7,18.0,0,-1.0,False,True
1220,0,2005.0,2023,Concluiu o 3º EM,Ametista,7.143244444466667,,,5.0,Avaliador-23,,Avaliador-24,,Avaliador-26,,Avaliador-1,,7.083,8.555555555666666,6.885,,7.666666666666667,9.0,7.0,7.0,,6.26,5.0,,,,2024,7.5,Avaliador-7,,Concluiu o 3º EM,6.0,7.0,fase_0_7,19.0,1,-1.0,False,True
1221,0,2001.0,2023,Concluiu o 3º EM,Topázio,8.027466667,,,4.0,Avaliador-32,,Avaliador-7,,Avaliador-23,,Avaliador-8,,9.2,9.1,6.26,,8.7,8.2,8.0,10.0,,8.09,5.0,,,,2023,8.0,,,,7.0,8.0,fase_0_7,22.0,0,-1.0,False,True
1221,0,2001.0,2023,Concluiu o 3º EM,,,,,0.0,,,,,,,,,,,,,8.0,7.0,7.0,10.0,,,10.0,,,,2024,,,,Concluiu o 3º EM,8.0,8.0,fase_8,23.0,1,0.0,False,False
1222,0,2003.0,2023,Nenhuma das opções acima,Ametista,7.026466667,,,4.0,Avaliador-32,,Avaliador-7,,Avaliador-23,,Avaliador-8,,7.1,10.0,5.63,,6.8,5.0,6.5,9.0,,6.005,5.0,,,,2023,6.875,,,,7.0,8.0,fase_0_7,20.0,0,-1.0,False,True
1223,1,2006.0,2023,Pública,Topázio,8.187766667,,,4.0,Avaliador-32,,Avaliador-7,,Avaliador-23,,Avaliador-8,,8.8,9.3,5.0,,9.0,9.5,8.3,9.3,,7.2925,10.0,,,,2023,6.875,,,,7.0,7.0,fase_0_7,17.0,0,0.0,False,False
1224,1,2003.0,2023,Concluiu o 3º EM,Ametista,7.5524,,,4.0,Avaliador-32,,Avaliador-7,,Avaliador-23,,Avaliador-8,,8.3,9.4,5.0,,8.0,8.2,6.3,9.5,,7.6325,5.0,,,,2023,7.125,,,,7.0,8.0,fase_0_7,20.0,0,-1.0,False,True
1224,1,2003.0,2023,Concluiu o 3º EM,,,,,0.0,,,,,,,,,,,,,,,,,,,10.0,,,,2024,,,,Concluiu o 3º EM,8.0,8.0,fase_8,21.0,1,0.0,False,False
1225,0,2005.0,2023,Concluiu o 3º EM,,,,,,,,,,,,,,7.5,,2.52,,,,,,,,5.0,,,,2023,,,,,7.0,8.0,fase_0_7,18.0,0,-1.0,False,True
1225,0,2005.0,2021,Privada *Parcerias com Bolsa 100%,,,,,0.0,,,,,,,,,,,,,,,,,,,10.0,,,,2024,,,,FGV,8.0,8.0,fase_8,19.0,3,0.0,False,False
1226,0,2007.0,2023,Privada *Parcerias com Bolsa 100%,,,,,,,,,,,,,,9.2,,7.52,,,,,,,,10.0,,,,2023,,,,,7.0,6.0,fase_0_7,16.0,0,1.0,False,False
1226,0,2007.0,2021,Privada *Parcerias com Bolsa 100%,Ametista,7.785233333333334,,,0.0,,,,,,,,,8.334,9.0,6.885,,6.066666666666666,6.0,6.2,6.0,,7.5,10.0,,,,2024,7.5,,,Colégio Poliedro - SP,7.0,7.0,fase_0_7,17.0,3,0.0,False,False
1227,0,2006.0,2023,Privada - Programa de Apadrinhamento,,,,,,,,,,,,,,9.2,,2.52,,,,,,,,10.0,,,,2023,,,,,7.0,6.0,fase_0_7,17.0,0,1.0,False,False
1227,0,2006.0,2021,Privada - Programa de Apadrinhamento,Quartzo,4.8446,,,0.0,,,,,,,,,8.751,0.0,7.195,,0.0,0.0,0.0,0.0,,7.5,10.0,,,,2024,7.5,,,Colégio Albert Einstein - SP,7.0,7.0,fase_0_7,18.0,3,0.0,False,False
1228,0,2006.0,2023,Privada - Programa de Apadrinhamento,,,,,,,,,,,,,,7.5,,2.52,,,,,,,,10.0,,,,2023,,,,,7.0,7.0,fase_0_7,17.0,0,0.0,False,False
1228,0,2006.0,2021,Privada - Programa de Apadrinhamento,Quartzo,4.8761,,,0.0,,,,,,,,,8.751,0.0,7.51,,0.0,0.0,0.0,0.0,,7.5,10.0,,,,2024,7.5,,,Colégio Albert Einstein - SP,7.0,7.0,fase_0_7,18.0,3,0.0,False,False
1229,0,2006.0,2023,Privada - Programa de Apadrinhamento,,,,,,,,,,,,,,8.3,,7.52,,,,,,,,10.0,,,,2023,,,,,7.0,6.0,fase_0_7,17.0,0,1.0,False,False
1229,0,2006.0,2021,Privada - Programa de Apadrinhamento,Quartzo,4.8238,,,0.0,,,,,,,,,9.168,0.0,6.57,,0.0,0.0,0.0,0.0,,7.5,10.0,,,,2024,7.5,,,Colégio Albert Einstein - SP,7.0,7.0,fase_0_7,18.0,3,0.0,False,False
123,1,2006.0,2017,Rede Decisão,Ametista,7.084,37.0,6.0,4.0,Avaliador-6,Promovido de Fase + Bolsa,Avaliador-27,Mantido na Fase atual,Avaliador-30,Promovido de Fase,Avaliador-31,Promovido de Fase + Bolsa,7.9,8.6,5.6,Requer avaliação,6.5,7.3,6.3,5.9,Não,7.292,5.0,Destaque: A sua boa entrega das lições de casa.,Melhorar: Empenhar-se mais nas aulas e avaliações.,Melhorar: Integrar-se mais aos Princípios Passos Mágicos.,2022,7.555999999999994,,,,4.0,6.0,fase_0_7,16.0,5,-2.0,False,True
123,1,2006.0,2017,Privada - Programa de Apadrinhamento,Agata,6.068333333,,,4.0,Avaliador-24,,Avaliador-7,,Avaliador-23,,Avaliador-8,,0.0,9.4,5.0,,5.7,5.0,5.3,6.7,,6.8375,5.0,,,,2023,6.875,,,,5.0,7.0,fase_0_7,17.0,6,-2.0,False,True
123,1,2006.0,2021,Privada - Programa de Apadrinhamento,Agata,6.887248015866668,,,5.0,Avaliador-23,,Avaliador-24,,Avaliador-1,,Avaliador-26,,7.5,8.412698412666666,5.635,,7.166666666666667,6.5,5.5,9.5,,6.43,5.0,,,,2024,6.71875,Avaliador-7,,Colégio Arco Íris Evolução,6.0,7.0,fase_0_7,18.0,3,-1.0,False,True
1230,0,2007.0,2021,Privada - Programa de Apadrinhamento,,,,,,,,,,,,,,0.0,,2.52,,,,,,,,10.0,,,,2023,,,,,7.0,6.0,fase_0_7,16.0,2,1.0,False,False
1230,0,2007.0,2021,Privada - Programa de Apadrinhamento,Quartzo,4.7612000000000005,,,0.0,,,,,,,,,7.917,0.0,7.195,,0.0,0.0,0.0,0.0,,7.5,10.0,,,,2024,7.5,,,Colégio Albert Einstein - SP,7.0,7.0,fase_0_7,17.0,3,0.0,False,False
1231,1,2001.0,2021,Privada *Parcerias com Bolsa 100%,,,,,,,,,,,,,,,,,,,,,,,,10.0,,,,2023,,,,,8.0,8.0,fase_8,22.0,2,0.0,False,False
1231,1,2001.0,2021,Privada,INCLUIR,,,,0.0,,,,,,,,,,0.0,,,,,,,,,10.0,,,,2024,,,,Universidade Santo Amaro (UNISA),,8.0,fase_0_7,23.0,3,,False,
1232,1,2002.0,2021,Privada *Parcerias com Bolsa 100%,,,,,,,,,,,,,,,,,,,,,,,,10.0,,,,2023,,,,,8.0,8.0,fase_8,21.0,2,0.0,False,False
1232,1,2002.0,2021,Privada,INCLUIR,,,,0.0,,,,,,,,,,0.0,,,,,,,,,10.0,,,,2024,,,,Universidade Santo Amaro (UNISA),,8.0,fase_0_7,22.0,3,,False,
1233,0,2001.0,2021,Privada *Parcerias com Bolsa 100%,,,,,,,,,,,,,,,,,,,,,,,,10.0,,,,2023,,,,,8.0,8.0,fase_8,22.0,2,0.0,False,False
1233,0,2001.0,2021,Privada,INCLUIR,,,,0.0,,,,,,,,,,0.0,,,,,,,,,10.0,,,,2024,,,,Universidade Santo Amaro (UNISA),,8.0,fase_0_7,23.0,3,,False,
1234,0,2002.0,2021,Privada *Parcerias com Bolsa 100%,,,,,,,,,,,,,,,,,,,,,,,,10.0,,,,2023,,,,,8.0,8.0,fase_8,21.0,2,0.0,False,False
1234,0,2002.0,2021,Privada,,,,,0.0,,,,,,,,,,,,,,,,,,,10.0,,,,2024,,,,Universidade Santo Amaro (UNISA),8.0,8.0,fase_8,22.0,3,0.0,False,False
1235,1,2002.0,2021,Privada *Parcerias com Bolsa 100%,,,,,,,,,,,,,,,,,,,,,,,,10.0,,,,2023,,,,,8.0,8.0,fase_8,21.0,2,0.0,False,False
1235,1,2002.0,2021,Privada,INCLUIR,,,,0.0,,,,,,,,,,0.0,,,,,,,,,10.0,,,,2024,,,,Faculdade (FIAP),,8.0,fase_0_7,22.0,3,,False,
1236,0,2002.0,2021,Privada *Parcerias com Bolsa 100%,,,,,,,,,,,,,,,,,,,,,,,,10.0,,,,2023,,,,,8.0,8.0,fase_8,21.0,2,0.0,False,False
1236,0,2002.0,2021,Privada,,,,,0.0,,,,,,,,,,,,,,,,,,,10.0,,,,2024,,,,Universidade Santo Amaro (UNISA),8.0,8.0,fase_8,22.0,3,0.0,False,False
1237,0,2002.0,2021,Privada *Parcerias com Bolsa 100%,,,,,,,,,,,,,,,,,,,,,,,,10.0,,,,2023,,,,,8.0,8.0,fase_8,21.0,2,0.0,False,False
1237,0,2002.0,2021,Privada *Parcerias com Bolsa 100%,INCLUIR,,,,0.0,,,,,,,,,,0.0,,,,,,,,,10.0,,,,2024,,,,Universidade Santo Amaro (UNISA),,8.0,fase_0_7,22.0,3,,False,
1238,0,2002.0,2021,Privada *Parcerias com Bolsa 100%,,,,,,,,,,,,,,,,,,,,,,,,10.0,,,,2023,,,,,8.0,8.0,fase_8,21.0,2,0.0,False,False
1238,0,2002.0,2021,Privada,INCLUIR,,,,0.0,,,,,,,,,,0.0,,,,,,,,,10.0,,,,2024,,,,Universidade Santo Amaro (UNISA),,8.0,fase_0_7,22.0,3,,False,
1239,0,2003.0,2021,Privada *Parcerias com Bolsa 100%,,,,,,,,,,,,,,,,,,,,,,,,10.0,,,,2023,,,,,8.0,8.0,fase_8,20.0,2,0.0,False,False
1239,0,2003.0,2021,Privada - Pagamento por *Empresa Parceira,,,,,0.0,,,,,,,,,,,,,,,,,,,10.0,,,,2024,,,,Universidade Mackenzie,8.0,8.0,fase_8,21.0,3,0.0,False,False
124,1,2008.0,2016,Rede Decisão,Ametista,7.388,29.0,4.0,4.0,Avaliador-6,Promovido de Fase + Bolsa,Avaliador-27,Mantido na Fase atual,Avaliador-30,Promovido de Fase,Avaliador-31,Promovido de Fase,7.9,7.8,5.0,Requer avaliação,6.7,5.7,7.0,7.5,Não,7.167,10.0,Destaque: A sua boa entrega das lições de casa.,Melhorar: Empenhar-se mais nas aulas e avaliações.,Melhorar: Integrar-se mais aos Princípios Passos Mágicos.,2022,7.646000000000006,,,,4.0,4.0,fase_0_7,14.0,6,0.0,False,False
1240,1,2003.0,2021,Privada *Parcerias com Bolsa 100%,,,,,,,,,,,,,,,,,,,,,,,,10.0,,,,2023,,,,,8.0,8.0,fase_8,20.0,2,0.0,False,False
1240,1,2003.0,2021,Privada,,,,,0.0,,,,,,,,,,,,,,,,,,,10.0,,,,2024,,,,Universidade Santo Amaro (UNISA),8.0,8.0,fase_8,21.0,3,0.0,False,False
1241,0,2003.0,2021,Privada *Parcerias com Bolsa 100%,,,,,,,,,,,,,,,,,,,,,,,,10.0,,,,2023,,,,,8.0,8.0,fase_8,20.0,2,0.0,False,False
1241,0,2003.0,2021,Privada,,,,,0.0,,,,,,,,,,,,,,,,,,,10.0,,,,2024,,,,Universidade Santo Amaro (UNISA),8.0,8.0,fase_8,21.0,3,0.0,False,False
1242,0,2003.0,2021,Privada *Parcerias com Bolsa 100%,,,,,,,,,,,,,,,,,,,,,,,,10.0,,,,2023,,,,,8.0,8.0,fase_8,20.0,2,0.0,False,False
1242,0,2003.0,2021,Privada,,,,,0.0,,,,,,,,,,,,,,,,,,,10.0,,,,2024,,,,Universidade Santo Amaro (UNISA),8.0,8.0,fase_8,21.0,3,0.0,False,False
1243,0,2003.0,2021,Privada *Parcerias com Bolsa 100%,,,,,,,,,,,,,,,,,,,,,,,,10.0,,,,2023,,,,,8.0,8.0,fase_8,20.0,2,0.0,False,False
1244,0,2003.0,2021,Privada *Parcerias com Bolsa 100%,,,,,,,,,,,,,,,,,,,,,,,,10.0,,,,2023,,,,,8.0,8.0,fase_8,20.0,2,0.0,False,False
1244,0,2003.0,2021,Privada,,,,,0.0,,,,,,,,,,,,,,,,,,,10.0,,,,2024,,,,Universidade Santo Amaro (UNISA),8.0,8.0,fase_8,21.0,3,0.0,False,False
1245,1,2003.0,2021,Privada *Parcerias com Bolsa 100%,,,,,,,,,,,,,,,,,,,,,,,,10.0,,,,2023,,,,,8.0,8.0,fase_8,20.0,2,0.0,False,False
1245,1,2003.0,2021,Privada,,,,,0.0,,,,,,,,,,,,,,,,,,,10.0,,,,2024,,,,Universidade Anhembi Morumbi,8.0,8.0,fase_8,21.0,3,0.0,False,False
1246,0,2003.0,2021,Privada - Pagamento por *Empresa Parceira,,,,,,,,,,,,,,,,,,,,,,,,10.0,,,,2023,,,,,8.0,8.0,fase_8,20.0,2,0.0,False,False
1246,0,2003.0,2021,Privada,,,,,0.0,,,,,,,,,,,,,,,,,,,10.0,,,,2024,,,,Universidade Santo Amaro (UNISA),8.0,8.0,fase_8,21.0,3,0.0,False,False
1247,0,2002.0,2021,Privada *Parcerias com Bolsa 100%,,,,,,,,,,,,,,,,,,,,,,,,10.0,,,,2023,,,,,8.0,8.0,fase_8,21.0,2,0.0,False,False
1248,1,2003.0,2021,Privada *Parcerias com Bolsa 100%,,,,,,,,,,,,,,,,,,,,,,,,10.0,,,,2023,,,,,8.0,8.0,fase_8,20.0,2,0.0,False,False
1248,1,2003.0,2021,Privada,,,,,0.0,,,,,,,,,,,,,,,,,,,10.0,,,,2024,,,,Universidade Santo Amaro (UNISA),8.0,8.0,fase_8,21.0,3,0.0,False,False
1249,1,1996.0,2021,Privada *Parcerias com Bolsa 100%,,,,,,,,,,,,,,,,,,,,,,,,10.0,,,,2023,,,,,8.0,8.0,fase_8,27.0,2,0.0,False,False
1249,1,1996.0,2021,Privada,,,,,0.0,,,,,,,,,,,,,,,,,,,10.0,,,,2024,,,,Universidade Anhembi Morumbi,8.0,8.0,fase_8,28.0,3,0.0,False,False
125,0,2007.0,2022,Escola Pública,Ametista,7.619,21.0,2.0,4.0,Avaliador-6,Promovido de Fase,Avaliador-27,Mantido na Fase atual,Avaliador-30,Promovido de Fase,Avaliador-31,Promovido de Fase + Bolsa,8.8,8.5,7.5,Não atendido,7.1,5.0,7.2,9.2,Sim,7.75,5.0,Destaque: A sua boa entrega das lições de casa.,Melhorar: Empenhar-se mais nas aulas e avaliações.,Destaque: A sua boa integração aos Princípios Passos Mágicos.,2022,8.19,,,,4.0,5.0,fase_0_7,15.0,0,-1.0,False,True
125,0,2007.0,2022,Privada,Agata,6.989633333,,,4.0,Avaliador-24,,Avaliador-7,,Avaliador-23,,Avaliador-8,,9.2,7.7,5.0,,5.8,3.3,5.8,8.2,,7.835,5.0,,,,2023,8.125,,,,5.0,6.0,fase_0_7,16.0,1,-1.0,False,True
125,0,2007.0,2022,Privada,Agata,6.627079761933334,,,5.0,Avaliador-23,,Avaliador-24,,Avaliador-1,,Avaliador-26,,8.334,5.6428571430000005,7.51,,6.166666666666667,3.0,7.0,8.5,,7.232,5.0,,,,2024,7.34375,Avaliador-7,,João Friaza Colégio,6.0,7.0,fase_0_7,17.0,2,-1.0,False,True
1250,1,2003.0,2021,Privada - Pagamento por *Empresa Parceira,,,,,,,,,,,,,,,,,,,,,,,,10.0,,,,2023,,,,,8.0,8.0,fase_8,20.0,2,0.0,False,False
1250,1,2003.0,2021,Privada - Pagamento por *Empresa Parceira,,,,,0.0,,,,,,,,,,,,,,,,,,,10.0,,,,2024,,,,Universidade Cruzeiro do Sul,8.0,8.0,fase_8,21.0,3,0.0,False,False
1251,0,2003.0,2021,Privada *Parcerias com Bolsa 100%,,,,,,,,,,,,,,,,,,,,,,,,10.0,,,,2023,,,,,8.0,8.0,fase_8,20.0,2,0.0,False,False
1251,0,2003.0,2021,Privada,,,,,0.0,,,,,,,,,,,,,,,,,,,10.0,,,,2024,,,,Universidade Santo Amaro (UNISA),8.0,8.0,fase_8,21.0,3,0.0,False,False
1252,0,2002.0,2021,Privada *Parcerias com Bolsa 100%,,,,,,,,,,,,,,,,,,,,,,,,10.0,,,,2023,,,,,8.0,8.0,fase_8,21.0,2,0.0,False,False
1252,0,2002.0,2021,Privada,INCLUIR,,,,0.0,,,,,,,,,,0.0,,,,,,,,,10.0,,,,2024,,,,Faculdade (FIAP),,8.0,fase_0_7,22.0,3,,False,
1253,0,1999.0,2021,Privada *Parcerias com Bolsa 100%,,,,,,,,,,,,,,,,,,,,,,,,10.0,,,,2023,,,,,8.0,8.0,fase_8,24.0,2,0.0,False,False
1253,0,1999.0,2021,Privada,,,,,0.0,,,,,,,,,,,,,,,,,,,10.0,,,,2024,,,,ESPM,8.0,8.0,fase_8,25.0,3,0.0,False,False
1254,1,2003.0,2021,Privada *Parcerias com Bolsa 100%,,,,,,,,,,,,,,,,,,,,,,,,10.0,,,,2023,,,,,8.0,8.0,fase_8,20.0,2,0.0,False,False
1254,1,2003.0,2021,Privada,INCLUIR,,,,0.0,,,,,,,,,,0.0,,,,,,,,,10.0,,,,2024,,,,Faculdade (FIAP),,8.0,fase_0_7,21.0,3,,False,
1255,1,2004.0,2021,Privada *Parcerias com Bolsa 100%,,,,,,,,,,,,,,,,,,,,,,,,10.0,,,,2023,,,,,8.0,8.0,fase_8,19.0,2,0.0,False,False
1255,1,2004.0,2021,Privada,,,,,0.0,,,,,,,,,,,,,,,,,,,10.0,,,,2024,,,,Universidade Santo Amaro (UNISA),8.0,8.0,fase_8,20.0,3,0.0,False,False
1256,0,2004.0,2021,Privada *Parcerias com Bolsa 100%,,,,,,,,,,,,,,,,,,,,,,,,10.0,,,,2023,,,,,8.0,8.0,fase_8,19.0,2,0.0,False,False
1256,0,2004.0,2021,Privada,,,,,0.0,,,,,,,,,,,,,,,,,,,10.0,,,,2024,,,,ESPM,8.0,8.0,fase_8,20.0,3,0.0,False,False
1257,1,2004.0,2021,Privada *Parcerias com Bolsa 100%,,,,,,,,,,,,,,,,,,,,,,,,10.0,,,,2023,,,,,8.0,8.0,fase_8,19.0,2,0.0,False,False
1257,1,2004.0,2021,Privada,,,,,0.0,,,,,,,,,,,,,,,,,,,10.0,,,,2024,,,,Universidade Santo Amaro (UNISA),8.0,8.0,fase_8,20.0,3,0.0,False,False
1258,1,1998.0,2021,Privada *Parcerias com Bolsa 100%,,,,,,,,,,,,,,,,,,,,,,,,10.0,,,,2023,,,,,8.0,8.0,fase_8,25.0,2,0.0,False,False
1258,1,1998.0,2021,Privada,INCLUIR,,,,0.0,,,,,,,,,,0.0,,,,,,,,,10.0,,,,2024,,,,Faculdade (FIAP),,8.0,fase_0_7,26.0,3,,False,
1259,0,2004.0,2021,Privada *Parcerias com Bolsa 100%,,,,,,,,,,,,,,,,,,,,,,,,10.0,,,,2023,,,,,8.0,8.0,fase_8,19.0,2,0.0,False,False
1259,0,2004.0,2021,Privada,,,,,0.0,,,,,,,,,,,,,,,,,,,10.0,,,,2024,,,,Universidade Santo Amaro (UNISA),8.0,8.0,fase_8,20.0,3,0.0,False,False
126,1,2007.0,2018,Escola Pública,Ágata,6.289,62.0,11.0,4.0,Avaliador-6,Promovido de Fase,Avaliador-27,Mantido na Fase atual,Avaliador-30,Promovido de Fase,Avaliador-31,Promovido de Fase + Bolsa,7.1,5.8,7.5,Não atendido,4.4,4.0,5.0,4.2,Sim,7.417,5.0,Melhorar: Melhorar a sua entrega de lições de casa.,Melhorar: Empenhar-se mais nas aulas e avaliações.,Melhorar: Integrar-se mais aos Princípios Passos Mágicos.,2022,8.056000000000001,,,,4.0,5.0,fase_0_7,15.0,4,-1.0,False,True
1260,1,2004.0,2021,Privada *Parcerias com Bolsa 100%,,,,,,,,,,,,,,,,,,,,,,,,10.0,,,,2023,,,,,8.0,8.0,fase_8,19.0,2,0.0,False,False
1260,1,2004.0,2021,Privada,INCLUIR,,,,0.0,,,,,,,,,,0.0,,,,,,,,,10.0,,,,2024,,,,Faculdade (FIAP),,8.0,fase_0_7,20.0,3,,False,
1261,0,2004.0,2021,Privada *Parcerias com Bolsa 100%,,,,,,,,,,,,,,,,,,,,,,,,10.0,,,,2023,,,,,8.0,8.0,fase_8,19.0,2,0.0,False,False
1261,0,2004.0,2021,Privada,,,,,0.0,,,,,,,,,,,,,,,,,,,10.0,,,,2024,,,,Universidade Santo Amaro (UNISA),8.0,8.0,fase_8,20.0,3,0.0,False,False
1262,0,2004.0,2021,Privada *Parcerias com Bolsa 100%,,,,,,,,,,,,,,,,,,,,,,,,10.0,,,,2023,,,,,8.0,8.0,fase_8,19.0,2,0.0,False,False
1262,0,2004.0,2021,Privada,,,,,0.0,,,,,,,,,,,,,,,,,,,10.0,,,,2024,,,,Universidade Santo Amaro (UNISA),8.0,8.0,fase_8,20.0,3,0.0,False,False
1263,0,2003.0,2021,Privada *Parcerias com Bolsa 100%,,,,,,,,,,,,,,,,,,,,,,,,10.0,,,,2023,,,,,8.0,8.0,fase_8,20.0,2,0.0,False,False
1263,0,2003.0,2021,Privada *Parcerias com Bolsa 100%,,,,,0.0,,,,,,,,,,,,,,,,,,,10.0,,,,2024,,,,Universidade Santo Amaro (UNISA),8.0,8.0,fase_8,21.0,3,0.0,False,False
1264,0,2002.0,2021,Privada *Parcerias com Bolsa 100%,,,,,,,,,,,,,,,,,,,,,,,,10.0,,,,2023,,,,,8.0,8.0,fase_8,21.0,2,0.0,False,False
1264,0,2002.0,2021,Privada,,,,,0.0,,,,,,,,,,,,,,,,,,,10.0,,,,2024,,,,Universidade Santo Amaro (UNISA),8.0,8.0,fase_8,22.0,3,0.0,False,False
1265,1,2002.0,2022,Privada *Parcerias com Bolsa 100%,,,,,,,,,,,,,,,,,,,,,,,,10.0,,,,2023,,,,,8.0,8.0,fase_8,21.0,1,0.0,False,False
1265,1,2002.0,2022,Pública,,,,,0.0,,,,,,,,,,,,,,,,,,,10.0,,,,2024,,,,Universidade Santo Amaro (UNISA),8.0,8.0,fase_8,22.0,2,0.0,False,False
1266,0,2004.0,2021,Privada *Parcerias com Bolsa 100%,,,,,,,,,,,,,,,,,,,,,,,,10.0,,,,2023,,,,,8.0,8.0,fase_8,19.0,2,0.0,False,False
1266,0,2004.0,2021,Privada,INCLUIR,,,,0.0,,,,,,,,,,0.0,,,,,,,,,10.0,,,,2024,,,,Faculdade (FIAP),,8.0,fase_0_7,20.0,3,,False,
1267,0,2001.0,2021,Privada *Parcerias com Bolsa 100%,,,,,,,,,,,,,,,,,,,,,,,,10.0,,,,2023,,,,,8.0,8.0,fase_8,22.0,2,0.0,False,False
1267,0,2001.0,2021,Privada,INCLUIR,,,,0.0,,,,,,,,,,0.0,,,,,,,,,10.0,,,,2024,,,,Faculdade (FIAP),,8.0,fase_0_7,23.0,3,,False,
1268,1,2004.0,2021,Privada *Parcerias com Bolsa 100%,,,,,,,,,,,,,,,,,,,,,,,,10.0,,,,2023,,,,,8.0,8.0,fase_8,19.0,2,0.0,False,False
1268,1,2004.0,2021,Privada,INCLUIR,,,,0.0,,,,,,,,,,0.0,,,,,,,,,10.0,,,,2024,,,,Faculdade (FIAP),,8.0,fase_0_7,20.0,3,,False,
1269,0,2005.0,2021,Privada - Pagamento por *Empresa Parceira,,,,,,,,,,,,,,,,,,,,,,,,10.0,,,,2023,,,,,8.0,8.0,fase_8,18.0,2,0.0,False,False
1269,0,2005.0,2021,Privada - Pagamento por *Empresa Parceira,,,,,0.0,,,,,,,,,,,,,,,,,,,10.0,,,,2024,,,,Faculdades Oswaldo Cruz,8.0,8.0,fase_8,19.0,3,0.0,False,False
127,0,2008.0,2022,Escola Pública,Topázio,8.283,7.0,1.0,4.0,Avaliador-6,Promovido de Fase + Bolsa,Avaliador-27,Mantido na Fase atual,Avaliador-30,Promovido de Fase,Avaliador-31,Promovido de Fase + Bolsa,7.5,8.7,7.5,Não atendido,7.9,7.7,7.7,8.3,Sim,8.125,10.0,Destaque: A sua boa entrega das lições de casa.,Destaque: As suas boas notas na Passos Mágicos.,Destaque: A sua boa integração aos Princípios Passos Mágicos.,2022,8.379999999999992,,,,4.0,4.0,fase_0_7,14.0,0,0.0,False,False
127,0,2008.0,2022,Pública,Ametista,7.91935,,,4.0,Avaliador-24,,Avaliador-7,,Avaliador-23,,Avaliador-8,,8.8,7.8,6.26,,6.4,4.7,6.3,8.2,,8.6725,10.0,,,,2023,8.4375,,,,5.0,5.0,fase_0_7,15.0,1,0.0,False,False
127,0,2008.0,2022,Privada - Programa de Apadrinhamento,Topázio,8.5605939394,,,5.0,Avaliador-23,,Avaliador-24,,Avaliador-26,,Avaliador-1,,8.751,9.488636363666666,7.51,,7.833333333333333,10.0,3.5,10.0,,8.538,10.0,,,,2024,7.625,Avaliador-7,,Colégio Arco Íris Evolução,5.0,5.0,fase_0_7,16.0,2,0.0,True,False
1270,0,2004.0,2021,Privada *Parcerias com Bolsa 100%,,,,,,,,,,,,,,,,,,,,,,,,10.0,,,,2023,,,,,8.0,8.0,fase_8,19.0,2,0.0,False,False
1270,0,2004.0,2021,Privada - Pagamento por *Empresa Parceira,,,,,0.0,,,,,,,,,,,,,,,,,,,10.0,,,,2024,,,,Faculdade FIAP,8.0,8.0,fase_8,20.0,3,0.0,False,False
1271,0,2004.0,2021,Privada *Parcerias com Bolsa 100%,,,,,,,,,,,,,,,,,,,,,,,,10.0,,,,2023,,,,,8.0,8.0,fase_8,19.0,2,0.0,False,False
1271,0,2004.0,2021,Privada *Parcerias com Bolsa 100%,,,,,0.0,,,,,,,,,,,,,,,,,,,10.0,,,,2024,,,,Universidade Santo Amaro (UNISA),8.0,8.0,fase_8,20.0,3,0.0,False,False
1272,0,2004.0,2021,Privada *Parcerias com Bolsa 100%,,,,,,,,,,,,,,,,,,,,,,,,10.0,,,,2023,,,,,8.0,8.0,fase_8,19.0,2,0.0,False,False
1272,0,2004.0,2021,Privada *Parcerias com Bolsa 100%,,,,,0.0,,,,,,,,,,,,,,,,,,,10.0,,,,2024,,,,INSPER,8.0,8.0,fase_8,20.0,3,0.0,False,False
1273,0,2005.0,2023,Privada - Pagamento por *Empresa Parceira,,,,,,,,,,,,,,,,,,,,,,,,10.0,,,,2023,,,,,8.0,7.0,fase_8,18.0,0,1.0,False,False
1273,0,2005.0,2023,Privada *Parcerias com Bolsa 100%,,,,,0.0,,,,,,,,,,,,,,,,,,,10.0,,,,2024,,,,Faculdade FIAP,8.0,8.0,fase_8,19.0,1,0.0,False,False
1274,0,2005.0,2021,Privada - Pagamento por *Empresa Parceira,,,,,,,,,,,,,,,,,,,,,,,,10.0,,,,2023,,,,,8.0,8.0,fase_8,18.0,2,0.0,False,False
1274,0,2005.0,2021,Privada - Pagamento por *Empresa Parceira,,,,,0.0,,,,,,,,,,,,,,,,,,,10.0,,,,2024,,,,Universidade Santo Amaro (UNISA),8.0,8.0,fase_8,19.0,3,0.0,False,False
1275,1,2016.0,2024,Pública,Ametista,7.611366666700001,,,3.0,Avaliador-11,,Avaliador-2,,Avaliador-9,,,,10.002,8.6666666665,6.26,,8.0,10.0,6.0,,,5.446666667,10.0,,,,2024,5.625,,,EE Chácara Florida II,0.0,0.0,fase_0_7,8.0,0,0.0,False,False
1276,0,2016.0,2024,Pública,Topázio,8.002866666700001,,,3.0,Avaliador-11,,Avaliador-2,,Avaliador-9,,,,10.002,9.3333333335,3.76,,8.0,10.0,6.0,,,7.05,10.0,,,,2024,7.5,,,EE Chácara Florida II,0.0,0.0,fase_0_7,8.0,0,0.0,False,False
1277,1,2016.0,2024,Pública,Ametista,7.952200000100001,,,3.0,Avaliador-11,,Avaliador-2,,Avaliador-9,,,,10.002,9.0833333335,3.76,,8.0,10.0,6.0,,,7.046666667,10.0,,,,2024,7.5,,,EE Dom Pedro Villas Boas de Souza,0.0,0.0,fase_0_7,8.0,0,0.0,False,False
1278,1,2015.0,2024,Pública,Quartzo,5.444199999900001,,,3.0,Avaliador-11,,Avaliador-2,,Avaliador-9,,,,9.002,4.1666666665,3.76,,7.5,8.0,7.0,,,4.173333333,5.0,,,,2024,5.0,,,EM Etelvina Delfim Simões,0.0,1.0,fase_0_7,9.0,0,-1.0,False,True
1279,0,2015.0,2024,Pública,Topázio,8.0822,,,3.0,Avaliador-3,,Avaliador-13,,Avaliador-9,,,,10.002,10.0,6.26,,8.25,9.0,7.5,,,7.78,5.0,,,,2024,7.5,,,EE Chácara Florida II,0.0,1.0,fase_0_7,9.0,0,-1.0,False,True
128,1,2007.0,2019,Escola Pública,Quartzo,5.563,71.0,13.0,4.0,Avaliador-6,Promovido de Fase + Bolsa,Avaliador-27,Mantido na Fase atual,Avaliador-30,Mantido na Fase atual,Avaliador-31,Promovido de Fase,0.0,6.2,7.5,Não atendido,5.6,6.7,6.8,3.2,Sim,6.167,5.0,Melhorar: Melhorar a sua entrega de lições de casa.,Melhorar: Empenhar-se mais nas aulas e avaliações.,Melhorar: Integrar-se mais aos Princípios Passos Mágicos.,2022,7.195999999999989,,,,4.0,5.0,fase_0_7,15.0,3,-1.0,False,True
128,1,2007.0,2019,Privada,Agata,6.503908333,,,4.0,Avaliador-24,,Avaliador-7,,Avaliador-23,,Avaliador-8,,6.7,7.3,5.0,,5.7,6.3,4.0,6.7,,7.5475,5.0,,,,2023,7.34375,,,,5.0,6.0,fase_0_7,16.0,4,-1.0,False,True
1280,1,2015.0,2024,Pública,Topázio,8.152624242500002,,,3.0,Avaliador-3,,Avaliador-13,,Avaliador-9,,,,10.002,9.5454545455,6.26,,8.5,10.0,7.0,,,8.336666667,5.0,,,,2024,7.5,,,EM Etelvina Delfim Simões,0.0,1.0,fase_0_7,9.0,0,-1.0,False,True
1281,0,2015.0,2024,Pública,Ametista,7.982890909100001,,,3.0,Avaliador-3,,Avaliador-13,,Avaliador-9,,,,7.918,9.5454545455,6.26,,9.25,10.0,8.5,,,7.78,5.0,,,,2024,7.5,,,EE Chácara Florida II,0.0,1.0,fase_0_7,9.0,0,-1.0,False,True
1282,0,2014.0,2024,Pública,Ametista,7.8769272727000015,,,3.0,Avaliador-3,,Avaliador-13,,Avaliador-9,,,,9.502,8.1136363635,6.26,,9.25,10.0,8.5,,,7.89,5.0,,,,2024,7.5,,,EE Chácara Florida II,0.0,1.0,fase_0_7,10.0,0,-1.0,False,True
1283,1,2014.0,2024,Pública,Topázio,8.3033538462,,,3.0,Avaliador-3,,Avaliador-13,,Avaliador-9,,,,10.002,9.230769231,7.51,,9.0,10.0,8.0,,,8.28,5.0,,,,2024,7.5,,,EE Dom Pedro Villas Boas de Souza,0.0,2.0,fase_0_7,10.0,0,-2.0,False,True
1284,0,2016.0,2024,Pública,Topázio,8.3800152174,,,3.0,Avaliador-3,,Avaliador-11,,Avaliador-9,,,,9.002,9.347826087,2.51,,10.0,10.0,10.0,,,7.89,10.0,,,,2024,7.8125,,,EE Dom Pedro Villas Boas de Souza,0.0,0.0,fase_0_7,8.0,0,0.0,False,False
1285,0,2017.0,2024,Pública,Topázio,8.156578882000002,,,3.0,Avaliador-3,,Avaliador-11,,Avaliador-9,,,,10.002,8.830227742999998,2.51,,8.0,8.0,8.0,,,8.946666667,10.0,,,,2024,7.5,,,Estuda em outra cidade,0.0,0.0,fase_0_7,7.0,0,0.0,True,False
1286,1,2016.0,2024,Pública,Quartzo,5.914801966800001,,,3.0,Avaliador-3,,Avaliador-11,,Avaliador-9,,,,8.002,5.051759834,2.51,,7.0,8.0,6.0,,,4.61,10.0,,,,2024,5.3125,,,EM Etelvina Delfim Simões,0.0,0.0,fase_0_7,8.0,0,0.0,False,False
1287,0,2016.0,2024,Pública,Ametista,7.619650310500001,,,3.0,Avaliador-3,,Avaliador-11,,Avaliador-9,,,,10.002,9.3064182195,2.51,,7.75,8.0,7.5,,,8.223333333,5.0,,,,2024,8.125,,,EE Dom Pedro Villas Boas de Souza,0.0,1.0,fase_0_7,8.0,0,-1.0,False,True
1288,0,2017.0,2024,Pública,Ametista,7.9208899585,,,3.0,Avaliador-3,,Avaliador-11,,Avaliador-9,,,,9.002,7.9813664595,2.51,,10.0,10.0,10.0,,,7.273333333,10.0,,,,2024,7.1875,,,EM Etelvina Delfim Simões,0.0,0.0,fase_0_7,7.0,0,0.0,False,False
1289,0,2014.0,2024,Pública,Ametista,7.2171722223,,,3.0,Avaliador-3,,Avaliador-13,,Avaliador-9,,,,7.002,9.4444444445,7.51,,7.75,9.0,6.5,,,6.166666667,5.0,,,,2024,5.9375,,,EE Dom Pedro Villas Boas de Souza,0.0,1.0,fase_0_7,10.0,0,-1.0,False,True
129,1,2007.0,2019,Escola Pública,Ágata,6.926,42.0,7.0,4.0,Avaliador-6,Promovido de Fase + Bolsa,Avaliador-27,Mantido na Fase atual,Avaliador-30,Promovido de Fase,Avaliador-31,Promovido de Fase + Bolsa,6.7,6.4,7.5,Não atendido,6.7,6.0,5.3,8.7,Sim,7.792,5.0,Melhorar: Melhorar a sua entrega de lições de casa.,Melhorar: Empenhar-se mais nas aulas e avaliações.,Destaque: A sua boa integração aos Princípios Passos Mágicos.,2022,8.276000000000003,,,,4.0,5.0,fase_0_7,15.0,3,-1.0,False,True
1290,1,2015.0,2024,Pública,Topázio,8.407200000000001,,,3.0,Avaliador-3,,Avaliador-13,,Avaliador-9,,,,10.002,10.0,7.51,,8.75,10.0,7.5,,,8.28,5.0,,,,2024,7.5,,,EE Dom Pedro Villas Boas de Souza,0.0,1.0,fase_0_7,9.0,0,-1.0,False,True
1291,1,2015.0,2024,Pública,Topázio,8.079200000000002,,,3.0,Avaliador-3,,Avaliador-13,,Avaliador-9,,,,9.502,9.5,7.51,,8.25,10.0,6.5,,,7.89,5.0,,,,2024,7.5,,,EE Chácara Florida II,0.0,1.0,fase_0_7,9.0,0,-1.0,False,True
1292,0,2015.0,2024,Pública,Agata,6.9031621211,,,3.0,Avaliador-3,,Avaliador-13,,Avaliador-9,,,,7.502,4.7727272725,7.51,,8.25,10.0,6.5,,,7.893333333,5.0,,,,2024,7.1875,,,EE Francisco de Paula Teixeira,0.0,1.0,fase_0_7,9.0,0,-1.0,False,True
1293,0,2015.0,2024,Pública,Topázio,8.005023232300001,,,3.0,Avaliador-3,,Avaliador-13,,Avaliador-9,,,,8.002,9.4949494945,7.51,,8.5,8.5,8.5,,,8.336666667,5.0,,,,2024,6.875,,,EE Dom Pedro Villas Boas de Souza,0.0,1.0,fase_0_7,9.0,0,-1.0,False,True
1294,1,2014.0,2024,Pública,Ametista,7.9493666666,,,3.0,Avaliador-3,,Avaliador-13,,Avaliador-9,,,,9.502,10.0,7.51,,7.75,9.0,6.5,,,7.553333333,5.0,,,,2024,6.875,,,EE Dom Pedro Villas Boas de Souza,0.0,2.0,fase_0_7,10.0,0,-2.0,False,True
1295,0,2016.0,2024,Pública,Topázio,8.0617454545,,,3.0,Avaliador-3,,Avaliador-13,,Avaliador-9,,,,10.002,9.5227272725,2.51,,7.5,7.0,8.0,,,8.28,10.0,,,,2024,7.5,,,EE Dom Pedro Villas Boas de Souza,0.0,0.0,fase_0_7,8.0,0,0.0,False,False
1296,0,2015.0,2024,Pública,Ametista,7.0574222223000005,,,3.0,Avaliador-3,,Avaliador-13,,Avaliador-9,,,,9.002,8.4444444445,2.51,,6.5,7.5,5.5,,,8.336666667,5.0,,,,2024,7.5,,,EM Etelvina Delfim Simões,0.0,1.0,fase_0_7,9.0,0,-1.0,False,True
1297,1,2016.0,2024,Pública,Ametista,7.620247619000001,,,3.0,Avaliador-3,,Avaliador-13,,Avaliador-9,,,,9.502,9.761904762,2.51,,9.25,10.0,8.5,,,6.833333333,5.0,,,,2024,7.5,,,EE Dom Pedro Villas Boas de Souza,0.0,1.0,fase_0_7,8.0,0,-1.0,False,True
1298,1,2016.0,2024,Pública,Ametista,7.577287995300001,,,3.0,Avaliador-3,,Avaliador-13,,Avaliador-9,,,,9.502,6.643356643500001,7.51,,6.75,7.0,6.5,,,7.393333333,10.0,,,,2024,7.1875,,,EE Dom Pedro Villas Boas de Souza,0.0,0.0,fase_0_7,8.0,0,0.0,False,False
1299,1,2014.0,2024,Pública,Ametista,7.069727777800001,,,3.0,Avaliador-3,,Avaliador-13,,Avaliador-9,,,,8.502,7.638888889,7.51,,6.5,7.0,6.0,,,7.11,5.0,,,,2024,7.1875,,,EM Etelvina Delfim Simões,0.0,2.0,fase_0_7,10.0,0,-2.0,False,True
13,1,2004.0,2016,Escola Pública,Ágata,6.902,10.0,4.0,4.0,Avaliador-5,Promovido de Fase,Avaliador-27,Promovido de Fase + Bolsa,Avaliador-28,Promovido de Fase + Bolsa,Avaliador-31,Mantido na Fase atual,7.9,7.4,7.5,Sem limitações,4.7,3.5,5.5,5.2,Sim,8.056,5.0,Melhorar: Melhorar a sua entrega de lições de casa.,Melhorar: Empenhar-se mais nas aulas e avaliações.,Destaque: A sua boa integração aos Princípios Passos Mágicos.,2022,8.308,,,,7.0,8.0,fase_0_7,18.0,6,-1.0,False,True
13,1,2004.0,2016,Privada *Parcerias com Bolsa 100%,,,,,,,,,,,,,,,,,,,,,,,,10.0,,,,2023,,,,,8.0,8.0,fase_8,19.0,7,0.0,False,False
13,1,2004.0,2021,Privada *Parcerias com Bolsa 100%,,,,,0.0,,,,,,,,,,,,,,,,,,,10.0,,,,2024,,,,Universidade Santo Amaro (UNISA),8.0,8.0,fase_8,20.0,3,0.0,False,False
130,0,2006.0,2018,Escola Pública,Quartzo,5.624,69.0,14.0,4.0,Avaliador-6,Promovido de Fase,Avaliador-27,Mantido na Fase atual,Avaliador-30,Promovido de Fase,Avaliador-31,Promovido de Fase,8.3,4.7,5.0,Requer avaliação,4.1,3.7,5.2,3.5,Não,6.5,5.0,Melhorar: Melhorar a sua entrega de lições de casa.,Melhorar: Empenhar-se mais nas aulas e avaliações.,Melhorar: Integrar-se mais aos Princípios Passos Mágicos.,2022,7.34,,,,4.0,6.0,fase_0_7,16.0,4,-2.0,False,True
1300,0,2016.0,2024,Pública,Ametista,7.623866666600001,,,3.0,Avaliador-11,,Avaliador-2,,Avaliador-9,,,,8.502,8.75,2.51,,9.0,10.0,8.0,,,8.613333333,5.0,,,,2024,7.5,,,EM Maria Ignez Concelles Irma Ines,0.0,1.0,fase_0_7,8.0,0,-1.0,True,True
1301,1,2015.0,2024,Pública,Quartzo,5.6345333333,,,3.0,Avaliador-11,,Avaliador-2,,Avaliador-9,,,,9.502,2.9166666665000003,2.51,,7.0,10.0,4.0,,,6.0,5.0,,,,2024,7.5,,,EM Etelvina Delfim Simões,0.0,1.0,fase_0_7,9.0,0,-1.0,False,True
1302,1,2016.0,2024,Pública,Quartzo,5.758866666800001,,,3.0,Avaliador-11,,Avaliador-2,,Avaliador-9,,,,10.002,5.416666667,2.51,,4.0,4.0,4.0,,,4.996666667,10.0,,,,2024,6.25,,,EE Dom Pedro Villas Boas de Souza,0.0,0.0,fase_0_7,8.0,0,0.0,False,False
1303,0,2016.0,2024,Pública,Topázio,8.8352,,,3.0,Avaliador-11,,Avaliador-2,,Avaliador-9,,,,10.002,10.0,2.51,,10.0,10.0,10.0,,,9.17,10.0,,,,2024,7.5,,,EE Dom Pedro Villas Boas de Souza,0.0,0.0,fase_0_7,8.0,0,0.0,True,False
1304,0,2014.0,2024,Pública,Ametista,7.085119934500001,,,3.0,Avaliador-3,,Avaliador-13,,Avaliador-9,,,,9.002,7.9575163395,8.135,,6.0,6.0,6.0,,,6.493333333,5.0,,,,2024,7.8125,,,EM Maria Ignez Concelles Irma Ines,0.0,2.0,fase_0_7,10.0,0,-2.0,False,True
1305,0,2014.0,2024,Pública,Agata,6.685221929800001,,,3.0,Avaliador-3,,Avaliador-13,,Avaliador-9,,,,8.502,8.710526316,2.51,,4.75,2.0,7.5,,,8.053333333,5.0,,,,2024,7.8125,,,EM Etelvina Delfim Simões,0.0,1.0,fase_0_7,10.0,0,-1.0,False,True
1306,0,2016.0,2024,Pública,Topázio,8.503033333400001,,,3.0,Avaliador-3,,Avaliador-13,,Avaliador-9,,,,9.002,10.0,8.135,,9.75,10.0,9.5,,,7.946666667,5.0,,,,2024,7.5,,,EM Maria Ignez Concelles Irma Ines,0.0,1.0,fase_0_7,8.0,0,-1.0,False,True
1307,1,2016.0,2024,Pública,Agata,6.5940333333000005,,,3.0,Avaliador-11,,Avaliador-2,,Avaliador-9,,,,10.002,5.833333333500001,6.255,,5.5,7.0,4.0,,,5.383333333,10.0,,,,2024,6.25,,,EE Dom Pedro Villas Boas de Souza,0.0,0.0,fase_0_7,8.0,0,0.0,False,False
1308,0,2015.0,2024,Pública,Agata,6.876997101400001,,,3.0,Avaliador-11,,Avaliador-2,,Avaliador-9,,,,10.002,7.445652174,7.51,,6.0,8.0,4.0,,,5.933333333,5.0,,,,2024,7.5,,,EE Dom Pedro Villas Boas de Souza,0.0,1.0,fase_0_7,9.0,0,-1.0,False,True
1309,0,2016.0,2024,Pública,Topázio,8.379199999899999,,,3.0,Avaliador-11,,Avaliador-2,,Avaliador-9,,,,9.002,9.1666666665,7.51,,7.5,8.0,7.0,,,8.223333333,10.0,,,,2024,7.5,,,EM Maria Ignez Concelles Irma Ines,0.0,0.0,fase_0_7,8.0,0,0.0,False,False
131,0,2007.0,2016,Escola Pública,Ametista,7.174,35.0,7.0,4.0,Avaliador-6,Promovido de Fase + Bolsa,Avaliador-27,Mantido na Fase atual,Avaliador-30,Promovido de Fase,Avaliador-31,Promovido de Fase + Bolsa,8.8,9.0,5.6,Sem limitações,5.6,6.0,6.5,4.2,Sim,7.75,5.0,Destaque: A sua boa entrega das lições de casa.,Melhorar: Empenhar-se mais nas aulas e avaliações.,Destaque: A sua boa integração aos Princípios Passos Mágicos.,2022,7.640000000000011,,,,4.0,5.0,fase_0_7,15.0,6,-1.0,False,True
131,0,2007.0,2016,Pública,Quartzo,5.952358333,,,4.0,Avaliador-24,,Avaliador-7,,Avaliador-23,,Avaliador-8,,8.3,7.8,5.0,,2.2,0.0,3.0,3.5,,6.8,5.0,,,,2023,7.65625,,,,5.0,6.0,fase_0_7,16.0,7,-1.0,False,True
131,0,2007.0,2021,Pública,Ametista,7.263155555633333,,,3.0,Avaliador-24,,Avaliador-1,,Avaliador-7,,,,8.751,9.444444444666669,7.51,,5.0,4.0,5.0,6.0,,7.386666667,5.0,,,,2024,7.708333333,,,EE Paschoal Carlos Magno,5.0,7.0,fase_0_7,17.0,3,-2.0,False,True
1310,0,2017.0,2024,Pública,Topázio,8.3907833334,,,3.0,Avaliador-11,,Avaliador-2,,Avaliador-9,,,,8.502,9.375,2.51,,10.0,10.0,10.0,,,8.166666667,10.0,,,,2024,7.8125,,,EE Dom Pedro Villas Boas de Souza,0.0,0.0,fase_0_7,7.0,0,0.0,False,False
1311,1,2016.0,2024,Pública,Agata,6.4118666668,,,3.0,Avaliador-11,,Avaliador-2,,Avaliador-9,,,,9.002,9.166666667,2.51,,0.0,0.0,0.0,,,8.386666667,10.0,,,,2024,7.5,,,EM Maria Ignez Concelles Irma Ines,0.0,0.0,fase_0_7,8.0,0,0.0,False,False
1312,1,2015.0,2024,Pública,Ametista,7.510200000000001,,,3.0,Avaliador-11,,Avaliador-2,,Avaliador-9,,,,10.002,8.333333333,7.51,,6.5,8.0,5.0,,,8.336666667,5.0,,,,2024,6.25,,,EE Dom Pedro Villas Boas de Souza,0.0,1.0,fase_0_7,9.0,0,-1.0,False,True
1313,1,2016.0,2024,Pública,Topázio,8.0155333334,,,3.0,Avaliador-11,,Avaliador-2,,Avaliador-9,,,,9.502,8.125,7.51,,6.25,4.0,8.5,,,8.446666667,10.0,,,,2024,7.5,,,EM Maria Ignez Concelles Irma Ines,0.0,0.0,fase_0_7,8.0,0,0.0,True,False
1314,0,2017.0,2024,Pública,Topázio,8.239799999999999,,,3.0,Avaliador-11,,Avaliador-2,,Avaliador-9,,,,7.418,8.541666667,7.51,,9.0,8.0,10.0,,,7.443333333,10.0,,,,2024,7.5,,,EE Dom Pedro Villas Boas de Souza,0.0,0.0,fase_0_7,7.0,0,0.0,False,False
1315,1,2017.0,2024,Pública,Topázio,8.3510666667,,,3.0,Avaliador-11,,Avaliador-2,,Avaliador-9,,,,6.834,8.3333333335,7.51,,9.0,10.0,8.0,,,8.5,10.0,,,,2024,7.5,,,EM Maria Ignez Concelles Irma Ines,0.0,0.0,fase_0_7,7.0,0,0.0,True,False
1316,0,2015.0,2024,Pública,Ametista,7.59291123,,,2.0,Avaliador-3,,Avaliador-13,,,,,,9.002,8.20855615,7.51,,7.75,9.0,6.5,,,7.5,5.0,,,,2024,7.5,,,EE Dom Pedro Villas Boas de Souza,0.0,1.0,fase_0_7,9.0,0,-1.0,False,True
1317,0,2015.0,2024,Pública,Ametista,7.665638502700001,,,2.0,Avaliador-3,,Avaliador-13,,,,,,7.502,7.0721925135,7.51,,10.0,10.0,10.0,,,7.5,5.0,,,,2024,7.5,,,EE Dom Pedro Villas Boas de Souza,0.0,1.0,fase_0_7,9.0,0,-1.0,False,True
1318,0,2016.0,2024,Pública,Agata,6.823383155100001,,,2.0,Avaliador-3,,Avaliador-13,,,,,,8.502,7.6871657755,7.51,,5.0,4.0,6.0,,,7.33,5.0,,,,2024,7.1875,,,EE Dom Pedro Villas Boas de Souza,0.0,1.0,fase_0_7,8.0,0,-1.0,False,True
1319,1,2015.0,2024,Pública,Ametista,7.201526797300001,,,2.0,Avaliador-3,,Avaliador-13,,,,,,8.502,5.7516339865,7.51,,8.5,10.0,7.0,,,7.5,5.0,,,,2024,7.5,,,EM Etelvina Delfim Simões,0.0,1.0,fase_0_7,9.0,0,-1.0,False,True
132,0,2008.0,2019,Rede Decisão,Topázio,8.355,5.0,2.0,4.0,Avaliador-6,Promovido de Fase + Bolsa,Avaliador-27,Promovido de Fase,Avaliador-30,Promovido de Fase,Avaliador-31,Promovido de Fase + Bolsa,10.0,8.8,5.6,Sem limitações,7.7,6.5,7.5,9.1,Não,8.458,10.0,Destaque: A sua boa entrega das lições de casa.,Destaque: As suas boas notas na Passos Mágicos.,Destaque: A sua boa integração aos Princípios Passos Mágicos.,2022,8.033999999999999,,,,4.0,4.0,fase_0_7,14.0,3,0.0,True,False
132,0,2008.0,2019,Privada - Programa de Apadrinhamento,Ametista,7.350625,,,4.0,Avaliador-24,,Avaliador-7,,Avaliador-23,,Avaliador-8,,7.5,8.7,2.52,,6.5,6.3,6.5,6.7,,7.715,10.0,,,,2023,7.65625,,,,5.0,5.0,fase_0_7,15.0,4,0.0,False,False
132,0,2008.0,2021,Privada - Programa de Apadrinhamento,Topázio,8.4746321428,,,5.0,Avaliador-23,,Avaliador-24,,Avaliador-1,,Avaliador-26,,8.334,8.380952380666665,7.51,,8.333333333333334,7.0,8.0,10.0,,8.44,10.0,,,,2024,8.59375,Avaliador-7,,Colégio Arco Íris Evolução,6.0,6.0,fase_0_7,16.0,3,0.0,True,False
1320,1,2014.0,2024,Pública,Ametista,7.8845333333,,,2.0,Avaliador-3,,Avaliador-13,,,,,,9.002,9.1666666665,7.51,,8.25,9.0,7.5,,,7.5,5.0,,,,2024,7.5,,,EE Dom Pedro Villas Boas de Souza,0.0,1.0,fase_0_7,10.0,0,-1.0,False,True
1321,1,2016.0,2024,Pública,Ametista,7.95295,,,2.0,Avaliador-12,,Avaliador-11,,,,,,9.002,8.875,6.885,,8.75,10.0,7.5,,,5.915,10.0,,,,2024,6.5625,,,EM Amanda Consuelo da Cunha,0.0,0.0,fase_0_7,8.0,0,0.0,False,False
1322,0,2016.0,2024,Pública,Topázio,8.47795,,,2.0,Avaliador-12,,Avaliador-11,,,,,,9.502,9.0,7.51,,7.5,8.5,6.5,,,8.165,10.0,,,,2024,8.4375,,,EE Jardim Silvania,0.0,0.0,fase_0_7,8.0,0,0.0,False,False
1323,1,2015.0,2024,Pública,Ametista,7.487366666700001,,,2.0,Avaliador-12,,Avaliador-11,,,,,,10.002,9.0833333335,7.51,,7.0,10.0,4.0,,,6.66,5.0,,,,2024,6.875,,,EE Helio Luiz Dobrochinski Prof,0.0,1.0,fase_0_7,9.0,0,-1.0,False,True
1324,1,2015.0,2024,Pública,Topázio,8.332450000000001,,,2.0,Avaliador-12,,Avaliador-11,,,,,,10.002,10.0,7.51,,8.5,10.0,7.0,,,8.0,5.0,,,,2024,7.8125,,,EE Helio Luiz Dobrochinski Prof,0.0,1.0,fase_0_7,9.0,0,-1.0,False,True
1325,1,2016.0,2024,Pública,Topázio,8.9824954545,,,2.0,Avaliador-12,,Avaliador-11,,,,,,9.002,9.5227272725,7.51,,10.0,10.0,10.0,,,7.915,10.0,,,,2024,8.4375,,,EE Helio Luiz Dobrochinski Prof,0.0,0.0,fase_0_7,8.0,0,0.0,False,False
1326,0,2016.0,2024,Pública,Ametista,7.6397833333,,,2.0,Avaliador-12,,Avaliador-11,,,,,,9.002,9.2916666665,7.51,,4.5,0.0,9.0,,,7.245,10.0,,,,2024,7.8125,,,EE Helio Luiz Dobrochinski Prof,0.0,0.0,fase_0_7,8.0,0,0.0,False,False
1327,0,2017.0,2024,Pública,Topázio,8.264116666700001,,,2.0,Avaliador-12,,Avaliador-11,,,,,,9.002,9.3333333335,7.51,,7.5,10.0,5.0,,,7.325,10.0,,,,2024,7.8125,,,EM Amanda Consuelo da Cunha,0.0,0.0,fase_0_7,7.0,0,0.0,False,False
1328,0,2015.0,2024,Pública,Topázio,8.0588666667,,,2.0,Avaliador-12,,Avaliador-11,,,,,,8.502,8.2083333335,7.51,,10.0,10.0,10.0,,,7.83,5.0,,,,2024,7.5,,,EM Amanda Consuelo da Cunha,0.0,1.0,fase_0_7,9.0,0,-1.0,False,True
1329,1,2016.0,2024,Pública,Ametista,7.98945,,,2.0,Avaliador-12,,Avaliador-11,,,,,,9.502,10.0,7.51,,6.5,10.0,3.0,,,6.66,10.0,,,,2024,6.5625,,,EE Helio Luiz Dobrochinski Prof,0.0,0.0,fase_0_7,8.0,0,0.0,False,False
133,0,2007.0,2016,Escola Pública,Ágata,6.875,45.0,10.0,4.0,Avaliador-6,Promovido de Fase,Avaliador-27,Promovido de Fase,Avaliador-30,Promovido de Fase,Avaliador-31,Promovido de Fase,7.9,7.1,7.5,Não atendido,5.6,4.7,7.2,5.0,Não,7.625,5.0,Melhorar: Melhorar a sua entrega de lições de casa.,Melhorar: Empenhar-se mais nas aulas e avaliações.,Destaque: A sua boa integração aos Princípios Passos Mágicos.,2022,7.699999999999996,,,,4.0,5.0,fase_0_7,15.0,6,-1.0,False,True
133,0,2007.0,2016,Pública,Agata,6.168416667,,,4.0,Avaliador-24,,Avaliador-7,,Avaliador-23,,Avaliador-8,,7.5,7.9,2.52,,5.3,5.0,4.3,6.7,,6.505,5.0,,,,2023,7.1875,,,,5.0,6.0,fase_0_7,16.0,7,-1.0,False,True
1330,0,2016.0,2024,Pública,Topázio,8.944616666700002,,,2.0,Avaliador-12,,Avaliador-11,,,,,,10.002,9.3333333335,7.51,,9.5,10.0,9.0,,,7.915,10.0,,,,2024,8.4375,,,EE Helio Luiz Dobrochinski Prof,0.0,0.0,fase_0_7,8.0,0,0.0,False,False
1331,0,2017.0,2024,Pública,Ametista,7.8522833333,,,2.0,Avaliador-12,,Avaliador-11,,,,,,9.002,7.291666666499999,7.51,,7.25,8.0,6.5,,,7.245,10.0,,,,2024,8.4375,,,EE Jardim Campestre,0.0,0.0,fase_0_7,7.0,0,0.0,False,False
1332,1,2014.0,2024,Pública,Topázio,8.1040529412,,,2.0,Avaliador-12,,Avaliador-13,,,,,,8.502,9.411764706,7.51,,8.25,10.0,6.5,,,7.665,5.0,,,,2024,9.375,,,EE Helio Luiz Dobrochinski Prof,0.0,2.0,fase_0_7,10.0,0,-2.0,False,True
1333,1,2015.0,2024,Pública,Topázio,8.213199999999999,,,2.0,Avaliador-12,,Avaliador-13,,,,,,7.502,10.0,6.255,,9.25,10.0,8.5,,,7.75,5.0,,,,2024,9.375,,,EE Helio Luiz Dobrochinski Prof,0.0,1.0,fase_0_7,9.0,0,-1.0,False,True
1334,1,2015.0,2024,Pública,Topázio,8.350200000000001,,,2.0,Avaliador-12,,Avaliador-13,,,,,,10.002,10.0,5.625,,9.0,10.0,8.0,,,7.75,5.0,,,,2024,9.375,,,EE Helio Luiz Dobrochinski Prof,0.0,1.0,fase_0_7,9.0,0,-1.0,False,True
1335,1,2014.0,2024,Pública,Topázio,8.3217,,,2.0,Avaliador-12,,Avaliador-13,,,,,,9.002,9.75,7.51,,8.75,10.0,7.5,,,7.665,5.0,,,,2024,9.375,,,EE Helio Luiz Dobrochinski Prof,0.0,2.0,fase_0_7,10.0,0,-2.0,False,True
1336,0,2016.0,2024,Pública,Ametista,7.141365631500001,,,2.0,Avaliador-3,,Avaliador-11,,,,,,9.502,6.2008281575,2.51,,9.5,10.0,9.0,,,7.75,5.0,,,,2024,7.5,,,EE Helio Luiz Dobrochinski Prof,0.0,1.0,fase_0_7,8.0,0,-1.0,False,True
1337,1,2014.0,2024,Pública,Agata,6.015144444400001,,,2.0,Avaliador-3,,Avaliador-11,,,,,,8.002,4.722222222,7.51,,6.0,6.0,6.0,,,5.66,5.0,,,,2024,6.875,,,EE Helio Luiz Dobrochinski Prof,0.0,2.0,fase_0_7,10.0,0,-2.0,False,True
1338,1,2015.0,2024,Pública,Agata,6.1368428571,,,2.0,Avaliador-3,,Avaliador-11,,,,,,8.002,8.6607142855,7.51,,3.0,2.0,4.0,,,5.33,5.0,,,,2024,6.875,,,EM Cecilia Cristina de Oliveira Rodrigues,0.0,1.0,fase_0_7,9.0,0,-1.0,False,True
1339,0,2016.0,2024,Pública,Ametista,7.3547,,,2.0,Avaliador-3,,Avaliador-11,,,,,,8.502,10.0,6.885,,8.75,10.0,7.5,,,5.33,5.0,,,,2024,5.0,,,EE Helio Luiz Dobrochinski Prof,0.0,1.0,fase_0_7,8.0,0,-1.0,False,True
134,0,2007.0,2021,Escola Pública,Ágata,6.607,56.0,12.0,4.0,Avaliador-6,Promovido de Fase + Bolsa,Avaliador-27,Promovido de Fase,Avaliador-30,Promovido de Fase,Avaliador-31,Promovido de Fase,8.8,6.8,7.5,Não atendido,4.7,4.7,6.8,2.5,Sim,7.375,5.0,Melhorar: Melhorar a sua entrega de lições de casa.,Melhorar: Empenhar-se mais nas aulas e avaliações.,Melhorar: Integrar-se mais aos Princípios Passos Mágicos.,2022,7.0200000000000085,,,,4.0,5.0,fase_0_7,15.0,1,-1.0,False,True
1340,0,2016.0,2024,Pública,Topázio,8.3422714286,,,2.0,Avaliador-3,,Avaliador-11,,,,,,9.502,8.392857143,7.51,,10.0,10.0,10.0,,,7.0,10.0,,,,2024,5.625,,,EM Etelvina Delfim Simões,0.0,0.0,fase_0_7,8.0,0,0.0,False,False
1341,1,2015.0,2024,Pública,Ametista,7.862906349200001,,,2.0,Avaliador-3,,Avaliador-11,,,,,,10.002,9.246031746,7.51,,10.0,10.0,10.0,,,6.0,5.0,,,,2024,5.625,,,EE Helio Luiz Dobrochinski Prof,0.0,1.0,fase_0_7,9.0,0,-1.0,False,True
1342,1,2015.0,2024,Pública,Ametista,7.8185809524,,,2.0,Avaliador-3,,Avaliador-11,,,,,,9.502,9.761904762,7.51,,9.0,10.0,8.0,,,5.575,5.0,,,,2024,7.5,,,EM Cecilia Cristina de Oliveira Rodrigues,0.0,1.0,fase_0_7,9.0,0,-1.0,False,True
1343,0,2017.0,2024,Pública,Topázio,8.8262,,,2.0,Avaliador-3,,Avaliador-11,,,,,,8.002,10.0,7.51,,9.75,10.0,9.5,,,8.5,10.0,,,,2024,6.25,,,EE Helio Luiz Dobrochinski Prof,0.0,0.0,fase_0_7,7.0,0,0.0,True,False
1344,0,2016.0,2024,Pública,Topázio,9.3612,,,2.0,Avaliador-13,,Avaliador-2,,,,,,8.502,10.0,7.51,,10.0,10.0,10.0,,,9.425,10.0,,,,2024,8.75,,,EE Helio Luiz Dobrochinski Prof,0.0,0.0,fase_0_7,8.0,0,0.0,True,False
1345,1,2015.0,2023,Pública,Ametista,7.2340128655,,,2.0,Avaliador-13,,Avaliador-2,,,,,,8.502,9.4590643275,7.51,,6.25,6.0,6.5,,,6.83,5.0,,,,2024,6.25,,,EM Cecilia Cristina de Oliveira Rodrigues,0.0,1.0,fase_0_7,9.0,1,-1.0,False,True
1346,1,2016.0,2024,Pública,Ametista,7.3701047619,,,2.0,Avaliador-13,,Avaliador-2,,,,,,9.502,8.0595238095,7.51,,5.5,5.0,6.0,,,6.66,10.0,,,,2024,6.25,,,EM Cecilia Cristina de Oliveira Rodrigues,0.0,0.0,fase_0_7,8.0,0,0.0,False,False
1347,1,2015.0,2024,Pública,Agata,6.153842857100001,,,2.0,Avaliador-13,,Avaliador-2,,,,,,8.502,8.7857142855,2.51,,5.0,5.0,5.0,,,6.165,5.0,,,,2024,5.625,,,EE Helio Luiz Dobrochinski Prof,0.0,1.0,fase_0_7,9.0,0,-1.0,False,True
1348,1,2015.0,2024,Pública,Ametista,7.9604662539,,,2.0,Avaliador-12,,Avaliador-13,,,,,,7.502,8.5913312695,7.51,,9.0,10.0,8.0,,,7.83,5.0,,,,2024,8.75,,,EE Jardim Silvania,0.0,1.0,fase_0_7,9.0,0,-1.0,False,True
1349,1,2014.0,2024,Pública,Ametista,7.855727777800001,,,2.0,Avaliador-12,,Avaliador-13,,,,,,8.002,8.388888889,7.51,,8.5,10.0,7.0,,,7.915,5.0,,,,2024,8.4375,,,EE Jardim Campestre,0.0,1.0,fase_0_7,10.0,0,-1.0,False,True
135,0,2007.0,2019,Escola Pública,Ametista,7.692,20.0,4.0,4.0,Avaliador-6,Promovido de Fase + Bolsa,Avaliador-27,Promovido de Fase + Bolsa,Avaliador-30,Promovido de Fase + Bolsa,Avaliador-31,Promovido de Fase + Bolsa,8.3,7.8,5.6,Sem limitações,8.6,8.0,8.2,9.5,Sim,8.583,5.0,Destaque: A sua boa entrega das lições de casa.,Destaque: As suas boas notas na Passos Mágicos.,Destaque: A sua boa integração aos Princípios Passos Mágicos.,2022,8.054000000000006,,,,4.0,5.0,fase_0_7,15.0,3,-1.0,True,True
1350,0,2014.0,2024,Pública,Topázio,8.335450000000002,,,2.0,Avaliador-12,,Avaliador-13,,,,,,8.502,10.0,8.755,,8.5,10.0,7.0,,,7.83,5.0,,,,2024,8.4375,,,EE Jardim Campestre,0.0,2.0,fase_0_7,10.0,0,-2.0,False,True
1351,1,2015.0,2024,Pública,Topázio,8.1861038462,,,2.0,Avaliador-12,,Avaliador-13,,,,,,9.002,9.230769231,8.13,,8.75,10.0,7.5,,,7.665,5.0,,,,2024,8.4375,,,EE Helio Luiz Dobrochinski Prof,0.0,1.0,fase_0_7,9.0,0,-1.0,False,True
1352,1,2015.0,2024,Pública,Topázio,8.289950000000001,,,2.0,Avaliador-12,,Avaliador-13,,,,,,10.002,9.5,8.13,,8.5,8.0,9.0,,,7.665,5.0,,,,2024,8.4375,,,EM Amanda Consuelo da Cunha,0.0,1.0,fase_0_7,9.0,0,-1.0,False,True
1353,0,2014.0,2024,Pública,Agata,6.454700000000001,,,2.0,Avaliador-12,,Avaliador-13,,,,,,8.002,9.5,7.51,,3.0,3.5,2.5,,,6.08,5.0,,,,2024,6.875,,,EE Luiz Schunck,0.0,1.0,fase_0_7,10.0,0,-1.0,False,True
1354,0,2014.0,2024,Pública,Ametista,7.353427272700001,,,2.0,Avaliador-12,,Avaliador-13,,,,,,9.502,8.3636363635,7.51,,6.0,6.5,5.5,,,7.335,5.0,,,,2024,8.125,,,EE Luiz Schunck,0.0,1.0,fase_0_7,10.0,0,-1.0,False,True
1355,1,2014.0,2024,Pública,Ametista,7.202245454500001,,,2.0,Avaliador-12,,Avaliador-13,,,,,,10.002,6.5227272725,7.51,,7.0,8.0,6.0,,,7.17,5.0,,,,2024,8.125,,,EE Helio Luiz Dobrochinski Prof,0.0,1.0,fase_0_7,10.0,0,-1.0,False,True
1356,0,2016.0,2024,Pública,Ametista,7.8695888889,,,2.0,Avaliador-12,,Avaliador-13,,,,,,9.002,9.4444444445,7.51,,5.5,5.5,5.5,,,7.085,10.0,,,,2024,8.125,,,EE Helio Luiz Dobrochinski Prof,0.0,0.0,fase_0_7,8.0,0,0.0,False,False
1357,1,2015.0,2024,Pública,Ametista,7.1807,,,2.0,Avaliador-12,,Avaliador-13,,,,,,8.002,7.5,7.51,,6.75,8.0,5.5,,,7.335,5.0,,,,2024,8.125,,,EE Luiz Schunck,0.0,1.0,fase_0_7,9.0,0,-1.0,False,True
1358,0,2016.0,2024,Pública,Agata,6.552990476200001,,,2.0,Avaliador-3,,Avaliador-11,,,,,,9.168,7.380952381,5.01,,4.0,4.0,4.0,,,6.17,10.0,,,,2024,6.25,,,EE Luiz Schunck,0.0,0.0,fase_0_7,8.0,0,0.0,False,False
1359,0,2017.0,2024,Pública,Ametista,7.2102,,,2.0,Avaliador-3,,Avaliador-11,,,,,,8.502,9.0,5.635,,6.0,4.0,8.0,,,6.17,10.0,,,,2024,5.625,,,EE Luiz Schunck,0.0,0.0,fase_0_7,7.0,0,0.0,False,False
136,1,2007.0,2019,Escola Pública,Ágata,6.478,59.0,13.0,4.0,Avaliador-6,Promovido de Fase,Avaliador-27,Mantido na Fase atual,Avaliador-30,Mantido na Fase atual,Avaliador-31,Promovido de Fase,10.0,6.3,7.5,Não atendido,4.6,5.3,5.7,2.8,Não,6.667,5.0,Melhorar: Melhorar a sua entrega de lições de casa.,Melhorar: Empenhar-se mais nas aulas e avaliações.,Melhorar: Integrar-se mais aos Princípios Passos Mágicos.,2022,7.145999999999999,,,,4.0,5.0,fase_0_7,15.0,3,-1.0,False,True
1360,1,2016.0,2024,Pública,Agata,6.8480623189,,,2.0,Avaliador-3,,Avaliador-11,,,,,,8.502,7.0018115945,7.51,,5.0,0.0,10.0,,,6.42,10.0,,,,2024,5.625,,,EE Luiz Schunck,0.0,0.0,fase_0_7,8.0,0,0.0,False,False
1361,0,2016.0,2024,Pública,Topázio,8.738700000000001,,,2.0,Avaliador-3,,Avaliador-11,,,,,,9.502,9.375,5.635,,10.0,10.0,10.0,,,8.0,10.0,,,,2024,7.5,,,EE Helio Luiz Dobrochinski Prof,0.0,0.0,fase_0_7,8.0,0,0.0,False,False
1362,1,2017.0,2024,Pública,Ametista,7.709200000000001,,,2.0,Avaliador-3,,Avaliador-11,,,,,,10.002,6.875,5.635,,8.5,8.0,9.0,,,6.915,10.0,,,,2024,6.875,,,EE Luiz Schunck,0.0,0.0,fase_0_7,7.0,0,0.0,False,False
1363,0,2017.0,2024,Pública,Ametista,7.690800000000001,,,2.0,Avaliador-3,,Avaliador-13,,,,,,7.418,10.0,5.635,,6.5,6.5,6.5,,,6.99,10.0,,,,2024,6.875,,,EE Luiz Schunck,0.0,0.0,fase_0_7,7.0,0,0.0,False,False
1364,1,2015.0,2024,Pública,Ametista,7.570033333300001,,,2.0,Avaliador-3,,Avaliador-13,,,,,,8.002,8.4166666665,7.51,,8.75,9.5,8.0,,,6.99,5.0,,,,2024,6.875,,,EE Luiz Schunck,0.0,1.0,fase_0_7,9.0,0,-1.0,False,True
1365,1,2015.0,2024,Pública,Ametista,7.3700333333,,,2.0,Avaliador-3,,Avaliador-13,,,,,,9.002,9.7916666665,6.26,,6.5,5.5,7.5,,,6.99,5.0,,,,2024,6.875,,,EM Cecilia Cristina de Oliveira Rodrigues,0.0,1.0,fase_0_7,9.0,0,-1.0,False,True
1366,0,2015.0,2024,Pública,Agata,6.919852173900001,,,2.0,Avaliador-3,,Avaliador-13,,,,,,9.002,6.6032608695,7.51,,6.5,6.5,6.5,,,6.99,5.0,,,,2024,7.5,,,EE Luiz Schunck,0.0,1.0,fase_0_7,9.0,0,-1.0,False,True
1367,0,2016.0,2024,Pública,Topázio,8.427286956500001,,,2.0,Avaliador-3,,Avaliador-13,,,,,,10.002,8.3804347825,7.51,,8.75,9.0,8.5,,,7.5,10.0,,,,2024,7.5,,,EE Helio Luiz Dobrochinski Prof,0.0,0.0,fase_0_7,8.0,0,0.0,False,False
1368,1,2016.0,2024,Pública,Topázio,8.6012,,,2.0,Avaliador-3,,Avaliador-13,,,,,,7.002,10.0,7.51,,9.5,10.0,9.0,,,7.5,10.0,,,,2024,7.5,,,EE Luiz Schunck,0.0,0.0,fase_0_7,8.0,0,0.0,False,False
1369,0,2017.0,2024,Pública,Topázio,8.052286956500001,,,2.0,Avaliador-3,,Avaliador-13,,,,,,8.502,8.6304347825,6.26,,8.0,8.0,8.0,,,7.5,10.0,,,,2024,7.5,,,EE Luiz Schunck,0.0,0.0,fase_0_7,7.0,0,0.0,False,False
137,0,2005.0,2016,Rede Decisão,Ametista,7.056,38.0,9.0,4.0,Avaliador-6,Promovido de Fase + Bolsa,Avaliador-27,Promovido de Fase,Avaliador-30,Promovido de Fase,Avaliador-31,Promovido de Fase + Bolsa,7.5,8.9,5.0,Requer avaliação,7.3,6.0,7.3,8.5,Não,7.792,2.5,Destaque: A sua boa entrega das lições de casa.,Melhorar: Empenhar-se mais nas aulas e avaliações.,Destaque: A sua boa integração aos Princípios Passos Mágicos.,2022,7.576,,,,4.0,7.0,fase_0_7,17.0,6,-3.0,False,True
137,0,2005.0,2016,Privada - Programa de Apadrinhamento,Quartzo,5.937025,,,4.0,Avaliador-24,,Avaliador-7,,Avaliador-23,,Avaliador-8,,7.1,6.3,2.52,,6.0,7.3,4.5,6.2,,6.88,5.0,,,,2023,6.40625,,,,5.0,7.0,fase_0_7,18.0,7,-2.0,False,True
137,0,2005.0,2021,Concluiu o 3º EM,Agata,6.576761183366667,,,3.0,Avaliador-24,,Avaliador-1,,Avaliador-7,,,,9.585,7.582972583,5.005,,6.833333333333333,2.0,8.5,10.0,,6.276666667,5.0,,,,2024,4.791666667,,,Concluiu o 3º EM,5.0,7.0,fase_0_7,19.0,3,-2.0,False,True
1370,1,2015.0,2024,Pública,Topázio,8.0456444444,,,2.0,Avaliador-3,,Avaliador-13,,,,,,10.002,8.722222222,7.51,,9.0,10.0,8.0,,,7.5,5.0,,,,2024,7.5,,,EE Luiz Schunck,0.0,1.0,fase_0_7,9.0,0,-1.0,False,True
1371,0,2013.0,2024,Pública,Agata,6.4843521739,,,2.0,Avaliador-3,,Avaliador-13,,,,,,7.502,6.9782608695,7.51,,4.5,3.0,6.0,,,7.5,5.0,,,,2024,6.875,,,EE Helio Luiz Dobrochinski Prof,0.0,1.0,fase_0_7,11.0,0,-1.0,False,True
1372,0,2016.0,2024,Pública,Ametista,7.9632,,,2.0,Avaliador-3,,Avaliador-13,,,,,,9.502,10.0,8.13,,4.75,3.0,6.5,,,7.5,10.0,,,,2024,7.5,,,EE Jardim Silvania,0.0,0.0,fase_0_7,8.0,0,0.0,False,False
1373,0,2015.0,2024,Pública,Ametista,7.577286956500001,,,2.0,Avaliador-3,,Avaliador-13,,,,,,9.502,8.8804347825,7.51,,6.75,6.0,7.5,,,7.5,5.0,,,,2024,7.5,,,EE Joaquim Mendes Feliz,0.0,1.0,fase_0_7,9.0,0,-1.0,False,True
1374,1,2015.0,2024,Pública,Ametista,7.3707652174,,,2.0,Avaliador-3,,Avaliador-13,,,,,,9.502,9.347826087,7.51,,5.25,5.0,5.5,,,7.5,5.0,,,,2024,7.5,,,EE Dom Pedro Villas Boas de Souza,0.0,1.0,fase_0_7,9.0,0,-1.0,False,True
1375,1,2015.0,2024,Pública,Topázio,8.101200000000002,,,2.0,Avaliador-3,,Avaliador-13,,,,,,9.502,10.0,7.51,,8.25,10.0,6.5,,,7.5,5.0,,,,2024,7.5,,,EE Dom Pedro Villas Boas de Souza,0.0,1.0,fase_0_7,9.0,0,-1.0,False,True
1376,1,2015.0,2024,Pública,Topázio,8.2742769231,,,2.0,Avaliador-3,,Avaliador-13,,,,,,9.002,9.6153846155,7.51,,9.75,10.0,9.5,,,7.5,5.0,,,,2024,7.5,,,EE Dom Pedro Villas Boas de Souza,0.0,1.0,fase_0_7,9.0,0,-1.0,False,True
1377,1,2016.0,2024,Pública,Ametista,7.8987,,,2.0,Avaliador-3,,Avaliador-13,,,,,,9.002,10.0,8.13,,5.5,5.0,6.0,,,6.99,10.0,,,,2024,6.875,,,EE Dom Pedro Villas Boas de Souza,0.0,0.0,fase_0_7,8.0,0,0.0,False,False
1378,0,2014.0,2024,Pública,Ametista,7.6703428571,,,2.0,Avaliador-3,,Avaliador-13,,,,,,9.002,9.2857142855,8.13,,6.75,7.5,6.0,,,7.5,5.0,,,,2024,7.5,,,EM Cecilia Cristina de Oliveira Rodrigues,0.0,1.0,fase_0_7,10.0,0,-1.0,False,True
1379,1,2016.0,2024,Pública,Agata,6.638292105300001,,,2.0,Avaliador-3,,Avaliador-13,,,,,,9.502,8.6842105265,3.755,,7.25,8.5,6.0,,,5.16,5.0,,,,2024,5.9375,,,EE Helio Luiz Dobrochinski Prof,0.0,1.0,fase_0_7,8.0,0,-1.0,False,True
138,1,2007.0,2016,Escola Pública,Ágata,6.738,53.0,11.0,4.0,Avaliador-6,Promovido de Fase,Avaliador-27,Mantido na Fase atual,Avaliador-30,Promovido de Fase,Avaliador-31,Promovido de Fase + Bolsa,9.6,8.0,5.6,Requer avaliação,5.6,5.0,6.5,5.2,Sim,6.375,5.0,Destaque: A sua boa entrega das lições de casa.,Melhorar: Empenhar-se mais nas aulas e avaliações.,Melhorar: Integrar-se mais aos Princípios Passos Mágicos.,2022,7.230000000000007,,,,4.0,5.0,fase_0_7,15.0,6,-1.0,False,True
138,1,2007.0,2016,Pública,Agata,6.784075,,,4.0,Avaliador-21,,Avaliador-6,,Avaliador-23,,Avaliador-8,,10.0,7.9,6.26,,4.3,4.0,3.7,5.2,,7.4175,5.0,,,,2023,7.34375,,,,4.0,6.0,fase_0_7,16.0,7,-2.0,False,True
138,1,2007.0,2021,Pública,Ametista,7.3860274169,,,3.0,Avaliador-24,,Avaliador-1,,Avaliador-7,,,,9.585,8.751803751666666,7.51,,5.833333333333333,7.5,5.0,5.0,,7.443333333,5.0,,,,2024,7.708333333,,,EE Paschoal Carlos Magno,5.0,7.0,fase_0_7,17.0,3,-2.0,False,True
1380,1,2016.0,2024,Pública,Ametista,7.964342230600001,,,2.0,Avaliador-3,,Avaliador-13,,,,,,9.502,8.784461152999999,4.385,,8.0,10.0,6.0,,,7.5,10.0,,,,2024,7.1875,,,Estuda em outra cidade,0.0,0.0,fase_0_7,8.0,0,0.0,False,False
1381,0,2016.0,2024,Pública,Topázio,9.038200000000002,,,2.0,Avaliador-3,,Avaliador-13,,,,,,9.502,10.0,8.13,,9.5,10.0,9.0,,,7.5,10.0,,,,2024,8.75,,,EE Helio Luiz Dobrochinski Prof,0.0,0.0,fase_0_7,8.0,0,0.0,False,False
1382,0,2015.0,2024,Pública,Ametista,7.834830952400001,,,2.0,Avaliador-3,,Avaliador-13,,,,,,8.502,9.761904762,7.51,,7.5,8.0,7.0,,,7.5,5.0,,,,2024,7.8125,,,EE Helio Luiz Dobrochinski Prof,0.0,1.0,fase_0_7,9.0,0,-1.0,False,True
1383,0,2016.0,2024,Pública,Topázio,8.3720803259,,,2.0,Avaliador-3,,Avaliador-13,,,,,,8.502,9.2606516295,7.51,,8.5,10.0,7.0,,,7.5,10.0,,,,2024,7.1875,,,EE Luiz Schunck,0.0,0.0,fase_0_7,8.0,0,0.0,False,False
1384,1,2014.0,2024,Pública,Agata,6.221984461100001,,,2.0,Avaliador-3,,Avaliador-13,,,,,,8.002,7.5689223055,7.51,,5.0,5.0,5.0,,,5.16,5.0,,,,2024,6.25,,,EE Helio Luiz Dobrochinski Prof,0.0,2.0,fase_0_7,10.0,0,-2.0,False,True
1385,1,2015.0,2024,Pública,Ametista,7.7262,,,2.0,Avaliador-3,,Avaliador-13,,,,,,10.002,10.0,4.385,,8.0,9.0,7.0,,,7.5,5.0,,,,2024,6.875,,,EE Helio Luiz Dobrochinski Prof,0.0,1.0,fase_0_7,9.0,0,-1.0,False,True
1386,0,2016.0,2024,Pública,Ametista,7.803580952400001,,,2.0,Avaliador-3,,Avaliador-13,,,,,,9.002,9.761904762,7.51,,7.25,8.5,6.0,,,7.5,5.0,,,,2024,7.5,,,EM Cecilia Cristina de Oliveira Rodrigues,0.0,1.0,fase_0_7,8.0,0,-1.0,False,True
1387,0,2016.0,2024,Pública,Ametista,7.8030796992,,,2.0,Avaliador-3,,Avaliador-13,,,,,,9.502,8.759398496,7.51,,8.0,9.0,7.0,,,7.5,5.0,,,,2024,7.5,,,EM Cecilia Cristina de Oliveira Rodrigues,0.0,1.0,fase_0_7,8.0,0,-1.0,False,True
1388,0,2016.0,2024,Pública,Ametista,7.015057142799999,,,2.0,Avaliador-11,,Avaliador-2,,,,,,9.002,8.214285713999999,6.88,,5.0,4.0,6.0,,,7.67,5.0,,,,2024,7.5,,,EE Dom Pedro Villas Boas de Souza,0.0,1.0,fase_0_7,8.0,0,-1.0,False,True
1389,0,2017.0,2024,Pública,Topázio,8.980533333299999,,,2.0,Avaliador-11,,Avaliador-2,,,,,,9.002,9.7916666665,6.88,,10.0,10.0,10.0,,,8.42,10.0,,,,2024,7.5,,,EE Dom Pedro Villas Boas de Souza,0.0,0.0,fase_0_7,7.0,0,0.0,True,False
139,1,2005.0,2019,Escola Pública,Quartzo,3.738,75.0,15.0,4.0,Avaliador-6,Mantido na Fase atual,Avaliador-27,Mantido na Fase atual,Avaliador-30,Promovido de Fase,Avaliador-31,Alocado em Fase anterior,7.1,3.5,5.0,Requer avaliação,1.4,1.7,2.7,0.0,Não,3.917,2.5,Melhorar: Melhorar a sua entrega de lições de casa.,Melhorar: Empenhar-se mais nas aulas e avaliações.,Melhorar: Integrar-se mais aos Princípios Passos Mágicos.,2022,5.146000000000002,,,,4.0,7.0,fase_0_7,17.0,3,-3.0,False,True
1390,0,2016.0,2024,Pública,Topázio,8.4930333333,,,2.0,Avaliador-11,,Avaliador-2,,,,,,9.502,9.7916666665,5.005,,8.25,8.0,8.5,,,8.42,10.0,,,,2024,7.5,,,EE Dom Pedro Villas Boas de Souza,0.0,0.0,fase_0_7,8.0,0,0.0,True,False
1391,1,2016.0,2024,Pública,Topázio,8.8435333333,,,2.0,Avaliador-11,,Avaliador-2,,,,,,8.502,9.2916666665,7.51,,10.0,10.0,10.0,,,8.17,10.0,,,,2024,7.5,,,EE Dom Pedro Villas Boas de Souza,0.0,0.0,fase_0_7,8.0,0,0.0,False,False
1392,1,2015.0,2024,Pública,Quartzo,5.4262,,,2.0,Avaliador-11,,Avaliador-2,,,,,,9.002,5.625,7.51,,0.0,0.0,0.0,,,7.0,5.0,,,,2024,7.5,,,EM Etelvina Delfim Simões,0.0,1.0,fase_0_7,9.0,0,-1.0,False,True
1393,0,2017.0,2024,Pública,Ametista,7.2597,,,2.0,Avaliador-11,,Avaliador-2,,,,,,9.502,7.5,3.755,,5.0,10.0,0.0,,,8.42,10.0,,,,2024,7.5,,,EE Francisco de Paula Teixeira,0.0,0.0,fase_0_7,7.0,0,0.0,True,False
1394,0,2013.0,2024,Pública,Ametista,7.503255555500002,,,3.0,Avaliador-14,,Avaliador-3,,Avaliador-15,,,,9.502,8.6944444445,7.51,,5.75,5.5,6.0,,,8.003333333,5.0,,,,2024,8.125,,,EE Chácara Florida II,1.0,2.0,fase_0_7,11.0,0,-1.0,False,True
1395,0,2014.0,2024,Pública,Topázio,8.5997833334,,,3.0,Avaliador-14,,Avaliador-3,,Avaliador-15,,,,9.502,10.0,7.51,,7.75,7.5,8.0,,,7.836666667,10.0,,,,2024,7.8125,,,EE Dom Pedro Villas Boas de Souza,1.0,1.0,fase_0_7,10.0,0,0.0,False,False
1396,0,2013.0,2024,Pública,Ametista,7.8477,,,3.0,Avaliador-14,,Avaliador-3,,Avaliador-15,,,,9.502,10.0,7.51,,6.5,6.0,7.0,,,7.67,5.0,,,,2024,8.125,,,EM Bairro Lagoa Grande,1.0,2.0,fase_0_7,11.0,0,-1.0,False,True
1397,0,2014.0,2024,Pública,Ametista,7.8280333334,,,3.0,Avaliador-14,,Avaliador-3,,Avaliador-15,,,,9.002,10.0,6.26,,7.0,7.0,7.0,,,7.946666667,5.0,,,,2024,8.125,,,EE Dom Pedro Villas Boas de Souza,1.0,2.0,fase_0_7,10.0,0,-1.0,False,True
1398,0,2013.0,2024,Pública,Ametista,7.989700527000001,,,3.0,Avaliador-14,,Avaliador-3,,Avaliador-15,,,,6.918,9.555335968,7.51,,8.0,8.0,8.0,,,8.616666667,5.0,,,,2024,8.125,,,EE Leonice de Aquino Oliveira,1.0,2.0,fase_0_7,11.0,0,-1.0,True,True
1399,0,2013.0,2024,Pública,Ametista,7.438578787899999,,,3.0,Avaliador-14,,Avaliador-3,,Avaliador-15,,,,9.002,9.7727272725,5.005,,6.0,6.0,6.0,,,8.166666667,5.0,,,,2024,7.5,,,EE Olivia de Faria Nogueira,1.0,2.0,fase_0_7,11.0,0,-1.0,False,True
14,1,2001.0,2022,Escola Pública,Ágata,6.793,12.0,7.0,4.0,Avaliador-6,Promovido de Fase + Bolsa,Avaliador-27,Mantido na Fase atual,Avaliador-29,Mantido na Fase atual,Avaliador-31,Mantido na Fase atual,7.9,8.3,7.5,Não atendido,4.0,8.0,0.0,,Sim,7.75,5.0,Destaque: A sua boa entrega das lições de casa.,Melhorar: Empenhar-se mais nas aulas e avaliações.,Destaque: A sua boa integração aos Princípios Passos Mágicos.,2022,7.430000000000003,,,,7.0,8.0,fase_0_7,21.0,0,-1.0,False,True
14,1,2001.0,2022,Privada *Parcerias com Bolsa 100%,,,,,,,,,,,,,,,,,,,,,,,,10.0,,,,2023,,,,,8.0,8.0,fase_8,22.0,1,0.0,False,False
14,1,2001.0,2022,Privada *Parcerias com Bolsa 100%,,,,,0.0,,,,,,,,,,,,,,,,,,,10.0,,,,2024,,,,Faculdade FIAP,8.0,8.0,fase_8,23.0,2,0.0,False,False
140,0,2008.0,2021,Escola Pública,Ametista,7.407,28.0,6.0,4.0,Avaliador-6,Promovido de Fase + Bolsa,Avaliador-27,Promovido de Fase + Bolsa,Avaliador-30,Promovido de Fase + Bolsa,Avaliador-31,Promovido de Fase,7.9,7.6,6.9,Não atendido,5.7,5.0,6.5,5.6,Sim,7.667,10.0,Destaque: A sua boa entrega das lições de casa.,Melhorar: Empenhar-se mais nas aulas e avaliações.,Destaque: A sua boa integração aos Princípios Passos Mágicos.,2022,7.335999999999991,,,,4.0,4.0,fase_0_7,14.0,1,0.0,False,False
1400,1,2015.0,2024,Pública,Ametista,7.622839525700001,,,3.0,Avaliador-14,,Avaliador-3,,Avaliador-15,,,,8.418,6.6501976285,7.51,,7.25,6.5,8.0,,,7.5,10.0,,,,2024,7.5,,,EE Dom Pedro Villas Boas de Souza,1.0,1.0,fase_0_7,9.0,0,0.0,False,False
1401,1,2011.0,2024,Pública,Topázio,8.1188277778,,,2.0,Avaliador-3,,Avaliador-15,,,,,,6.918,8.888888889,7.51,,10.0,10.0,10.0,,,8.085,5.0,,,,2024,7.8125,,,EE Paschoal Carlos Magno,1.0,3.0,fase_0_7,13.0,0,-2.0,False,True
1402,0,2014.0,2024,Pública,Topázio,8.588040909100002,,,2.0,Avaliador-3,,Avaliador-15,,,,,,10.002,9.5454545455,7.51,,7.25,7.0,7.5,,,8.17,10.0,,,,2024,8.4375,,,EE Dom Pedro Villas Boas de Souza,1.0,1.0,fase_0_7,10.0,0,0.0,False,False
1403,0,2013.0,2024,Pública,Topázio,8.257421861500001,,,2.0,Avaliador-3,,Avaliador-15,,,,,,9.002,9.3073593075,7.51,,8.75,7.5,10.0,,,8.255,5.0,,,,2024,8.4375,,,EE Joaquim Mendes Feliz,1.0,2.0,fase_0_7,11.0,0,-1.0,False,True
1404,0,2014.0,2024,Pública,Topázio,8.3971318182,,,2.0,Avaliador-3,,Avaliador-15,,,,,,8.502,9.090909091,7.51,,7.5,6.0,9.0,,,8.17,10.0,,,,2024,8.4375,,,EE Dom Pedro Villas Boas de Souza,1.0,1.0,fase_0_7,10.0,0,0.0,False,False
1405,0,2014.0,2024,Pública,Topázio,8.4749727273,,,2.0,Avaliador-3,,Avaliador-15,,,,,,8.002,8.6363636365,7.51,,8.75,8.0,9.5,,,8.17,10.0,,,,2024,8.125,,,EE Dom Pedro Villas Boas de Souza,1.0,1.0,fase_0_7,10.0,0,0.0,False,False
1406,0,2014.0,2024,Pública,Ametista,7.8186772727,,,2.0,Avaliador-3,,Avaliador-15,,,,,,8.002,8.8636363635,7.51,,7.5,5.5,9.5,,,8.255,5.0,,,,2024,8.4375,,,EE Joaquim Mendes Feliz,1.0,2.0,fase_0_7,10.0,0,-1.0,False,True
1407,1,2014.0,2024,Pública,Ametista,7.546086363600001,,,2.0,Avaliador-3,,Avaliador-15,,,,,,10.002,9.318181818,7.51,,5.75,5.5,6.0,,,7.5,5.0,,,,2024,7.8125,,,EE Joaquim Mendes Feliz,1.0,2.0,fase_0_7,10.0,0,-1.0,False,True
1408,1,2013.0,2024,Pública,Ametista,7.626768181800001,,,2.0,Avaliador-3,,Avaliador-15,,,,,,10.002,8.409090909,7.51,,6.75,5.5,8.0,,,7.5,5.0,,,,2024,8.4375,,,EE Dom Pedro Villas Boas de Souza,1.0,2.0,fase_0_7,11.0,0,-1.0,False,True
1409,1,2014.0,2024,Pública,Ametista,7.863131818100001,,,2.0,Avaliador-3,,Avaliador-15,,,,,,10.002,9.0909090905,7.51,,7.25,7.5,7.0,,,7.5,5.0,,,,2024,8.4375,,,EE Dom Pedro Villas Boas de Souza,1.0,2.0,fase_0_7,10.0,0,-1.0,False,True
141,1,2008.0,2017,Escola Pública,Ametista,7.118,36.0,8.0,4.0,Avaliador-6,Promovido de Fase,Avaliador-27,Mantido na Fase atual,Avaliador-30,Mantido na Fase atual,Avaliador-31,Promovido de Fase,9.2,8.2,5.6,Requer avaliação,5.7,5.8,6.2,5.0,Não,5.917,10.0,Destaque: A sua boa entrega das lições de casa.,Melhorar: Empenhar-se mais nas aulas e avaliações.,Melhorar: Integrar-se mais aos Princípios Passos Mágicos.,2022,6.746000000000008,,,,4.0,4.0,fase_0_7,14.0,5,0.0,False,False
141,1,2008.0,2017,Pública,Agata,6.719791667,,,4.0,Avaliador-21,,Avaliador-6,,Avaliador-23,,Avaliador-8,,9.6,8.4,5.63,,4.5,6.0,5.3,2.3,,7.0425,5.0,,,,2023,7.03125,,,,4.0,5.0,fase_0_7,15.0,6,-1.0,False,True
1410,1,2013.0,2024,Pública,Ametista,7.5319272727,,,2.0,Avaliador-15,,Avaliador-2,,,,,,9.002,8.1136363635,7.51,,6.25,6.5,6.0,,,8.165,5.0,,,,2024,8.75,,,EE Levi Pereira Martins Professor,1.0,2.0,fase_0_7,11.0,0,-1.0,False,True
1411,1,2013.0,2024,Pública,Agata,6.886950000000001,,,2.0,Avaliador-15,,Avaliador-2,,,,,,9.002,9.5,6.26,,2.75,5.5,0.0,,,7.835,5.0,,,,2024,8.4375,,,EE Alexandre Rodrigues Nogueira,1.0,2.0,fase_0_7,11.0,0,-1.0,False,True
1412,1,2014.0,2024,Pública,Topázio,9.2046718615,,,2.0,Avaliador-15,,Avaliador-2,,,,,,10.002,9.3073593075,7.51,,9.75,10.0,9.5,,,8.835,10.0,,,,2024,8.75,,,EE Chácara Florida II,1.0,1.0,fase_0_7,10.0,0,0.0,True,False
1413,1,2012.0,2024,Pública,Ametista,7.747564718600001,,,2.0,Avaliador-15,,Avaliador-2,,,,,,9.002,8.593073593,7.51,,7.25,7.5,7.0,,,7.92,5.0,,,,2024,8.4375,,,EE Olivia de Faria Nogueira,1.0,3.0,fase_0_7,12.0,0,-2.0,False,True
1414,0,2014.0,2024,Pública,Topázio,8.840007359300001,,,2.0,Avaliador-15,,Avaliador-2,,,,,,9.502,9.2965367965,6.885,,8.5,10.0,7.0,,,8.835,10.0,,,,2024,8.75,,,EM Etelvina Delfim Simões,1.0,1.0,fase_0_7,10.0,0,0.0,True,False
1415,0,2014.0,2024,Pública,Ametista,7.3712454546,,,3.0,Avaliador-16,,Avaliador-3,,Avaliador-15,,,,8.002,9.7727272725,6.26,,6.75,6.5,7.0,,,7.056666667,5.0,,,,2024,7.291666667,,,EM Maria Ignez Concelles Irma Ines,1.0,2.0,fase_0_7,10.0,0,-1.0,False,True
1416,0,2012.0,2024,Pública,Ametista,7.375503030400001,,,3.0,Avaliador-16,,Avaliador-3,,Avaliador-15,,,,8.502,8.2765151515,7.51,,7.75,6.5,9.0,,,6.386666667,5.0,,,,2024,7.916666667,,,EE Loris Nassif Mattar Profa,1.0,2.0,fase_0_7,12.0,0,-1.0,False,True
1417,1,2014.0,2024,Pública,Ametista,7.7436242424,,,3.0,Avaliador-16,,Avaliador-3,,Avaliador-15,,,,9.002,9.337121212,7.51,,9.0,10.0,8.0,,,6.5,5.0,,,,2024,6.25,,,EE Dom Pedro Villas Boas de Souza,1.0,2.0,fase_0_7,10.0,0,-1.0,False,True
1418,1,2013.0,2024,Pública,Ametista,7.7352909091000015,,,3.0,Avaliador-16,,Avaliador-3,,Avaliador-15,,,,8.502,9.128787879,7.51,,8.25,8.5,8.0,,,6.833333333,5.0,,,,2024,7.916666667,,,EM Pedro Antonio de Almeida,1.0,2.0,fase_0_7,11.0,0,-1.0,False,True
1419,0,2014.0,2024,Pública,Topázio,8.7536999999,,,3.0,Avaliador-3,,Avaliador-16,,Avaliador-15,,,,8.502,10.0,7.51,,7.5,6.0,9.0,,,8.783333333,10.0,,,,2024,8.958333333,,,EM Pedro Antonio de Almeida,1.0,1.0,fase_0_7,10.0,0,0.0,True,False
142,0,2008.0,2021,Escola Pública,Ametista,7.457,27.0,5.0,4.0,Avaliador-6,Promovido de Fase,Avaliador-27,Mantido na Fase atual,Avaliador-30,Mantido na Fase atual,Avaliador-31,Promovido de Fase,6.7,8.6,5.6,Requer avaliação,6.3,6.0,6.8,6.0,Não,7.583,10.0,Destaque: A sua boa entrega das lições de casa.,Melhorar: Empenhar-se mais nas aulas e avaliações.,Destaque: A sua boa integração aos Princípios Passos Mágicos.,2022,7.304000000000004,,,,4.0,4.0,fase_0_7,14.0,1,0.0,False,False
1420,1,2012.0,2024,Pública,Quartzo,5.6558,,,3.0,Avaliador-3,,Avaliador-16,,Avaliador-15,,,,7.918,5.520833333500001,6.26,,4.5,5.0,4.0,,,5.44,5.0,,,,2024,6.458333333,,,EE Olivia de Faria Nogueira,1.0,3.0,fase_0_7,12.0,0,-2.0,False,True
1421,1,2013.0,2024,Pública,Ametista,7.126922222200001,,,3.0,Avaliador-3,,Avaliador-16,,Avaliador-15,,,,9.002,6.777777778,7.51,,7.5,8.0,7.0,,,7.163333333,5.0,,,,2024,6.875,,,EM Pedro Antonio de Almeida,1.0,2.0,fase_0_7,11.0,0,-1.0,False,True
1422,0,2013.0,2024,Pública,Ametista,7.0132,,,4.0,Avaliador-16,,Avaliador-18,,Avaliador-15,,Avaliador-2,,9.502,7.5,7.51,,4.75,0.0,9.5,,,7.7475,5.0,,,,2024,8.125,,,EE João Ortiz Rodrigues,1.0,2.0,fase_0_7,11.0,0,-1.0,False,True
1423,1,2013.0,2024,Pública,Agata,6.403450000000001,,,4.0,Avaliador-16,,Avaliador-18,,Avaliador-15,,Avaliador-2,,8.502,5.3125,7.51,,5.75,4.0,7.5,,,6.5425,5.0,,,,2024,7.8125,,,EE João Ortiz Rodrigues,1.0,2.0,fase_0_7,11.0,0,-1.0,False,True
1424,0,2012.0,2024,Pública,Ametista,7.5543388889,,,4.0,Avaliador-16,,Avaliador-18,,Avaliador-15,,Avaliador-2,,9.002,8.9444444445,7.51,,7.25,7.5,7.0,,,6.915,5.0,,,,2024,7.8125,,,EE João Ortiz Rodrigues,1.0,2.0,fase_0_7,12.0,0,-1.0,False,True
1425,1,2012.0,2024,Pública,Agata,6.8290988095000005,,,4.0,Avaliador-16,,Avaliador-18,,Avaliador-15,,Avaliador-2,,9.002,6.7976190475,7.51,,7.0,6.0,8.0,,,5.92,5.0,,,,2024,7.34375,,,EE João Ortiz Rodrigues,1.0,2.0,fase_0_7,12.0,0,-1.0,False,True
1426,0,2013.0,2023,Pública,Quartzo,5.8367476190000005,,,4.0,Avaliador-16,,Avaliador-18,,Avaliador-15,,Avaliador-2,,9.502,5.845238095,7.51,,2.75,5.5,0.0,,,5.8325,5.0,,,,2024,7.5,,,EE Leonice de Aquino Oliveira,1.0,2.0,fase_0_7,11.0,1,-1.0,False,True
1427,0,2013.0,2024,Pública,Topázio,8.425325,,,4.0,Avaliador-16,,Avaliador-18,,Avaliador-15,,Avaliador-2,,9.502,10.0,7.51,,8.0,6.5,9.5,,,8.6675,5.0,,,,2024,8.90625,,,EM Maria Ignez Concelles Irma Ines,1.0,2.0,fase_0_7,11.0,0,-1.0,True,True
1428,1,2013.0,2024,Pública,Topázio,8.006108496800001,,,2.0,Avaliador-15,,Avaliador-2,,,,,,8.502,8.8562091505,7.51,,8.0,7.0,9.0,,,8.085,5.0,,,,2024,9.166666667,,,EM Cecilia Cristina de Oliveira Rodrigues,1.0,2.0,fase_0_7,11.0,0,-1.0,False,True
1429,1,2013.0,2024,Pública,Topázio,8.041811111100001,,,2.0,Avaliador-15,,Avaliador-2,,,,,,9.502,8.888888889,7.51,,7.75,8.5,7.0,,,8.085,5.0,,,,2024,8.958333333,,,EE Helio Luiz Dobrochinski Prof,1.0,2.0,fase_0_7,11.0,0,-1.0,False,True
143,1,2009.0,2019,Rede Decisão,Topázio,8.638,3.0,1.0,4.0,Avaliador-6,Promovido de Fase + Bolsa,Avaliador-27,Promovido de Fase,Avaliador-30,Promovido de Fase,Avaliador-31,Promovido de Fase + Bolsa,8.3,9.9,5.6,Sem limitações,7.9,9.7,7.7,6.4,Não,9.5,10.0,Destaque: A sua boa entrega das lições de casa.,Destaque: As suas boas notas na Passos Mágicos.,Destaque: A sua boa integração aos Princípios Passos Mágicos.,2022,7.879999999999994,,,,4.0,3.0,fase_0_7,13.0,3,1.0,True,False
143,1,2009.0,2019,Privada - Programa de Apadrinhamento,Ametista,7.794358333,,,4.0,Avaliador-24,,Avaliador-7,,Avaliador-23,,Avaliador-8,,8.3,9.6,2.52,,6.5,9.2,5.0,5.2,,8.3375,10.0,,,,2023,8.28125,,,,5.0,4.0,fase_0_7,14.0,4,1.0,False,False
143,1,2009.0,2021,Privada - Programa de Apadrinhamento,Ametista,7.449366666666667,,,0.0,,,,,,,,,10.002,9.92,6.885,,2.6333333333333333,0.0,0.0,7.9,,7.5,10.0,,,,2024,7.5,,,Colégio Arco Íris Evolução,7.0,5.0,fase_0_7,15.0,3,2.0,False,False
1430,1,2013.0,2024,Pública,Ametista,7.864033333300001,,,2.0,Avaliador-15,,Avaliador-2,,,,,,8.502,10.0,7.51,,6.25,6.0,6.5,,,8.085,5.0,,,,2024,8.958333333,,,EE Helio Luiz Dobrochinski Prof,1.0,2.0,fase_0_7,11.0,0,-1.0,False,True
1431,0,2013.0,2024,Pública,Ametista,7.9147292443,,,2.0,Avaliador-17,,Avaliador-2,,,,,,9.002,7.7432712215,7.51,,8.0,8.0,8.0,,,9.09,5.0,,,,2024,7.96875,,,EE Neide Celestina de Oliveira,1.0,2.0,fase_0_7,11.0,0,-1.0,True,True
1432,0,2014.0,2024,Pública,Topázio,8.774075000000002,,,2.0,Avaliador-17,,Avaliador-2,,,,,,10.002,10.0,7.51,,9.5,10.0,9.0,,,8.505,5.0,,,,2024,9.21875,,,EE Jardim Campestre,1.0,2.0,fase_0_7,10.0,0,-1.0,True,True
1433,0,2014.0,2024,Pública,Topázio,8.1939895962,,,2.0,Avaliador-17,,Avaliador-2,,,,,,8.502,9.068322981,7.51,,8.75,8.0,9.5,,,8.505,5.0,,,,2024,8.28125,,,EE Jardim Campestre,1.0,2.0,fase_0_7,10.0,0,-1.0,True,True
1434,1,2014.0,2024,Pública,Topázio,8.2775982919,,,2.0,Avaliador-17,,Avaliador-2,,,,,,8.502,7.9813664595,6.26,,9.0,10.0,8.0,,,9.76,5.0,,,,2024,9.53125,,,EE Jardim Campestre,1.0,2.0,fase_0_7,10.0,0,-1.0,True,True
1435,1,2014.0,2024,Pública,Ametista,7.7196166667,,,2.0,Avaliador-17,,Avaliador-2,,,,,,9.502,7.833333333500001,7.51,,7.5,7.5,7.5,,,6.165,10.0,,,,2024,7.1875,,,EE Jardim Campestre,1.0,1.0,fase_0_7,10.0,0,0.0,False,False
1436,0,2013.0,2024,Pública,Ametista,7.589914648100001,,,2.0,Avaliador-17,,Avaliador-2,,,,,,7.418,8.674948240500001,7.51,,8.0,8.0,8.0,,,7.17,5.0,,,,2024,8.28125,,,EM Alfredo Schunk,1.0,2.0,fase_0_7,11.0,0,-1.0,False,True
1437,0,2013.0,2024,Pública,Ametista,7.982890217400001,,,2.0,Avaliador-17,,Avaliador-2,,,,,,8.502,9.347826087,7.51,,8.0,8.0,8.0,,,7.92,5.0,,,,2024,8.28125,,,EM Cecilia Cristina de Oliveira Rodrigues,1.0,2.0,fase_0_7,11.0,0,-1.0,False,True
1438,0,2013.0,2024,Pública,Topázio,8.176825000000001,,,2.0,Avaliador-17,,Avaliador-2,,,,,,10.002,9.0,7.51,,7.0,6.0,8.0,,,9.175,5.0,,,,2024,8.90625,,,EM Bairro Lagoa Grande,1.0,2.0,fase_0_7,11.0,0,-1.0,True,True
1439,0,2013.0,2024,Pública,Topázio,8.507700000000002,,,2.0,Avaliador-17,,Avaliador-2,,,,,,7.502,10.0,7.51,,8.5,9.0,8.0,,,9.345,5.0,,,,2024,9.375,,,EE Jardim Campestre,1.0,2.0,fase_0_7,11.0,0,-1.0,True,True
144,0,2008.0,2017,Rede Decisão,Topázio,8.181,9.0,3.0,4.0,Avaliador-6,Promovido de Fase + Bolsa,Avaliador-27,Mantido na Fase atual,Avaliador-30,Promovido de Fase,Avaliador-31,Promovido de Fase + Bolsa,7.5,9.3,5.0,Requer avaliação,7.9,7.5,7.2,9.0,Não,8.292,10.0,Destaque: A sua boa entrega das lições de casa.,Destaque: As suas boas notas na Passos Mágicos.,Destaque: A sua boa integração aos Princípios Passos Mágicos.,2022,8.325999999999985,,,,4.0,4.0,fase_0_7,14.0,5,0.0,False,False
144,0,2008.0,2017,Privada - Programa de Apadrinhamento,Quartzo,4.990333333,,,4.0,Avaliador-24,,Avaliador-7,,Avaliador-23,,Avaliador-8,,0.0,5.2,2.52,,4.4,3.3,2.5,7.3,,6.0,10.0,,,,2023,6.25,,,,5.0,4.0,fase_0_7,15.0,6,1.0,False,False
1440,0,2014.0,2024,Pública,Ametista,7.469102691500001,,,2.0,Avaliador-17,,Avaliador-2,,,,,,9.002,9.5445134575,7.51,,4.5,9.0,0.0,,,8.17,5.0,,,,2024,8.75,,,EE Helio Luiz Dobrochinski Prof,1.0,2.0,fase_0_7,10.0,0,-1.0,False,True
1441,1,2015.0,2024,Pública,Topázio,8.961646169800002,,,2.0,Avaliador-17,,Avaliador-2,,,,,,9.502,9.109730849,7.51,,8.5,9.0,8.0,,,9.005,10.0,,,,2024,9.375,,,EE Jardim Campestre,1.0,1.0,fase_0_7,9.0,0,0.0,True,False
1442,1,2010.0,2024,Pública,Ametista,7.135189648100001,,,2.0,Avaliador-17,,Avaliador-2,,,,,,8.002,8.674948240500001,7.51,,7.25,8.5,6.0,,,5.745,5.0,,,,2024,7.5,,,EM Cecilia Cristina de Oliveira Rodrigues,1.0,3.0,fase_0_7,14.0,0,-2.0,False,True
1443,0,2011.0,2024,Pública,Agata,6.921633333300001,,,2.0,Avaliador-15,,Avaliador-2,,,,,,6.918,7.5,6.26,,6.75,6.5,7.0,,,7.415,5.0,,,,2024,7.708333333,,,EE Donizetti Aparecido Leite Professor,1.0,3.0,fase_0_7,13.0,0,-2.0,False,True
1444,1,2012.0,2024,Pública,Agata,6.610588888900001,,,2.0,Avaliador-15,,Avaliador-2,,,,,,8.502,5.277777778,7.51,,6.0,8.0,4.0,,,7.415,5.0,,,,2024,7.708333333,,,EE Donizetti Aparecido Leite Professor,1.0,2.0,fase_0_7,12.0,0,-1.0,False,True
1445,0,2014.0,2024,Pública,Ametista,7.842866666700001,,,2.0,Avaliador-15,,Avaliador-2,,,,,,9.502,9.5,7.51,,7.25,6.5,8.0,,,7.5,5.0,,,,2024,7.916666667,,,EE Helio Luiz Dobrochinski Prof,1.0,2.0,fase_0_7,10.0,0,-1.0,False,True
1446,1,2014.0,2024,Pública,Quartzo,5.9004061924,,,2.0,Avaliador-15,,Avaliador-2,,,,,,8.002,6.6501976285,6.26,,0.0,0.0,0.0,,,7.075,10.0,,,,2024,7.291666667,,,EM Cecilia Cristina de Oliveira Rodrigues,1.0,1.0,fase_0_7,10.0,0,0.0,False,False
1447,0,2012.0,2024,Pública,Ametista,7.5402350878,,,2.0,Avaliador-15,,Avaliador-2,,,,,,9.502,9.7368421055,7.51,,5.25,6.5,4.0,,,7.75,5.0,,,,2024,7.916666667,,,EE Donizetti Aparecido Leite Professor,1.0,2.0,fase_0_7,12.0,0,-1.0,False,True
1448,0,2011.0,2024,Pública,Ametista,7.466126406900001,,,4.0,Avaliador-3,,Avaliador-18,,Avaliador-17,,Avaliador-15,,9.002,9.5346320345,7.51,,6.0,6.0,6.0,,,7.29,5.0,,,,2024,7.5,,,EE Donizetti Aparecido Leite Professor,1.0,3.0,fase_0_7,13.0,0,-2.0,False,True
1449,0,2014.0,2024,Pública,Ametista,7.214341666700001,,,4.0,Avaliador-18,,Avaliador-17,,Avaliador-15,,Avaliador-2,,7.418,8.3333333335,7.51,,6.75,6.5,7.0,,,7.04,5.0,,,,2024,7.96875,,,EE Luiz Schunck,1.0,2.0,fase_0_7,10.0,0,-1.0,False,True
145,1,2006.0,2017,Escola Pública,Quartzo,5.846,68.0,7.0,4.0,Avaliador-6,Promovido de Fase,Avaliador-27,Mantido na Fase atual,Avaliador-30,Promovido de Fase,Avaliador-31,Promovido de Fase + Bolsa,0.0,6.3,8.1,Sem limitações,5.2,3.0,4.8,7.8,Sim,7.25,5.0,Melhorar: Melhorar a sua entrega de lições de casa.,Melhorar: Empenhar-se mais nas aulas e avaliações.,Melhorar: Integrar-se mais aos Princípios Passos Mágicos.,2022,7.859999999999996,,,,4.0,6.0,fase_0_7,16.0,5,-2.0,False,True
145,1,2006.0,2017,Pública,,,,,4.0,Avaliador-21,,Avaliador-6,,Avaliador-23,,Avaliador-8,,7.9,9.0,,,6.2,5.3,6.0,7.2,,7.4625,2.5,,,,2023,7.96875,,,,4.0,7.0,fase_0_7,17.0,6,-3.0,False,True
1450,1,2015.0,2024,Pública,Ametista,7.405235714200002,,,4.0,Avaliador-18,,Avaliador-17,,Avaliador-15,,Avaliador-2,,9.502,8.571428571,7.51,,3.5,0.0,7.0,,,7.5425,10.0,,,,2024,7.8125,,,EE Helio Luiz Dobrochinski Prof,1.0,1.0,fase_0_7,9.0,0,0.0,False,False
1451,0,2013.0,2024,Pública,Ametista,7.560479761900002,,,4.0,Avaliador-18,,Avaliador-17,,Avaliador-15,,Avaliador-2,,10.002,8.8095238095,7.51,,6.0,6.0,6.0,,,7.7525,5.0,,,,2024,7.96875,,,EE Luiz Schunck,1.0,2.0,fase_0_7,11.0,0,-1.0,False,True
1452,1,2012.0,2024,Pública,Topázio,8.6268666667,,,3.0,Avaliador-19,,Avaliador-5,,Avaliador-2,,,,9.002,10.0,7.51,,7.75,7.0,8.5,,,8.17,10.0,,,,2024,7.916666667,,,EE Leonice de Aquino Oliveira,2.0,2.0,fase_0_7,12.0,0,0.0,False,False
1453,0,2012.0,2021,Pública,Ametista,7.1234857143,,,3.0,Avaliador-19,,Avaliador-5,,Avaliador-2,,,,8.502,7.8214285715,6.25,,6.5,4.5,8.5,,,7.67,5.0,,,,2024,7.5,,,EE Leonice de Aquino Oliveira,2.0,3.0,fase_0_7,12.0,3,-1.0,False,True
1454,0,2014.0,2023,Pública,Ametista,7.7042238095,,,3.0,Avaliador-19,,Avaliador-5,,Avaliador-2,,,,8.002,5.880952381,7.51,,7.75,7.5,8.0,,,8.28,10.0,,,,2024,7.708333333,,,EE Dom Pedro Villas Boas de Souza,2.0,2.0,fase_0_7,10.0,1,0.0,False,False
1455,0,2012.0,2024,Pública,Agata,6.6442555555,,,3.0,Avaliador-19,,Avaliador-5,,Avaliador-2,,,,8.002,7.777777778,7.51,,3.5,,3.5,,,7.833333333,5.0,,,,2024,7.708333333,,,EE Maria André Schunck Dona,2.0,3.0,fase_0_7,12.0,0,-1.0,False,True
1456,1,2012.0,2024,Pública,Topázio,8.492914285800001,,,3.0,Avaliador-19,,Avaliador-5,,Avaliador-2,,,,9.502,9.511904762,7.51,,7.75,5.5,10.0,,,7.946666667,10.0,,,,2024,7.5,,,EE Leonice de Aquino Oliveira,2.0,2.0,fase_0_7,12.0,0,0.0,False,False
1457,0,2011.0,2024,Pública,Agata,6.0197761904,,,3.0,Avaliador-19,,Avaliador-5,,Avaliador-2,,,,3.498,8.0357142855,7.51,,2.75,2.5,3.0,,,7.663333333,5.0,,,,2024,7.291666667,,,EE Leonice de Aquino Oliveira,2.0,3.0,fase_0_7,13.0,0,-1.0,False,True
1458,0,2012.0,2024,Pública,Quartzo,5.879073684200001,,,3.0,Avaliador-19,,Avaliador-5,,Avaliador-2,,,,8.751,7.280701754500001,7.51,,3.25,0.5,6.0,,,5.213333333,5.0,,,,2024,6.041666667,,,EE Alexandre Rodrigues Nogueira,2.0,3.0,fase_0_7,12.0,0,-1.0,False,True
1459,1,2012.0,2024,Pública,Agata,6.665390476100001,,,3.0,Avaliador-19,,Avaliador-5,,Avaliador-2,,,,8.002,8.2976190475,7.51,,3.75,2.0,5.5,,,7.273333333,5.0,,,,2024,7.5,,,EE Olivia de Faria Nogueira,2.0,3.0,fase_0_7,12.0,0,-1.0,False,True
146,0,2007.0,2022,Escola Pública,Ametista,7.947,15.0,1.0,4.0,Avaliador-6,Promovido de Fase + Bolsa,Avaliador-27,Mantido na Fase atual,Avaliador-30,Promovido de Fase,Avaliador-31,Promovido de Fase + Bolsa,8.3,9.2,7.5,Não atendido,7.9,6.3,7.3,10.0,Sim,8.208,5.0,Destaque: A sua boa entrega das lições de casa.,Destaque: As suas boas notas na Passos Mágicos.,Destaque: A sua boa integração aos Princípios Passos Mágicos.,2022,8.053999999999997,,,,4.0,5.0,fase_0_7,15.0,0,-1.0,False,True
146,0,2007.0,2022,Pública,Ametista,7.584483333,,,4.0,Avaliador-32,,Avaliador-5,,Avaliador-23,,Avaliador-8,,6.2,9.5,5.0,,7.9,7.8,5.8,10.0,,8.2125,5.0,,,,2023,8.4375,,,,5.0,6.0,fase_0_7,16.0,1,-1.0,False,True
146,0,2007.0,2022,Pública,Topázio,8.134554885333333,,,5.0,Avaliador-23,,Avaliador-26,,Avaliador-22,,Avaliador-1,,8.751,9.514316093333331,5.635,,9.333333333333334,9.0,9.0,10.0,,8.304,5.0,,,,2024,7.65625,Avaliador-5,,EE Mario Francisco de Amorim,5.0,7.0,fase_0_7,17.0,2,-2.0,False,True
1460,1,2012.0,2024,Pública,Agata,6.784805263200001,,,3.0,Avaliador-19,,Avaliador-5,,Avaliador-2,,,,9.502,7.460526316,7.51,,3.25,2.5,4.0,,,6.27,10.0,,,,2024,6.875,,,EE Alexandre Rodrigues Nogueira,2.0,2.0,fase_0_7,12.0,0,0.0,False,False
1461,0,2012.0,2024,Pública,Agata,6.871961904800001,,,3.0,Avaliador-19,,Avaliador-5,,Avaliador-2,,,,10.002,9.273809524,7.51,,2.75,0.5,5.0,,,7.33,5.0,,,,2024,7.5,,,EE Leonice de Aquino Oliveira,2.0,3.0,fase_0_7,12.0,0,-1.0,False,True
1462,0,2010.0,2024,Pública,Ametista,7.6243666666,,,3.0,Avaliador-20,,Avaliador-19,,Avaliador-2,,,,8.502,10.0,7.51,,6.5,6.0,7.0,,,7.053333333,5.0,,,,2024,8.125,,,EE Joaquim Mendes Feliz,2.0,3.0,fase_0_7,14.0,0,-1.0,False,True
1463,1,2012.0,2024,Pública,Topázio,9.074561111,,,3.0,Avaliador-20,,Avaliador-19,,Avaliador-2,,,,8.502,9.722222222,7.51,,10.0,10.0,10.0,,,8.113333333,10.0,,,,2024,9.0625,,,EE Paschoal Carlos Magno,2.0,2.0,fase_0_7,12.0,0,0.0,False,False
1464,0,2011.0,2024,Pública,Ametista,7.288424359,,,3.0,Avaliador-20,,Avaliador-19,,Avaliador-2,,,,8.002,7.794871795,7.51,,6.25,4.0,8.5,,,7.61,5.0,,,,2024,9.0625,,,EE Paschoal Carlos Magno,2.0,3.0,fase_0_7,13.0,0,-1.0,False,True
1465,1,2011.0,2024,Pública,Ametista,7.3344666666,,,3.0,Avaliador-20,,Avaliador-19,,Avaliador-2,,,,7.418,8.75,7.51,,5.75,5.0,6.5,,,7.833333333,5.0,,,,2024,8.75,,,EE Paschoal Carlos Magno,2.0,3.0,fase_0_7,13.0,0,-1.0,False,True
1466,1,2012.0,2024,Pública,Topázio,8.213723809600001,,,3.0,Avaliador-20,,Avaliador-19,,Avaliador-2,,,,10.002,7.380952381,7.51,,7.5,7.0,8.0,,,8.056666667,10.0,,,,2024,8.75,,,EE Paschoal Carlos Magno,2.0,2.0,fase_0_7,12.0,0,0.0,False,False
1467,1,2012.0,2024,Pública,Topázio,8.836711278200001,,,3.0,Avaliador-20,,Avaliador-19,,Avaliador-2,,,,9.002,9.022556391,7.51,,9.25,9.0,9.5,,,8.28,10.0,,,,2024,8.75,,,EE Joaquim Mendes Feliz,2.0,2.0,fase_0_7,12.0,0,0.0,False,False
1468,0,2012.0,2024,Pública,Topázio,8.1281028822,,,3.0,Avaliador-20,,Avaliador-19,,Avaliador-2,,,,8.502,8.972431078,7.51,,7.0,4.5,9.5,,,7.443333333,10.0,,,,2024,8.4375,,,EE Joaquim Mendes Feliz,2.0,2.0,fase_0_7,12.0,0,0.0,False,False
1469,1,2011.0,2024,Pública,Ametista,7.459755555500001,,,3.0,Avaliador-20,,Avaliador-19,,Avaliador-2,,,,8.502,9.4444444445,7.51,,4.75,6.0,3.5,,,8.223333333,5.0,,,,2024,8.75,,,EE Joaquim Mendes Feliz,2.0,3.0,fase_0_7,13.0,0,-1.0,False,True
147,0,2008.0,2022,Escola Pública,Ametista,7.541,24.0,4.0,4.0,Avaliador-6,Promovido de Fase,Avaliador-27,Mantido na Fase atual,Avaliador-30,Promovido de Fase,Avaliador-31,Promovido de Fase,8.3,7.7,7.5,Não atendido,6.1,5.8,4.8,7.7,Não,7.25,10.0,Destaque: A sua boa entrega das lições de casa.,Melhorar: Empenhar-se mais nas aulas e avaliações.,Melhorar: Integrar-se mais aos Princípios Passos Mágicos.,2022,7.510000000000003,,,,4.0,4.0,fase_0_7,14.0,0,0.0,False,False
147,0,2008.0,2022,Pública,Quartzo,5.5425,,,4.0,Avaliador-21,,Avaliador-6,,Avaliador-23,,Avaliador-8,,0.0,7.0,5.63,,4.5,5.0,6.0,2.5,,7.46,5.0,,,,2023,6.875,,,,4.0,5.0,fase_0_7,15.0,1,-1.0,False,True
147,0,2008.0,2022,Pública,Ametista,7.400477922133334,,,3.0,Avaliador-24,,Avaliador-1,,Avaliador-7,,,,8.334,9.277056277,7.51,,6.166666666666667,6.0,2.5,10.0,,7.386666667,5.0,,,,2024,7.5,,,EE Joaquim Mendes Feliz,5.0,6.0,fase_0_7,16.0,2,-1.0,False,True
1470,0,2012.0,2024,Pública,Quartzo,5.967421532000001,,,4.0,Avaliador-19,,Avaliador-16,,Avaliador-25,,Avaliador-2,,8.002,6.35610766,6.26,,5.0,5.0,5.0,,,5.4125,5.0,,,,2024,6.875,,,EE Leonice de Aquino Oliveira,2.0,3.0,fase_0_7,12.0,0,-1.0,False,True
1471,1,2011.0,2024,Pública,Ametista,7.404455434800001,,,4.0,Avaliador-19,,Avaliador-16,,Avaliador-25,,Avaliador-2,,10.002,7.195652174,7.51,,7.5,8.0,7.0,,,7.2425,5.0,,,,2024,7.65625,,,EE Loris Nassif Mattar Profa,2.0,3.0,fase_0_7,13.0,0,-1.0,False,True
1472,1,2012.0,2022,Pública,Topázio,8.773575000000001,,,4.0,Avaliador-19,,Avaliador-16,,Avaliador-25,,Avaliador-2,,8.502,10.0,7.51,,8.75,9.0,8.5,,,8.1275,10.0,,,,2024,7.96875,,,EE Leonice de Aquino Oliveira,2.0,2.0,fase_0_7,12.0,2,0.0,False,False
1473,1,2011.0,2024,Pública,Agata,6.689320600500001,,,4.0,Avaliador-19,,Avaliador-16,,Avaliador-25,,Avaliador-2,,9.502,8.4368530025,5.625,,5.25,6.0,4.5,,,6.415,5.0,,,,2024,6.5625,,,EE Loris Nassif Mattar Profa,2.0,3.0,fase_0_7,13.0,0,-1.0,False,True
1474,0,2013.0,2024,Pública,Ametista,7.384207505200001,,,4.0,Avaliador-19,,Avaliador-17,,Avaliador-25,,Avaliador-2,,8.002,7.960662526,5.625,,7.5,7.0,8.0,,,6.2875,10.0,,,,2024,6.71875,,,EE João Ortiz Rodrigues,2.0,2.0,fase_0_7,11.0,0,0.0,False,False
1475,0,2013.0,2024,Pública,Ametista,7.413901754400001,,,3.0,Avaliador-19,,Avaliador-17,,Avaliador-2,,,,9.002,8.070175439,7.51,,5.0,7.0,3.0,,,6.993333333,10.0,,,,2024,7.5,,,EE Dom Pedro Villas Boas de Souza,2.0,2.0,fase_0_7,11.0,0,0.0,False,False
1476,0,2013.0,2024,Pública,Topázio,8.80795,,,4.0,Avaliador-17,,Avaliador-19,,Avaliador-25,,Avaliador-2,,9.502,10.0,5.635,,8.5,8.0,9.0,,,8.7525,10.0,,,,2024,8.4375,,,EE Maria André Schunck Dona,2.0,2.0,fase_0_7,11.0,0,0.0,True,False
1477,1,2012.0,2024,Pública,Ametista,7.0514989130000005,,,4.0,Avaliador-17,,Avaliador-19,,Avaliador-25,,Avaliador-2,,8.002,8.010869565,7.51,,5.0,5.0,5.0,,,6.2875,10.0,,,,2024,6.40625,,,EE Maria André Schunck Dona,2.0,2.0,fase_0_7,12.0,0,0.0,False,False
1478,1,2012.0,2024,Pública,Agata,6.7210333334,,,4.0,Avaliador-17,,Avaliador-19,,Avaliador-25,,Avaliador-2,,8.002,6.666666667,6.255,,4.25,4.0,4.5,,,7.1225,10.0,,,,2024,6.875,,,EE Maria André Schunck Dona,2.0,2.0,fase_0_7,12.0,0,0.0,False,False
1479,1,2012.0,2024,Pública,Agata,6.615766239300001,,,4.0,Avaliador-17,,Avaliador-19,,Avaliador-25,,Avaliador-2,,8.502,6.1965811965,7.51,,4.25,4.0,4.5,,,6.0325,10.0,,,,2024,7.1875,,,EE Maria André Schunck Dona,2.0,2.0,fase_0_7,12.0,0,0.0,False,False
148,1,2008.0,2022,Escola Pública,Ametista,7.894,16.0,2.0,4.0,Avaliador-6,Promovido de Fase,Avaliador-27,Mantido na Fase atual,Avaliador-30,Promovido de Fase,Avaliador-31,Promovido de Fase + Bolsa,9.2,7.9,10.0,Sem limitações,5.3,4.7,6.3,5.0,Sim,7.708,10.0,Destaque: A sua boa entrega das lições de casa.,Melhorar: Empenhar-se mais nas aulas e avaliações.,Destaque: A sua boa integração aos Princípios Passos Mágicos.,2022,7.923999999999998,,,,4.0,4.0,fase_0_7,14.0,0,0.0,False,False
1480,1,2011.0,2024,Pública,Ametista,7.09445,,,4.0,Avaliador-17,,Avaliador-19,,Avaliador-25,,Avaliador-2,,8.502,8.875,7.51,,5.5,,5.5,,,6.9975,5.0,,,,2024,7.1875,,,EM Alfredo Schunk,2.0,3.0,fase_0_7,13.0,0,-1.0,False,True
1481,0,2012.0,2024,Pública,Agata,6.860721739100001,,,4.0,Avaliador-17,,Avaliador-19,,Avaliador-25,,Avaliador-2,,8.502,8.782608695499999,7.51,,4.75,4.0,5.5,,,6.8275,5.0,,,,2024,6.875,,,EM Cecilia Cristina de Oliveira Rodrigues,2.0,3.0,fase_0_7,12.0,0,-1.0,False,True
1482,1,2010.0,2024,Pública,Quartzo,5.2257,,,4.0,Avaliador-17,,Avaliador-19,,Avaliador-25,,Avaliador-2,,8.502,5.0,7.51,,0.0,0.0,0.0,,,6.8725,5.0,,,,2024,7.5,,,EM Cecilia Cristina de Oliveira Rodrigues,2.0,3.0,fase_0_7,14.0,0,-1.0,False,True
1483,1,2013.0,2024,Pública,Ametista,7.311433695700001,,,4.0,Avaliador-17,,Avaliador-19,,Avaliador-25,,Avaliador-2,,9.502,7.913043478500001,7.51,,6.5,6.0,7.0,,,5.7475,10.0,,,,2024,5.78125,,,EE Jardim Campestre,2.0,2.0,fase_0_7,11.0,0,0.0,False,False
1484,0,2010.0,2024,Pública,Ametista,7.754200000000001,,,3.0,Avaliador-19,,Avaliador-25,,Avaliador-2,,,,9.002,10.0,6.26,,7.0,5.0,9.0,,,7.89,5.0,,,,2024,7.5,,,EE Maria André Schunck Dona,2.0,3.0,fase_0_7,14.0,0,-1.0,False,True
1485,1,2011.0,2024,Pública,Agata,6.7386875777,,,3.0,Avaliador-19,,Avaliador-25,,Avaliador-2,,,,9.002,7.7432712215,5.625,,5.0,5.0,5.0,,,7.386666667,5.0,,,,2024,7.5,,,EM Cecilia Cristina de Oliveira Rodrigues,2.0,3.0,fase_0_7,13.0,0,-1.0,False,True
1486,1,2013.0,2024,Pública,Agata,6.865474509900001,,,3.0,Avaliador-19,,Avaliador-25,,Avaliador-2,,,,8.002,5.431372549,6.26,,5.75,6.0,5.5,,,7.056666667,10.0,,,,2024,7.916666667,,,EE Maria André Schunck Dona,2.0,2.0,fase_0_7,11.0,0,0.0,False,False
1487,0,2011.0,2024,Pública,Topázio,8.0267434782,,,3.0,Avaliador-19,,Avaliador-25,,Avaliador-2,,,,10.002,9.5652173915,6.26,,8.25,7.0,9.5,,,7.833333333,5.0,,,,2024,7.708333333,,,EE Maria André Schunck Dona,2.0,3.0,fase_0_7,13.0,0,-1.0,False,True
1488,0,2013.0,2024,Pública,Agata,6.7668935818000016,,,3.0,Avaliador-19,,Avaliador-25,,Avaliador-2,,,,8.002,7.111801242,7.51,,3.5,7.0,0.0,,,6.716666667,10.0,,,,2024,7.5,,,EE Maria André Schunck Dona,2.0,2.0,fase_0_7,11.0,0,0.0,False,False
1489,1,2012.0,2024,Pública,Quartzo,5.9842289855000015,,,3.0,Avaliador-19,,Avaliador-25,,Avaliador-2,,,,9.002,5.793478261000001,6.26,,5.0,5.0,5.0,,,5.663333333,5.0,,,,2024,6.666666667,,,EE Maria André Schunck Dona,2.0,3.0,fase_0_7,12.0,0,-1.0,False,True
149,0,2007.0,2022,Escola Pública,Ágata,6.323,60.0,6.0,4.0,Avaliador-6,Mantido na Fase atual,Avaliador-27,Mantido na Fase atual,Avaliador-30,Promovido de Fase,Avaliador-31,Alocado em Fase anterior,9.2,6.5,7.5,Não atendido,5.0,4.0,6.0,,Não,6.125,5.0,Melhorar: Melhorar a sua entrega de lições de casa.,Melhorar: Empenhar-se mais nas aulas e avaliações.,Melhorar: Integrar-se mais aos Princípios Passos Mágicos.,2022,6.280000000000001,,,,4.0,5.0,fase_0_7,15.0,0,-1.0,False,True
149,0,2007.0,2022,Pública,Quartzo,5.622266667,,,4.0,Avaliador-21,,Avaliador-6,,Avaliador-23,,Avaliador-8,,8.8,4.2,2.52,,4.7,5.7,3.5,5.0,,7.2925,5.0,,,,2023,7.5,,,,4.0,6.0,fase_0_7,16.0,1,-2.0,False,True
149,0,2007.0,2022,Pública,Quartzo,5.7316173854,,,5.0,Avaliador-23,,Avaliador-26,,Avaliador-22,,Avaliador-1,,9.585,4.104378593666667,6.26,,3.8333333333333335,0.0,6.5,5.0,,6.626,5.0,,,,2024,7.34375,Avaliador-5,,EE Leonice de Aquino Oliveira,5.0,7.0,fase_0_7,17.0,2,-2.0,False,True
1490,0,2012.0,2024,Privada,Ametista,7.3725768116,,,3.0,Avaliador-19,,Avaliador-25,,Avaliador-2,,,,8.502,9.5652173915,6.26,,7.75,8.0,7.5,,,6.333333333,5.0,,,,2024,6.666666667,,,Rede Decisão - Unidade União,2.0,3.0,fase_0_7,12.0,0,-1.0,False,True
1491,1,2012.0,2024,Pública,Ametista,7.5072,,,3.0,Avaliador-19,,Avaliador-25,,Avaliador-2,,,,9.002,6.25,7.51,,6.5,6.0,7.0,,,7.78,10.0,,,,2024,7.5,,,EE Maria André Schunck Dona,2.0,2.0,fase_0_7,12.0,0,0.0,False,False
1492,1,2014.0,2024,Pública,Topázio,8.479020512900002,,,3.0,Avaliador-19,,Avaliador-25,,Avaliador-2,,,,8.002,8.8141025645,7.51,,8.0,6.0,10.0,,,8.45,10.0,,,,2024,8.75,,,EE Helio Luiz Dobrochinski Prof,2.0,1.0,fase_0_7,10.0,0,1.0,True,False
1493,1,2012.0,2024,Pública,Agata,6.378661323900001,,,3.0,Avaliador-20,,Avaliador-19,,Avaliador-2,,,,8.502,7.8468899525,7.51,,4.0,3.5,4.5,,,5.946666667,5.0,,,,2024,7.1875,,,EE Donizetti Aparecido Leite Professor,2.0,3.0,fase_0_7,12.0,0,-1.0,False,True
1494,0,2013.0,2024,Pública,Quartzo,5.8748823529,,,3.0,Avaliador-20,,Avaliador-19,,Avaliador-2,,,,0.0,6.7794117645,7.51,,4.25,8.5,0.0,,,5.84,10.0,,,,2024,7.5,,,EE Donizetti Aparecido Leite Professor,2.0,2.0,fase_0_7,11.0,0,0.0,False,False
1495,0,2013.0,2021,Pública,Topázio,8.4845030302,,,3.0,Avaliador-20,,Avaliador-19,,Avaliador-2,,,,9.002,8.318181818,7.51,,8.25,8.5,8.0,,,8.223333333,10.0,,,,2024,8.75,,,EE Helio Luiz Dobrochinski Prof,2.0,2.0,fase_0_7,11.0,3,0.0,False,False
1496,0,2012.0,2024,Pública,Agata,6.7799738095,,,3.0,Avaliador-20,,Avaliador-19,,Avaliador-2,,,,9.002,5.714285714500001,7.51,,4.25,2.5,6.0,,,6.773333333,10.0,,,,2024,7.8125,,,EE Maria André Schunck Dona,2.0,2.0,fase_0_7,12.0,0,0.0,False,False
1497,0,2012.0,2024,Pública,Quartzo,5.2423787879,,,3.0,Avaliador-20,,Avaliador-19,,Avaliador-2,,,,0.0,5.0227272725,7.51,,2.0,4.0,0.0,,,6.996666667,10.0,,,,2024,6.875,,,EE Donizetti Aparecido Leite Professor,2.0,2.0,fase_0_7,12.0,0,0.0,False,False
1498,0,2011.0,2024,Pública,Ametista,7.147881818200001,,,3.0,Avaliador-20,,Avaliador-19,,Avaliador-2,,,,8.502,7.840909091,7.51,,7.0,5.0,9.0,,,6.33,5.0,,,,2024,8.125,,,EE Donizetti Aparecido Leite Professor,2.0,3.0,fase_0_7,13.0,0,-1.0,False,True
1499,0,2012.0,2024,Pública,Ametista,7.914800000000001,,,3.0,Avaliador-20,,Avaliador-19,,Avaliador-2,,,,8.418,9.25,6.885,,6.5,6.0,7.0,,,7.11,10.0,,,,2024,8.125,,,EE Donizetti Aparecido Leite Professor,2.0,2.0,fase_0_7,12.0,0,0.0,False,False
15,1,2004.0,2022,Escola Pública,Ametista,7.783,3.0,2.0,4.0,Avaliador-6,Promovido de Fase + Bolsa,Avaliador-27,Mantido na Fase atual,Avaliador-29,Mantido na Fase + Bolsa,Avaliador-31,Mantido na Fase atual,8.8,10.0,7.5,Não atendido,7.3,8.0,6.5,,Sim,7.292,5.0,Destaque: A sua boa entrega das lições de casa.,Melhorar: Empenhar-se mais nas aulas e avaliações.,Melhorar: Integrar-se mais aos Princípios Passos Mágicos.,2022,7.346000000000004,,,,7.0,8.0,fase_0_7,18.0,0,-1.0,False,True
150,0,2006.0,2020,Escola Pública,Ágata,6.962,41.0,5.0,4.0,Avaliador-6,Promovido de Fase + Bolsa,Avaliador-27,Mantido na Fase atual,Avaliador-30,Promovido de Fase,Avaliador-31,Promovido de Fase,9.6,6.3,6.9,Sem limitações,6.9,5.3,6.7,8.6,Sim,7.333,5.0,Melhorar: Melhorar a sua entrega de lições de casa.,Melhorar: Empenhar-se mais nas aulas e avaliações.,Melhorar: Integrar-se mais aos Princípios Passos Mágicos.,2022,7.053999999999991,,,,4.0,6.0,fase_0_7,16.0,2,-2.0,False,True
1500,1,2013.0,2024,Pública,Ametista,7.360450000100002,,,3.0,Avaliador-20,,Avaliador-19,,Avaliador-2,,,,9.502,8.3333333335,6.885,,3.5,2.0,5.0,,,7.556666667,10.0,,,,2024,8.4375,,,EE Donizetti Aparecido Leite Professor,2.0,2.0,fase_0_7,11.0,0,0.0,False,False
1501,0,2013.0,2024,Pública,Topázio,8.04495,,,3.0,Avaliador-20,,Avaliador-19,,Avaliador-2,,,,9.502,10.0,7.51,,5.0,4.5,5.5,,,7.5,10.0,,,,2024,8.4375,,,EE Donizetti Aparecido Leite Professor,2.0,2.0,fase_0_7,11.0,0,0.0,False,False
1502,0,2012.0,2024,Pública,Agata,6.886091025600001,,,3.0,Avaliador-20,,Avaliador-19,,Avaliador-2,,,,8.002,7.628205128,7.51,,5.25,3.5,7.0,,,7.39,5.0,,,,2024,7.8125,,,EE Donizetti Aparecido Leite Professor,2.0,3.0,fase_0_7,12.0,0,-1.0,False,True
1503,0,2011.0,2024,Pública,Agata,6.991699999900001,,,3.0,Avaliador-20,,Avaliador-19,,Avaliador-2,,,,7.502,10.0,7.51,,2.75,3.0,2.5,,,7.723333333,5.0,,,,2024,8.958333333,,,EE Donizetti Aparecido Leite Professor,2.0,3.0,fase_0_7,13.0,0,-1.0,False,True
1504,0,2012.0,2024,Pública,Agata,6.057060605999999,,,3.0,Avaliador-20,,Avaliador-19,,Avaliador-2,,,,7.5,4.6136363635,5.63,,6.75,5.0,8.5,,,6.94,5.0,,,,2024,5.833333333,,,EE Donizetti Aparecido Leite Professor,2.0,3.0,fase_0_7,12.0,0,-1.0,False,True
1505,1,2011.0,2024,Pública,Agata,6.7199171717,,,3.0,Avaliador-20,,Avaliador-19,,Avaliador-2,,,,9.502,7.5252525255,7.51,,3.75,3.0,4.5,,,6.943333333,5.0,,,,2024,8.75,,,EE Donizetti Aparecido Leite Professor,2.0,3.0,fase_0_7,13.0,0,-1.0,False,True
1506,0,2013.0,2024,Pública,Ametista,7.151855844200001,,,3.0,Avaliador-19,,Avaliador-25,,Avaliador-2,,,,8.002,8.3874458875,7.51,,3.5,0.0,7.0,,,7.886666667,10.0,,,,2024,6.458333333,,,EE Helio Luiz Dobrochinski Prof,2.0,2.0,fase_0_7,11.0,0,0.0,False,False
1507,1,2012.0,2024,Pública,Quartzo,5.046077056300001,,,3.0,Avaliador-19,,Avaliador-25,,Avaliador-2,,,,6.918,4.448051948,7.51,,5.0,5.0,5.0,,,3.776666667,5.0,,,,2024,4.583333333,,,EE Maria André Schunck Dona,2.0,3.0,fase_0_7,12.0,0,-1.0,False,True
1508,0,2013.0,2024,Pública,Topázio,8.1804207793,,,3.0,Avaliador-19,,Avaliador-25,,Avaliador-2,,,,7.502,7.2294372295,7.51,,9.25,10.0,8.5,,,8.166666667,10.0,,,,2024,7.5,,,EE Helio Luiz Dobrochinski Prof,2.0,2.0,fase_0_7,11.0,0,0.0,False,False
1509,1,2013.0,2024,Pública,Ametista,7.560230303200001,,,3.0,Avaliador-19,,Avaliador-25,,Avaliador-2,,,,8.502,6.5151515155,7.51,,7.5,7.0,8.0,,,7.446666667,10.0,,,,2024,6.666666667,,,EE Maria André Schunck Dona,2.0,2.0,fase_0_7,11.0,0,0.0,False,False
151,0,2006.0,2020,Escola Pública,Ametista,7.563,23.0,3.0,4.0,Avaliador-6,Promovido de Fase + Bolsa,Avaliador-27,Mantido na Fase atual,Avaliador-30,Promovido de Fase,Avaliador-31,Promovido de Fase,8.8,7.5,6.9,Sem limitações,8.3,7.3,8.0,9.5,Sim,7.958,5.0,Destaque: A sua boa entrega das lições de casa.,Destaque: As suas boas notas na Passos Mágicos.,Destaque: A sua boa integração aos Princípios Passos Mágicos.,2022,7.413999999999996,,,,4.0,6.0,fase_0_7,16.0,2,-2.0,False,True
151,0,2006.0,2020,Pública,Agata,6.892541667,,,4.0,Avaliador-32,,Avaliador-5,,Avaliador-23,,Avaliador-8,,0.0,7.8,7.52,,7.9,6.8,7.0,10.0,,8.1725,5.0,,,,2023,8.59375,,,,5.0,7.0,fase_0_7,17.0,3,-2.0,False,True
1510,0,2013.0,2024,Pública,Topázio,9.4647454544,,,3.0,Avaliador-19,,Avaliador-25,,Avaliador-2,,,,10.002,9.7727272725,7.51,,10.0,10.0,10.0,,,9.003333333,10.0,,,,2024,9.583333333,,,EE Maria André Schunck Dona,2.0,2.0,fase_0_7,11.0,0,0.0,True,False
1511,0,2013.0,2024,Pública,Topázio,8.9217077641,,,3.0,Avaliador-19,,Avaliador-25,,Avaliador-2,,,,10.002,9.3271221535,7.51,,8.75,8.0,9.5,,,8.556666667,10.0,,,,2024,8.4375,,,EE Helio Luiz Dobrochinski Prof,2.0,2.0,fase_0_7,11.0,0,0.0,True,False
1512,0,2014.0,2024,Pública,Topázio,8.10445,,,3.0,Avaliador-19,,Avaliador-25,,Avaliador-2,,,,9.502,10.0,7.51,,5.5,7.0,4.0,,,7.61,10.0,,,,2024,7.8125,,,EE Helio Luiz Dobrochinski Prof,2.0,2.0,fase_0_7,10.0,0,0.0,False,False
1513,0,2012.0,2024,Pública,Agata,6.5509171717,,,3.0,Avaliador-19,,Avaliador-25,,Avaliador-2,,,,8.502,7.5252525255,7.51,,3.75,4.0,3.5,,,7.223333333,5.0,,,,2024,7.5,,,EE Maria André Schunck Dona,2.0,3.0,fase_0_7,12.0,0,-1.0,False,True
1514,0,2012.0,2024,Pública,Ametista,7.520576262600001,,,3.0,Avaliador-19,,Avaliador-25,,Avaliador-2,,,,9.002,7.979797980000001,7.51,,5.5,5.0,6.0,,,7.273333333,10.0,,,,2024,7.1875,,,EM Cecilia Cristina de Oliveira Rodrigues,2.0,2.0,fase_0_7,12.0,0,0.0,False,False
1515,0,2012.0,2024,Pública,Quartzo,5.832133333300001,,,3.0,Avaliador-19,,Avaliador-25,,Avaliador-2,,,,6.418,6.6666666665,6.255,,3.5,6.0,1.0,,,6.72,5.0,,,,2024,6.875,,,EE Maria André Schunck Dona,2.0,3.0,fase_0_7,12.0,0,-1.0,False,True
1516,0,2011.0,2024,Privada,Ametista,7.217066033133334,,,4.0,Avaliador-21,,Avaliador-26,,Avaliador-23,,Avaliador-5,,9.585,5.404288499000001,9.38,,4.666666666666667,0.0,5.0,9.0,,7.5475,10.0,,,,2024,7.96875,,,Colégio Arco Íris Evolução,3.0,3.0,fase_0_7,13.0,0,0.0,False,False
1517,1,2009.0,2024,Pública,Agata,6.240744444466667,,,4.0,Avaliador-21,,Avaliador-26,,Avaliador-23,,Avaliador-5,,9.168,4.305555555666667,9.38,,4.666666666666667,5.0,4.5,4.5,,6.7075,5.0,,,,2024,7.5,,,EE Maria André Schunck Dona,3.0,4.0,fase_0_7,15.0,0,-1.0,False,True
1518,0,2009.0,2022,Pública,Quartzo,5.721382142866666,,,4.0,Avaliador-21,,Avaliador-26,,Avaliador-23,,Avaliador-5,,7.084,5.714285714333333,9.38,,1.75,0.0,3.5,,,6.5825,5.0,,,,2024,7.65625,,,EE Leonice de Aquino Oliveira,3.0,4.0,fase_0_7,15.0,2,-1.0,False,True
1519,1,2009.0,2024,,Ametista,7.210222117800001,,,4.0,Avaliador-21,,Avaliador-26,,Avaliador-23,,Avaliador-5,,9.585,5.560902255666666,8.755,,4.833333333333333,0.0,6.5,8.0,,7.5025,10.0,,,,2024,7.96875,,,,3.0,3.0,fase_0_7,15.0,0,0.0,False,False
152,0,2006.0,2022,Escola Pública,Ágata,6.712,54.0,13.0,4.0,Avaliador-6,Mantido na Fase atual,Avaliador-27,Mantido na Fase atual,Avaliador-30,Mantido na Fase atual,Avaliador-31,Promovido de Fase,8.3,7.0,7.5,Não atendido,6.5,4.0,7.0,8.5,Não,6.292,5.0,Melhorar: Melhorar a sua entrega de lições de casa.,Melhorar: Empenhar-se mais nas aulas e avaliações.,Melhorar: Integrar-se mais aos Princípios Passos Mágicos.,2022,6.735999999999995,,,,4.0,6.0,fase_0_7,16.0,0,-2.0,False,True
152,0,2006.0,2022,Pública,Agata,6.30695,,,4.0,Avaliador-21,,Avaliador-6,,Avaliador-23,,Avaliador-8,,7.9,7.7,2.52,,4.5,4.0,5.0,4.5,,7.71,5.0,,,,2023,7.8125,,,,4.0,6.0,fase_0_7,17.0,1,-2.0,False,True
152,0,2006.0,2022,Pública,Agata,6.5837938596,,,3.0,Avaliador-23,,Avaliador-24,,Avaliador-7,,,,7.5,7.337719298333333,5.63,,5.166666666666667,0.0,7.5,8.0,,7.443333333,5.0,,,,2024,7.8125,,,EE Donizetti Aparecido Leite Professor,5.0,7.0,fase_0_7,18.0,2,-2.0,False,True
1520,0,2010.0,2024,Pública,Ametista,7.0026462121333335,,,4.0,Avaliador-21,,Avaliador-26,,Avaliador-23,,Avaliador-5,,8.334,9.060606060666666,8.75,,3.75,4.0,3.5,,,7.3325,5.0,,,,2024,7.65625,,,EE Alexandre Rodrigues Nogueira,3.0,4.0,fase_0_7,14.0,0,-1.0,False,True
1521,0,2010.0,2024,Pública,Quartzo,5.065788844333333,,,4.0,Avaliador-21,,Avaliador-26,,Avaliador-23,,Avaliador-5,,7.5,6.157902555,2.51,,3.1666666666666665,2.0,5.5,2.0,,5.4525,5.0,,,,2024,6.09375,,,EE Alexandre Rodrigues Nogueira,3.0,4.0,fase_0_7,14.0,0,-1.0,False,True
1522,1,2011.0,2024,Pública,Topázio,8.3261,,,4.0,Avaliador-21,,Avaliador-26,,Avaliador-23,,Avaliador-5,,8.751,10.0,9.38,,7.0,10.0,4.0,,,7.1275,10.0,,,,2024,6.875,,,EE Leonice de Aquino Oliveira,3.0,3.0,fase_0_7,13.0,0,0.0,False,False
1523,1,2012.0,2024,Pública,Topázio,8.67371279,,,4.0,Avaliador-21,,Avaliador-26,,Avaliador-23,,Avaliador-5,,6.666,9.283272283333334,8.755,,8.166666666666666,8.0,6.5,10.0,,8.755,10.0,,,,2024,8.90625,,,EE Alexandre Rodrigues Nogueira,3.0,2.0,fase_0_7,12.0,0,1.0,True,False
1524,0,2010.0,2024,Pública,Quartzo,5.5473805555333335,,,4.0,Avaliador-21,,Avaliador-26,,Avaliador-23,,Avaliador-5,,7.917,2.777777777666667,7.51,,4.0,4.0,,,,6.9175,5.0,,,,2024,7.65625,,,EE Mario Francisco de Amorim,3.0,4.0,fase_0_7,14.0,0,-1.0,False,True
1525,1,2011.0,2024,Pública,Ametista,7.778263492033334,,,3.0,Avaliador-21,,Avaliador-23,,Avaliador-26,,,,7.917,8.293650793666666,5.63,,7.0,6.5,5.5,9.0,,7.553333333,10.0,,,,2024,8.541666667,,,EE Joaquim Mendes Feliz,3.0,3.0,fase_0_7,13.0,0,0.0,False,False
1526,0,2011.0,2024,Pública,Ametista,7.9798,,,4.0,Avaliador-22,,Avaliador-23,,Avaliador-26,,Avaliador-5,,9.168,10.0,8.75,,3.75,2.0,5.5,,,8.1275,10.0,,,,2024,8.125,,,EE Alexandre Rodrigues Nogueira,3.0,3.0,fase_0_7,13.0,0,0.0,False,False
1527,1,2010.0,2024,Pública,Topázio,8.631675000000001,,,4.0,Avaliador-22,,Avaliador-23,,Avaliador-26,,Avaliador-5,,9.168,10.0,7.51,,8.0,9.0,7.0,,,7.835,10.0,,,,2024,7.96875,,,EE Alexandre Rodrigues Nogueira,3.0,3.0,fase_0_7,14.0,0,0.0,False,False
1528,1,2011.0,2024,Pública,Ametista,7.622584090933335,,,4.0,Avaliador-22,,Avaliador-23,,Avaliador-26,,Avaliador-5,,9.168,7.787878788,7.51,,5.666666666666667,3.0,6.0,8.0,,7.335,10.0,,,,2024,7.96875,,,EE Alexandre Rodrigues Nogueira,3.0,3.0,fase_0_7,13.0,0,0.0,False,False
1529,0,2010.0,2024,Pública,Agata,6.710079487200001,,,5.0,Avaliador-16,,Avaliador-26,,Avaliador-22,,Avaliador-10,,6.666,7.435897436,7.51,,5.5,6.0,5.5,5.0,,6.964,5.0,,,,2024,8.125,Avaliador-7,,EE João Ortiz Rodrigues,3.0,4.0,fase_0_7,14.0,0,-1.0,False,True
153,0,2008.0,2018,Rede Decisão,Ametista,7.535,25.0,5.0,4.0,Avaliador-6,Promovido de Fase + Bolsa,Avaliador-27,Mantido na Fase atual,Avaliador-30,Promovido de Fase,Avaliador-31,Promovido de Fase + Bolsa,7.9,8.2,5.0,Requer avaliação,6.6,3.3,7.7,8.8,Não,7.708,10.0,Destaque: A sua boa entrega das lições de casa.,Melhorar: Empenhar-se mais nas aulas e avaliações.,Destaque: A sua boa integração aos Princípios Passos Mágicos.,2022,7.434000000000003,,,,4.0,4.0,fase_0_7,14.0,4,0.0,False,False
153,0,2008.0,2018,Privada - Programa de Apadrinhamento,Ametista,7.289966667,,,4.0,Avaliador-24,,Avaliador-7,,Avaliador-23,,Avaliador-8,,9.2,7.4,2.52,,6.4,6.0,5.3,8.0,,7.71,10.0,,,,2023,8.125,,,,5.0,5.0,fase_0_7,15.0,5,0.0,False,False
153,0,2008.0,2021,Privada - Programa de Apadrinhamento,Quartzo,4.78185,,,0.0,,,,,,,,,8.751,0.0,6.5675,,0.0,0.0,0.0,0.0,,7.5,10.0,,,,2024,7.5,,,Colégio Albert Einstein - SP,7.0,5.0,fase_0_7,16.0,3,2.0,False,False
1530,1,2011.0,2024,Pública,Quartzo,4.6391535714200005,,,5.0,Avaliador-16,,Avaliador-26,,Avaliador-22,,Avaliador-10,,0.0,2.5238095237666665,8.13,,2.833333333333333,1.5,7.0,0.0,,5.258,10.0,,,,2024,7.03125,Avaliador-7,,EE João Ortiz Rodrigues,3.0,3.0,fase_0_7,13.0,0,0.0,False,False
1531,1,2010.0,2024,Pública,Ametista,7.0491790134,,,5.0,Avaliador-16,,Avaliador-26,,Avaliador-22,,Avaliador-10,,8.751,7.972686733666666,7.505,,5.833333333333333,4.5,8.0,5.0,,7.14,5.0,,,,2024,7.34375,Avaliador-7,,EE João Ortiz Rodrigues,3.0,4.0,fase_0_7,14.0,0,-1.0,False,True
1532,1,2009.0,2024,Pública,Quartzo,4.548544781066667,,,5.0,Avaliador-16,,Avaliador-26,,Avaliador-22,,Avaliador-10,,0.0,3.905723905333333,7.51,,2.0,0.0,6.0,0.0,,6.832,5.0,,,,2024,7.5,Avaliador-25,,EE João Ortiz Rodrigues,3.0,4.0,fase_0_7,15.0,0,-1.0,False,True
1533,0,2010.0,2024,Pública,Topázio,9.089828985533336,,,4.0,Avaliador-21,,Avaliador-23,,Avaliador-26,,Avaliador-17,,9.168,9.710144927666668,8.135,,9.5,10.0,8.5,10.0,,8.3375,10.0,,,,2024,8.5,,,EE Joaquim Mendes Feliz,3.0,3.0,fase_0_7,14.0,0,0.0,False,False
1534,0,2010.0,2024,Pública,Ametista,7.188366666666667,,,4.0,Avaliador-21,,Avaliador-23,,Avaliador-26,,Avaliador-17,,7.917,9.666666666666666,8.135,,1.1666666666666667,2.0,1.5,0.0,,8.0825,10.0,,,,2024,8.0,,,EE Paschoal Carlos Magno,3.0,3.0,fase_0_7,14.0,0,0.0,False,False
1535,0,2011.0,2024,Pública,Ametista,7.109390969933334,,,4.0,Avaliador-21,,Avaliador-23,,Avaliador-26,,Avaliador-17,,8.751,5.103121516333333,7.51,,5.833333333333333,7.5,5.5,4.5,,7.9175,10.0,,,,2024,7.125,,,EE Paschoal Carlos Magno,3.0,3.0,fase_0_7,13.0,0,0.0,False,False
1536,0,2009.0,2024,Pública,Ametista,7.653744444466668,,,4.0,Avaliador-21,,Avaliador-23,,Avaliador-26,,Avaliador-17,,9.168,8.722222222333334,8.135,,7.0,10.0,3.5,7.5,,7.4575,5.0,,,,2024,7.875,,,EE Paschoal Carlos Magno,3.0,4.0,fase_0_7,15.0,0,-1.0,False,True
1537,0,2010.0,2024,Pública,Topázio,8.176263231333333,,,4.0,Avaliador-21,,Avaliador-23,,Avaliador-26,,Avaliador-17,,9.168,8.33064949,8.135,,8.666666666666666,10.0,6.0,10.0,,8.67,5.0,,,,2024,8.125,,,EE Joaquim Mendes Feliz,3.0,4.0,fase_0_7,14.0,0,-1.0,True,True
1538,1,2010.0,2021,Pública,Ametista,7.9631703704333345,,,3.0,Avaliador-21,,Avaliador-7,,Avaliador-10,,,,9.168,7.935185184999999,8.13,,7.166666666666667,7.5,6.0,8.0,,7.106666667,10.0,,,,2024,7.916666667,,,EE Maria André Schunck Dona,3.0,2.0,fase_0_7,14.0,3,1.0,False,False
1539,0,2011.0,2024,Pública,Ametista,7.709588888900001,,,3.0,Avaliador-21,,Avaliador-7,,Avaliador-10,,,,6.667,9.027777777666666,6.885,,6.833333333333333,6.0,7.0,7.5,,7.056666667,10.0,,,,2024,7.708333333,,,EE Maria André Schunck Dona,3.0,3.0,fase_0_7,13.0,0,0.0,False,False
154,1,2007.0,2017,Escola Pública,Ágata,6.073,65.0,15.0,4.0,Avaliador-6,Promovido de Fase,Avaliador-27,Mantido na Fase atual,Avaliador-30,Promovido de Fase,Avaliador-31,Promovido de Fase + Bolsa,8.3,6.1,6.3,Sem limitações,4.0,3.7,6.2,2.1,Sim,6.833,5.0,Melhorar: Melhorar a sua entrega de lições de casa.,Melhorar: Empenhar-se mais nas aulas e avaliações.,Melhorar: Integrar-se mais aos Princípios Passos Mágicos.,2022,7.263999999999999,,,,4.0,5.0,fase_0_7,15.0,5,-1.0,False,True
1540,0,2010.0,2024,Pública,Quartzo,5.696233333333334,,,5.0,Avaliador-20,,Avaliador-21,,Avaliador-17,,Avaliador-26,,8.334,5.0,7.51,,2.6666666666666665,2.0,2.0,4.0,,6.83,5.0,,,,2024,7.125,Avaliador-10,,EE Donizetti Aparecido Leite Professor,3.0,4.0,fase_0_7,14.0,0,-1.0,False,True
1541,1,2011.0,2024,Pública,Topázio,8.337,,,5.0,Avaliador-20,,Avaliador-21,,Avaliador-17,,Avaliador-26,,9.168,8.633333333333333,6.88,,8.166666666666666,9.0,7.0,8.5,,7.736,10.0,,,,2024,8.25,Avaliador-10,,EM Alfredo Schunk,3.0,3.0,fase_0_7,13.0,0,0.0,False,False
1542,0,2008.0,2024,Pública,Agata,6.0886079922,,,5.0,Avaliador-20,,Avaliador-21,,Avaliador-17,,Avaliador-26,,7.501,6.304873294333333,8.135,,3.1666666666666665,1.0,3.5,5.0,,6.966,5.0,,,,2024,7.375,Avaliador-10,,EE Donizetti Aparecido Leite Professor,3.0,5.0,fase_0_7,16.0,0,-2.0,False,True
1543,1,2010.0,2024,Pública,Agata,6.754584615400001,,,5.0,Avaliador-20,,Avaliador-21,,Avaliador-17,,Avaliador-26,,7.5,8.076923077,7.51,,5.0,6.0,4.0,,,7.066,5.0,,,,2024,7.25,Avaliador-10,,EE Donizetti Aparecido Leite Professor,3.0,4.0,fase_0_7,14.0,0,-1.0,False,True
1544,0,2010.0,2024,Pública,Agata,6.905568627466667,,,5.0,Avaliador-20,,Avaliador-21,,Avaliador-17,,Avaliador-26,,8.334,8.674509804,6.885,,5.833333333333333,5.5,5.5,6.5,,6.598,5.0,,,,2024,6.625,Avaliador-10,,EM Cecilia Cristina de Oliveira Rodrigues,3.0,4.0,fase_0_7,14.0,0,-1.0,False,True
1545,0,2012.0,2024,Pública,Ametista,7.296598575533334,,,2.0,Avaliador-21,,Avaliador-23,,,,,,7.501,6.210826211,8.13,,8.166666666666666,8.0,6.5,10.0,,6.165,10.0,,,,2024,6.25,,,EE Paschoal Carlos Magno,3.0,3.0,fase_0_7,12.0,0,0.0,False,False
1546,1,2010.0,2024,Pública,Agata,6.900662108266667,,,2.0,Avaliador-21,,Avaliador-23,,,,,,8.334,6.374643874666667,8.75,,4.666666666666667,5.0,3.0,6.0,,6.17,10.0,,,,2024,7.5,,,EE Paschoal Carlos Magno,3.0,3.0,fase_0_7,14.0,0,0.0,False,False
1547,0,2009.0,2024,Pública,Agata,6.748480626800001,,,2.0,Avaliador-21,,Avaliador-23,,,,,,7.917,6.467236467333334,8.13,,6.666666666666667,9.5,6.0,4.5,,6.335,5.0,,,,2024,7.5,,,EE Donizetti Aparecido Leite Professor,3.0,4.0,fase_0_7,15.0,0,-1.0,False,True
1548,0,2011.0,2024,Pública,Agata,6.482499715066667,,,2.0,Avaliador-21,,Avaliador-23,,,,,,8.334,5.242165242,7.51,,4.833333333333333,9.0,4.5,1.0,,5.665,10.0,,,,2024,7.5,,,Estuda em outra cidade,3.0,3.0,fase_0_7,13.0,0,0.0,False,False
1549,1,2009.0,2024,Pública,Agata,6.514862200466668,,,2.0,Avaliador-21,,Avaliador-23,,,,,,9.585,7.441394335666668,7.51,,4.166666666666667,5.5,3.0,4.0,,6.325,5.0,,,,2024,7.1875,,,EE Maria André Schunck Dona,3.0,5.0,fase_0_7,15.0,0,-2.0,False,True
155,1,2006.0,2022,Escola Pública,Ametista,7.051,39.0,9.0,4.0,Avaliador-6,Promovido de Fase,Avaliador-27,Mantido na Fase atual,Avaliador-30,Mantido na Fase atual,Avaliador-31,Promovido de Fase + Bolsa,10.0,8.3,7.5,Não atendido,5.2,4.3,6.8,4.3,Sim,6.833,5.0,Destaque: A sua boa entrega das lições de casa.,Melhorar: Empenhar-se mais nas aulas e avaliações.,Melhorar: Integrar-se mais aos Princípios Passos Mágicos.,2022,7.343999999999999,,,,4.0,6.0,fase_0_7,16.0,0,-2.0,False,True
155,1,2006.0,2022,Pública,Agata,6.318991667,,,4.0,Avaliador-24,,Avaliador-7,,Avaliador-23,,Avaliador-8,,7.9,8.1,5.0,,4.4,5.3,2.8,5.2,,6.5875,5.0,,,,2023,7.03125,,,,5.0,7.0,fase_0_7,17.0,1,-2.0,False,True
155,1,2006.0,2022,Privada *Parcerias com Bolsa 100%,,,,,0.0,,,,,,,,,,,,,,,,,,,10.0,,,,2024,,,,Faculdade FIAP,8.0,8.0,fase_8,18.0,2,0.0,False,False
1550,1,2009.0,2024,Pública,Agata,6.064236111066667,,,4.0,Avaliador-21,,Avaliador-23,,Avaliador-5,,Avaliador-26,,9.585,5.222222222,7.51,,4.333333333333333,5.0,3.0,5.0,,6.2025,5.0,,,,2024,7.03125,,,EE Maria André Schunck Dona,3.0,4.0,fase_0_7,15.0,0,-1.0,False,True
1551,1,2009.0,2024,Pública,Quartzo,5.9717087542,,,4.0,Avaliador-21,,Avaliador-23,,Avaliador-5,,Avaliador-26,,9.585,4.771043771,7.51,,3.5,1.0,5.5,4.0,,6.79,5.0,,,,2024,7.5,,,EE Donizetti Aparecido Leite Professor,3.0,5.0,fase_0_7,15.0,0,-2.0,False,True
1552,1,2011.0,2024,Pública,Ametista,7.443301282066667,,,4.0,Avaliador-21,,Avaliador-23,,Avaliador-5,,Avaliador-26,,9.585,9.743589743666666,7.51,,3.1666666666666665,1.0,4.5,4.0,,7.165,10.0,,,,2024,7.1875,,,EM Cecilia Cristina de Oliveira Rodrigues,3.0,3.0,fase_0_7,13.0,0,0.0,False,False
1553,1,2011.0,2024,Pública,Ametista,7.641184313700001,,,3.0,Avaliador-20,,Avaliador-21,,Avaliador-23,,,,8.334,9.003921568666668,7.51,,4.333333333333333,6.0,5.0,2.0,,7.78,10.0,,,,2024,8.333333333,,,EE Donizetti Aparecido Leite Professor,3.0,3.0,fase_0_7,13.0,0,0.0,False,False
1554,1,2009.0,2024,Pública,Agata,6.941692592633334,,,3.0,Avaliador-20,,Avaliador-21,,Avaliador-23,,,,6.666,9.629629629666669,8.76,,4.0,3.0,,5.0,,7.22,5.0,,,,2024,7.291666667,,,EE Maria André Schunck Dona,3.0,5.0,fase_0_7,15.0,0,-2.0,False,True
1555,1,2011.0,2024,Pública,Ametista,7.4827333334,,,3.0,Avaliador-20,,Avaliador-21,,Avaliador-23,,,,8.334,10.0,6.255,,3.0,9.0,0.0,0.0,,8.056666667,10.0,,,,2024,8.125,,,EE Donizetti Aparecido Leite Professor,3.0,3.0,fase_0_7,13.0,0,0.0,False,False
1556,1,2010.0,2024,Pública,Agata,6.666811111166668,,,3.0,Avaliador-21,,Avaliador-23,,Avaliador-20,,,,7.917,5.222222222333333,7.51,,4.0,3.5,,4.5,,7.44,10.0,,,,2024,7.916666667,,,EE Donizetti Aparecido Leite Professor,3.0,3.0,fase_0_7,14.0,0,0.0,False,False
1557,0,2010.0,2024,Pública,Topázio,8.228500000033334,,,3.0,Avaliador-21,,Avaliador-23,,Avaliador-20,,,,9.585,8.916666666666666,7.51,,7.0,6.0,,8.0,,7.72,10.0,,,,2024,7.916666667,,,EE Donizetti Aparecido Leite Professor,3.0,3.0,fase_0_7,14.0,0,0.0,False,False
1558,1,2008.0,2024,Pública,Ametista,7.643772047733333,,,5.0,Avaliador-21,,Avaliador-23,,Avaliador-26,,Avaliador-1,,9.168,8.705360238666666,8.755,,5.5,5.0,5.5,6.0,,8.302,5.0,,,,2024,8.5,Avaliador-5,,EE Joaquim Mendes Feliz,4.0,5.0,fase_0_7,16.0,0,-1.0,False,True
1559,0,2009.0,2024,Pública,Agata,6.330428437666668,,,5.0,Avaliador-21,,Avaliador-23,,Avaliador-26,,Avaliador-1,,7.917,5.2929755216666665,6.885,,4.666666666666667,8.0,0.0,6.0,,7.604,5.0,,,,2024,8.375,Avaliador-5,,EE Paschoal Carlos Magno,4.0,5.0,fase_0_7,15.0,0,-1.0,False,True
156,1,2007.0,2018,Escola Pública,Ametista,7.357,30.0,6.0,4.0,Avaliador-6,Promovido de Fase,Avaliador-27,Mantido na Fase atual,Avaliador-30,Promovido de Fase,Avaliador-31,Promovido de Fase + Bolsa,10.0,8.3,9.4,Sem limitações,4.4,4.7,6.5,2.1,Sim,7.792,5.0,Destaque: A sua boa entrega das lições de casa.,Melhorar: Empenhar-se mais nas aulas e avaliações.,Destaque: A sua boa integração aos Princípios Passos Mágicos.,2022,8.186,,,,4.0,5.0,fase_0_7,15.0,4,-1.0,False,True
1560,0,2010.0,2024,Privada,Topázio,8.4721031746,,,5.0,Avaliador-21,,Avaliador-23,,Avaliador-26,,Avaliador-1,,9.168,9.206349206333334,5.635,,8.166666666666666,6.0,8.5,10.0,,8.336,10.0,,,,2024,8.5,Avaliador-5,,Colégio Arco Íris Evolução,4.0,3.0,fase_0_7,14.0,0,1.0,False,False
1561,1,2008.0,2024,Pública,Ametista,7.940220634933333,,,5.0,Avaliador-21,,Avaliador-23,,Avaliador-26,,Avaliador-1,,9.585,9.174603174666666,5.0,,9.0,8.5,8.5,10.0,,7.734,5.0,,,,2024,8.0,Avaliador-5,,EE Joaquim Mendes Feliz,4.0,5.0,fase_0_7,16.0,0,-1.0,False,True
1562,0,2008.0,2024,Pública,Quartzo,5.458833333333334,,,4.0,Avaliador-22,,Avaliador-26,,Avaliador-1,,Avaliador-5,,6.25,8.666666666666666,5.01,,0.5,0.5,,,,6.8725,5.0,,,,2024,6.25,,,EE Alexandre Rodrigues Nogueira,4.0,6.0,fase_0_7,16.0,0,-2.0,False,True
1563,0,2009.0,2024,Pública,Ametista,7.604211111133335,,,4.0,Avaliador-22,,Avaliador-26,,Avaliador-1,,Avaliador-5,,8.751,8.305555555666666,7.51,,7.0,5.0,7.5,8.5,,8.46,5.0,,,,2024,7.25,,,EE Alexandre Rodrigues Nogueira,4.0,5.0,fase_0_7,15.0,0,-1.0,True,True
1564,1,2009.0,2024,Pública,Quartzo,5.0761468806000005,,,4.0,Avaliador-22,,Avaliador-26,,Avaliador-1,,Avaliador-5,,8.334,4.942067736333334,6.885,,2.1666666666666665,1.0,3.5,2.0,,5.2875,5.0,,,,2024,5.75,,,EE Alexandre Rodrigues Nogueira,4.0,5.0,fase_0_7,15.0,0,-1.0,False,True
1565,1,2008.0,2024,Pública,Quartzo,5.816448179266667,,,4.0,Avaliador-22,,Avaliador-26,,Avaliador-1,,Avaliador-5,,0.0,8.102240896333333,7.51,,5.5,7.0,3.0,6.5,,6.0375,5.0,,,,2024,6.375,,,EE Alexandre Rodrigues Nogueira,4.0,5.0,fase_0_7,16.0,0,-1.0,False,True
1566,0,2007.0,2024,Pública,Ametista,7.759243871133334,,,4.0,Avaliador-22,,Avaliador-26,,Avaliador-1,,Avaliador-5,,9.168,9.247219355666669,7.51,,6.5,3.0,8.0,8.5,,8.335,5.0,,,,2024,7.75,,,EE Alexandre Rodrigues Nogueira,4.0,6.0,fase_0_7,17.0,0,-2.0,False,True
1567,0,2008.0,2024,Pública,Ametista,7.913942087533334,,,4.0,Avaliador-22,,Avaliador-26,,Avaliador-1,,Avaliador-5,,8.334,8.771043771,7.51,,8.166666666666666,5.0,9.5,10.0,,8.335,5.0,,,,2024,7.75,,,EE Alexandre Rodrigues Nogueira,4.0,6.0,fase_0_7,16.0,0,-2.0,False,True
1568,0,2009.0,2024,Pública,Ametista,7.8003261438,,,4.0,Avaliador-22,,Avaliador-26,,Avaliador-1,,Avaliador-5,,9.168,7.493464052333334,7.51,,8.166666666666666,7.5,7.5,9.5,,8.5025,5.0,,,,2024,8.0,,,EE Paschoal Carlos Magno,4.0,5.0,fase_0_7,15.0,0,-1.0,True,True
1569,0,2007.0,2024,Pública,Quartzo,5.7191555556,,,4.0,Avaliador-22,,Avaliador-26,,Avaliador-1,,Avaliador-5,,6.666,7.111111111333334,6.26,,2.1666666666666665,2.0,3.0,1.5,,6.9175,5.0,,,,2024,6.875,,,EE Alexandre Rodrigues Nogueira,4.0,6.0,fase_0_7,17.0,0,-2.0,False,True
157,0,2010.0,2018,Rede Decisão,Topázio,8.317,6.0,1.0,4.0,Avaliador-6,Promovido de Fase + Bolsa,Avaliador-27,Mantido na Fase atual,Avaliador-30,Promovido de Fase,Avaliador-31,Promovido de Fase + Bolsa,7.5,10.0,6.3,Requer avaliação,7.7,7.0,7.5,8.7,Não,8.292,10.0,Destaque: A sua boa entrega das lições de casa.,Destaque: As suas boas notas na Passos Mágicos.,Destaque: A sua boa integração aos Princípios Passos Mágicos.,2022,7.385999999999999,,,,4.0,3.0,fase_0_7,12.0,4,1.0,False,False
157,0,2010.0,2018,Privada - Programa de Apadrinhamento,Ametista,7.879008333,,,4.0,Avaliador-24,,Avaliador-7,,Avaliador-23,,Avaliador-8,,7.1,9.9,2.52,,6.8,6.0,6.8,7.5,,8.63,10.0,,,,2023,8.59375,,,,5.0,3.0,fase_0_7,13.0,5,2.0,False,False
157,0,2010.0,2021,Privada - Programa de Apadrinhamento,Topázio,8.950566666733334,,,3.0,Avaliador-23,,Avaliador-22,,Avaliador-1,,,,8.334,10.0,6.26,,9.666666666666666,10.0,9.0,10.0,,8.726666667,10.0,,,,2024,8.125,,,Colégio Arco Íris Evolução,5.0,4.0,fase_0_7,14.0,3,1.0,True,False
1570,0,2008.0,2024,Pública,Ametista,7.894084175066667,,,4.0,Avaliador-22,,Avaliador-26,,Avaliador-1,,Avaliador-5,,9.585,7.542087542,7.51,,8.333333333333334,6.5,9.0,9.5,,8.6725,5.0,,,,2024,7.75,,,EE Alexandre Rodrigues Nogueira,4.0,5.0,fase_0_7,16.0,0,-1.0,True,True
1571,1,2008.0,2024,Pública,Ametista,7.2484555556,,,4.0,Avaliador-22,,Avaliador-26,,Avaliador-1,,Avaliador-5,,8.334,9.111111111333337,5.005,,5.666666666666667,5.0,6.0,6.0,,8.545,5.0,,,,2024,7.5,,,EE Alexandre Rodrigues Nogueira,4.0,5.0,fase_0_7,16.0,0,-1.0,True,True
1572,0,2009.0,2024,Pública,Topázio,8.080345634866667,,,3.0,Avaliador-21,,Avaliador-20,,Avaliador-26,,,,9.168,9.841269841333334,7.51,,7.5,7.5,6.5,8.5,,8.393333333,5.0,,,,2024,7.65625,,,EE Paschoal Carlos Magno,4.0,5.0,fase_0_7,15.0,0,-1.0,False,True
1573,1,2008.0,2024,Pública,Agata,6.743847969266667,,,3.0,Avaliador-21,,Avaliador-20,,Avaliador-26,,,,9.168,6.120448179333334,6.26,,5.0,0.0,6.0,9.0,,8.556666667,5.0,,,,2024,7.65625,,,EE Olivia de Faria Nogueira,4.0,5.0,fase_0_7,16.0,0,-1.0,True,True
1574,0,2008.0,2024,Pública,Ametista,7.777244180000001,,,3.0,Avaliador-21,,Avaliador-20,,Avaliador-26,,,,8.751,8.399470899666667,7.51,,7.333333333333333,7.0,6.0,9.0,,8.616666667,5.0,,,,2024,7.8125,,,EE Paschoal Carlos Magno,4.0,5.0,fase_0_7,16.0,0,-1.0,True,True
1575,0,2008.0,2024,Pública,Ametista,7.318459391466667,,,3.0,Avaliador-21,,Avaliador-20,,Avaliador-26,,,,9.168,8.624338624,6.885,,5.333333333333333,0.0,7.5,8.5,,8.28,5.0,,,,2024,7.65625,,,EE Olivia de Faria Nogueira,4.0,5.0,fase_0_7,16.0,0,-1.0,False,True
1576,0,2008.0,2024,Pública,Ametista,7.463620238066666,,,3.0,Avaliador-21,,Avaliador-20,,Avaliador-26,,,,8.334,9.523809523666666,5.635,,6.666666666666667,7.5,4.5,8.0,,8.44,5.0,,,,2024,6.40625,,,EE Loris Nassif Mattar Profa,4.0,5.0,fase_0_7,16.0,0,-1.0,True,True
1577,1,2008.0,2024,Pública,Agata,6.305585581933334,,,3.0,Avaliador-21,,Avaliador-20,,Avaliador-26,,,,10.002,4.993386243333333,7.51,,4.333333333333333,4.0,7.0,2.0,,7.273333333,5.0,,,,2024,7.34375,,,EE Mario Francisco de Amorim,4.0,5.0,fase_0_7,16.0,0,-1.0,False,True
1578,0,2010.0,2024,Pública,Ametista,7.880605848,,,5.0,Avaliador-22,,Avaliador-17,,Avaliador-1,,Avaliador-5,,8.334,6.761695906666667,7.51,,7.333333333333333,6.0,6.0,10.0,,8.636,10.0,,,,2024,7.5,Avaliador-26,,EE Olivia de Faria Nogueira,4.0,3.0,fase_0_7,14.0,0,1.0,True,False
1579,0,2008.0,2022,Pública,Ametista,7.894385710733333,,,5.0,Avaliador-22,,Avaliador-17,,Avaliador-1,,Avaliador-5,,8.751,9.090261887,5.635,,7.166666666666667,7.5,6.0,8.0,,9.272,5.0,,,,2024,8.5,Avaliador-26,,EE Joaquim Mendes Feliz,4.0,6.0,fase_0_7,16.0,2,-2.0,True,True
158,0,2005.0,2017,Rede Decisão,Ametista,7.302,32.0,7.0,4.0,Avaliador-6,Promovido de Fase + Bolsa,Avaliador-27,Mantido na Fase atual,Avaliador-30,Promovido de Fase,Avaliador-31,Promovido de Fase + Bolsa,7.9,9.8,5.6,Requer avaliação,6.6,5.0,6.7,8.1,Não,8.125,2.5,Destaque: A sua boa entrega das lições de casa.,Melhorar: Empenhar-se mais nas aulas e avaliações.,Destaque: A sua boa integração aos Princípios Passos Mágicos.,2022,7.969999999999997,,,,4.0,7.0,fase_0_7,17.0,5,-3.0,False,True
158,0,2009.0,2017,Privada - Programa de Apadrinhamento,Ametista,7.297425,,,4.0,Avaliador-24,,Avaliador-7,,Avaliador-23,,Avaliador-8,,7.1,9.0,2.52,,6.0,6.0,5.7,6.3,,7.545,10.0,,,,2023,8.28125,,,,5.0,4.0,fase_0_7,14.0,6,1.0,False,False
158,0,2009.0,2021,Privada - Programa de Apadrinhamento,Agata,6.855159259266667,,,4.0,Avaliador-23,,Avaliador-24,,Avaliador-1,,Avaliador-7,,8.334,7.796296296333334,6.26,,4.0,2.5,1.5,8.0,,6.745,10.0,,,,2024,6.875,,,Colégio Arco Íris Evolução,5.0,5.0,fase_0_7,15.0,3,0.0,False,False
1580,1,2008.0,2024,Pública,Ametista,7.790523996266667,,,5.0,Avaliador-22,,Avaliador-17,,Avaliador-1,,Avaliador-5,,8.751,9.049953314666666,7.51,,6.166666666666667,5.0,7.5,6.0,,9.168,5.0,,,,2024,7.875,Avaliador-26,,EE Paschoal Carlos Magno,4.0,5.0,fase_0_7,16.0,0,-1.0,True,True
1581,1,2008.0,2024,Pública,Agata,6.9787022855,,,3.0,Avaliador-21,,Avaliador-23,,Avaliador-17,,,,8.334,7.834844760666667,6.26,,6.333333333333333,7.0,4.5,7.5,,7.386666667,5.0,,,,2024,7.083333333,,,EE Olivia de Faria Nogueira,4.0,5.0,fase_0_7,16.0,0,-1.0,False,True
1582,1,2009.0,2024,Pública,Agata,6.472788888966667,,,3.0,Avaliador-21,,Avaliador-23,,Avaliador-17,,,,8.334,8.069444444333334,6.255,,4.5,7.0,2.0,4.5,,6.666666667,5.0,,,,2024,6.666666667,,,EE Paschoal Carlos Magno,4.0,5.0,fase_0_7,15.0,0,-1.0,False,True
1583,0,2009.0,2024,Pública,Ametista,7.8197579711,,,3.0,Avaliador-21,,Avaliador-23,,Avaliador-17,,,,7.917,7.753623188333333,6.26,,8.166666666666666,8.0,6.5,10.0,,9.006666667,5.0,,,,2024,9.166666667,,,EE Mario Francisco de Amorim,4.0,5.0,fase_0_7,15.0,0,-1.0,True,True
1584,0,2009.0,2024,Pública,Ametista,7.429837830666667,,,4.0,Avaliador-23,,Avaliador-20,,Avaliador-22,,Avaliador-26,,8.334,9.153439153333332,7.51,,5.5,6.0,5.5,5.0,,8.1675,5.0,,,,2024,7.8125,,,Estuda em outra cidade,4.0,5.0,fase_0_7,15.0,0,-1.0,False,True
1585,0,2009.0,2024,Pública,Agata,6.730367016866668,,,4.0,Avaliador-23,,Avaliador-20,,Avaliador-22,,Avaliador-26,,10.002,6.775210084333334,7.51,,4.0,5.0,3.0,4.0,,7.7925,5.0,,,,2024,7.65625,,,EE Donizetti Aparecido Leite Professor,4.0,5.0,fase_0_7,15.0,0,-1.0,False,True
1586,0,2009.0,2024,Pública,Agata,6.555764327466668,,,4.0,Avaliador-23,,Avaliador-20,,Avaliador-22,,Avaliador-26,,10.002,6.128654970666666,5.01,,5.666666666666667,3.5,5.5,8.0,,7.54,5.0,,,,2024,6.875,,,EE Donizetti Aparecido Leite Professor,4.0,5.0,fase_0_7,15.0,0,-1.0,False,True
1587,0,2008.0,2024,Pública,Ametista,7.34055,,,4.0,Avaliador-23,,Avaliador-20,,Avaliador-22,,Avaliador-26,,9.168,10.0,7.51,,3.75,7.5,0.0,,,8.2075,5.0,,,,2024,7.8125,,,EE Donizetti Aparecido Leite Professor,4.0,6.0,fase_0_7,16.0,0,-2.0,False,True
1588,0,2010.0,2024,Pública,Ametista,7.303823728133333,,,4.0,Avaliador-23,,Avaliador-20,,Avaliador-22,,Avaliador-26,,7.917,8.640618640666666,7.51,,4.0,3.5,4.5,,,7.415,10.0,,,,2024,7.5,,,EE Maria André Schunck Dona,4.0,4.0,fase_0_7,14.0,0,0.0,False,False
1589,0,2009.0,2024,Pública,Quartzo,5.260851851866667,,,4.0,Avaliador-21,,Avaliador-20,,Avaliador-1,,Avaliador-26,,0.0,6.259259259333334,7.51,,2.5,3.0,2.0,,,7.54,5.0,,,,2024,7.5,,,EE Donizetti Aparecido Leite Professor,4.0,5.0,fase_0_7,15.0,0,-1.0,False,True
159,0,2007.0,2021,Escola Pública,Ágata,6.49,58.0,14.0,4.0,Avaliador-6,Promovido de Fase,Avaliador-27,Mantido na Fase atual,Avaliador-30,Promovido de Fase,Avaliador-31,Promovido de Fase,8.3,8.1,5.6,Requer avaliação,4.7,4.3,5.8,3.9,Não,6.458,5.0,Destaque: A sua boa entrega das lições de casa.,Melhorar: Empenhar-se mais nas aulas e avaliações.,Melhorar: Integrar-se mais aos Princípios Passos Mágicos.,2022,7.484000000000002,,,,4.0,5.0,fase_0_7,15.0,1,-1.0,False,True
159,0,2007.0,2021,Pública,Agata,6.805033333,,,4.0,Avaliador-21,,Avaliador-6,,Avaliador-23,,Avaliador-8,,7.9,8.1,2.52,,6.3,5.0,6.0,7.8,,7.8775,5.0,,,,2023,8.125,,,,4.0,6.0,fase_0_7,16.0,2,-2.0,False,True
1590,0,2009.0,2024,Pública,Topázio,8.1907875086,,,5.0,Avaliador-21,,Avaliador-5,,Avaliador-17,,Avaliador-23,,7.917,8.267770876333332,7.51,,8.666666666666666,8.5,8.0,9.5,,8.806,5.0,,,,2024,10.0,Avaliador-5,,EE Maria André Schunck Dona,4.0,5.0,fase_0_7,15.0,0,-1.0,True,True
1591,0,2007.0,2024,Pública,Agata,6.1707952862,,,5.0,Avaliador-21,,Avaliador-5,,Avaliador-17,,Avaliador-23,,7.083,6.430976431,7.51,,3.5,3.0,4.5,3.0,,7.064,5.0,,,,2024,8.125,Avaliador-5,,EE Maria André Schunck Dona,4.0,6.0,fase_0_7,17.0,0,-2.0,False,True
1592,0,2009.0,2024,Pública,Agata,6.812545479666667,,,5.0,Avaliador-21,,Avaliador-5,,Avaliador-17,,Avaliador-23,,7.917,6.854727398333334,7.51,,5.5,4.0,7.5,5.0,,7.432,5.0,,,,2024,8.125,Avaliador-5,,EE Maria André Schunck Dona,4.0,5.0,fase_0_7,15.0,0,-1.0,False,True
1593,1,2008.0,2024,Pública,Agata,6.638525017333334,,,5.0,Avaliador-21,,Avaliador-5,,Avaliador-17,,Avaliador-23,,6.249,4.868875086666667,6.26,,6.5,9.0,6.5,4.0,,8.538,5.0,,,,2024,9.0625,Avaliador-5,,EE Maria André Schunck Dona,4.0,5.0,fase_0_7,16.0,0,-1.0,True,True
1594,1,2008.0,2024,Pública,Quartzo,5.731267287800001,,,5.0,Avaliador-21,,Avaliador-5,,Avaliador-17,,Avaliador-23,,9.585,6.112836439,6.26,,3.0,1.0,4.0,4.0,,5.996,5.0,,,,2024,6.25,Avaliador-5,,EE Maria André Schunck Dona,4.0,6.0,fase_0_7,16.0,0,-2.0,False,True
1595,1,2010.0,2024,Pública,Agata,6.6599304233000005,,,6.0,Avaliador-23,,Avaliador-22,,Avaliador-17,,Avaliador-1,,8.334,7.949735449666666,6.26,,2.333333333333333,3.0,0.0,4.0,,7.021666667,10.0,,,,2024,7.395833333,Avaliador-5,Avaliador-26,EM Cecilia Cristina de Oliveira Rodrigues,4.0,4.0,fase_0_7,14.0,0,0.0,False,False
1596,0,2007.0,2024,Pública,Ametista,7.261016666766667,,,6.0,Avaliador-23,,Avaliador-22,,Avaliador-17,,Avaliador-1,,8.751,10.0,7.51,,3.333333333333333,5.0,0.0,5.0,,8.226666667,5.0,,,,2024,8.229166667,Avaliador-5,Avaliador-26,EE Donizetti Aparecido Leite Professor,4.0,6.0,fase_0_7,17.0,0,-2.0,False,True
1597,0,2008.0,2024,Pública,Agata,6.7187063492,,,6.0,Avaliador-23,,Avaliador-22,,Avaliador-17,,Avaliador-1,,7.5,8.412698412666666,7.51,,2.833333333333333,2.0,0.0,6.5,,8.28,5.0,,,,2024,8.125,Avaliador-5,Avaliador-26,EE Donizetti Aparecido Leite Professor,4.0,5.0,fase_0_7,16.0,0,-1.0,False,True
1598,0,2009.0,2024,Pública,Topázio,8.4656285714,,,5.0,Avaliador-23,,Avaliador-24,,Avaliador-26,,Avaliador-1,,9.585,8.857142857,7.51,,7.5,7.5,7.5,,,8.236,10.0,,,,2024,8.375,Avaliador-7,,EE Paschoal Carlos Magno,5.0,5.0,fase_0_7,15.0,0,0.0,False,False
1599,0,2006.0,2024,Pública,Ametista,7.6059333333333345,,,5.0,Avaliador-23,,Avaliador-24,,Avaliador-26,,Avaliador-1,,8.334,9.666666666666666,7.51,,6.5,7.0,6.0,,,7.566,5.0,,,,2024,7.75,Avaliador-7,,EE Joaquim Mendes Feliz,5.0,7.0,fase_0_7,18.0,0,-2.0,False,True
16,1,2003.0,2022,Escola Pública,Ágata,6.112,14.0,8.0,4.0,Avaliador-6,Promovido de Fase + Bolsa,Avaliador-27,Mantido na Fase atual,Avaliador-29,Mantido na Fase + Bolsa,Avaliador-31,Mantido na Fase atual,7.9,8.3,5.0,Requer avaliação,3.5,7.0,0.0,,Sim,6.333,5.0,Destaque: A sua boa entrega das lições de casa.,Melhorar: Empenhar-se mais nas aulas e avaliações.,Melhorar: Integrar-se mais aos Princípios Passos Mágicos.,2022,6.9539999999999935,,,,7.0,8.0,fase_0_7,19.0,0,-1.0,False,True
160,0,2007.0,2021,Escola Pública,Ágata,6.746,52.0,12.0,4.0,Avaliador-6,Promovido de Fase + Bolsa,Avaliador-27,Mantido na Fase atual,Avaliador-30,Promovido de Fase,Avaliador-31,Promovido de Fase + Bolsa,7.5,7.2,5.6,Requer avaliação,5.3,2.7,6.0,7.1,Sim,8.25,5.0,Melhorar: Melhorar a sua entrega de lições de casa.,Melhorar: Empenhar-se mais nas aulas e avaliações.,Destaque: A sua boa integração aos Princípios Passos Mágicos.,2022,7.860000000000005,,,,4.0,5.0,fase_0_7,15.0,1,-1.0,False,True
160,0,2007.0,2021,Privada - Programa de Apadrinhamento,Agata,6.598266667,,,4.0,Avaliador-24,,Avaliador-7,,Avaliador-23,,Avaliador-8,,8.8,8.3,2.52,,5.0,3.3,3.8,8.0,,7.46,5.0,,,,2023,8.125,,,,5.0,6.0,fase_0_7,16.0,2,-1.0,False,True
160,0,2007.0,2021,Privada - Programa de Apadrinhamento,Agata,6.855108333266668,,,3.0,Avaliador-23,,Avaliador-24,,Avaliador-7,,,,8.334,7.416666666666667,6.26,,5.666666666666667,3.0,5.5,8.5,,7.723333333,5.0,,,,2024,7.34375,,,Colégio Arco Íris Evolução,5.0,6.0,fase_0_7,17.0,3,-1.0,False,True
1600,0,2007.0,2024,Pública,Agata,6.750618518533334,,,5.0,Avaliador-23,,Avaliador-24,,Avaliador-26,,Avaliador-1,,8.751,8.425925926,6.26,,5.666666666666667,5.0,2.0,10.0,,6.03,5.0,,,,2024,7.25,Avaliador-7,,EE Paschoal Carlos Magno,5.0,7.0,fase_0_7,17.0,0,-2.0,False,True
1601,0,2007.0,2024,Pública,Ametista,7.2431,,,4.0,Avaliador-23,,Avaliador-22,,Avaliador-1,,Avaliador-5,,8.751,7.0,7.51,,6.5,5.0,5.0,9.5,,8.335,5.0,,,,2024,7.5,,,EE Leonice de Aquino Oliveira,5.0,6.0,fase_0_7,17.0,0,-1.0,False,True
1602,0,2009.0,2024,Pública,Topázio,8.041889814800001,,,4.0,Avaliador-23,,Avaliador-22,,Avaliador-1,,Avaliador-5,,7.917,8.782407407333332,7.51,,7.166666666666667,9.5,2.0,10.0,,7.875,10.0,,,,2024,7.34375,,,EE Leonice de Aquino Oliveira,5.0,5.0,fase_0_7,15.0,0,0.0,False,False
1603,0,2008.0,2024,Pública,Ametista,7.836518518466668,,,4.0,Avaliador-23,,Avaliador-22,,Avaliador-1,,Avaliador-5,,7.5,9.259259258999998,7.51,,8.333333333333334,8.5,7.0,9.5,,7.835,5.0,,,,2024,7.5,,,EE Olivia de Faria Nogueira,5.0,6.0,fase_0_7,16.0,0,-1.0,False,True
1604,1,2008.0,2024,Pública,Topázio,8.0118555556,,,4.0,Avaliador-23,,Avaliador-22,,Avaliador-1,,Avaliador-5,,9.168,7.777777778,7.51,,8.5,10.0,5.5,10.0,,8.88,5.0,,,,2024,8.125,,,EE Maria André Schunck Dona,5.0,6.0,fase_0_7,16.0,0,-1.0,True,True
1605,1,2008.0,2024,Pública,Quartzo,4.920488888866667,,,5.0,Avaliador-23,,Avaliador-26,,Avaliador-22,,Avaliador-1,,0.0,5.0694444443333335,7.51,,2.5,0.0,7.5,0.0,,7.028,5.0,,,,2024,7.5,Avaliador-5,,EE Leonice de Aquino Oliveira,5.0,6.0,fase_0_7,16.0,0,-1.0,False,True
1606,0,2006.0,2024,Pública,Quartzo,5.8216796296,,,5.0,Avaliador-23,,Avaliador-26,,Avaliador-22,,Avaliador-1,,8.334,5.148148148,7.51,,2.5,7.5,0.0,0.0,,7.132,5.0,,,,2024,7.8125,Avaliador-5,,EE Paschoal Carlos Magno,5.0,7.0,fase_0_7,18.0,0,-2.0,False,True
1607,1,2008.0,2024,Pública,Quartzo,4.899894444466667,,,5.0,Avaliador-23,,Avaliador-26,,Avaliador-22,,Avaliador-1,,5.833,6.222222222333333,5.635,,0.0,,0.0,0.0,,6.762,5.0,,,,2024,6.5625,Avaliador-5,,EE Olivia de Faria Nogueira,5.0,6.0,fase_0_7,16.0,0,-1.0,False,True
1608,1,2009.0,2024,Pública,Ametista,7.072539814866667,,,5.0,Avaliador-23,,Avaliador-26,,Avaliador-22,,Avaliador-1,,8.751,7.199074074333335,7.51,,5.0,8.5,3.5,3.0,,6.83,10.0,,,,2024,6.40625,Avaliador-5,,EE Paschoal Carlos Magno,5.0,5.0,fase_0_7,15.0,0,0.0,False,False
1609,0,2007.0,2024,Pública,Ametista,7.577233333233334,,,3.0,Avaliador-24,,Avaliador-1,,Avaliador-7,,,,8.334,9.666666666666666,7.51,,6.0,6.0,4.0,8.0,,7.943333333,5.0,,,,2024,7.708333333,,,EE Joaquim Mendes Feliz,5.0,7.0,fase_0_7,17.0,0,-2.0,False,True
161,0,2011.0,2018,Rede Decisão,Ametista,7.957,14.0,4.0,4.0,Avaliador-6,Promovido de Fase + Bolsa,Avaliador-27,Mantido na Fase atual,Avaliador-30,Promovido de Fase,Avaliador-31,Promovido de Fase + Bolsa,7.9,9.1,5.6,Requer avaliação,6.9,5.3,6.8,8.5,Não,8.083,10.0,Destaque: A sua boa entrega das lições de casa.,Melhorar: Empenhar-se mais nas aulas e avaliações.,Destaque: A sua boa integração aos Princípios Passos Mágicos.,2022,7.904,,,,4.0,2.0,fase_0_7,11.0,4,2.0,False,False
161,0,2009.0,2018,Privada - Programa de Apadrinhamento,Agata,6.250166667,,,4.0,Avaliador-24,,Avaliador-7,,Avaliador-23,,Avaliador-8,,0.0,7.3,2.52,,5.8,7.0,4.5,6.0,,7.795,10.0,,,,2023,8.125,,,,5.0,4.0,fase_0_7,14.0,5,1.0,False,False
161,0,2009.0,2021,Privada - Programa de Apadrinhamento,Ametista,7.258445588333334,,,3.0,Avaliador-23,,Avaliador-24,,Avaliador-7,,,,8.751,7.965686274666666,6.26,,4.0,5.0,7.0,0.0,,7.836666667,10.0,,,,2024,7.96875,,,Colégio Arco Íris Evolução,5.0,5.0,fase_0_7,15.0,3,0.0,False,False
1610,1,2007.0,2024,Pública,Agata,6.702372927566668,,,3.0,Avaliador-24,,Avaliador-1,,Avaliador-7,,,,9.168,7.753697970666667,7.51,,5.166666666666667,4.0,2.0,9.5,,6.106666667,5.0,,,,2024,7.291666667,,,EE Paschoal Carlos Magno,5.0,7.0,fase_0_7,17.0,0,-2.0,False,True
1611,1,2007.0,2024,Pública,Agata,6.4589186218000005,,,3.0,Avaliador-24,,Avaliador-1,,Avaliador-7,,,,7.083,8.361426442,7.51,,4.5,2.0,2.5,9.0,,5.886666667,5.0,,,,2024,7.5,,,EE Joaquim Mendes Feliz,5.0,7.0,fase_0_7,17.0,0,-2.0,False,True
1612,1,2006.0,2024,Pública,Ametista,7.014528571366666,,,3.0,Avaliador-24,,Avaliador-1,,Avaliador-7,,,,6.666,8.523809523666666,7.51,,6.166666666666667,5.0,6.5,7.0,,6.94,5.0,,,,2024,7.708333333,,,EE Joaquim Mendes Feliz,5.0,7.0,fase_0_7,18.0,0,-2.0,False,True
1613,0,2007.0,2024,Pública,Agata,6.085471428700001,,,3.0,Avaliador-23,,Avaliador-1,,Avaliador-5,,,,8.334,7.1428571430000005,7.51,,3.0,0.0,1.0,8.0,,6.216666667,5.0,,,,2024,7.291666667,,,EE Leonice de Aquino Oliveira,5.0,7.0,fase_0_7,17.0,0,-2.0,False,True
1614,1,2008.0,2024,Pública,Agata,6.787898989933334,,,3.0,Avaliador-23,,Avaliador-24,,Avaliador-7,,,,7.5,6.574494949666668,7.51,,6.5,5.0,5.5,9.0,,7.11,5.0,,,,2024,7.5,,,EE Donizetti Aparecido Leite Professor,5.0,6.0,fase_0_7,16.0,0,-1.0,False,True
1615,0,2008.0,2024,Pública,Topázio,8.417533333333333,,,4.0,Avaliador-23,,Avaliador-24,,Avaliador-1,,Avaliador-7,,7.917,9.833333333333334,7.51,,8.333333333333334,8.0,7.0,10.0,,7.4575,10.0,,,,2024,7.5,,,EE Donizetti Aparecido Leite Professor,5.0,5.0,fase_0_7,16.0,0,0.0,False,False
1616,0,2007.0,2024,Pública,Ametista,7.147738235266668,,,4.0,Avaliador-23,,Avaliador-24,,Avaliador-1,,Avaliador-7,,8.334,8.436274509666667,7.51,,6.166666666666667,5.5,6.5,6.5,,7.12,5.0,,,,2024,7.1875,,,Estuda em outra cidade,5.0,6.0,fase_0_7,17.0,0,-1.0,False,True
1617,0,2008.0,2024,Pública,Quartzo,4.926285714266666,,,4.0,Avaliador-23,,Avaliador-24,,Avaliador-1,,Avaliador-7,,0.0,5.571428571333333,7.51,,3.25,0.5,6.0,,,6.1175,5.0,,,,2024,6.875,,,EE Donizetti Aparecido Leite Professor,5.0,6.0,fase_0_7,16.0,0,-1.0,False,True
1618,1,2007.0,2024,Pública,Ametista,7.0487660130666665,,,4.0,Avaliador-23,,Avaliador-24,,Avaliador-1,,Avaliador-7,,8.334,7.908496732000001,7.51,,6.333333333333333,5.0,7.0,7.0,,6.83,5.0,,,,2024,7.5,,,EE Donizetti Aparecido Leite Professor,5.0,6.0,fase_0_7,17.0,0,-1.0,False,True
1619,1,2009.0,2024,Pública,Ametista,7.393951851866667,,,4.0,Avaliador-23,,Avaliador-24,,Avaliador-1,,Avaliador-7,,7.501,9.259259259333334,7.51,,4.25,4.0,4.5,,,7.205,10.0,,,,2024,7.5,,,EE Maria André Schunck Dona,5.0,4.0,fase_0_7,15.0,0,1.0,False,False
162,0,2008.0,2021,Escola Pública,Ametista,7.215,34.0,8.0,4.0,Avaliador-6,Mantido na Fase atual,Avaliador-27,Mantido na Fase atual,Avaliador-30,Promovido de Fase,Avaliador-31,Promovido de Fase,6.7,8.5,7.5,Requer avaliação,5.5,4.7,5.5,6.4,Não,6.542,10.0,Destaque: A sua boa entrega das lições de casa.,Melhorar: Empenhar-se mais nas aulas e avaliações.,Melhorar: Integrar-se mais aos Princípios Passos Mágicos.,2022,6.865999999999994,,,,4.0,4.0,fase_0_7,14.0,1,0.0,False,False
1620,1,2007.0,2024,Pública,Agata,6.652766666666667,,,3.0,Avaliador-23,,Avaliador-22,,Avaliador-1,,,,8.751,6.666666666666667,7.51,,5.166666666666667,5.5,7.0,3.0,,7.05,5.0,,,,2024,7.5,,,EE Maria André Schunck Dona,5.0,6.0,fase_0_7,17.0,0,-1.0,False,True
1621,0,2007.0,2024,Pública,Topázio,8.107033333366667,,,3.0,Avaliador-23,,Avaliador-22,,Avaliador-1,,,,7.917,10.0,6.26,,8.333333333333334,7.5,7.5,10.0,,8.446666667,5.0,,,,2024,8.333333333,,,EE Leonice de Aquino Oliveira,5.0,6.0,fase_0_7,17.0,0,-1.0,True,True
1622,0,2007.0,2024,Pública,Topázio,8.429066666633334,,,3.0,Avaliador-23,,Avaliador-22,,Avaliador-1,,,,8.334,10.0,7.51,,9.666666666666666,10.0,9.0,10.0,,7.89,5.0,,,,2024,8.333333333,,,EE Maria André Schunck Dona,5.0,6.0,fase_0_7,17.0,0,-1.0,False,True
1623,1,2007.0,2024,Pública,Ametista,7.7609537037333345,,,5.0,Avaliador-23,,Avaliador-24,,Avaliador-1,,Avaliador-26,,9.168,8.518518518666667,6.26,,6.0,5.5,2.5,10.0,,7.666,10.0,,,,2024,7.8125,Avaliador-7,,EE Alexandre Rodrigues Nogueira,6.0,6.0,fase_0_7,17.0,0,0.0,False,False
1624,0,2006.0,2024,Concluiu o 3º EM,Ametista,7.743213492066667,,,5.0,Avaliador-23,,Avaliador-24,,Avaliador-1,,Avaliador-26,,7.917,9.460317460333334,7.51,,7.5,8.0,5.5,9.0,,7.636,5.0,,,,2024,7.8125,Avaliador-7,,Concluiu o 3º EM,6.0,7.0,fase_0_7,18.0,0,-1.0,False,True
1625,1,2007.0,2024,Pública,Agata,6.888194089266667,,,5.0,Avaliador-23,,Avaliador-24,,Avaliador-1,,Avaliador-26,,7.5,7.112887113,7.51,,4.333333333333333,3.0,2.0,8.0,,6.896,10.0,,,,2024,7.1875,Avaliador-7,,EE Joaquim Mendes Feliz,6.0,6.0,fase_0_7,17.0,0,0.0,False,False
1626,0,2008.0,2024,Pública,Topázio,8.541085606066668,,,5.0,Avaliador-23,,Avaliador-24,,Avaliador-1,,Avaliador-26,,8.751,9.696969697,7.51,,7.333333333333333,5.5,6.5,10.0,,8.404,10.0,,,,2024,8.28125,Avaliador-7,,EE Paschoal Carlos Magno,6.0,6.0,fase_0_7,16.0,0,0.0,True,False
1627,0,2007.0,2024,Pública,Ametista,7.481547222200001,,,5.0,Avaliador-23,,Avaliador-24,,Avaliador-1,,Avaliador-26,,7.083,7.777777777666667,7.51,,7.833333333333333,6.0,7.5,10.0,,8.172,5.0,,,,2024,7.65625,Avaliador-7,,EE Alexandre Rodrigues Nogueira,6.0,7.0,fase_0_7,17.0,0,-1.0,False,True
1628,0,2008.0,2024,Pública,Ametista,7.500131368600001,,,5.0,Avaliador-23,,Avaliador-24,,Avaliador-1,,Avaliador-26,,8.334,8.509823509666667,7.51,,5.833333333333333,3.0,5.0,9.5,,6.798,10.0,,,,2024,6.875,Avaliador-7,,EE Joaquim Mendes Feliz,6.0,6.0,fase_0_7,16.0,0,0.0,False,False
1629,0,2007.0,2024,Pública,Ametista,7.560550529133334,,,5.0,Avaliador-23,,Avaliador-24,,Avaliador-1,,Avaliador-26,,9.585,8.645502645666667,7.51,,7.25,8.75,3.0,10.0,,7.266,5.0,,,,2024,7.1875,Avaliador-7,,EE Paschoal Carlos Magno,6.0,7.0,fase_0_7,17.0,0,-1.0,False,True
163,0,2007.0,2021,Escola Pública,Ágata,6.797,49.0,10.0,4.0,Avaliador-6,Promovido de Fase,Avaliador-27,Mantido na Fase atual,Avaliador-30,Promovido de Fase,Avaliador-31,Promovido de Fase,8.8,7.9,5.6,Requer avaliação,6.7,6.5,6.3,7.4,Não,6.5,5.0,Destaque: A sua boa entrega das lições de casa.,Melhorar: Empenhar-se mais nas aulas e avaliações.,Melhorar: Integrar-se mais aos Princípios Passos Mágicos.,2022,6.3700000000000045,,,,4.0,5.0,fase_0_7,15.0,1,-1.0,False,True
1630,1,2008.0,2024,Privada - Programa de Apadrinhamento,Topázio,8.583133333333334,,,5.0,Avaliador-23,,Avaliador-24,,Avaliador-26,,Avaliador-1,,8.334,9.833333333333334,7.51,,7.333333333333333,9.0,9.0,4.0,,8.702,10.0,,,,2024,8.25,Avaliador-7,,Colégio Arco Íris Evolução,6.0,6.0,fase_0_7,16.0,0,0.0,True,False
1631,1,2007.0,2024,Privada,Topázio,8.186433333333333,,,5.0,Avaliador-23,,Avaliador-24,,Avaliador-26,,Avaliador-1,,9.585,10.0,7.51,,7.166666666666667,5.0,6.5,10.0,,8.468,5.0,,,,2024,8.5,Avaliador-7,,Rede Decisão - Unidade União,6.0,7.0,fase_0_7,17.0,0,-1.0,True,True
1632,1,2008.0,2024,Pública,Topázio,8.389333333333335,,,5.0,Avaliador-23,,Avaliador-24,,Avaliador-26,,Avaliador-1,,9.168,10.0,7.51,,6.666666666666667,9.0,6.0,5.0,,8.066,10.0,,,,2024,7.75,Avaliador-7,,EE Donizetti Aparecido Leite Professor,6.0,6.0,fase_0_7,16.0,0,0.0,False,False
1633,1,2003.0,2021,Privada,,,,,0.0,,,,,,,,,,,,,,,,,,,10.0,,,,2024,,,,Unicamp,8.0,8.0,fase_8,21.0,3,0.0,False,False
1634,0,2003.0,2021,Privada,,,,,0.0,,,,,,,,,,,,,,,,,,,10.0,,,,2024,,,,Universidade Santo Amaro (UNISA),8.0,8.0,fase_8,21.0,3,0.0,False,False
1635,0,2004.0,2021,Privada,,,,,0.0,,,,,,,,,,,,,,,,,,,10.0,,,,2024,,,,Universidade Santo Amaro (UNISA),8.0,8.0,fase_8,20.0,3,0.0,False,False
1636,0,2004.0,2021,Privada,,,,,0.0,,,,,,,,,,,,,,,,,,,10.0,,,,2024,,,,Colégio Albert Einstein,8.0,8.0,fase_8,20.0,3,0.0,False,False
1637,1,2001.0,2021,Privada,INCLUIR,,,,0.0,,,,,,,,,,0.0,,,,,,,,,10.0,,,,2024,,,,Faculdade (FIAP),,8.0,fase_0_7,23.0,3,,False,
1638,0,2002.0,2021,Bolsista Universitário *Formado (a),INCLUIR,,,,0.0,,,,,,,,,,0.0,,,,,,,,,10.0,,,,2024,,,,Bolsista Universitário *Formado (a),,8.0,fase_0_7,22.0,3,,False,
1639,1,2003.0,2021,Bolsista Universitário *Formado (a),INCLUIR,,,,0.0,,,,,,,,,,0.0,,,,,,,,,10.0,,,,2024,,,,Bolsista Universitário *Formado (a),,8.0,fase_0_7,21.0,3,,False,
164,1,2006.0,2018,Escola Pública,Ágata,6.776,50.0,11.0,4.0,Avaliador-6,Promovido de Fase,Avaliador-27,Mantido na Fase atual,Avaliador-30,Promovido de Fase,Avaliador-31,Mantido na Fase + Bolsa,8.3,7.3,5.6,Requer avaliação,6.5,4.7,6.5,8.3,Sim,7.208,5.0,Melhorar: Melhorar a sua entrega de lições de casa.,Melhorar: Empenhar-se mais nas aulas e avaliações.,Melhorar: Integrar-se mais aos Princípios Passos Mágicos.,2022,6.844000000000001,,,,4.0,6.0,fase_0_7,16.0,4,-2.0,False,True
164,1,2006.0,2018,Privada,Quartzo,5.638666667,,,4.0,Avaliador-24,,Avaliador-7,,Avaliador-23,,Avaliador-8,,0.0,8.2,2.52,,5.8,6.0,4.2,7.3,,6.9625,5.0,,,,2023,6.875,,,,5.0,6.0,fase_0_7,17.0,5,-1.0,False,True
164,1,2006.0,2021,Privada,Agata,6.837125731066667,,,3.0,Avaliador-23,,Avaliador-24,,Avaliador-7,,,,9.585,8.084795321666666,6.26,,5.666666666666667,6.0,2.0,9.0,,6.886666667,5.0,,,,2024,6.25,,,Colégio Nogueira e Sonho de Criança,5.0,7.0,fase_0_7,18.0,3,-2.0,False,True
1640,0,2001.0,2021,Privada,INCLUIR,,,,0.0,,,,,,,,,,0.0,,,,,,,,,10.0,,,,2024,,,,Universidade Estácio de Sá,,8.0,fase_0_7,23.0,3,,False,
1641,1,2002.0,2021,Privada,INCLUIR,,,,0.0,,,,,,,,,,0.0,,,,,,,,,10.0,,,,2024,,,,Universidade Santo Amaro (UNISA),,8.0,fase_0_7,22.0,3,,False,
1642,1,2001.0,2021,Bolsista Universitário *Formado (a),INCLUIR,,,,0.0,,,,,,,,,,0.0,,,,,,,,,10.0,,,,2024,,,,Bolsista Universitário *Formado (a),,8.0,fase_0_7,23.0,3,,False,
1643,1,2002.0,2021,Privada,INCLUIR,,,,0.0,,,,,,,,,,0.0,,,,,,,,,10.0,,,,2024,,,,Faculdade (FIAP),,8.0,fase_0_7,22.0,3,,False,
1644,1,2003.0,2021,Bolsista Universitário *Formado (a),INCLUIR,,,,0.0,,,,,,,,,,0.0,,,,,,,,,10.0,,,,2024,,,,Bolsista Universitário *Formado (a),,8.0,fase_0_7,21.0,3,,False,
1645,1,2001.0,2021,Privada,INCLUIR,,,,0.0,,,,,,,,,,0.0,,,,,,,,,10.0,,,,2024,,,,Faculdade (FIAP),,8.0,fase_0_7,23.0,3,,False,
1646,1,2003.0,2021,Bolsista Universitário *Formado (a),INCLUIR,,,,0.0,,,,,,,,,,0.0,,,,,,,,,10.0,,,,2024,,,,Bolsista Universitário *Formado (a),,8.0,fase_0_7,21.0,3,,False,
1647,0,2002.0,2021,Privada,INCLUIR,,,,0.0,,,,,,,,,,0.0,,,,,,,,,10.0,,,,2024,,,,Universidade Santo Amaro (UNISA),,8.0,fase_0_7,22.0,3,,False,
1648,1,2002.0,2021,Bolsista Universitário *Formado (a),INCLUIR,,,,0.0,,,,,,,,,,0.0,,,,,,,,,10.0,,,,2024,,,,Bolsista Universitário *Formado (a),,8.0,fase_0_7,22.0,3,,False,
1649,1,2001.0,2021,Privada,INCLUIR,,,,0.0,,,,,,,,,,0.0,,,,,,,,,10.0,,,,2024,,,,Faculdade (FIAP),,8.0,fase_0_7,23.0,3,,False,
165,0,2008.0,2017,Rede Decisão,Topázio,8.063,12.0,3.0,4.0,Avaliador-6,Promovido de Fase + Bolsa,Avaliador-27,Mantido na Fase atual,Avaliador-30,Promovido de Fase,Avaliador-31,Promovido de Fase + Bolsa,7.1,9.8,5.6,Sem limitações,7.6,5.3,7.8,9.7,Não,7.5,10.0,Destaque: A sua boa entrega das lições de casa.,Destaque: As suas boas notas na Passos Mágicos.,Destaque: A sua boa integração aos Princípios Passos Mágicos.,2022,8.130000000000006,,,,4.0,4.0,fase_0_7,14.0,5,0.0,False,False
165,0,2008.0,2017,Privada - Programa de Apadrinhamento,Ametista,7.583433333,,,4.0,Avaliador-24,,Avaliador-7,,Avaliador-23,,Avaliador-8,,6.7,9.2,2.52,,7.3,7.3,6.2,8.3,,7.795,10.0,,,,2023,8.125,,,,5.0,5.0,fase_0_7,15.0,6,0.0,False,False
165,0,2008.0,2021,Privada - Programa de Apadrinhamento,Topázio,8.4627502436,,,3.0,Avaliador-23,,Avaliador-24,,Avaliador-7,,,,7.5,9.431042884999998,7.51,,8.5,10.0,7.5,8.0,,7.893333333,10.0,,,,2024,7.96875,,,Colégio Arco Íris Evolução,5.0,5.0,fase_0_7,16.0,3,0.0,False,False
1650,1,2002.0,2021,Privada,INCLUIR,,,,0.0,,,,,,,,,,0.0,,,,,,,,,10.0,,,,2024,,,,Faculdade (FIAP),,8.0,fase_0_7,22.0,3,,False,
1651,1,2002.0,2021,Bolsista Universitário *Formado (a),INCLUIR,,,,0.0,,,,,,,,,,0.0,,,,,,,,,10.0,,,,2024,,,,Bolsista Universitário *Formado (a),,8.0,fase_0_7,22.0,3,,False,
1652,0,2002.0,2021,Privada,INCLUIR,,,,0.0,,,,,,,,,,0.0,,,,,,,,,10.0,,,,2024,,,,Faculdade (FIAP),,8.0,fase_0_7,22.0,3,,False,
1653,1,2003.0,2021,Bolsista Universitário *Formado (a),INCLUIR,,,,0.0,,,,,,,,,,0.0,,,,,,,,,10.0,,,,2024,,,,Bolsista Universitário *Formado (a),,8.0,fase_0_7,21.0,3,,False,
1654,1,2002.0,2021,Bolsista Universitário *Formado (a),INCLUIR,,,,0.0,,,,,,,,,,0.0,,,,,,,,,10.0,,,,2024,,,,Bolsista Universitário *Formado (a),,8.0,fase_0_7,22.0,3,,False,
1655,0,2003.0,2022,Privada,INCLUIR,,,,0.0,,,,,,,,,,0.0,,,,,,,,,10.0,,,,2024,,,,Faculdade (FIAP),,8.0,fase_0_7,21.0,2,,False,
1656,1,2002.0,2021,Privada,INCLUIR,,,,0.0,,,,,,,,,,0.0,,,,,,,,,10.0,,,,2024,,,,Bolsista Universitário *Formado (a),,8.0,fase_0_7,22.0,3,,False,
1657,1,2003.0,2021,Bolsista Universitário *Formado (a),INCLUIR,,,,0.0,,,,,,,,,,0.0,,,,,,,,,10.0,,,,2024,,,,Bolsista Universitário *Formado (a),,8.0,fase_0_7,21.0,3,,False,
1658,1,2002.0,2021,Privada,INCLUIR,,,,0.0,,,,,,,,,,0.0,,,,,,,,,10.0,,,,2024,,,,Faculdade (FIAP),,8.0,fase_0_7,22.0,3,,False,
1659,1,2003.0,2021,Bolsista Universitário *Formado (a),INCLUIR,,,,0.0,,,,,,,,,,0.0,,,,,,,,,10.0,,,,2024,,,,Bolsista Universitário *Formado (a),,8.0,fase_0_7,21.0,3,,False,
166,1,2008.0,2020,Escola Pública,Topázio,8.253,8.0,2.0,4.0,Avaliador-6,Promovido de Fase + Bolsa,Avaliador-27,Mantido na Fase atual,Avaliador-30,Promovido de Fase,Avaliador-31,Promovido de Fase + Bolsa,9.2,9.0,6.3,Sem limitações,8.1,7.0,7.2,10.0,Sim,7.542,10.0,Destaque: A sua boa entrega das lições de casa.,Destaque: As suas boas notas na Passos Mágicos.,Destaque: A sua boa integração aos Princípios Passos Mágicos.,2022,7.746000000000004,,,,4.0,4.0,fase_0_7,14.0,2,0.0,False,False
166,1,2008.0,2020,Privada - Programa de Apadrinhamento,Topázio,8.105583333,,,4.0,Avaliador-24,,Avaliador-7,,Avaliador-23,,Avaliador-8,,7.5,8.9,6.26,,8.1,7.0,7.2,10.0,,7.4625,10.0,,,,2023,8.4375,,,,5.0,5.0,fase_0_7,15.0,3,0.0,False,False
166,1,2008.0,2021,Privada *Parcerias com Bolsa 100%,Topázio,8.243183333333334,,,0.0,,,,,,,,,8.334,9.246,6.5725,,8.266666666666667,8.2,7.8,8.8,,7.5,10.0,,,,2024,7.5,,,FIAP School - SP,7.0,6.0,fase_0_7,16.0,3,1.0,False,False
1660,0,2000.0,2021,Bolsista Universitário *Formado (a),INCLUIR,,,,0.0,,,,,,,,,,0.0,,,,,,,,,10.0,,,,2024,,,,Bolsista Universitário *Formado (a),,8.0,fase_0_7,24.0,3,,False,
1661,0,2003.0,2021,Bolsista Universitário *Formado (a),INCLUIR,,,,0.0,,,,,,,,,,0.0,,,,,,,,,10.0,,,,2024,,,,Bolsista Universitário *Formado (a),,8.0,fase_0_7,21.0,3,,False,
167,0,2006.0,2018,Rede Decisão,Ametista,7.798,19.0,3.0,4.0,Avaliador-6,Promovido de Fase + Bolsa,Avaliador-27,Mantido na Fase atual,Avaliador-30,Promovido de Fase,Avaliador-31,Promovido de Fase,9.2,9.7,5.6,Requer avaliação,7.9,9.3,8.0,6.3,Não,7.833,5.0,Destaque: A sua boa entrega das lições de casa.,Destaque: As suas boas notas na Passos Mágicos.,Destaque: A sua boa integração aos Princípios Passos Mágicos.,2022,7.314000000000007,,,,4.0,6.0,fase_0_7,16.0,4,-2.0,False,True
167,0,2006.0,2018,Privada - Programa de Apadrinhamento,Ametista,7.806141667,,,4.0,Avaliador-24,,Avaliador-7,,Avaliador-23,,Avaliador-8,,8.8,9.9,5.0,,7.9,8.3,7.2,8.3,,7.8375,5.0,,,,2023,7.96875,,,,5.0,7.0,fase_0_7,17.0,5,-2.0,False,True
167,0,2006.0,2021,Privada - Programa de Apadrinhamento,Topázio,8.033470175466666,,,5.0,Avaliador-23,,Avaliador-24,,Avaliador-26,,Avaliador-1,,8.751,9.473684210666669,6.26,,8.166666666666666,8.0,6.5,10.0,,8.334,5.0,,,,2024,8.375,Avaliador-7,,Colégio Arco Íris Evolução,6.0,7.0,fase_0_7,18.0,3,-1.0,False,True
168,0,2007.0,2018,Rede Decisão,Ágata,6.917,44.0,5.0,4.0,Avaliador-6,Promovido de Fase + Bolsa,Avaliador-27,Mantido na Fase atual,Avaliador-30,Promovido de Fase,Avaliador-31,Promovido de Fase,7.9,8.3,6.3,Sem limitações,5.9,4.7,8.2,5.0,Não,7.083,5.0,Destaque: A sua boa entrega das lições de casa.,Melhorar: Empenhar-se mais nas aulas e avaliações.,Melhorar: Integrar-se mais aos Princípios Passos Mágicos.,2022,7.403999999999993,,,,4.0,5.0,fase_0_7,15.0,4,-1.0,False,True
168,0,2007.0,2018,Privada - Programa de Apadrinhamento,Agata,6.483083333,,,4.0,Avaliador-24,,Avaliador-7,,Avaliador-23,,Avaliador-8,,0.0,9.6,6.89,,4.7,4.3,3.0,6.7,,6.4225,10.0,,,,2023,6.5625,,,,5.0,5.0,fase_0_7,16.0,5,0.0,False,False
169,0,2007.0,2018,Escola Pública,Quartzo,5.159,73.0,9.0,4.0,Avaliador-6,Mantido na Fase atual,Avaliador-27,Mantido na Fase atual,Avaliador-30,Mantido na Fase atual,Avaliador-31,Promovido de Fase,7.5,5.1,6.3,Sem limitações,3.2,1.3,4.5,3.8,Não,4.792,5.0,Melhorar: Melhorar a sua entrega de lições de casa.,Melhorar: Empenhar-se mais nas aulas e avaliações.,Melhorar: Integrar-se mais aos Princípios Passos Mágicos.,2022,6.605999999999996,,,,4.0,5.0,fase_0_7,15.0,4,-1.0,False,True
17,1,2002.0,2022,Escola Pública,Topázio,8.068,2.0,1.0,4.0,Avaliador-6,Promovido de Fase + Bolsa,Avaliador-27,Mantido na Fase atual,Avaliador-29,Mantido na Fase + Bolsa,Avaliador-31,Mantido na Fase atual,8.8,10.0,7.5,Não atendido,7.8,9.0,6.5,,Sim,8.292,5.0,Destaque: A sua boa entrega das lições de casa.,Destaque: As suas boas notas na Passos Mágicos.,Destaque: A sua boa integração aos Princípios Passos Mágicos.,2022,7.195999999999989,,,,7.0,8.0,fase_0_7,20.0,0,-1.0,False,True
17,1,2002.0,2022,Privada - Pagamento por *Empresa Parceira,,,,,,,,,,,,,,,,,,,,,,,,10.0,,,,2023,,,,,8.0,8.0,fase_8,21.0,1,0.0,False,False
17,1,2002.0,2022,Privada - Pagamento por *Empresa Parceira,,,,,0.0,,,,,,,,,,,,,,,,,,,10.0,,,,2024,,,,Faculdade FIAP,8.0,8.0,fase_8,22.0,2,0.0,False,False
170,0,2008.0,2018,Rede Decisão,Ágata,7.007,40.0,4.0,4.0,Avaliador-6,Mantido na Fase atual,Avaliador-27,Mantido na Fase atual,Avaliador-30,Promovido de Fase,Avaliador-31,Promovido de Fase,8.3,9.2,5.6,Requer avaliação,4.9,3.7,6.7,4.3,Não,5.792,10.0,Destaque: A sua boa entrega das lições de casa.,Melhorar: Empenhar-se mais nas aulas e avaliações.,Melhorar: Integrar-se mais aos Princípios Passos Mágicos.,2022,6.385999999999994,,,,4.0,4.0,fase_0_7,14.0,4,0.0,False,False
170,0,2008.0,2018,Privada - Programa de Apadrinhamento,Ametista,7.062433333,,,4.0,Avaliador-32,,Avaliador-6,,Avaliador-34,,Avaliador-8,,8.8,8.9,2.52,,7.2,6.3,8.7,6.5,,7.6725,5.0,,,,2023,6.875,,,,3.0,5.0,fase_0_7,15.0,5,-2.0,False,True
170,0,2008.0,2021,Privada - Programa de Apadrinhamento,Ametista,7.646383333300001,,,6.0,Avaliador-23,,Avaliador-22,,Avaliador-17,,Avaliador-1,,9.168,8.5,5.635,,8.0,10.0,6.5,7.5,,8.028333333,5.0,,,,2024,7.604166667,Avaliador-5,Avaliador-26,Colégio Arco Íris Evolução,4.0,5.0,fase_0_7,16.0,3,-1.0,False,True
171,1,2006.0,2022,Escola Pública,Ágata,6.581,57.0,7.0,4.0,Avaliador-6,Promovido de Fase,Avaliador-27,Mantido na Fase atual,Avaliador-30,Promovido de Fase,Avaliador-31,Promovido de Fase,7.5,6.8,7.5,Sem limitações,5.5,3.0,8.0,,Não,6.875,5.0,Melhorar: Melhorar a sua entrega de lições de casa.,Melhorar: Empenhar-se mais nas aulas e avaliações.,Melhorar: Integrar-se mais aos Princípios Passos Mágicos.,2022,7.460000000000004,,,,4.0,6.0,fase_0_7,16.0,0,-2.0,False,True
171,1,2006.0,2022,Pública,Agata,6.293083333,,,4.0,Avaliador-24,,Avaliador-7,,Avaliador-23,,Avaliador-8,,7.5,7.2,5.0,,5.2,4.5,4.8,6.2,,6.755,5.0,,,,2023,7.1875,,,,5.0,7.0,fase_0_7,17.0,1,-2.0,False,True
171,1,2006.0,2022,Pública,Ametista,7.328933333333333,,,5.0,Avaliador-23,,Avaliador-24,,Avaliador-26,,Avaliador-1,,7.5,7.833333333333333,5.635,,8.333333333333334,7.0,8.0,10.0,,7.598,5.0,,,,2024,7.625,Avaliador-7,,EE Donizetti Aparecido Leite Professor,6.0,7.0,fase_0_7,18.0,2,-1.0,False,True
172,0,2008.0,2018,Rede Decisão,Topázio,8.673,1.0,1.0,4.0,Avaliador-6,Promovido de Fase + Bolsa,Avaliador-27,Mantido na Fase atual,Avaliador-30,Promovido de Fase,Avaliador-31,Promovido de Fase + Bolsa,9.2,8.9,9.4,Sem limitações,7.3,6.0,7.7,8.1,Não,8.917,10.0,Destaque: A sua boa entrega das lições de casa.,Melhorar: Empenhar-se mais nas aulas e avaliações.,Destaque: A sua boa integração aos Princípios Passos Mágicos.,2022,7.895999999999992,,,,4.0,4.0,fase_0_7,14.0,4,0.0,True,False
172,0,2008.0,2018,Privada - Programa de Apadrinhamento,,,,,,,,,,,,,,0.0,,3.77,,,,,,,,10.0,,,,2023,,,,,7.0,5.0,fase_0_7,15.0,5,2.0,False,False
172,0,2008.0,2021,Privada - Programa de Apadrinhamento,Topázio,8.128766666666667,,,0.0,,,,,,,,,8.751,9.8,6.57,,6.933333333333334,6.7,7.7,6.4,,7.5,10.0,,,,2024,7.5,,,Colégio Albert Einstein - SP,7.0,6.0,fase_0_7,16.0,3,1.0,False,False
173,1,2005.0,2019,Rede Decisão,Ametista,7.816,18.0,2.0,4.0,Avaliador-6,Promovido de Fase + Bolsa,Avaliador-27,Mantido na Fase atual,Avaliador-30,Promovido de Fase,Avaliador-31,Promovido de Fase + Bolsa,8.3,9.2,6.9,Requer avaliação,7.9,9.0,7.5,7.1,Não,9.25,2.5,Destaque: A sua boa entrega das lições de casa.,Destaque: As suas boas notas na Passos Mágicos.,Destaque: A sua boa integração aos Princípios Passos Mágicos.,2022,7.759999999999989,,,,4.0,7.0,fase_0_7,17.0,3,-3.0,True,True
173,1,2005.0,2019,Privada - Programa de Apadrinhamento,Ametista,7.757466667,,,4.0,Avaliador-24,,Avaliador-7,,Avaliador-23,,Avaliador-8,,9.2,8.5,6.26,,8.1,9.0,6.2,9.2,,7.8775,5.0,,,,2023,8.125,,,,5.0,7.0,fase_0_7,18.0,4,-2.0,False,True
173,1,2005.0,2021,Privada *Parcerias com Bolsa 100%,,,,,0.0,,,,,,,,,,,,,,,,,,,10.0,,,,2024,,,,Faculdade FIAP,8.0,8.0,fase_8,19.0,3,0.0,False,False
174,0,2007.0,2019,Escola Pública,Ágata,6.075,64.0,8.0,4.0,Avaliador-6,Mantido na Fase atual,Avaliador-27,Mantido na Fase atual,Avaliador-30,Promovido de Fase,Avaliador-31,Promovido de Fase,7.9,6.2,7.5,Sem limitações,4.4,4.0,5.3,3.8,Não,6.042,5.0,Melhorar: Melhorar a sua entrega de lições de casa.,Melhorar: Empenhar-se mais nas aulas e avaliações.,Melhorar: Integrar-se mais aos Princípios Passos Mágicos.,2022,7.065999999999999,,,,4.0,5.0,fase_0_7,15.0,3,-1.0,False,True
174,0,2007.0,2019,Pública,Agata,6.1242,,,4.0,Avaliador-21,,Avaliador-6,,Avaliador-23,,Avaliador-8,,7.9,5.6,5.0,,5.1,3.7,7.3,4.3,,7.2125,5.0,,,,2023,7.5,,,,4.0,6.0,fase_0_7,16.0,4,-2.0,False,True
175,0,2007.0,2018,Rede Decisão,Ágata,6.75,51.0,6.0,4.0,Avaliador-6,Mantido na Fase atual,Avaliador-27,Mantido na Fase atual,Avaliador-30,Promovido de Fase,Avaliador-31,Promovido de Fase,8.3,9.2,5.6,Requer avaliação,5.9,4.7,7.2,5.9,Não,5.833,5.0,Destaque: A sua boa entrega das lições de casa.,Melhorar: Empenhar-se mais nas aulas e avaliações.,Melhorar: Integrar-se mais aos Princípios Passos Mágicos.,2022,6.734000000000009,,,,4.0,5.0,fase_0_7,15.0,4,-1.0,False,True
175,0,2007.0,2018,Privada - Programa de Apadrinhamento,Agata,6.569516667,,,4.0,Avaliador-24,,Avaliador-7,,Avaliador-23,,Avaliador-8,,8.8,9.2,2.52,,4.8,5.0,5.0,4.5,,7.085,5.0,,,,2023,7.1875,,,,5.0,6.0,fase_0_7,16.0,5,-1.0,False,True
175,0,2007.0,2021,Privada - Programa de Apadrinhamento,Topázio,8.024136842133334,,,5.0,Avaliador-23,,Avaliador-24,,Avaliador-26,,Avaliador-1,,10.002,9.473684210666669,6.26,,8.5,9.5,6.5,9.5,,7.766,5.0,,,,2024,7.5,Avaliador-7,,Colégio Arco Íris Evolução,6.0,7.0,fase_0_7,17.0,3,-1.0,False,True
176,0,2009.0,2018,Rede Decisão,Topázio,8.427,12.0,4.0,4.0,Avaliador-6,Promovido de Fase + Bolsa,Avaliador-27,Promovido de Fase,Avaliador-30,Promovido de Fase,Avaliador-31,Promovido de Fase + Bolsa,9.6,9.1,5.6,Requer avaliação,6.9,5.1,6.8,8.7,Não,9.083,10.0,Destaque: A sua boa entrega das lições de casa.,Melhorar: Empenhar-se mais nas aulas e avaliações.,Destaque: A sua boa integração aos Princípios Passos Mágicos.,2022,8.903999999999996,,,,3.0,3.0,fase_0_7,13.0,4,0.0,True,False
176,0,2009.0,2018,Privada - Programa de Apadrinhamento,Topázio,8.316833333,,,4.0,Avaliador-21,,Avaliador-6,,Avaliador-23,,Avaliador-8,,9.6,9.5,2.52,,8.0,7.3,7.3,9.3,,9.0025,10.0,,,,2023,8.125,,,,4.0,4.0,fase_0_7,14.0,5,0.0,True,False
176,0,2009.0,2021,Privada - Programa de Apadrinhamento,Topázio,8.828632575733334,,,4.0,Avaliador-23,,Avaliador-22,,Avaliador-1,,Avaliador-5,,9.585,9.545454545333332,6.26,,8.833333333333334,9.0,8.0,9.5,,8.545,10.0,,,,2024,8.59375,,,Colégio Arco Íris Evolução,5.0,4.0,fase_0_7,15.0,3,1.0,True,False
177,0,2009.0,2022,Escola Pública,Ametista,7.424,40.0,9.0,4.0,Avaliador-6,Promovido de Fase,Avaliador-27,Mantido na Fase atual,Avaliador-30,Promovido de Fase,Avaliador-31,Mantido na Fase atual,7.9,8.8,4.4,Requer avaliação,6.8,6.0,7.5,,Não,6.958,10.0,Destaque: A sua boa entrega das lições de casa.,Melhorar: Empenhar-se mais nas aulas e avaliações.,Melhorar: Integrar-se mais aos Princípios Passos Mágicos.,2022,6.823999999999986,,,,3.0,3.0,fase_0_7,13.0,0,0.0,False,False
178,0,2009.0,2016,Rede Decisão,Ágata,7.025,61.0,13.0,4.0,Avaliador-6,Promovido de Fase + Bolsa,Avaliador-27,Promovido de Fase,Avaliador-30,Promovido de Fase,Avaliador-31,Promovido de Fase + Bolsa,0.0,8.8,4.4,Requer avaliação,6.3,6.2,5.3,7.3,Não,8.458,10.0,Destaque: A sua boa entrega das lições de casa.,Melhorar: Empenhar-se mais nas aulas e avaliações.,Destaque: A sua boa integração aos Princípios Passos Mágicos.,2022,8.734000000000002,,,,3.0,3.0,fase_0_7,13.0,6,0.0,True,False
178,0,2009.0,2016,Privada - Programa de Apadrinhamento,Ametista,7.406658333,,,4.0,Avaliador-21,,Avaliador-6,,Avaliador-23,,Avaliador-8,,7.9,8.7,2.52,,5.9,6.3,5.8,5.5,,8.42,10.0,,,,2023,7.65625,,,,4.0,4.0,fase_0_7,14.0,7,0.0,False,False
178,0,2008.0,2021,Privada - Programa de Apadrinhamento,Ametista,7.234168831200001,,,5.0,Avaliador-23,,Avaliador-24,,Avaliador-26,,Avaliador-1,,9.585,8.739177489333334,6.26,,4.166666666666667,2.5,2.5,7.5,,6.53,10.0,,,,2024,7.625,Avaliador-7,,Colégio Arco Íris Evolução,5.0,5.0,fase_0_7,16.0,3,0.0,False,False
179,1,2010.0,2022,Escola Pública,Ametista,7.993,22.0,5.0,4.0,Avaliador-6,Promovido de Fase + Bolsa,Avaliador-27,Promovido de Fase,Avaliador-30,Promovido de Fase,Avaliador-31,Promovido de Fase + Bolsa,7.5,9.2,7.5,Sem limitações,6.1,3.7,6.7,8.0,Sim,8.042,10.0,Destaque: A sua boa entrega das lições de casa.,Melhorar: Empenhar-se mais nas aulas e avaliações.,Destaque: A sua boa integração aos Princípios Passos Mágicos.,2022,8.246000000000002,,,,3.0,3.0,fase_0_7,12.0,0,0.0,False,False
179,1,2010.0,2022,Pública,Topázio,8.437641667,,,4.0,Avaliador-32,,Avaliador-6,,Avaliador-4,,Avaliador-8,,8.8,9.4,7.52,,6.4,8.7,6.3,4.3,,8.9225,10.0,,,,2023,8.59375,,,,3.0,3.0,fase_0_7,13.0,1,0.0,False,False
179,1,2010.0,2022,Privada,Topázio,8.932712280733334,,,5.0,Avaliador-21,,Avaliador-23,,Avaliador-26,,Avaliador-1,,9.168,9.407894737,9.38,,8.166666666666666,7.0,8.0,9.5,,8.44,10.0,,,,2024,8.75,Avaliador-5,,Recanto Betânia Centro Educacional,4.0,3.0,fase_0_7,14.0,2,1.0,True,False
18,1,2003.0,2022,Escola Pública,Ametista,7.226,7.0,5.0,4.0,Avaliador-6,Promovido de Fase + Bolsa,Avaliador-27,Mantido na Fase atual,Avaliador-29,Promovido de Fase + Bolsa,Avaliador-31,Mantido na Fase atual,6.3,8.7,6.3,Requer avaliação,9.0,9.0,9.0,,Sim,6.875,5.0,Destaque: A sua boa entrega das lições de casa.,Destaque: As suas boas notas na Passos Mágicos.,Melhorar: Integrar-se mais aos Princípios Passos Mágicos.,2022,5.510000000000002,,,,7.0,8.0,fase_0_7,19.0,0,-1.0,False,True
180,1,2010.0,2018,Rede Decisão,Topázio,8.442,11.0,3.0,4.0,Avaliador-6,Promovido de Fase + Bolsa,Avaliador-27,Promovido de Fase,Avaliador-30,Promovido de Fase,Avaliador-31,Promovido de Fase + Bolsa,9.2,8.3,6.3,Requer avaliação,8.1,7.7,8.3,8.3,Não,8.625,10.0,Destaque: A sua boa entrega das lições de casa.,Destaque: As suas boas notas na Passos Mágicos.,Destaque: A sua boa integração aos Princípios Passos Mágicos.,2022,8.870000000000005,,,,3.0,3.0,fase_0_7,12.0,4,0.0,True,False
180,1,2010.0,2018,Privada - Programa de Apadrinhamento,Topázio,8.283216667,,,4.0,Avaliador-21,,Avaliador-6,,Avaliador-23,,Avaliador-8,,9.2,9.4,2.52,,8.0,8.3,7.3,8.5,,8.92,10.0,,,,2023,8.4375,,,,4.0,3.0,fase_0_7,13.0,5,1.0,False,False
180,1,2010.0,2021,Privada - Programa de Apadrinhamento,Topázio,8.801463636333335,,,5.0,Avaliador-23,,Avaliador-24,,Avaliador-26,,Avaliador-1,,9.168,9.431818181666666,7.51,,8.5,9.0,8.5,8.0,,8.674,10.0,,,,2024,8.125,Avaliador-7,,Colégio Arco Íris Evolução,5.0,3.0,fase_0_7,14.0,3,2.0,True,False
181,0,2009.0,2019,Rede Decisão,Topázio,8.623,6.0,2.0,4.0,Avaliador-6,Promovido de Fase + Bolsa,Avaliador-27,Promovido de Fase,Avaliador-30,Promovido de Fase,Avaliador-31,Promovido de Fase,9.2,9.5,8.8,Não atendido,6.8,6.8,7.3,6.2,Não,8.458,10.0,Destaque: A sua boa entrega das lições de casa.,Melhorar: Empenhar-se mais nas aulas e avaliações.,Destaque: A sua boa integração aos Princípios Passos Mágicos.,2022,8.713999999999986,,,,3.0,3.0,fase_0_7,13.0,3,0.0,True,False
181,0,2009.0,2019,Privada - Programa de Apadrinhamento,Ametista,7.671208333,,,4.0,Avaliador-21,,Avaliador-6,,Avaliador-23,,Avaliador-8,,9.6,8.3,2.52,,6.8,8.3,6.5,5.5,,8.2525,10.0,,,,2023,7.96875,,,,4.0,4.0,fase_0_7,14.0,4,0.0,False,False
181,0,2009.0,2021,Privada - Programa de Apadrinhamento,Ametista,7.439841414133334,,,5.0,Avaliador-23,,Avaliador-24,,Avaliador-26,,Avaliador-1,,7.5,8.737373737333334,6.26,,4.333333333333333,0.0,7.5,5.5,,8.436,10.0,,,,2024,7.625,Avaliador-7,,Colégio Arco Íris Evolução,5.0,5.0,fase_0_7,15.0,3,0.0,True,False
182,0,2006.0,2021,Escola Pública,Ágata,6.328,93.0,15.0,4.0,Avaliador-6,Mantido na Fase atual,Avaliador-27,Promovido de Fase,Avaliador-30,Promovido de Fase,Avaliador-31,Promovido de Fase,7.5,8.0,7.5,Não atendido,4.1,1.3,5.7,5.4,Não,6.958,2.5,Destaque: A sua boa entrega das lições de casa.,Melhorar: Empenhar-se mais nas aulas e avaliações.,Melhorar: Integrar-se mais aos Princípios Passos Mágicos.,2022,7.664,,,,3.0,6.0,fase_0_7,16.0,1,-3.0,False,True
183,0,2009.0,2022,Escola Pública,Ametista,7.3,46.0,11.0,4.0,Avaliador-6,Promovido de Fase,Avaliador-27,Promovido de Fase,Avaliador-30,Mantido na Fase atual,Avaliador-31,Promovido de Fase,8.3,8.8,7.5,Não atendido,3.8,0.0,7.5,,Não,7.25,10.0,Destaque: A sua boa entrega das lições de casa.,Melhorar: Empenhar-se mais nas aulas e avaliações.,Melhorar: Integrar-se mais aos Princípios Passos Mágicos.,2022,7.499999999999991,,,,3.0,3.0,fase_0_7,13.0,0,0.0,False,False
183,0,2009.0,2022,Pública,Ametista,7.586241667,,,4.0,Avaliador-21,,Avaliador-6,,Avaliador-4,,Avaliador-8,,7.9,9.7,2.52,,7.7,7.0,8.0,8.2,,8.795,5.0,,,,2023,7.96875,,,,3.0,4.0,fase_0_7,14.0,1,-1.0,False,True
183,0,2009.0,2022,Pública,Topázio,8.266902371533334,,,5.0,Avaliador-21,,Avaliador-23,,Avaliador-26,,Avaliador-1,,7.917,9.249011857666666,6.26,,7.5,5.0,7.5,10.0,,8.372,10.0,,,,2024,8.25,Avaliador-5,,EE Mario Francisco de Amorim,4.0,4.0,fase_0_7,15.0,2,0.0,False,False
184,1,2006.0,2019,Escola Pública,Ametista,7.28,47.0,12.0,4.0,Avaliador-6,Promovido de Fase + Bolsa,Avaliador-27,Promovido de Fase + Bolsa,Avaliador-30,Promovido de Fase,Avaliador-31,Promovido de Fase,8.8,7.7,7.5,Não atendido,7.2,5.0,7.3,9.3,Sim,8.0,2.5,Destaque: A sua boa entrega das lições de casa.,Melhorar: Empenhar-se mais nas aulas e avaliações.,Destaque: A sua boa integração aos Princípios Passos Mágicos.,2022,8.199999999999994,,,,3.0,6.0,fase_0_7,16.0,3,-3.0,False,True
184,1,2010.0,2019,Pública,Topázio,8.430241667,,,4.0,Avaliador-21,,Avaliador-6,,Avaliador-23,,Avaliador-8,,7.9,9.5,7.52,,7.1,7.3,6.3,7.8,,8.5025,10.0,,,,2023,8.59375,,,,4.0,3.0,fase_0_7,13.0,4,1.0,False,False
184,1,2010.0,2021,Privada - Programa de Apadrinhamento,Topázio,8.471456704266666,,,5.0,Avaliador-23,,Avaliador-26,,Avaliador-22,,Avaliador-1,,8.751,8.696741854666667,6.26,,8.166666666666666,9.5,5.0,10.0,,9.004,10.0,,,,2024,7.96875,Avaliador-5,,Colégio Arco Íris Evolução,5.0,4.0,fase_0_7,14.0,3,1.0,True,False
185,1,2007.0,2021,Escola Pública,Ágata,6.615,81.0,14.0,4.0,Avaliador-6,Mantido na Fase atual,Avaliador-27,Promovido de Fase,Avaliador-30,Promovido de Fase,Avaliador-31,Promovido de Fase,7.9,7.7,7.5,Não atendido,4.5,3.3,5.7,4.5,Não,6.875,5.0,Destaque: A sua boa entrega das lições de casa.,Melhorar: Empenhar-se mais nas aulas e avaliações.,Melhorar: Integrar-se mais aos Princípios Passos Mágicos.,2022,7.599999999999998,,,,3.0,5.0,fase_0_7,15.0,1,-2.0,False,True
186,0,2009.0,2019,Escola Pública,Ametista,7.832,29.0,7.0,4.0,Avaliador-6,Promovido de Fase,Avaliador-27,Promovido de Fase,Avaliador-30,Promovido de Fase,Avaliador-31,Promovido de Fase + Bolsa,8.3,8.5,7.5,Não atendido,6.6,6.0,5.7,8.0,Sim,7.5,10.0,Destaque: A sua boa entrega das lições de casa.,Melhorar: Empenhar-se mais nas aulas e avaliações.,Melhorar: Integrar-se mais aos Princípios Passos Mágicos.,2022,7.319999999999993,,,,3.0,3.0,fase_0_7,13.0,3,0.0,False,False
186,0,2009.0,2019,Privada,Ametista,7.817541667,,,4.0,Avaliador-21,,Avaliador-6,,Avaliador-23,,Avaliador-8,,7.5,9.7,2.52,,6.9,6.8,7.0,7.0,,8.46,10.0,,,,2023,7.96875,,,,4.0,4.0,fase_0_7,14.0,4,0.0,False,False
186,0,2009.0,2021,Privada,Topázio,8.325963636333334,,,5.0,Avaliador-23,,Avaliador-24,,Avaliador-26,,Avaliador-1,,7.917,9.640151515,6.26,,7.166666666666667,6.0,7.0,8.5,,8.672,10.0,,,,2024,8.125,Avaliador-7,,Colégio Nogueira e Sonho de Criança,5.0,4.0,fase_0_7,15.0,3,1.0,True,False
187,0,2010.0,2019,Rede Decisão,Ametista,7.928,25.0,6.0,4.0,Avaliador-6,Promovido de Fase + Bolsa,Avaliador-27,Promovido de Fase,Avaliador-30,Promovido de Fase,Avaliador-31,Promovido de Fase + Bolsa,8.8,8.9,7.5,Não atendido,5.8,5.3,7.2,4.8,Não,7.917,10.0,Destaque: A sua boa entrega das lições de casa.,Melhorar: Empenhar-se mais nas aulas e avaliações.,Destaque: A sua boa integração aos Princípios Passos Mágicos.,2022,7.745999999999995,,,,3.0,3.0,fase_0_7,12.0,3,0.0,False,False
187,0,2010.0,2019,Privada - Programa de Apadrinhamento,Ametista,7.809875,,,4.0,Avaliador-21,,Avaliador-6,,Avaliador-4,,Avaliador-8,,7.5,9.9,2.52,,6.9,7.3,8.7,4.7,,8.255,10.0,,,,2023,7.96875,,,,3.0,3.0,fase_0_7,13.0,4,0.0,False,False
187,0,2010.0,2021,Privada - Programa de Apadrinhamento,Topázio,8.568424074066666,,,3.0,Avaliador-21,,Avaliador-20,,Avaliador-26,,,,8.751,9.537037037,5.635,,7.833333333333333,7.5,7.0,9.0,,9.06,10.0,,,,2024,8.4375,,,Colégio Arco Íris Evolução,4.0,4.0,fase_0_7,14.0,3,0.0,True,False
188,1,2008.0,2021,Escola Pública,Quartzo,5.307,122.0,16.0,4.0,Avaliador-6,Promovido de Fase + Bolsa,Avaliador-27,Promovido de Fase + Bolsa,Avaliador-30,Mantido na Fase atual,Avaliador-31,Promovido de Fase,0.0,6.1,7.5,Não atendido,2.7,3.0,3.2,2.0,Sim,7.583,5.0,Melhorar: Melhorar a sua entrega de lições de casa.,Melhorar: Empenhar-se mais nas aulas e avaliações.,Destaque: A sua boa integração aos Princípios Passos Mágicos.,2022,7.804000000000002,,,,3.0,4.0,fase_0_7,14.0,1,-1.0,False,True
189,1,2008.0,2018,Rede Decisão,Ametista,7.629,33.0,8.0,4.0,Avaliador-6,Promovido de Fase + Bolsa,Avaliador-27,Promovido de Fase,Avaliador-30,Mantido na Fase atual,Avaliador-31,Promovido de Fase + Bolsa,10.0,9.7,5.0,Requer avaliação,7.2,6.3,7.2,8.0,Não,7.333,5.0,Destaque: A sua boa entrega das lições de casa.,Melhorar: Empenhar-se mais nas aulas e avaliações.,Melhorar: Integrar-se mais aos Princípios Passos Mágicos.,2022,7.823999999999991,,,,3.0,4.0,fase_0_7,14.0,4,-1.0,False,True
189,1,2008.0,2018,Privada - Programa de Apadrinhamento,Ametista,7.727325,,,4.0,Avaliador-21,,Avaliador-6,,Avaliador-23,,Avaliador-8,,7.9,9.4,2.52,,6.5,6.3,6.5,6.7,,8.3775,10.0,,,,2023,8.28125,,,,4.0,4.0,fase_0_7,15.0,5,0.0,False,False
189,1,2008.0,2021,Privada - Programa de Apadrinhamento,Topázio,8.586533333333334,,,5.0,Avaliador-23,,Avaliador-24,,Avaliador-26,,Avaliador-1,,10.002,10.0,6.255,,8.166666666666666,7.0,7.5,10.0,,8.2,10.0,,,,2024,6.875,Avaliador-7,,Colégio Arco Íris Evolução,5.0,5.0,fase_0_7,16.0,3,0.0,False,False
19,0,2003.0,2022,Escola Pública,Ametista,7.665,4.0,3.0,4.0,Avaliador-6,Promovido de Fase + Bolsa,Avaliador-27,Mantido na Fase atual,Avaliador-29,Promovido de Fase + Bolsa,Avaliador-31,Mantido na Fase atual,7.9,9.5,7.5,Sem limitações,8.0,7.0,9.0,,Sim,7.0,5.0,Destaque: A sua boa entrega das lições de casa.,Destaque: As suas boas notas na Passos Mágicos.,Melhorar: Integrar-se mais aos Princípios Passos Mágicos.,2022,7.2499999999999964,,,,7.0,8.0,fase_0_7,19.0,0,-1.0,False,True
19,0,2003.0,2022,Nenhuma das opções acima,Ametista,7.710866667,,,4.0,Avaliador-32,,Avaliador-7,,Avaliador-23,,Avaliador-8,,7.9,9.4,5.63,,7.8,7.7,7.0,8.8,,8.1725,5.0,,,,2023,7.75,,,,7.0,8.0,fase_0_7,20.0,1,-1.0,False,True
19,0,2003.0,2022,Privada *Parcerias com Bolsa 100%,,,,,0.0,,,,,,,,,,,,,,,,,,,10.0,,,,2024,,,,Universidade Santo Amaro (UNISA),8.0,8.0,fase_8,21.0,2,0.0,False,False
190,0,2009.0,2022,Escola Pública,Ametista,7.335,44.0,10.0,4.0,Avaliador-6,Promovido de Fase,Avaliador-27,Promovido de Fase,Avaliador-30,Mantido na Fase atual,Avaliador-31,Mantido na Fase atual,6.7,6.9,8.8,Não atendido,6.3,5.0,7.5,,Não,7.25,10.0,Melhorar: Melhorar a sua entrega de lições de casa.,Melhorar: Empenhar-se mais nas aulas e avaliações.,Melhorar: Integrar-se mais aos Princípios Passos Mágicos.,2022,6.950000000000003,,,,3.0,3.0,fase_0_7,13.0,0,0.0,False,False
190,0,2009.0,2022,Pública,Agata,6.934158333,,,4.0,Avaliador-21,,Avaliador-6,,Avaliador-4,,Avaliador-8,,7.9,9.5,2.52,,5.7,5.8,5.2,6.0,,7.9575,5.0,,,,2023,7.65625,,,,3.0,4.0,fase_0_7,14.0,1,-1.0,False,True
191,1,2009.0,2019,Rede Decisão,Topázio,8.74,2.0,1.0,4.0,Avaliador-6,Promovido de Fase + Bolsa,Avaliador-27,Promovido de Fase,Avaliador-30,Promovido de Fase,Avaliador-31,Promovido de Fase + Bolsa,10.0,9.4,8.8,Não atendido,7.2,8.0,7.2,6.3,Não,8.5,10.0,Destaque: A sua boa entrega das lições de casa.,Melhorar: Empenhar-se mais nas aulas e avaliações.,Destaque: A sua boa integração aos Princípios Passos Mágicos.,2022,8.399999999999999,,,,3.0,3.0,fase_0_7,13.0,3,0.0,True,False
191,1,2009.0,2019,Privada - Programa de Apadrinhamento,Ametista,7.263666667,,,4.0,Avaliador-21,,Avaliador-6,,Avaliador-23,,Avaliador-8,,0.0,9.7,2.52,,7.8,8.7,7.0,7.8,,8.4625,10.0,,,,2023,8.125,,,,4.0,4.0,fase_0_7,14.0,4,0.0,False,False
191,1,2009.0,2021,Privada *Parcerias com Bolsa 100%,Ametista,7.7887,,,0.0,,,,,,,,,7.5,9.571,5.945,,6.4,6.0,6.9,6.3,,7.5,10.0,,,,2024,7.5,,,FIAP School - SP,7.0,5.0,fase_0_7,15.0,3,2.0,False,False
192,1,2007.0,2021,Escola Pública,Quartzo,4.932,130.0,14.0,4.0,Avaliador-6,Mantido na Fase atual,Avaliador-27,Promovido de Fase,Avaliador-30,Promovido de Fase,Avaliador-31,Alocado em Fase anterior,8.8,3.6,7.5,Não atendido,2.7,1.7,4.7,1.7,Não,4.708,5.0,Melhorar: Melhorar a sua entrega de lições de casa.,Melhorar: Empenhar-se mais nas aulas e avaliações.,Melhorar: Integrar-se mais aos Princípios Passos Mágicos.,2022,6.003999999999996,,,,3.0,5.0,fase_0_7,15.0,1,-2.0,False,True
192,1,2007.0,2021,Privada,Agata,6.616016667,,,4.0,Avaliador-21,,Avaliador-6,,Avaliador-23,,Avaliador-8,,8.8,6.2,5.0,,6.5,6.0,5.8,7.8,,7.3775,5.0,,,,2023,7.1875,,,,4.0,6.0,fase_0_7,16.0,2,-2.0,False,True
192,1,2007.0,2021,Privada,Agata,6.882960606066668,,,5.0,Avaliador-23,,Avaliador-24,,Avaliador-26,,Avaliador-1,,8.334,6.363636363666667,7.51,,7.166666666666667,4.0,7.5,10.0,,6.9,5.0,,,,2024,7.125,Avaliador-7,,Rede Decisão - Unidade União,5.0,7.0,fase_0_7,17.0,3,-2.0,False,True
193,1,2010.0,2016,Rede Decisão,Topázio,8.155,16.0,2.0,4.0,Avaliador-6,Promovido de Fase + Bolsa,Avaliador-27,Promovido de Fase,Avaliador-30,Promovido de Fase,Avaliador-31,Promovido de Fase + Bolsa,9.2,8.9,5.6,Sem limitações,6.7,5.0,6.3,8.7,Não,8.5,10.0,Destaque: A sua boa entrega das lições de casa.,Melhorar: Empenhar-se mais nas aulas e avaliações.,Destaque: A sua boa integração aos Princípios Passos Mágicos.,2022,8.549999999999995,,,,3.0,3.0,fase_0_7,12.0,6,0.0,True,False
193,1,2010.0,2016,Privada - Programa de Apadrinhamento,Ametista,7.718566667,,,4.0,Avaliador-21,,Avaliador-6,,Avaliador-23,,Avaliador-8,,8.3,9.4,2.52,,6.5,6.0,6.3,7.3,,8.17,10.0,,,,2023,8.125,,,,4.0,3.0,fase_0_7,13.0,7,1.0,False,False
193,1,2010.0,2021,Privada - Programa de Apadrinhamento,Topázio,8.465046969666668,,,4.0,Avaliador-23,,Avaliador-22,,Avaliador-1,,Avaliador-5,,8.751,9.848484848333332,6.26,,7.0,6.5,4.5,10.0,,8.7525,10.0,,,,2024,8.4375,,,Colégio Arco Íris Evolução,5.0,4.0,fase_0_7,14.0,3,1.0,True,False
194,0,2008.0,2022,Escola Pública,Quartzo,4.265,144.0,15.0,4.0,Avaliador-6,Mantido na Fase atual,Avaliador-27,Mantido na Fase atual,Avaliador-30,Mantido na Fase atual,Avaliador-31,Promovido de Fase,0.0,6.2,5.0,Requer avaliação,3.2,3.7,5.8,0.0,Não,3.75,5.0,Melhorar: Melhorar a sua entrega de lições de casa.,Melhorar: Empenhar-se mais nas aulas e avaliações.,Melhorar: Integrar-se mais aos Princípios Passos Mágicos.,2022,6.349999999999993,,,,3.0,4.0,fase_0_7,14.0,0,-1.0,False,True
195,0,2009.0,2017,Rede Decisão,Ametista,8.017,21.0,4.0,4.0,Avaliador-6,Promovido de Fase + Bolsa,Avaliador-27,Promovido de Fase,Avaliador-30,Promovido de Fase,Avaliador-31,Promovido de Fase + Bolsa,8.8,9.2,5.0,Requer avaliação,6.3,6.8,6.3,5.8,Não,8.25,10.0,Destaque: A sua boa entrega das lições de casa.,Melhorar: Empenhar-se mais nas aulas e avaliações.,Destaque: A sua boa integração aos Princípios Passos Mágicos.,2022,8.869999999999996,,,,3.0,3.0,fase_0_7,13.0,5,0.0,False,False
195,0,2009.0,2017,Privada - Programa de Apadrinhamento,Ametista,7.60205,,,4.0,Avaliador-21,,Avaliador-6,,Avaliador-23,,Avaliador-8,,7.1,9.2,2.52,,6.0,6.3,6.2,5.5,,8.79,10.0,,,,2023,8.4375,,,,4.0,4.0,fase_0_7,14.0,6,0.0,False,False
195,0,2009.0,2021,Privada - Programa de Apadrinhamento,Topázio,8.4690496032,,,4.0,Avaliador-23,,Avaliador-22,,Avaliador-1,,Avaliador-5,,7.5,9.682539682666668,6.26,,7.833333333333333,9.0,6.5,8.0,,8.965,10.0,,,,2024,7.96875,,,Colégio Arco Íris Evolução,5.0,4.0,fase_0_7,15.0,3,1.0,True,False
196,1,2010.0,2018,Rede Decisão,Topázio,8.124,17.0,3.0,4.0,Avaliador-6,Promovido de Fase + Bolsa,Avaliador-27,Promovido de Fase,Avaliador-30,Promovido de Fase,Avaliador-31,Promovido de Fase + Bolsa,9.2,9.1,7.5,Não atendido,5.1,4.0,6.0,5.3,Não,8.625,10.0,Destaque: A sua boa entrega das lições de casa.,Melhorar: Empenhar-se mais nas aulas e avaliações.,Destaque: A sua boa integração aos Princípios Passos Mágicos.,2022,8.890000000000011,,,,3.0,3.0,fase_0_7,12.0,4,0.0,True,False
196,1,2010.0,2018,Privada - Programa de Apadrinhamento,Ametista,7.560991667,,,4.0,Avaliador-21,,Avaliador-6,,Avaliador-23,,Avaliador-8,,7.9,9.0,2.52,,6.2,7.0,6.0,5.7,,8.2125,10.0,,,,2023,8.28125,,,,4.0,3.0,fase_0_7,13.0,5,1.0,False,False
196,1,2010.0,2021,Privada - Programa de Apadrinhamento,Topázio,8.823550937933334,,,4.0,Avaliador-23,,Avaliador-22,,Avaliador-1,,Avaliador-5,,8.751,9.689754689666666,7.51,,8.0,8.0,7.0,9.0,,8.9225,10.0,,,,2024,8.75,,,Colégio Arco Íris Evolução,5.0,4.0,fase_0_7,14.0,3,1.0,True,False
197,0,2009.0,2021,Rede Decisão,Topázio,8.218,15.0,1.0,4.0,Avaliador-6,Promovido de Fase + Bolsa,Avaliador-27,Promovido de Fase,Avaliador-30,Promovido de Fase,Avaliador-31,Promovido de Fase + Bolsa,8.8,9.7,4.4,Requer avaliação,7.3,6.0,7.5,8.3,Não,8.292,10.0,Destaque: A sua boa entrega das lições de casa.,Melhorar: Empenhar-se mais nas aulas e avaliações.,Destaque: A sua boa integração aos Princípios Passos Mágicos.,2022,8.39599999999999,,,,3.0,3.0,fase_0_7,13.0,1,0.0,False,False
197,0,2009.0,2021,Privada - Programa de Apadrinhamento,Ametista,7.967608333,,,4.0,Avaliador-21,,Avaliador-6,,Avaliador-23,,Avaliador-8,,8.3,9.8,2.52,,7.2,7.0,7.3,7.2,,8.46,10.0,,,,2023,7.96875,,,,4.0,3.0,fase_0_7,14.0,2,1.0,False,False
197,0,2009.0,2021,Privada - Programa de Apadrinhamento,Topázio,8.568238636333334,,,4.0,Avaliador-23,,Avaliador-22,,Avaliador-1,,Avaliador-5,,7.5,9.848484848333332,6.26,,8.333333333333334,7.0,8.0,10.0,,8.795,10.0,,,,2024,7.96875,,,Colégio Arco Íris Evolução,5.0,5.0,fase_0_7,15.0,3,0.0,True,False
198,1,2009.0,2017,Escola Pública,Quartzo,5.554,117.0,11.0,4.0,Avaliador-6,Promovido de Fase,Avaliador-27,Mantido na Fase atual,Avaliador-30,Promovido de Fase,Avaliador-31,Mantido na Fase atual,0.0,6.2,5.0,Requer avaliação,4.6,5.2,5.8,2.8,Não,5.958,10.0,Melhorar: Melhorar a sua entrega de lições de casa.,Melhorar: Empenhar-se mais nas aulas e avaliações.,Melhorar: Integrar-se mais aos Princípios Passos Mágicos.,2022,7.023999999999999,,,,3.0,3.0,fase_0_7,13.0,5,0.0,False,False
199,1,2009.0,2022,Escola Pública,Ametista,7.564,34.0,5.0,4.0,Avaliador-6,Promovido de Fase,Avaliador-27,Mantido na Fase atual,Avaliador-30,Promovido de Fase,Avaliador-31,Promovido de Fase,8.3,7.1,7.5,Não atendido,7.5,5.7,7.8,9.0,Não,6.458,10.0,Melhorar: Melhorar a sua entrega de lições de casa.,Destaque: As suas boas notas na Passos Mágicos.,Melhorar: Integrar-se mais aos Princípios Passos Mágicos.,2022,7.724000000000002,,,,3.0,3.0,fase_0_7,13.0,0,0.0,False,False
199,1,2009.0,2022,Privada,Ametista,7.892341667,,,4.0,Avaliador-32,,Avaliador-6,,Avaliador-4,,Avaliador-8,,9.2,7.6,7.51,,8.5,8.2,8.2,9.2,,8.505,5.0,,,,2023,7.96875,,,,3.0,4.0,fase_0_7,14.0,1,-1.0,False,True
199,1,2009.0,2022,Privada,Ametista,7.419398245666667,,,5.0,Avaliador-21,,Avaliador-23,,Avaliador-26,,Avaliador-1,,8.334,7.554824561666667,6.88,,7.166666666666667,5.0,9.0,7.5,,8.206,5.0,,,,2024,8.125,Avaliador-5,,Estuda em outra cidade,4.0,5.0,fase_0_7,15.0,2,-1.0,False,True
2,0,2005.0,2017,Rede Decisão,Ametista,7.055,8.0,3.0,4.0,Avaliador-5,Promovido de Fase,Avaliador-27,Promovido de Fase + Bolsa,Avaliador-28,Promovido de Fase,Avaliador-31,Promovido de Fase + Bolsa,8.8,5.2,6.3,Sem limitações,6.8,6.3,4.5,9.7,Não,6.778,10.0,Melhorar: Melhorar a sua entrega de lições de casa.,Melhorar: Empenhar-se mais nas aulas e avaliações.,Melhorar: Integrar-se mais aos Princípios Passos Mágicos.,2022,7.893999999999997,,,,7.0,7.0,fase_0_7,17.0,5,0.0,False,False
2,0,2005.0,2017,Privada *Parcerias com Bolsa 100%,,,,,,,,,,,,,,,,,,,,,,,,10.0,,,,2023,,,,,8.0,8.0,fase_8,18.0,6,0.0,False,False
2,0,2005.0,2021,Privada *Parcerias com Bolsa 100%,,,,,0.0,,,,,,,,,,,,,,,,,,,10.0,,,,2024,,,,Faculdade FIAP,8.0,8.0,fase_8,19.0,3,0.0,False,False
20,0,2003.0,2022,Escola Pública,Ametista,7.535,5.0,4.0,4.0,Avaliador-6,Promovido de Fase + Bolsa,Avaliador-27,Mantido na Fase atual,Avaliador-29,Mantido na Fase + Bolsa,Avaliador-31,Mantido na Fase atual,7.1,10.0,6.3,Não atendido,7.8,9.0,6.5,,Sim,7.167,5.0,Destaque: A sua boa entrega das lições de casa.,Destaque: As suas boas notas na Passos Mágicos.,Melhorar: Integrar-se mais aos Princípios Passos Mágicos.,2022,7.016,,,,7.0,8.0,fase_0_7,19.0,0,-1.0,False,True
200,1,2007.0,2018,Escola JP II,Quartzo,5.705,109.0,9.0,4.0,Avaliador-6,Promovido de Fase,Avaliador-27,Promovido de Fase,Avaliador-30,Promovido de Fase,Avaliador-31,Mantido na Fase atual,7.9,5.6,4.4,Requer avaliação,5.5,4.7,5.0,6.8,Não,4.917,5.0,Melhorar: Melhorar a sua entrega de lições de casa.,Melhorar: Empenhar-se mais nas aulas e avaliações.,Melhorar: Integrar-se mais aos Princípios Passos Mágicos.,2022,7.716000000000003,,,,3.0,5.0,fase_0_7,15.0,4,-2.0,False,True
200,1,2007.0,2018,Privada - Programa de Apadrinhamento,Quartzo,5.661166667,,,4.0,Avaliador-21,,Avaliador-6,,Avaliador-23,,Avaliador-8,,9.6,4.5,2.52,,4.3,4.3,4.2,4.5,,7.17,5.0,,,,2023,7.5,,,,4.0,6.0,fase_0_7,16.0,5,-2.0,False,True
201,0,2007.0,2021,Escola Pública,Ametista,7.078,58.0,7.0,4.0,Avaliador-6,Promovido de Fase,Avaliador-27,Promovido de Fase,Avaliador-30,Promovido de Fase,Avaliador-31,Promovido de Fase,7.9,7.3,7.5,Não atendido,6.5,6.0,7.2,6.3,Não,7.542,5.0,Melhorar: Melhorar a sua entrega de lições de casa.,Melhorar: Empenhar-se mais nas aulas e avaliações.,Destaque: A sua boa integração aos Princípios Passos Mágicos.,2022,7.696000000000005,,,,3.0,5.0,fase_0_7,15.0,1,-2.0,False,True
202,0,2008.0,2017,Escola Pública,Quartzo,5.201,123.0,13.0,4.0,Avaliador-6,Promovido de Fase + Bolsa,Avaliador-27,Promovido de Fase,Avaliador-30,Promovido de Fase,Avaliador-31,Mantido na Fase atual,0.0,5.2,4.4,Requer avaliação,5.4,6.3,5.8,4.2,Sim,6.917,5.0,Melhorar: Melhorar a sua entrega de lições de casa.,Melhorar: Empenhar-se mais nas aulas e avaliações.,Melhorar: Integrar-se mais aos Princípios Passos Mágicos.,2022,7.575999999999992,,,,3.0,4.0,fase_0_7,14.0,5,-1.0,False,True
202,0,2008.0,2017,Pública,Agata,6.791641667,,,4.0,Avaliador-21,,Avaliador-6,,Avaliador-23,,Avaliador-8,,8.8,7.9,2.52,,5.9,6.3,4.8,6.7,,8.005,5.0,,,,2023,7.96875,,,,4.0,5.0,fase_0_7,15.0,6,-1.0,False,True
202,0,2008.0,2021,Pública,Ametista,7.3512154762,,,4.0,Avaliador-23,,Avaliador-22,,Avaliador-1,,Avaliador-5,,8.334,7.880952381,6.26,,7.5,8.5,6.0,8.0,,7.75,5.0,,,,2024,7.65625,,,EE Leonice de Aquino Oliveira,5.0,6.0,fase_0_7,16.0,3,-1.0,False,True
203,0,2008.0,2021,Escola Pública,Quartzo,5.669,113.0,10.0,4.0,Avaliador-6,Promovido de Fase,Avaliador-27,Promovido de Fase,Avaliador-30,Promovido de Fase,Avaliador-31,Promovido de Fase,8.8,4.3,7.5,Não atendido,2.8,2.3,3.5,2.5,Não,6.875,5.0,Melhorar: Melhorar a sua entrega de lições de casa.,Melhorar: Empenhar-se mais nas aulas e avaliações.,Melhorar: Integrar-se mais aos Princípios Passos Mágicos.,2022,7.439999999999998,,,,3.0,4.0,fase_0_7,14.0,1,-1.0,False,True
204,0,2009.0,2019,Escola Pública,Ágata,6.943,64.0,8.0,4.0,Avaliador-6,Mantido na Fase atual,Avaliador-27,Mantido na Fase atual,Avaliador-30,Promovido de Fase,Avaliador-31,Promovido de Fase,7.9,6.7,4.4,Requer avaliação,7.4,5.3,8.5,8.5,Não,5.708,10.0,Melhorar: Melhorar a sua entrega de lições de casa.,Melhorar: Empenhar-se mais nas aulas e avaliações.,Melhorar: Integrar-se mais aos Princípios Passos Mágicos.,2022,7.513999999999985,,,,3.0,3.0,fase_0_7,13.0,3,0.0,False,False
204,0,2009.0,2019,Pública,Ametista,7.557558333,,,4.0,Avaliador-21,,Avaliador-6,,Avaliador-23,,Avaliador-8,,8.8,7.9,2.52,,7.1,4.7,8.0,8.5,,8.045,10.0,,,,2023,8.28125,,,,4.0,4.0,fase_0_7,14.0,4,0.0,False,False
204,0,2009.0,2021,Pública,Ametista,7.838218894866668,,,4.0,Avaliador-22,,Avaliador-26,,Avaliador-1,,Avaliador-5,,9.168,6.827094474333333,6.26,,7.5,5.0,7.5,10.0,,8.5875,10.0,,,,2024,7.125,,,EE Alexandre Rodrigues Nogueira,4.0,4.0,fase_0_7,15.0,3,0.0,True,False
205,1,2008.0,2020,Escola Pública,Quartzo,5.372,120.0,12.0,4.0,Avaliador-6,Promovido de Fase,Avaliador-27,Promovido de Fase,Avaliador-30,Promovido de Fase,Avaliador-31,Alocado em Fase anterior,9.6,3.8,7.5,Não atendido,4.1,5.7,1.7,5.0,Não,4.833,5.0,Melhorar: Melhorar a sua entrega de lições de casa.,Melhorar: Empenhar-se mais nas aulas e avaliações.,Melhorar: Integrar-se mais aos Princípios Passos Mágicos.,2022,6.153999999999993,,,,3.0,4.0,fase_0_7,14.0,2,-1.0,False,True
205,1,2008.0,2020,Pública,Agata,6.857625,,,4.0,Avaliador-21,,Avaliador-6,,Avaliador-23,,Avaliador-8,,9.6,7.6,4.38,,6.6,7.0,5.5,7.3,,7.09,5.0,,,,2023,7.03125,,,,4.0,5.0,fase_0_7,15.0,3,-1.0,False,True
206,0,2010.0,2022,Escola Pública,Ametista,7.101,56.0,6.0,4.0,Avaliador-6,Mantido na Fase atual,Avaliador-27,Mantido na Fase atual,Avaliador-30,Mantido na Fase atual,Avaliador-31,Mantido na Fase atual,8.3,8.8,7.5,Não atendido,5.0,4.0,6.0,,Não,5.167,10.0,Destaque: A sua boa entrega das lições de casa.,Melhorar: Empenhar-se mais nas aulas e avaliações.,Melhorar: Integrar-se mais aos Princípios Passos Mágicos.,2022,7.275999999999998,,,,3.0,3.0,fase_0_7,12.0,0,0.0,False,False
207,1,2006.0,2021,Escola Pública,Quartzo,4.936,129.0,5.0,4.0,Avaliador-6,Promovido de Fase,Avaliador-27,Mantido na Fase atual,Avaliador-30,Promovido de Fase,Avaliador-31,Mantido na Fase atual,0.0,4.8,7.5,Não atendido,5.8,5.3,4.0,8.0,Não,5.708,2.5,Melhorar: Melhorar a sua entrega de lições de casa.,Melhorar: Empenhar-se mais nas aulas e avaliações.,Melhorar: Integrar-se mais aos Princípios Passos Mágicos.,2022,6.743999999999994,,,,3.0,6.0,fase_0_7,16.0,1,-3.0,False,True
208,1,2008.0,2018,Escola Pública,Ágata,6.667,78.0,4.0,4.0,Avaliador-6,Promovido de Fase,Avaliador-27,Promovido de Fase,Avaliador-30,Promovido de Fase,Avaliador-31,Mantido na Fase atual,7.5,7.1,7.5,Não atendido,6.1,5.0,7.5,5.8,Não,6.417,5.0,Melhorar: Melhorar a sua entrega de lições de casa.,Melhorar: Empenhar-se mais nas aulas e avaliações.,Melhorar: Integrar-se mais aos Princípios Passos Mágicos.,2022,7.435999999999998,,,,3.0,4.0,fase_0_7,14.0,4,-1.0,False,True
209,1,2008.0,2019,Escola Pública,Quartzo,4.499,140.0,7.0,4.0,Avaliador-6,Promovido de Fase,Avaliador-27,Mantido na Fase atual,Avaliador-30,Promovido de Fase,Avaliador-31,Alocado em Fase anterior,0.0,4.8,5.6,Requer avaliação,6.0,5.0,5.2,7.8,Não,3.75,5.0,Melhorar: Melhorar a sua entrega de lições de casa.,Melhorar: Empenhar-se mais nas aulas e avaliações.,Melhorar: Integrar-se mais aos Princípios Passos Mágicos.,2022,5.289999999999995,,,,3.0,4.0,fase_0_7,14.0,3,-1.0,False,True
21,1,2004.0,2022,Escola Pública,Ágata,6.945,9.0,6.0,4.0,Avaliador-6,Promovido de Fase + Bolsa,Avaliador-27,Mantido na Fase atual,Avaliador-29,Mantido na Fase atual,Avaliador-31,Mantido na Fase atual,9.6,9.2,7.5,Não atendido,3.8,7.0,0.5,,Sim,7.25,5.0,Destaque: A sua boa entrega das lições de casa.,Melhorar: Empenhar-se mais nas aulas e avaliações.,Melhorar: Integrar-se mais aos Princípios Passos Mágicos.,2022,6.850000000000005,,,,7.0,8.0,fase_0_7,18.0,0,-1.0,False,True
21,1,2004.0,2022,Privada *Parcerias com Bolsa 100%,,,,,,,,,,,,,,,,,,,,,,,,10.0,,,,2023,,,,,8.0,8.0,fase_8,19.0,1,0.0,False,False
21,1,2004.0,2022,Privada - Pagamento por *Empresa Parceira,,,,,0.0,,,,,,,,,,,,,,,,,,,10.0,,,,2024,,,,Faculdade FIAP,8.0,8.0,fase_8,20.0,2,0.0,False,False
210,1,2008.0,2022,Escola Pública,Quartzo,4.44,141.0,8.0,4.0,Avaliador-6,Mantido na Fase atual,Avaliador-27,Mantido na Fase atual,Avaliador-30,Promovido de Fase,Avaliador-31,Alocado em Fase anterior,0.0,5.1,7.5,Não atendido,3.4,2.7,5.3,2.3,Não,4.417,5.0,Melhorar: Melhorar a sua entrega de lições de casa.,Melhorar: Empenhar-se mais nas aulas e avaliações.,Melhorar: Integrar-se mais aos Princípios Passos Mágicos.,2022,6.0660000000000025,,,,3.0,4.0,fase_0_7,14.0,0,-1.0,False,True
211,1,2009.0,2021,Escola Pública,Topázio,8.465,10.0,1.0,4.0,Avaliador-6,Promovido de Fase + Bolsa,Avaliador-27,Promovido de Fase + Bolsa,Avaliador-30,Promovido de Fase,Avaliador-31,Promovido de Fase + Bolsa,9.2,8.8,7.5,Não atendido,7.6,6.7,7.5,8.5,Sim,8.458,10.0,Destaque: A sua boa entrega das lições de casa.,Destaque: As suas boas notas na Passos Mágicos.,Destaque: A sua boa integração aos Princípios Passos Mágicos.,2022,8.233999999999995,,,,3.0,3.0,fase_0_7,13.0,1,0.0,True,False
211,1,2009.0,2021,Privada - Programa de Apadrinhamento,Topázio,8.024791667,,,4.0,Avaliador-21,,Avaliador-6,,Avaliador-23,,Avaliador-8,,9.6,9.4,2.52,,7.1,7.7,8.0,5.7,,8.71,10.0,,,,2023,7.65625,,,,4.0,4.0,fase_0_7,14.0,2,0.0,False,False
211,1,2009.0,2021,Privada - Programa de Apadrinhamento,Topázio,8.283601875933334,,,5.0,Avaliador-23,,Avaliador-24,,Avaliador-26,,Avaliador-1,,9.585,9.379509379666668,7.51,,7.0,5.5,6.5,9.0,,7.866,10.0,,,,2024,7.25,Avaliador-7,,Colégio Arco Íris Evolução,5.0,5.0,fase_0_7,15.0,3,0.0,False,False
212,1,2008.0,2022,Escola Pública,Ametista,7.268,49.0,2.0,4.0,Avaliador-6,Promovido de Fase,Avaliador-27,Mantido na Fase atual,Avaliador-30,Promovido de Fase,Avaliador-31,Mantido na Fase atual,9.6,8.4,7.5,Não atendido,6.2,4.8,5.8,7.8,Não,6.958,5.0,Destaque: A sua boa entrega das lições de casa.,Melhorar: Empenhar-se mais nas aulas e avaliações.,Melhorar: Integrar-se mais aos Princípios Passos Mágicos.,2022,7.463999999999986,,,,3.0,4.0,fase_0_7,14.0,0,-1.0,False,True
213,1,2009.0,2022,Escola Pública,Ametista,7.209,51.0,3.0,4.0,Avaliador-6,Mantido na Fase atual,Avaliador-27,Mantido na Fase atual,Avaliador-30,Mantido na Fase atual,Avaliador-31,Mantido na Fase atual,9.6,8.7,7.5,Não atendido,3.5,5.0,2.0,,Não,6.833,10.0,Destaque: A sua boa entrega das lições de casa.,Melhorar: Empenhar-se mais nas aulas e avaliações.,Melhorar: Integrar-se mais aos Princípios Passos Mágicos.,2022,6.923999999999992,,,,3.0,3.0,fase_0_7,13.0,0,0.0,False,False
214,1,2007.0,2022,Escola Pública,Quartzo,4.87,133.0,6.0,4.0,Avaliador-6,Promovido de Fase,Avaliador-27,Mantido na Fase atual,Avaliador-30,Mantido na Fase atual,Avaliador-31,Alocado em Fase anterior,0.0,6.1,7.5,Não atendido,4.3,5.0,3.5,,Não,5.125,5.0,Melhorar: Melhorar a sua entrega de lições de casa.,Melhorar: Empenhar-se mais nas aulas e avaliações.,Melhorar: Integrar-se mais aos Princípios Passos Mágicos.,2022,5.149999999999997,,,,3.0,5.0,fase_0_7,15.0,0,-2.0,False,True
215,0,2009.0,2021,Escola Pública,Ametista,7.172,53.0,3.0,4.0,Avaliador-6,Promovido de Fase,Avaliador-27,Mantido na Fase atual,Avaliador-30,Promovido de Fase,Avaliador-31,Promovido de Fase,6.7,5.8,7.5,Não atendido,7.8,5.7,7.7,10.0,Não,6.542,10.0,Melhorar: Melhorar a sua entrega de lições de casa.,Destaque: As suas boas notas na Passos Mágicos.,Melhorar: Integrar-se mais aos Princípios Passos Mágicos.,2022,7.236000000000002,,,,3.0,3.0,fase_0_7,13.0,1,0.0,False,False
215,0,2009.0,2021,Pública,Ametista,7.166475,,,4.0,Avaliador-21,,Avaliador-6,,Avaliador-23,,Avaliador-8,,8.8,6.6,2.52,,6.9,5.7,6.7,8.3,,7.7125,10.0,,,,2023,7.96875,,,,4.0,4.0,fase_0_7,14.0,2,0.0,False,False
215,0,2009.0,2021,Pública,Ametista,7.045258874400002,,,5.0,Avaliador-23,,Avaliador-24,,Avaliador-26,,Avaliador-1,,7.084,6.455627705333334,6.26,,5.666666666666667,5.0,2.0,10.0,,7.432,10.0,,,,2024,8.0,Avaliador-7,,EE Paschoal Carlos Magno,5.0,5.0,fase_0_7,15.0,3,0.0,False,False
216,0,2009.0,2018,Escola Pública,Ametista,7.502,35.0,1.0,4.0,Avaliador-6,Promovido de Fase,Avaliador-27,Mantido na Fase atual,Avaliador-30,Promovido de Fase,Avaliador-31,Promovido de Fase,7.9,8.5,7.5,Não atendido,7.0,5.3,6.5,9.2,Não,5.583,10.0,Destaque: A sua boa entrega das lições de casa.,Melhorar: Empenhar-se mais nas aulas e avaliações.,Melhorar: Integrar-se mais aos Princípios Passos Mágicos.,2022,7.453999999999992,,,,3.0,3.0,fase_0_7,13.0,4,0.0,False,False
217,0,2007.0,2021,Escola Pública,Ametista,7.397,42.0,2.0,4.0,Avaliador-6,Promovido de Fase,Avaliador-27,Mantido na Fase atual,Avaliador-30,Promovido de Fase,Avaliador-31,Promovido de Fase + Bolsa,7.9,8.5,7.5,Não atendido,7.1,6.3,7.2,7.7,Sim,7.292,5.0,Destaque: A sua boa entrega das lições de casa.,Melhorar: Empenhar-se mais nas aulas e avaliações.,Melhorar: Integrar-se mais aos Princípios Passos Mágicos.,2022,7.786,,,,3.0,5.0,fase_0_7,15.0,1,-2.0,False,True
217,0,2007.0,2021,Pública,Agata,6.96965,,,4.0,Avaliador-21,,Avaliador-6,,Avaliador-23,,Avaliador-8,,8.3,8.6,2.52,,5.6,6.7,5.3,4.8,,8.5025,5.0,,,,2023,8.4375,,,,4.0,5.0,fase_0_7,16.0,2,-1.0,False,True
217,0,2007.0,2021,Privada - Programa de Apadrinhamento,Ametista,7.4209164502,,,5.0,Avaliador-23,,Avaliador-24,,Avaliador-26,,Avaliador-1,,8.334,8.917748917666666,6.26,,7.833333333333333,9.0,7.0,7.5,,6.994,5.0,,,,2024,7.125,Avaliador-7,,Colégio Arco Íris Evolução,5.0,6.0,fase_0_7,17.0,3,-1.0,False,True
218,0,2008.0,2022,Escola Pública,Ágata,6.1,99.0,6.0,4.0,Avaliador-6,Promovido de Fase,Avaliador-27,Mantido na Fase atual,Avaliador-30,Promovido de Fase,Avaliador-31,Mantido na Fase atual,6.3,7.3,7.5,Não atendido,4.0,5.0,7.0,0.0,Não,6.125,5.0,Melhorar: Melhorar a sua entrega de lições de casa.,Melhorar: Empenhar-se mais nas aulas e avaliações.,Melhorar: Integrar-se mais aos Princípios Passos Mágicos.,2022,7.349999999999994,,,,3.0,4.0,fase_0_7,14.0,0,-1.0,False,True
218,0,2008.0,2022,Pública,Quartzo,5.811541667,,,4.0,Avaliador-21,,Avaliador-6,,Avaliador-23,,Avaliador-8,,0.0,6.7,2.52,,6.7,5.7,7.0,7.5,,7.88,5.0,,,,2023,7.96875,,,,4.0,5.0,fase_0_7,15.0,1,-1.0,False,True
219,1,2006.0,2019,Escola Pública,Quartzo,5.942,105.0,7.0,4.0,Avaliador-6,Promovido de Fase,Avaliador-27,Mantido na Fase atual,Avaliador-30,Promovido de Fase,Avaliador-31,Mantido na Fase atual,8.8,6.9,7.5,Não atendido,3.5,4.0,4.8,1.7,Não,6.375,2.5,Melhorar: Melhorar a sua entrega de lições de casa.,Melhorar: Empenhar-se mais nas aulas e avaliações.,Melhorar: Integrar-se mais aos Princípios Passos Mágicos.,2022,7.069999999999999,,,,3.0,6.0,fase_0_7,16.0,3,-3.0,False,True
22,0,2005.0,2019,Rede Decisão,Ametista,7.474,10.0,10.0,4.0,Avaliador-5,Promovido de Fase,Avaliador-27,Promovido de Fase + Bolsa,Avaliador-28,Mantido na Fase + Bolsa,Avaliador-31,Promovido de Fase,8.3,7.4,8.1,Sem limitações,6.7,9.0,3.1,7.8,Não,8.833,5.0,Melhorar: Melhorar a sua entrega de lições de casa.,Melhorar: Empenhar-se mais nas aulas e avaliações.,Destaque: A sua boa integração aos Princípios Passos Mágicos.,2022,7.473999999999989,,,,6.0,7.0,fase_0_7,17.0,3,-1.0,True,True
220,0,2009.0,2022,Escola Pública,Ágata,7.028,60.0,4.0,4.0,Avaliador-6,Promovido de Fase + Bolsa,Avaliador-27,Mantido na Fase atual,Avaliador-30,Mantido na Fase atual,Avaliador-31,Mantido na Fase atual,0.0,8.1,7.5,Não atendido,6.5,6.8,6.8,5.8,Sim,7.833,10.0,Destaque: A sua boa entrega das lições de casa.,Melhorar: Empenhar-se mais nas aulas e avaliações.,Destaque: A sua boa integração aos Princípios Passos Mágicos.,2022,7.913999999999994,,,,3.0,3.0,fase_0_7,13.0,0,0.0,False,False
220,0,2009.0,2022,Pública,Ametista,7.102016667,,,4.0,Avaliador-21,,Avaliador-6,,Avaliador-23,,Avaliador-8,,8.8,7.6,2.52,,6.1,6.3,5.8,6.3,,7.5475,10.0,,,,2023,7.1875,,,,4.0,4.0,fase_0_7,14.0,1,0.0,False,False
220,0,2009.0,2022,Pública,Ametista,7.6987770562666675,,,5.0,Avaliador-23,,Avaliador-24,,Avaliador-26,,Avaliador-1,,8.751,8.198051948,6.26,,6.833333333333333,8.0,3.5,9.0,,7.332,10.0,,,,2024,7.25,Avaliador-7,,EE Joaquim Mendes Feliz,5.0,5.0,fase_0_7,15.0,2,0.0,False,False
221,1,2008.0,2022,Escola Pública,Ágata,6.892,68.0,5.0,4.0,Avaliador-6,Mantido na Fase atual,Avaliador-27,Mantido na Fase atual,Avaliador-30,Mantido na Fase atual,Avaliador-31,Mantido na Fase atual,9.6,8.5,7.5,Não atendido,5.2,7.0,3.5,5.0,Não,6.0,5.0,Destaque: A sua boa entrega das lições de casa.,Melhorar: Empenhar-se mais nas aulas e avaliações.,Melhorar: Integrar-se mais aos Princípios Passos Mágicos.,2022,7.42,,,,3.0,4.0,fase_0_7,14.0,0,-1.0,False,True
221,1,2008.0,2022,Pública,Agata,6.959916667,,,4.0,Avaliador-21,,Avaliador-6,,Avaliador-4,,Avaliador-8,,9.6,9.0,5.0,,5.0,5.5,4.8,4.8,,7.38,5.0,,,,2023,7.1875,,,,3.0,5.0,fase_0_7,15.0,1,-2.0,False,True
222,0,2007.0,2019,Escola Pública,Quartzo,5.604,115.0,8.0,4.0,Avaliador-6,Promovido de Fase,Avaliador-27,Mantido na Fase atual,Avaliador-30,Promovido de Fase,Avaliador-31,Alocado em Fase anterior,7.1,4.6,7.5,Não atendido,6.2,5.0,7.5,6.0,Não,4.917,5.0,Melhorar: Melhorar a sua entrega de lições de casa.,Melhorar: Empenhar-se mais nas aulas e avaliações.,Melhorar: Integrar-se mais aos Princípios Passos Mágicos.,2022,5.005999999999995,,,,3.0,5.0,fase_0_7,15.0,3,-2.0,False,True
223,0,2009.0,2022,Escola Pública,Quartzo,4.966,128.0,12.0,4.0,Avaliador-6,Promovido de Fase,Avaliador-27,Mantido na Fase atual,Avaliador-30,Mantido na Fase atual,Avaliador-31,Alocado em Fase anterior,0.0,4.6,7.5,Não atendido,3.1,4.3,4.7,0.2,Não,5.583,10.0,Melhorar: Melhorar a sua entrega de lições de casa.,Melhorar: Empenhar-se mais nas aulas e avaliações.,Melhorar: Integrar-se mais aos Princípios Passos Mágicos.,2022,5.594000000000001,,,,3.0,3.0,fase_0_7,13.0,0,0.0,False,False
223,0,2009.0,2022,Pública,Quartzo,5.089833333,,,4.0,Avaliador-21,,Avaliador-6,,Avaliador-34,,Avaliador-8,,0.0,4.5,7.52,,3.8,5.5,4.0,1.8,,7.1725,5.0,,,,2023,7.5,,,,3.0,4.0,fase_0_7,14.0,1,-1.0,False,True
224,1,2009.0,2021,Escola Pública,Quartzo,5.671,112.0,11.0,4.0,Avaliador-6,Promovido de Fase,Avaliador-27,Mantido na Fase atual,Avaliador-30,Promovido de Fase,Avaliador-31,Alocado em Fase anterior,9.6,4.3,7.5,Não atendido,2.6,5.0,2.7,0.0,Não,4.875,10.0,Melhorar: Melhorar a sua entrega de lições de casa.,Melhorar: Empenhar-se mais nas aulas e avaliações.,Melhorar: Integrar-se mais aos Princípios Passos Mágicos.,2022,6.060000000000008,,,,3.0,3.0,fase_0_7,13.0,1,0.0,False,False
225,1,2008.0,2022,Escola Pública,Quartzo,5.918,107.0,10.0,4.0,Avaliador-6,Mantido na Fase atual,Avaliador-27,Mantido na Fase atual,Avaliador-30,Mantido na Fase atual,Avaliador-31,Alocado em Fase anterior,8.3,5.3,7.5,Não atendido,5.0,3.0,7.0,,Não,5.708,5.0,Melhorar: Melhorar a sua entrega de lições de casa.,Melhorar: Empenhar-se mais nas aulas e avaliações.,Melhorar: Integrar-se mais aos Princípios Passos Mágicos.,2022,6.363999999999992,,,,3.0,4.0,fase_0_7,14.0,0,-1.0,False,True
226,0,2008.0,2022,Escola Pública,Ágata,6.549,82.0,4.0,4.0,Avaliador-6,Promovido de Fase,Avaliador-27,Mantido na Fase atual,Avaliador-30,Mantido na Fase atual,Avaliador-31,Mantido na Fase atual,7.5,6.1,7.5,Não atendido,6.8,7.0,6.5,,Não,6.208,5.0,Melhorar: Melhorar a sua entrega de lições de casa.,Melhorar: Empenhar-se mais nas aulas e avaliações.,Melhorar: Integrar-se mais aos Princípios Passos Mágicos.,2022,7.274000000000003,,,,3.0,4.0,fase_0_7,14.0,0,-1.0,False,True
227,1,2010.0,2022,Escola Pública,Ágata,6.471,84.0,5.0,4.0,Avaliador-6,Promovido de Fase,Avaliador-27,Mantido na Fase atual,Avaliador-30,Mantido na Fase atual,Avaliador-31,Mantido na Fase atual,9.2,6.4,7.5,Não atendido,3.3,4.7,4.3,1.0,Não,5.833,10.0,Melhorar: Melhorar a sua entrega de lições de casa.,Melhorar: Empenhar-se mais nas aulas e avaliações.,Melhorar: Integrar-se mais aos Princípios Passos Mágicos.,2022,6.943999999999999,,,,3.0,3.0,fase_0_7,12.0,0,0.0,False,False
227,1,2010.0,2022,Pública,Ametista,7.722125,,,4.0,Avaliador-21,,Avaliador-6,,Avaliador-4,,Avaliador-8,,9.6,7.5,5.63,,6.9,7.2,6.5,7.0,,7.4625,10.0,,,,2023,8.28125,,,,3.0,3.0,fase_0_7,13.0,1,0.0,False,False
227,1,2010.0,2022,Pública,Topázio,8.074015455333335,,,4.0,Avaliador-21,,Avaliador-26,,Avaliador-23,,Avaliador-5,,9.585,8.097577276666668,9.38,,6.5,4.0,6.0,9.5,,7.54,10.0,,,,2024,7.5,,,Colégio Nogueira e Sonho de Criança,3.0,3.0,fase_0_7,14.0,2,0.0,False,False
228,0,2007.0,2017,Escola Pública,Ágata,6.196,95.0,7.0,4.0,Avaliador-6,Promovido de Fase,Avaliador-27,Mantido na Fase atual,Avaliador-30,Mantido na Fase atual,Avaliador-31,Mantido na Fase atual,7.5,6.7,7.5,Não atendido,4.8,3.0,6.0,5.3,Não,6.417,5.0,Melhorar: Melhorar a sua entrega de lições de casa.,Melhorar: Empenhar-se mais nas aulas e avaliações.,Melhorar: Integrar-se mais aos Princípios Passos Mágicos.,2022,6.125999999999996,,,,3.0,5.0,fase_0_7,15.0,5,-2.0,False,True
229,1,2010.0,2022,Escola Pública,Topázio,8.62,7.0,1.0,4.0,Avaliador-6,Promovido de Fase + Bolsa,Avaliador-27,Promovido de Fase + Bolsa,Avaliador-30,Promovido de Fase + Bolsa,Avaliador-31,Mantido na Fase atual,10.0,9.4,7.5,Não atendido,6.9,7.0,6.7,7.2,Sim,8.5,10.0,Destaque: A sua boa entrega das lições de casa.,Melhorar: Empenhar-se mais nas aulas e avaliações.,Destaque: A sua boa integração aos Princípios Passos Mágicos.,2022,9.099999999999993,,,,3.0,3.0,fase_0_7,12.0,0,0.0,True,False
229,1,2010.0,2022,Privada - Programa de Apadrinhamento,Topázio,8.207591667,,,4.0,Avaliador-21,,Avaliador-6,,Avaliador-23,,Avaliador-8,,9.2,9.8,2.52,,7.8,8.0,8.2,7.3,,8.42,10.0,,,,2023,8.28125,,,,4.0,3.0,fase_0_7,13.0,1,1.0,False,False
229,1,2010.0,2022,Privada - Programa de Apadrinhamento,Topázio,8.852545634933334,,,4.0,Avaliador-23,,Avaliador-22,,Avaliador-1,,Avaliador-5,,9.585,9.841269841333334,5.635,,8.833333333333334,9.5,7.0,10.0,,8.8375,10.0,,,,2024,8.28125,,,Colégio Arco Íris Evolução,5.0,4.0,fase_0_7,14.0,2,1.0,True,False
23,1,2005.0,2021,Escola Pública,Ametista,7.677,8.0,8.0,4.0,Avaliador-5,Promovido de Fase,Avaliador-27,Promovido de Fase + Bolsa,Avaliador-28,Promovido de Fase + Bolsa,Avaliador-31,Promovido de Fase + Bolsa,8.3,8.2,8.1,Sem limitações,6.7,7.2,4.7,8.2,Sim,8.556,5.0,Destaque: A sua boa entrega das lições de casa.,Melhorar: Empenhar-se mais nas aulas e avaliações.,Destaque: A sua boa integração aos Princípios Passos Mágicos.,2022,8.457999999999988,,,,6.0,7.0,fase_0_7,17.0,1,-1.0,True,True
23,1,2005.0,2021,Privada *Parcerias com Bolsa 100%,,,,,,,,,,,,,,,,,,,,,,,,10.0,,,,2023,,,,,8.0,7.0,fase_8,18.0,2,1.0,False,False
23,1,2005.0,2021,Privada *Parcerias com Bolsa 100%,,,,,0.0,,,,,,,,,,,,,,,,,,,10.0,,,,2024,,,,Universidade Santo Amaro (UNISA),8.0,8.0,fase_8,19.0,3,0.0,False,False
230,1,2008.0,2022,Escola Pública,Ágata,6.328,92.0,6.0,4.0,Avaliador-6,Promovido de Fase,Avaliador-27,Mantido na Fase atual,Avaliador-30,Mantido na Fase atual,Avaliador-31,Mantido na Fase + Bolsa,7.9,5.1,7.5,Não atendido,5.7,3.7,4.3,9.0,Sim,6.75,5.0,Melhorar: Melhorar a sua entrega de lições de casa.,Melhorar: Empenhar-se mais nas aulas e avaliações.,Melhorar: Integrar-se mais aos Princípios Passos Mágicos.,2022,7.779999999999996,,,,3.0,4.0,fase_0_7,14.0,0,-1.0,False,True
231,1,2008.0,2022,Escola Pública,Ágata,6.116,97.0,8.0,4.0,Avaliador-6,Mantido na Fase atual,Avaliador-27,Mantido na Fase atual,Avaliador-30,Mantido na Fase atual,Avaliador-31,Mantido na Fase atual,8.8,7.4,7.5,Não atendido,3.8,3.0,4.5,,Não,5.333,5.0,Melhorar: Melhorar a sua entrega de lições de casa.,Melhorar: Empenhar-se mais nas aulas e avaliações.,Melhorar: Integrar-se mais aos Princípios Passos Mágicos.,2022,6.793999999999993,,,,3.0,4.0,fase_0_7,14.0,0,-1.0,False,True
232,1,2010.0,2022,Escola Pública,Quartzo,4.245,145.0,13.0,4.0,Avaliador-6,Mantido na Fase atual,Avaliador-27,Mantido na Fase atual,Avaliador-30,Mantido na Fase atual,Avaliador-31,Alocado em Fase anterior,0.0,4.9,7.5,Não atendido,0.0,0.0,0.0,,Não,4.542,10.0,Melhorar: Melhorar a sua entrega de lições de casa.,Melhorar: Empenhar-se mais nas aulas e avaliações.,Melhorar: Integrar-se mais aos Princípios Passos Mágicos.,2022,6.0660000000000025,,,,3.0,3.0,fase_0_7,12.0,0,0.0,False,False
233,1,2008.0,2022,Escola Pública,Ágata,6.051,101.0,9.0,4.0,Avaliador-6,Mantido na Fase atual,Avaliador-27,Mantido na Fase atual,Avaliador-30,Mantido na Fase atual,Avaliador-31,Mantido na Fase atual,7.9,7.4,7.5,Não atendido,3.8,3.0,4.5,,Não,5.5,5.0,Melhorar: Melhorar a sua entrega de lições de casa.,Melhorar: Empenhar-se mais nas aulas e avaliações.,Melhorar: Integrar-se mais aos Princípios Passos Mágicos.,2022,6.709999999999994,,,,3.0,4.0,fase_0_7,14.0,0,-1.0,False,True
234,1,2009.0,2022,Escola Pública,Ágata,6.719,75.0,3.0,4.0,Avaliador-6,Mantido na Fase atual,Avaliador-27,Mantido na Fase atual,Avaliador-30,Mantido na Fase atual,Avaliador-31,Mantido na Fase atual,10.0,7.6,5.6,Sem limitações,4.3,3.7,6.3,2.8,Não,5.583,10.0,Destaque: A sua boa entrega das lições de casa.,Melhorar: Empenhar-se mais nas aulas e avaliações.,Melhorar: Integrar-se mais aos Princípios Passos Mágicos.,2022,6.624000000000008,,,,3.0,3.0,fase_0_7,13.0,0,0.0,False,False
234,1,2009.0,2022,Pública,Agata,6.248741667,,,4.0,Avaliador-21,,Avaliador-6,,Avaliador-4,,Avaliador-8,,6.7,8.0,2.52,,5.6,6.3,5.3,5.3,,5.595,10.0,,,,2023,4.84375,,,,3.0,3.0,fase_0_7,14.0,1,0.0,False,False
235,0,2008.0,2022,Escola Pública,Ágata,6.79,73.0,2.0,4.0,Avaliador-6,Promovido de Fase,Avaliador-27,Mantido na Fase atual,Avaliador-30,Mantido na Fase atual,Avaliador-31,Mantido na Fase atual,8.3,7.3,7.5,Não atendido,6.3,7.0,5.5,,Não,6.417,5.0,Melhorar: Melhorar a sua entrega de lições de casa.,Melhorar: Empenhar-se mais nas aulas e avaliações.,Melhorar: Integrar-se mais aos Princípios Passos Mágicos.,2022,7.065999999999999,,,,3.0,4.0,fase_0_7,14.0,0,-1.0,False,True
236,0,2010.0,2022,Escola Pública,Ametista,7.11,55.0,9.0,4.0,Avaliador-6,Mantido na Fase atual,Avaliador-27,Mantido na Fase atual,Avaliador-30,Mantido na Fase atual,Avaliador-31,Promovido de Fase,9.6,7.5,7.5,Não atendido,3.7,4.0,4.0,3.0,Não,7.208,10.0,Melhorar: Melhorar a sua entrega de lições de casa.,Melhorar: Empenhar-se mais nas aulas e avaliações.,Melhorar: Integrar-se mais aos Princípios Passos Mágicos.,2022,7.183999999999999,,,,3.0,3.0,fase_0_7,12.0,0,0.0,False,False
236,0,2010.0,2022,Pública,Ametista,7.337116667,,,4.0,Avaliador-21,,Avaliador-6,,Avaliador-34,,Avaliador-8,,10.0,7.5,7.52,,4.5,6.3,4.0,3.3,,7.2975,10.0,,,,2023,7.1875,,,,3.0,3.0,fase_0_7,13.0,1,0.0,False,False
236,0,2010.0,2022,Pública,Agata,6.980833740133334,,,5.0,Avaliador-22,,Avaliador-17,,Avaliador-1,,Avaliador-5,,9.168,7.890668700666666,6.26,,4.5,1.5,4.0,8.0,,6.362,10.0,,,,2024,6.875,Avaliador-26,,EE Loris Nassif Mattar Profa,4.0,4.0,fase_0_7,14.0,2,0.0,False,False
237,0,2008.0,2022,Escola Pública,Topázio,8.084,19.0,6.0,4.0,Avaliador-6,Promovido de Fase + Bolsa,Avaliador-27,Promovido de Fase + Bolsa,Avaliador-30,Promovido de Fase + Bolsa,Avaliador-31,Promovido de Fase,10.0,9.0,7.5,Não atendido,7.8,6.8,7.7,8.8,Sim,8.417,5.0,Destaque: A sua boa entrega das lições de casa.,Destaque: As suas boas notas na Passos Mágicos.,Destaque: A sua boa integração aos Princípios Passos Mágicos.,2022,7.905999999999995,,,,3.0,4.0,fase_0_7,14.0,0,-1.0,True,True
237,0,2008.0,2022,Privada - Programa de Apadrinhamento,Ametista,7.436566667,,,4.0,Avaliador-21,,Avaliador-6,,Avaliador-23,,Avaliador-8,,8.3,9.5,2.52,,6.7,7.7,7.0,5.5,,8.96,5.0,,,,2023,8.125,,,,4.0,5.0,fase_0_7,15.0,1,-1.0,False,True
237,0,2008.0,2022,Privada - Programa de Apadrinhamento,Ametista,7.931384271366667,,,3.0,Avaliador-24,,Avaliador-1,,Avaliador-7,,,,8.751,9.689754689666666,6.26,,7.666666666666667,6.0,7.0,10.0,,8.336666667,5.0,,,,2024,7.916666667,,,Colégio Arco Íris Evolução,5.0,6.0,fase_0_7,16.0,2,-1.0,False,True
238,0,2008.0,2021,Escola Pública,Ágata,6.331,91.0,12.0,4.0,Avaliador-6,Promovido de Fase,Avaliador-27,Mantido na Fase atual,Avaliador-30,Promovido de Fase,Avaliador-31,Promovido de Fase,8.8,6.4,5.0,Requer avaliação,5.1,4.3,6.5,4.5,Não,7.208,5.0,Melhorar: Melhorar a sua entrega de lições de casa.,Melhorar: Empenhar-se mais nas aulas e avaliações.,Melhorar: Integrar-se mais aos Princípios Passos Mágicos.,2022,7.093999999999996,,,,3.0,4.0,fase_0_7,14.0,1,-1.0,False,True
239,0,2007.0,2021,Escola Pública,Quartzo,4.572,138.0,13.0,4.0,Avaliador-6,Mantido na Fase atual,Avaliador-27,Mantido na Fase atual,Avaliador-30,Promovido de Fase,Avaliador-31,Mantido na Fase atual,0.0,3.7,7.5,Não atendido,3.7,2.0,4.7,4.5,Não,5.958,5.0,Melhorar: Melhorar a sua entrega de lições de casa.,Melhorar: Empenhar-se mais nas aulas e avaliações.,Melhorar: Integrar-se mais aos Princípios Passos Mágicos.,2022,6.503999999999994,,,,3.0,5.0,fase_0_7,15.0,1,-2.0,False,True
239,0,2007.0,2021,Pública,Agata,6.411333333,,,4.0,Avaliador-21,,Avaliador-6,,Avaliador-23,,Avaliador-8,,0.0,8.4,5.0,,7.0,6.0,7.2,7.7,,7.6275,5.0,,,,2023,8.125,,,,4.0,6.0,fase_0_7,16.0,2,-2.0,False,True
239,0,2007.0,2021,Pública,Agata,6.782180868800001,,,5.0,Avaliador-22,,Avaliador-17,,Avaliador-1,,Avaliador-5,,8.751,6.361737677333333,5.635,,6.666666666666667,4.0,10.0,6.0,,8.502,2.5,,,,2024,7.875,Avaliador-26,,EE Paschoal Carlos Magno,4.0,7.0,fase_0_7,17.0,3,-3.0,True,True
24,0,2005.0,2021,Rede Decisão,Topázio,8.087,5.0,5.0,4.0,Avaliador-5,Promovido de Fase,Avaliador-27,Mantido na Fase atual,Avaliador-28,Promovido de Fase + Bolsa,Avaliador-31,Promovido de Fase + Bolsa,9.2,7.9,6.9,Requer avaliação,8.6,10.0,6.3,9.7,Não,9.111,5.0,Destaque: A sua boa entrega das lições de casa.,Destaque: As suas boas notas na Passos Mágicos.,Destaque: A sua boa integração aos Princípios Passos Mágicos.,2022,8.547999999999991,,,,6.0,7.0,fase_0_7,17.0,1,-1.0,True,True
240,0,2009.0,2017,Rede Decisão,Ágata,6.943,65.0,11.0,4.0,Avaliador-6,Promovido de Fase + Bolsa,Avaliador-27,Mantido na Fase atual,Avaliador-30,Promovido de Fase,Avaliador-31,Mantido na Fase atual,7.1,8.1,5.0,Requer avaliação,4.7,6.3,5.0,2.8,Não,7.042,10.0,Destaque: A sua boa entrega das lições de casa.,Melhorar: Empenhar-se mais nas aulas e avaliações.,Melhorar: Integrar-se mais aos Princípios Passos Mágicos.,2022,7.645999999999997,,,,3.0,3.0,fase_0_7,13.0,5,0.0,False,False
240,0,2009.0,2017,Privada - Programa de Apadrinhamento,Agata,6.337966667,,,4.0,Avaliador-21,,Avaliador-6,,Avaliador-23,,Avaliador-8,,7.1,6.7,2.52,,4.8,7.0,3.3,4.2,,6.9175,10.0,,,,2023,6.875,,,,4.0,4.0,fase_0_7,14.0,6,0.0,False,False
241,1,2008.0,2016,Rede Decisão,Topázio,8.468,9.0,5.0,4.0,Avaliador-6,Promovido de Fase + Bolsa,Avaliador-27,Mantido na Fase atual,Avaliador-30,Promovido de Fase,Avaliador-31,Promovido de Fase + Bolsa,10.0,10.0,7.5,Não atendido,7.7,8.2,7.5,7.3,Não,9.125,5.0,Destaque: A sua boa entrega das lições de casa.,Destaque: As suas boas notas na Passos Mágicos.,Destaque: A sua boa integração aos Princípios Passos Mágicos.,2022,8.529999999999998,,,,3.0,4.0,fase_0_7,14.0,6,-1.0,True,True
241,1,2008.0,2016,Privada - Programa de Apadrinhamento,Ametista,7.016,,,4.0,Avaliador-21,,Avaliador-6,,Avaliador-23,,Avaliador-8,,0.0,9.9,2.52,,7.5,9.3,7.0,6.2,,9.545,5.0,,,,2023,8.75,,,,4.0,5.0,fase_0_7,15.0,7,-1.0,True,True
241,1,2008.0,2021,Privada *Parcerias com Bolsa 100%,Topázio,8.311616666733334,,,0.0,,,,,,,,,10.002,9.891666667,7.1975,,6.816666666666667,6.15,7.2,7.1,,7.5,10.0,,,,2024,7.5,,,FIAP School - SP,7.0,5.0,fase_0_7,16.0,3,2.0,False,False
242,1,2009.0,2018,Rede Decisão,Topázio,8.673,3.0,1.0,4.0,Avaliador-6,Promovido de Fase + Bolsa,Avaliador-27,Mantido na Fase atual,Avaliador-30,Promovido de Fase,Avaliador-31,Promovido de Fase,9.6,9.7,5.6,Requer avaliação,8.2,8.7,7.2,8.7,Não,8.708,10.0,Destaque: A sua boa entrega das lições de casa.,Destaque: As suas boas notas na Passos Mágicos.,Destaque: A sua boa integração aos Princípios Passos Mágicos.,2022,8.314000000000004,,,,3.0,3.0,fase_0_7,13.0,4,0.0,True,False
242,1,2009.0,2018,Privada - Programa de Apadrinhamento,Topázio,8.221841667,,,4.0,Avaliador-21,,Avaliador-6,,Avaliador-23,,Avaliador-8,,7.1,9.7,2.52,,7.9,9.3,7.3,7.2,,9.3775,10.0,,,,2023,8.59375,,,,4.0,4.0,fase_0_7,14.0,5,0.0,True,False
242,1,2009.0,2021,Privada *Parcerias com Bolsa 100%,Topázio,8.2887,,,0.0,,,,,,,,,9.585,9.621,6.26,,7.650000000000001,8.05,8.05,6.85,,7.5,10.0,,,,2024,7.5,,,FIAP School - SP,7.0,5.0,fase_0_7,15.0,3,2.0,False,False
243,0,2007.0,2022,Escola Pública,Ágata,6.982,63.0,10.0,4.0,Avaliador-6,Promovido de Fase,Avaliador-27,Mantido na Fase atual,Avaliador-30,Promovido de Fase,Avaliador-31,Promovido de Fase,7.1,8.7,5.0,Requer avaliação,6.0,5.0,5.3,7.7,Não,7.875,5.0,Destaque: A sua boa entrega das lições de casa.,Melhorar: Empenhar-se mais nas aulas e avaliações.,Destaque: A sua boa integração aos Princípios Passos Mágicos.,2022,7.569999999999997,,,,3.0,5.0,fase_0_7,15.0,0,-2.0,False,True
244,0,2010.0,2018,Rede Decisão,Topázio,8.51,8.0,4.0,4.0,Avaliador-6,Promovido de Fase + Bolsa,Avaliador-27,Mantido na Fase atual,Avaliador-30,Promovido de Fase,Avaliador-31,Promovido de Fase + Bolsa,7.5,9.4,6.3,Requer avaliação,7.8,6.7,8.0,8.7,Não,9.208,10.0,Destaque: A sua boa entrega das lições de casa.,Destaque: As suas boas notas na Passos Mágicos.,Destaque: A sua boa integração aos Princípios Passos Mágicos.,2022,8.483999999999998,,,,3.0,3.0,fase_0_7,12.0,4,0.0,True,False
244,0,2010.0,2018,Privada - Programa de Apadrinhamento,Ametista,7.044333333,,,4.0,Avaliador-21,,Avaliador-6,,Avaliador-23,,Avaliador-8,,0.0,8.8,2.52,,7.3,7.0,8.0,6.8,,8.8325,10.0,,,,2023,8.125,,,,4.0,3.0,fase_0_7,13.0,5,1.0,False,False
244,0,2010.0,2021,Privada - Programa de Apadrinhamento,Topázio,8.7225,,,3.0,Avaliador-23,,Avaliador-1,,Avaliador-5,,,,7.5,10.0,6.26,,9.5,10.0,9.0,9.5,,8.17,10.0,,,,2024,8.125,,,Colégio Arco Íris Evolução,5.0,4.0,fase_0_7,14.0,3,1.0,False,False
245,1,2008.0,2016,Rede Decisão,Topázio,8.656,4.0,2.0,4.0,Avaliador-6,Promovido de Fase + Bolsa,Avaliador-27,Mantido na Fase atual,Avaliador-30,Promovido de Fase,Avaliador-31,Promovido de Fase + Bolsa,10.0,9.9,7.5,Não atendido,8.4,8.3,8.2,8.8,Não,9.25,5.0,Destaque: A sua boa entrega das lições de casa.,Destaque: As suas boas notas na Passos Mágicos.,Destaque: A sua boa integração aos Princípios Passos Mágicos.,2022,8.960000000000008,,,,3.0,4.0,fase_0_7,14.0,6,-1.0,True,True
245,1,2008.0,2016,Privada - Programa de Apadrinhamento,Ametista,7.171166667,,,4.0,Avaliador-21,,Avaliador-6,,Avaliador-23,,Avaliador-8,,0.0,10.0,2.52,,8.1,9.3,7.8,7.3,,9.5875,5.0,,,,2023,8.75,,,,4.0,5.0,fase_0_7,15.0,7,-1.0,True,True
245,1,2008.0,2021,Privada - Programa de Apadrinhamento,Topázio,8.452633333266668,,,0.0,,,,,,,,,9.168,9.953333333,6.885,,8.033333333333333,8.4,7.6,8.1,,7.5,10.0,,,,2024,7.5,,,Colégio Albert Einstein - SP,7.0,5.0,fase_0_7,16.0,3,2.0,False,False
246,1,2009.0,2022,Escola Pública,Topázio,8.639,5.0,3.0,4.0,Avaliador-6,Promovido de Fase + Bolsa,Avaliador-27,Mantido na Fase atual,Avaliador-30,Promovido de Fase,Avaliador-31,Promovido de Fase + Bolsa,8.3,9.4,7.5,Não atendido,7.6,8.0,6.7,8.0,Sim,9.167,10.0,Destaque: A sua boa entrega das lições de casa.,Destaque: As suas boas notas na Passos Mágicos.,Destaque: A sua boa integração aos Princípios Passos Mágicos.,2022,8.255999999999988,,,,3.0,3.0,fase_0_7,13.0,0,0.0,True,False
246,1,2009.0,2022,Privada,Topázio,8.256766667,,,4.0,Avaliador-21,,Avaliador-6,,Avaliador-23,,Avaliador-8,,8.8,9.9,4.39,,6.8,7.7,7.0,5.8,,8.9175,10.0,,,,2023,8.125,,,,4.0,4.0,fase_0_7,14.0,1,0.0,False,False
246,1,2009.0,2022,Privada *Parcerias com Bolsa 100%,Quartzo,4.7404,,,0.0,,,,,,,,,8.334,0.0,6.57,,0.0,0.0,0.0,0.0,,7.5,10.0,,,,2024,7.5,,,FIAP School - SP,7.0,5.0,fase_0_7,15.0,2,2.0,False,False
247,0,2009.0,2021,Escola Pública,Ametista,7.72,32.0,7.0,4.0,Avaliador-6,Promovido de Fase + Bolsa,Avaliador-27,Mantido na Fase atual,Avaliador-30,Promovido de Fase,Avaliador-31,Promovido de Fase,8.3,8.2,7.5,Não atendido,5.8,5.3,5.7,6.3,Sim,7.875,10.0,Destaque: A sua boa entrega das lições de casa.,Melhorar: Empenhar-se mais nas aulas e avaliações.,Destaque: A sua boa integração aos Princípios Passos Mágicos.,2022,7.649999999999997,,,,3.0,3.0,fase_0_7,13.0,1,0.0,False,False
247,0,2009.0,2021,Pública,Ametista,7.221958333,,,4.0,Avaliador-21,,Avaliador-6,,Avaliador-4,,Avaliador-8,,0.0,8.5,7.52,,7.2,6.5,6.7,8.3,,7.5425,10.0,,,,2023,8.28125,,,,3.0,3.0,fase_0_7,14.0,2,0.0,False,False
247,0,2009.0,2021,Pública,Agata,6.646485739800001,,,4.0,Avaliador-22,,Avaliador-26,,Avaliador-1,,Avaliador-5,,0.0,8.306595365666666,6.26,,4.333333333333333,0.0,5.0,8.0,,8.5875,10.0,,,,2024,7.75,,,EE Loris Nassif Mattar Profa,4.0,4.0,fase_0_7,15.0,3,0.0,True,False
248,1,2009.0,2022,Escola Pública,Ametista,7.429,39.0,8.0,4.0,Avaliador-6,Mantido na Fase atual,Avaliador-27,Mantido na Fase atual,Avaliador-30,Mantido na Fase atual,Avaliador-31,Promovido de Fase,9.2,7.6,7.5,Não atendido,5.2,4.0,5.5,6.0,Não,7.292,10.0,Destaque: A sua boa entrega das lições de casa.,Melhorar: Empenhar-se mais nas aulas e avaliações.,Melhorar: Integrar-se mais aos Princípios Passos Mágicos.,2022,7.405999999999997,,,,3.0,3.0,fase_0_7,13.0,0,0.0,False,False
249,1,2008.0,2017,Escola Pública,Quartzo,5.097,125.0,10.0,4.0,Avaliador-6,Promovido de Fase,Avaliador-27,Mantido na Fase atual,Avaliador-30,Mantido na Fase atual,Avaliador-31,Alocado em Fase anterior,6.7,7.4,5.0,Não atendido,2.9,2.3,4.2,2.2,Não,4.292,5.0,Melhorar: Melhorar a sua entrega de lições de casa.,Melhorar: Empenhar-se mais nas aulas e avaliações.,Melhorar: Integrar-se mais aos Princípios Passos Mágicos.,2022,5.086000000000004,,,,3.0,4.0,fase_0_7,14.0,5,-1.0,False,True
249,1,2008.0,2017,Pública,Quartzo,5.444625,,,4.0,Avaliador-21,,Avaliador-6,,Avaliador-34,,Avaliador-8,,0.0,8.2,5.0,,4.9,6.2,5.3,3.2,,6.545,5.0,,,,2023,5.15625,,,,3.0,5.0,fase_0_7,15.0,6,-2.0,False,True
249,1,2008.0,2021,Pública,Agata,6.125104328999999,,,5.0,Avaliador-22,,Avaliador-17,,Avaliador-1,,Avaliador-5,,7.083,6.645021645,5.0,,5.0,1.0,8.0,6.0,,7.064,5.0,,,,2024,6.75,Avaliador-26,,EE Paschoal Carlos Magno,4.0,6.0,fase_0_7,16.0,3,-2.0,False,True
25,0,2005.0,2021,Escola Pública,Ametista,7.979,6.0,6.0,4.0,Avaliador-5,Promovido de Fase,Avaliador-27,Promovido de Fase + Bolsa,Avaliador-28,Promovido de Fase,Avaliador-31,Promovido de Fase + Bolsa,8.3,8.3,8.8,Sem limitações,6.9,9.2,3.8,7.7,Sim,9.667,5.0,Destaque: A sua boa entrega das lições de casa.,Melhorar: Empenhar-se mais nas aulas e avaliações.,Destaque: A sua boa integração aos Princípios Passos Mágicos.,2022,7.956000000000003,,,,6.0,7.0,fase_0_7,17.0,1,-1.0,True,True
25,0,2005.0,2021,Privada *Parcerias com Bolsa 100%,,,,,,,,,,,,,,,,,,,,,,,,10.0,,,,2023,,,,,8.0,8.0,fase_8,18.0,2,0.0,False,False
25,0,2005.0,2021,Privada *Parcerias com Bolsa 100%,,,,,0.0,,,,,,,,,,,,,,,,,,,10.0,,,,2024,,,,Universidade Santo Amaro (UNISA),8.0,8.0,fase_8,19.0,3,0.0,False,False
250,0,2010.0,2022,Escola Pública,Ametista,7.958,23.0,1.0,4.0,Avaliador-6,Promovido de Fase + Bolsa,Avaliador-27,Mantido na Fase atual,Avaliador-30,Mantido na Fase atual,Avaliador-31,Mantido na Fase atual,8.3,8.6,7.5,Não atendido,6.6,6.7,6.5,6.7,Sim,7.625,10.0,Destaque: A sua boa entrega das lições de casa.,Melhorar: Empenhar-se mais nas aulas e avaliações.,Destaque: A sua boa integração aos Princípios Passos Mágicos.,2022,8.129999999999997,,,,3.0,3.0,fase_0_7,12.0,0,0.0,False,False
250,0,2010.0,2022,Pública,Ametista,7.598208333,,,4.0,Avaliador-21,,Avaliador-6,,Avaliador-34,,Avaliador-8,,0.0,9.3,5.63,,8.3,7.7,8.8,8.3,,8.625,10.0,,,,2023,7.96875,,,,3.0,3.0,fase_0_7,13.0,1,0.0,False,False
250,0,2010.0,2022,Privada - Programa de Apadrinhamento,Topázio,9.049892592566668,,,3.0,Avaliador-21,,Avaliador-23,,Avaliador-17,,,,9.168,9.629629629666669,6.88,,9.166666666666666,10.0,7.5,10.0,,8.95,10.0,,,,2024,8.958333333,,,Colégio Arco Íris Evolução,4.0,4.0,fase_0_7,14.0,2,0.0,True,False
251,1,2007.0,2018,Escola Pública,Ágata,7.022,62.0,4.0,4.0,Avaliador-6,Promovido de Fase,Avaliador-27,Mantido na Fase atual,Avaliador-30,Promovido de Fase,Avaliador-31,Mantido na Fase atual,10.0,8.1,5.6,Sem limitações,6.3,5.3,6.3,7.2,Não,6.625,5.0,Destaque: A sua boa entrega das lições de casa.,Melhorar: Empenhar-se mais nas aulas e avaliações.,Melhorar: Integrar-se mais aos Princípios Passos Mágicos.,2022,7.570000000000006,,,,3.0,5.0,fase_0_7,15.0,4,-2.0,False,True
251,1,2007.0,2018,Pública,Agata,6.665208333,,,4.0,Avaliador-21,,Avaliador-6,,Avaliador-23,,Avaliador-8,,9.6,8.0,2.52,,5.3,5.0,5.5,5.3,,7.835,5.0,,,,2023,7.34375,,,,4.0,5.0,fase_0_7,16.0,5,-1.0,False,True
251,1,2007.0,2021,Pública,Agata,6.7135006212,,,3.0,Avaliador-23,,Avaliador-22,,Avaliador-1,,,,8.751,8.612836439,5.63,,4.5,4.0,2.5,7.0,,7.326666667,5.0,,,,2024,6.875,,,EE Maria André Schunck Dona,5.0,6.0,fase_0_7,17.0,3,-1.0,False,True
252,1,2008.0,2018,Escola Pública,Quartzo,4.277,143.0,14.0,4.0,Avaliador-6,Mantido na Fase atual,Avaliador-27,Mantido na Fase atual,Avaliador-30,Mantido na Fase atual,Avaliador-31,Alocado em Fase anterior,9.2,2.8,7.5,Não atendido,0.9,1.3,1.2,0.2,Não,3.875,5.0,Melhorar: Melhorar a sua entrega de lições de casa.,Melhorar: Empenhar-se mais nas aulas e avaliações.,Melhorar: Integrar-se mais aos Princípios Passos Mágicos.,2022,5.920000000000001,,,,3.0,4.0,fase_0_7,14.0,4,-1.0,False,True
253,1,2007.0,2019,Escola Pública,Quartzo,4.312,142.0,13.0,4.0,Avaliador-6,Mantido na Fase atual,Avaliador-27,Mantido na Fase atual,Avaliador-30,Mantido na Fase atual,Avaliador-31,Alocado em Fase anterior,9.2,3.6,5.0,Requer avaliação,1.8,1.0,3.7,0.7,Não,3.75,5.0,Melhorar: Melhorar a sua entrega de lições de casa.,Melhorar: Empenhar-se mais nas aulas e avaliações.,Melhorar: Integrar-se mais aos Princípios Passos Mágicos.,2022,5.620000000000003,,,,3.0,5.0,fase_0_7,15.0,3,-2.0,False,True
254,1,2008.0,2019,Escola Pública,Ágata,6.715,76.0,7.0,4.0,Avaliador-6,Promovido de Fase,Avaliador-27,Mantido na Fase atual,Avaliador-30,Promovido de Fase,Avaliador-31,Mantido na Fase atual,10.0,7.4,5.6,Requer avaliação,5.3,5.0,6.8,4.0,Não,6.917,5.0,Melhorar: Melhorar a sua entrega de lições de casa.,Melhorar: Empenhar-se mais nas aulas e avaliações.,Melhorar: Integrar-se mais aos Princípios Passos Mágicos.,2022,7.316000000000002,,,,3.0,4.0,fase_0_7,14.0,3,-1.0,False,True
254,1,2008.0,2019,Pública,,,,,4.0,Avaliador-21,,Avaliador-6,,Avaliador-23,,Avaliador-8,,9.6,8.8,,,5.9,5.7,5.7,6.2,,7.71,5.0,,,,2023,7.8125,,,,4.0,5.0,fase_0_7,15.0,4,-1.0,False,True
255,1,2008.0,2019,Escola Pública,Quartzo,4.563,139.0,12.0,4.0,Avaliador-6,Mantido na Fase atual,Avaliador-27,Mantido na Fase atual,Avaliador-30,Mantido na Fase atual,Avaliador-31,Mantido na Fase atual,7.5,3.8,5.0,Não indicado,1.3,1.0,2.3,0.5,Não,5.542,5.0,Melhorar: Melhorar a sua entrega de lições de casa.,Melhorar: Empenhar-se mais nas aulas e avaliações.,Melhorar: Integrar-se mais aos Princípios Passos Mágicos.,2022,6.8459999999999965,,,,3.0,4.0,fase_0_7,14.0,3,-1.0,False,True
256,0,2010.0,2019,Escola Pública,Ametista,7.192,52.0,3.0,4.0,Avaliador-6,Promovido de Fase,Avaliador-27,Mantido na Fase atual,Avaliador-30,Promovido de Fase,Avaliador-31,Mantido na Fase atual,8.8,8.5,5.0,Requer avaliação,5.2,5.3,6.7,3.5,Não,6.708,10.0,Destaque: A sua boa entrega das lições de casa.,Melhorar: Empenhar-se mais nas aulas e avaliações.,Melhorar: Integrar-se mais aos Princípios Passos Mágicos.,2022,7.303999999999995,,,,3.0,3.0,fase_0_7,12.0,3,0.0,False,False
257,0,2008.0,2018,Escola Pública,Quartzo,5.149,124.0,9.0,4.0,Avaliador-6,Promovido de Fase,Avaliador-27,Mantido na Fase atual,Avaliador-30,Promovido de Fase,Avaliador-31,Mantido na Fase atual,0.0,6.4,5.6,Requer avaliação,3.6,4.0,5.2,1.5,Não,6.708,5.0,Melhorar: Melhorar a sua entrega de lições de casa.,Melhorar: Empenhar-se mais nas aulas e avaliações.,Melhorar: Integrar-se mais aos Princípios Passos Mágicos.,2022,7.473999999999998,,,,3.0,4.0,fase_0_7,14.0,4,-1.0,False,True
258,0,2010.0,2018,Escola Pública,Ágata,6.926,67.0,5.0,4.0,Avaliador-6,Mantido na Fase atual,Avaliador-27,Mantido na Fase atual,Avaliador-30,Promovido de Fase,Avaliador-31,Mantido na Fase atual,10.0,7.3,5.6,Sem limitações,4.8,2.7,6.2,5.5,Não,6.125,10.0,Melhorar: Melhorar a sua entrega de lições de casa.,Melhorar: Empenhar-se mais nas aulas e avaliações.,Melhorar: Integrar-se mais aos Princípios Passos Mágicos.,2022,7.210000000000001,,,,3.0,3.0,fase_0_7,12.0,4,0.0,False,False
258,0,2010.0,2021,Pública,Agata,6.429063888866667,,,5.0,Avaliador-16,,Avaliador-26,,Avaliador-22,,Avaliador-10,,7.084,6.944444444333333,7.51,,2.5,,5.0,0.0,,6.732,10.0,,,,2024,7.34375,Avaliador-25,,EE João Ortiz Rodrigues,3.0,3.0,fase_0_7,14.0,3,0.0,False,False
259,1,2006.0,2017,Escola Pública,Quartzo,4.182,146.0,15.0,4.0,Avaliador-6,Mantido na Fase atual,Avaliador-27,Mantido na Fase atual,Avaliador-30,Promovido de Fase,Avaliador-31,Alocado em Fase anterior,8.8,2.9,7.5,Não atendido,0.9,0.0,2.7,0.2,Não,4.625,2.5,Melhorar: Melhorar a sua entrega de lições de casa.,Melhorar: Empenhar-se mais nas aulas e avaliações.,Melhorar: Integrar-se mais aos Princípios Passos Mágicos.,2022,6.17,,,,3.0,6.0,fase_0_7,16.0,5,-3.0,False,True
26,1,2005.0,2022,Escola Pública,Topázio,8.677,3.0,3.0,4.0,Avaliador-5,Promovido de Fase,Avaliador-27,Promovido de Fase + Bolsa,Avaliador-28,Mantido na Fase + Bolsa,Avaliador-31,Promovido de Fase + Bolsa,9.6,8.8,10.0,Sem limitações,8.0,9.5,4.4,10.0,Sim,10.0,5.0,Destaque: A sua boa entrega das lições de casa.,Destaque: As suas boas notas na Passos Mágicos.,Destaque: A sua boa integração aos Princípios Passos Mágicos.,2022,8.569999999999993,,,,6.0,7.0,fase_0_7,17.0,0,-1.0,True,True
26,1,2005.0,2022,Privada *Parcerias com Bolsa 100%,,,,,,,,,,,,,,0.0,,7.52,,,,,,,,5.0,,,,2023,,,,,7.0,8.0,fase_0_7,18.0,1,-1.0,False,True
26,1,2005.0,2022,Privada *Parcerias com Bolsa 100%,,,,,0.0,,,,,,,,,,,,,,,,,,,10.0,,,,2024,,,,Faculdade FIAP,8.0,8.0,fase_8,19.0,2,0.0,False,False
260,0,2009.0,2019,Escola Pública,Ametista,7.44,38.0,2.0,4.0,Avaliador-6,Mantido na Fase atual,Avaliador-27,Mantido na Fase atual,Avaliador-30,Mantido na Fase atual,Avaliador-31,Mantido na Fase atual,10.0,8.2,7.5,Não atendido,5.0,5.7,5.2,4.2,Não,6.458,10.0,Destaque: A sua boa entrega das lições de casa.,Melhorar: Empenhar-se mais nas aulas e avaliações.,Melhorar: Integrar-se mais aos Princípios Passos Mágicos.,2022,7.584000000000008,,,,3.0,3.0,fase_0_7,13.0,3,0.0,False,False
260,0,2009.0,2019,Pública,Topázio,8.080008333,,,4.0,Avaliador-21,,Avaliador-6,,Avaliador-34,,Avaliador-8,,9.2,9.9,7.52,,6.1,6.3,5.2,6.7,,7.4175,10.0,,,,2023,7.34375,,,,3.0,3.0,fase_0_7,14.0,4,0.0,False,False
260,0,2009.0,2021,Pública,Topázio,8.448920634933334,,,5.0,Avaliador-22,,Avaliador-17,,Avaliador-1,,Avaliador-5,,8.751,9.674603174666666,7.51,,7.0,7.5,5.5,8.0,,8.502,10.0,,,,2024,7.875,Avaliador-26,,EE João Ortiz Rodrigues,4.0,4.0,fase_0_7,15.0,3,0.0,True,False
261,0,2008.0,2019,Escola Pública,Ágata,6.763,74.0,6.0,4.0,Avaliador-6,Promovido de Fase + Bolsa,Avaliador-27,Mantido na Fase atual,Avaliador-30,Promovido de Fase,Avaliador-31,Mantido na Fase atual,8.8,7.2,5.6,Sem limitações,5.8,6.2,5.8,5.5,Sim,7.042,5.0,Melhorar: Melhorar a sua entrega de lições de casa.,Melhorar: Empenhar-se mais nas aulas e avaliações.,Melhorar: Integrar-se mais aos Princípios Passos Mágicos.,2022,8.145999999999995,,,,3.0,4.0,fase_0_7,14.0,3,-1.0,False,True
262,1,2007.0,2021,Escola Pública,Quartzo,4.786,135.0,11.0,4.0,Avaliador-6,Promovido de Fase,Avaliador-27,Mantido na Fase atual,Avaliador-30,Promovido de Fase,Avaliador-31,Mantido na Fase atual,0.0,5.8,5.6,Sem limitações,3.4,1.3,5.5,3.5,Não,5.625,5.0,Melhorar: Melhorar a sua entrega de lições de casa.,Melhorar: Empenhar-se mais nas aulas e avaliações.,Melhorar: Integrar-se mais aos Princípios Passos Mágicos.,2022,7.609999999999992,,,,3.0,5.0,fase_0_7,15.0,1,-2.0,False,True
262,1,2007.0,2021,Privada,Quartzo,4.406458333,,,4.0,Avaliador-21,,Avaliador-6,,Avaliador-23,,Avaliador-8,,0.0,3.7,5.0,,3.8,5.0,3.3,3.0,,6.05,5.0,,,,2023,7.03125,,,,4.0,6.0,fase_0_7,16.0,2,-2.0,False,True
262,1,2007.0,2021,Privada,Quartzo,5.806145462066667,,,5.0,Avaliador-22,,Avaliador-17,,Avaliador-1,,Avaliador-5,,7.917,4.854560643666667,7.51,,4.166666666666667,1.0,4.5,7.0,,6.296,5.0,,,,2024,7.0,Avaliador-26,,Colégio Nogueira e Sonho de Criança,4.0,6.0,fase_0_7,17.0,3,-2.0,False,True
263,0,2007.0,2019,Escola Pública,Quartzo,5.319,121.0,8.0,4.0,Avaliador-6,Promovido de Fase,Avaliador-27,Mantido na Fase atual,Avaliador-30,Mantido na Fase atual,Avaliador-31,Mantido na Fase atual,5.8,5.6,7.5,Não atendido,3.7,3.0,2.8,5.4,Não,4.417,5.0,Melhorar: Melhorar a sua entrega de lições de casa.,Melhorar: Empenhar-se mais nas aulas e avaliações.,Melhorar: Integrar-se mais aos Princípios Passos Mágicos.,2022,7.455999999999996,,,,3.0,5.0,fase_0_7,15.0,3,-2.0,False,True
264,0,2007.0,2022,Escola Pública,Ametista,7.087,57.0,2.0,4.0,Avaliador-6,Promovido de Fase,Avaliador-27,Mantido na Fase atual,Avaliador-30,Promovido de Fase,Avaliador-31,Mantido na Fase atual,10.0,9.2,5.6,Requer avaliação,5.8,6.0,5.5,,Não,6.625,5.0,Destaque: A sua boa entrega das lições de casa.,Melhorar: Empenhar-se mais nas aulas e avaliações.,Melhorar: Integrar-se mais aos Princípios Passos Mágicos.,2022,7.02,,,,3.0,5.0,fase_0_7,15.0,0,-2.0,False,True
265,1,2009.0,2019,Escola Pública,Ametista,7.926,26.0,1.0,4.0,Avaliador-6,Promovido de Fase + Bolsa,Avaliador-27,Mantido na Fase atual,Avaliador-30,Promovido de Fase,Avaliador-31,Mantido na Fase + Bolsa,8.3,7.7,7.5,Não atendido,6.9,5.3,7.0,8.5,Sim,7.917,10.0,Destaque: A sua boa entrega das lições de casa.,Melhorar: Empenhar-se mais nas aulas e avaliações.,Destaque: A sua boa integração aos Princípios Passos Mágicos.,2022,8.426,,,,3.0,3.0,fase_0_7,13.0,3,0.0,False,False
265,1,2009.0,2019,Pública,,,,,4.0,Avaliador-21,,Avaliador-6,,Avaliador-23,,Avaliador-8,,8.3,8.7,,,7.0,7.3,6.8,6.8,,7.88,10.0,,,,2023,7.96875,,,,4.0,4.0,fase_0_7,14.0,4,0.0,False,False
266,0,2006.0,2019,Escola Pública,Quartzo,5.987,104.0,4.0,4.0,Avaliador-6,Promovido de Fase,Avaliador-27,Mantido na Fase atual,Avaliador-30,Promovido de Fase,Avaliador-31,Promovido de Fase,7.5,5.8,5.6,Requer avaliação,6.0,5.0,6.7,6.3,Não,6.583,2.5,Melhorar: Melhorar a sua entrega de lições de casa.,Melhorar: Empenhar-se mais nas aulas e avaliações.,Melhorar: Integrar-se mais aos Princípios Passos Mágicos.,2022,7.503999999999991,,,,3.0,6.0,fase_0_7,16.0,3,-3.0,False,True
267,0,2007.0,2016,Escola Pública,Ágata,6.012,103.0,3.0,4.0,Avaliador-6,Promovido de Fase,Avaliador-27,Mantido na Fase atual,Avaliador-30,Promovido de Fase,Avaliador-31,Mantido na Fase atual,10.0,7.4,5.0,Não indicado,3.3,2.3,4.8,2.7,Não,6.292,5.0,Melhorar: Melhorar a sua entrega de lições de casa.,Melhorar: Empenhar-se mais nas aulas e avaliações.,Melhorar: Integrar-se mais aos Princípios Passos Mágicos.,2022,6.13599999999999,,,,3.0,5.0,fase_0_7,15.0,6,-2.0,False,True
267,0,2007.0,2016,Pública,,,,,4.0,Avaliador-21,,Avaliador-6,,Avaliador-23,,Avaliador-8,,7.9,7.7,,,2.7,2.7,4.0,1.3,,6.505,5.0,,,,2023,4.6875,,,,4.0,6.0,fase_0_7,16.0,7,-2.0,False,True
267,0,2007.0,2021,Pública,Quartzo,5.896306781966668,,,3.0,Avaliador-23,,Avaliador-1,,Avaliador-5,,,,10.002,8.285533910333333,6.26,,2.0,0.0,2.0,4.0,,6.273333333,5.0,,,,2024,4.583333333,,,EE Leonice de Aquino Oliveira,5.0,7.0,fase_0_7,17.0,3,-2.0,False,True
268,0,2008.0,2021,Escola Pública,Ágata,6.695,77.0,11.0,4.0,Avaliador-6,Promovido de Fase,Avaliador-27,Mantido na Fase atual,Avaliador-30,Promovido de Fase,Avaliador-31,Mantido na Fase + Bolsa,9.2,6.7,6.3,Requer avaliação,5.7,7.0,6.8,3.2,Sim,7.208,5.0,Melhorar: Melhorar a sua entrega de lições de casa.,Melhorar: Empenhar-se mais nas aulas e avaliações.,Melhorar: Integrar-se mais aos Princípios Passos Mágicos.,2022,7.233999999999998,,,,3.0,4.0,fase_0_7,14.0,1,-1.0,False,True
269,1,2009.0,2022,Escola Pública,Topázio,8.231,13.0,2.0,4.0,Avaliador-6,Promovido de Fase,Avaliador-27,Mantido na Fase atual,Avaliador-30,Promovido de Fase,Avaliador-31,Promovido de Fase,9.2,8.6,6.3,Requer avaliação,8.9,8.7,9.5,8.5,Não,7.25,10.0,Destaque: A sua boa entrega das lições de casa.,Destaque: As suas boas notas na Passos Mágicos.,Melhorar: Integrar-se mais aos Princípios Passos Mágicos.,2022,7.309999999999999,,,,3.0,3.0,fase_0_7,13.0,0,0.0,False,False
269,1,2009.0,2022,Pública,Topázio,8.116041667,,,4.0,Avaliador-21,,Avaliador-6,,Avaliador-23,,Avaliador-8,,9.6,9.0,2.52,,7.4,8.0,7.3,7.0,,8.7975,10.0,,,,2023,8.59375,,,,4.0,4.0,fase_0_7,14.0,1,0.0,False,False
269,1,2009.0,2022,Privada *Parcerias com Bolsa 100%,Topázio,8.4773,,,0.0,,,,,,,,,9.168,9.6,7.505,,8.200000000000001,8.1,8.6,7.9,,7.5,10.0,,,,2024,7.5,,,FIAP School - SP,7.0,5.0,fase_0_7,15.0,2,2.0,False,False
27,1,2005.0,2016,Rede Decisão,Ametista,7.124,12.0,12.0,4.0,Avaliador-5,Promovido de Fase,Avaliador-27,Promovido de Fase + Bolsa,Avaliador-28,Promovido de Fase + Bolsa,Avaliador-31,Promovido de Fase + Bolsa,0.0,7.6,8.1,Sem limitações,8.0,7.7,6.3,10.0,Não,9.111,5.0,Destaque: A sua boa entrega das lições de casa.,Destaque: As suas boas notas na Passos Mágicos.,Destaque: A sua boa integração aos Princípios Passos Mágicos.,2022,8.717999999999995,,,,6.0,7.0,fase_0_7,17.0,6,-1.0,True,True
27,1,2006.0,2016,Privada - Programa de Apadrinhamento,Ametista,7.921266667,,,4.0,Avaliador-32,,Avaliador-7,,Avaliador-23,,Avaliador-8,,6.7,7.7,6.89,,6.9,7.0,5.8,8.0,,8.8825,10.0,,,,2023,8.625,,,,7.0,7.0,fase_0_7,17.0,7,0.0,False,False
27,1,2006.0,2021,Privada *Parcerias com Bolsa 100%,,,,,0.0,,,,,,,,,,,,,,,,,,,10.0,,,,2024,,,,Faculdade FIAP,8.0,8.0,fase_8,18.0,3,0.0,False,False
270,0,2009.0,2019,Rede Decisão,Topázio,8.226,14.0,3.0,4.0,Avaliador-6,Promovido de Fase + Bolsa,Avaliador-27,Mantido na Fase atual,Avaliador-30,Promovido de Fase,Avaliador-31,Mantido na Fase + Bolsa,8.3,8.4,6.9,Não atendido,7.9,8.0,7.2,8.5,Não,8.125,10.0,Destaque: A sua boa entrega das lições de casa.,Destaque: As suas boas notas na Passos Mágicos.,Destaque: A sua boa integração aos Princípios Passos Mágicos.,2022,8.210000000000006,,,,3.0,3.0,fase_0_7,13.0,3,0.0,False,False
270,0,2009.0,2019,Privada - Programa de Apadrinhamento,Ametista,7.982633333,,,4.0,Avaliador-21,,Avaliador-6,,Avaliador-23,,Avaliador-8,,9.2,9.0,2.52,,6.6,7.7,6.2,5.8,,9.1275,10.0,,,,2023,8.75,,,,4.0,4.0,fase_0_7,14.0,4,0.0,True,False
270,0,2009.0,2021,Privada - Programa de Apadrinhamento,Quartzo,4.79255,,,0.0,,,,,,,,,9.168,0.0,6.2575,,0.0,0.0,0.0,0.0,,7.5,10.0,,,,2024,7.5,,,Colégio Albert Einstein - SP,7.0,5.0,fase_0_7,15.0,3,2.0,False,False
271,0,2007.0,2022,Escola Pública,Ametista,7.255,50.0,8.0,4.0,Avaliador-6,Promovido de Fase + Bolsa,Avaliador-27,Mantido na Fase atual,Avaliador-30,Promovido de Fase,Avaliador-31,Mantido na Fase + Bolsa,9.2,8.5,5.6,Requer avaliação,7.1,6.3,6.5,8.3,Sim,6.958,5.0,Destaque: A sua boa entrega das lições de casa.,Melhorar: Empenhar-se mais nas aulas e avaliações.,Melhorar: Integrar-se mais aos Princípios Passos Mágicos.,2022,7.633999999999999,,,,3.0,5.0,fase_0_7,15.0,0,-2.0,False,True
271,0,2007.0,2022,Pública,Agata,6.140333333,,,4.0,Avaliador-21,,Avaliador-6,,Avaliador-23,,Avaliador-8,,0.0,9.3,2.52,,5.9,4.3,7.0,6.3,,7.7125,5.0,,,,2023,8.125,,,,4.0,6.0,fase_0_7,16.0,1,-2.0,False,True
271,0,2007.0,2022,Pública,Ametista,7.400633333333334,,,4.0,Avaliador-23,,Avaliador-24,,Avaliador-1,,Avaliador-7,,9.168,8.958333333333334,6.26,,7.333333333333333,5.0,7.5,9.5,,6.7475,5.0,,,,2024,7.5,,,EE Donizetti Aparecido Leite Professor,5.0,6.0,fase_0_7,17.0,2,-1.0,False,True
272,1,2008.0,2021,Escola Pública,Ágata,6.361,88.0,14.0,4.0,Avaliador-6,Mantido na Fase atual,Avaliador-27,Mantido na Fase atual,Avaliador-30,Promovido de Fase,Avaliador-31,Promovido de Fase,9.2,5.7,7.5,Não atendido,5.1,5.0,6.8,3.5,Não,6.417,5.0,Melhorar: Melhorar a sua entrega de lições de casa.,Melhorar: Empenhar-se mais nas aulas e avaliações.,Melhorar: Integrar-se mais aos Princípios Passos Mágicos.,2022,7.475999999999994,,,,3.0,4.0,fase_0_7,14.0,1,-1.0,False,True
273,0,2008.0,2018,Escola Pública,Quartzo,5.679,110.0,15.0,4.0,Avaliador-6,Mantido na Fase atual,Avaliador-27,Mantido na Fase atual,Avaliador-30,Mantido na Fase atual,Avaliador-31,Promovido de Fase,9.2,5.3,7.5,Não atendido,3.0,3.8,4.7,0.5,Não,5.833,5.0,Melhorar: Melhorar a sua entrega de lições de casa.,Melhorar: Empenhar-se mais nas aulas e avaliações.,Melhorar: Integrar-se mais aos Princípios Passos Mágicos.,2022,6.824000000000003,,,,3.0,4.0,fase_0_7,14.0,4,-1.0,False,True
273,0,2008.0,2018,Pública,Agata,6.337116667,,,4.0,Avaliador-21,,Avaliador-6,,Avaliador-4,,Avaliador-8,,7.9,7.4,2.52,,5.0,5.3,6.8,3.0,,7.6275,5.0,,,,2023,7.8125,,,,3.0,4.0,fase_0_7,15.0,5,-1.0,False,True
273,0,2008.0,2021,Pública,Agata,6.5991307798,,,5.0,Avaliador-21,,Avaliador-5,,Avaliador-17,,Avaliador-23,,9.168,7.323153899,6.26,,4.5,3.0,6.5,4.0,,6.896,5.0,,,,2024,8.125,Avaliador-5,,EE Maria André Schunck Dona,4.0,5.0,fase_0_7,16.0,3,-1.0,False,True
274,0,2011.0,2019,Rede Decisão,Ametista,7.946,24.0,5.0,4.0,Avaliador-6,Promovido de Fase + Bolsa,Avaliador-27,Mantido na Fase atual,Avaliador-30,Promovido de Fase,Avaliador-31,Alocado em Fase anterior,7.9,8.3,7.5,Não atendido,8.1,8.1,9.3,7.0,Não,7.0,10.0,Destaque: A sua boa entrega das lições de casa.,Destaque: As suas boas notas na Passos Mágicos.,Melhorar: Integrar-se mais aos Princípios Passos Mágicos.,2022,7.259999999999991,,,,3.0,2.0,fase_0_7,11.0,3,1.0,False,False
274,0,2011.0,2019,Privada - Programa de Apadrinhamento,Topázio,8.137625,,,4.0,Avaliador-21,,Avaliador-6,,Avaliador-23,,Avaliador-8,,7.5,9.5,5.63,,7.5,7.0,7.7,7.8,,8.295,10.0,,,,2023,7.65625,,,,4.0,3.0,fase_0_7,12.0,4,1.0,False,False
274,0,2011.0,2021,Privada - Programa de Apadrinhamento,Topázio,8.651029629666667,,,3.0,Avaliador-23,,Avaliador-24,,Avaliador-7,,,,8.334,9.648148148,5.635,,9.333333333333334,9.0,9.0,10.0,,8.226666667,10.0,,,,2024,8.125,,,Colégio Arco Íris Evolução,5.0,3.0,fase_0_7,13.0,3,2.0,False,False
275,1,2007.0,2018,Escola Pública,Ágata,6.665,79.0,12.0,4.0,Avaliador-6,Promovido de Fase + Bolsa,Avaliador-27,Mantido na Fase atual,Avaliador-30,Promovido de Fase,Avaliador-31,Promovido de Fase,9.6,6.9,7.5,Não atendido,4.6,5.0,6.0,2.7,Sim,6.667,5.0,Melhorar: Melhorar a sua entrega de lições de casa.,Melhorar: Empenhar-se mais nas aulas e avaliações.,Melhorar: Integrar-se mais aos Princípios Passos Mágicos.,2022,8.216000000000001,,,,3.0,5.0,fase_0_7,15.0,4,-2.0,False,True
276,0,2008.0,2017,Escola Pública,Quartzo,5.527,118.0,16.0,4.0,Avaliador-6,Promovido de Fase,Avaliador-27,Mantido na Fase atual,Avaliador-30,Mantido na Fase atual,Avaliador-31,Promovido de Fase,7.1,5.7,5.6,Não indicado,4.3,3.7,6.0,3.3,Não,5.125,5.0,Melhorar: Melhorar a sua entrega de lições de casa.,Melhorar: Empenhar-se mais nas aulas e avaliações.,Melhorar: Integrar-se mais aos Princípios Passos Mágicos.,2022,7.320000000000002,,,,3.0,4.0,fase_0_7,14.0,5,-1.0,False,True
276,0,2008.0,2017,Privada - Programa de Apadrinhamento,Agata,6.690458333,,,4.0,Avaliador-21,,Avaliador-6,,Avaliador-23,,Avaliador-8,,6.3,8.5,2.52,,5.5,3.7,4.7,8.0,,6.585,10.0,,,,2023,7.03125,,,,4.0,4.0,fase_0_7,15.0,6,0.0,False,False
277,1,2008.0,2021,Escola Pública,Ametista,7.411,41.0,7.0,4.0,Avaliador-6,Promovido de Fase + Bolsa,Avaliador-27,Mantido na Fase atual,Avaliador-30,Promovido de Fase,Avaliador-31,Mantido na Fase + Bolsa,7.1,8.8,7.5,Não atendido,7.4,7.2,7.0,8.2,Sim,7.208,5.0,Destaque: A sua boa entrega das lições de casa.,Melhorar: Empenhar-se mais nas aulas e avaliações.,Melhorar: Integrar-se mais aos Princípios Passos Mágicos.,2022,7.693999999999992,,,,3.0,4.0,fase_0_7,14.0,1,-1.0,False,True
277,1,2008.0,2021,Pública,Ametista,7.7284,,,4.0,Avaliador-21,,Avaliador-6,,Avaliador-23,,Avaliador-8,,8.3,9.9,7.52,,5.5,5.7,6.0,4.8,,8.7525,5.0,,,,2023,8.125,,,,4.0,5.0,fase_0_7,15.0,2,-1.0,False,True
277,1,2008.0,2021,Privada *Parcerias com Bolsa 100%,Topázio,8.0689833334,,,0.0,,,,,,,,,8.334,9.741666667,6.5725,,6.9,6.5,8.15,6.05,,7.5,10.0,,,,2024,7.5,,,FIAP School - SP,7.0,5.0,fase_0_7,16.0,3,2.0,False,False
278,1,2010.0,2018,Rede Decisão,Ametista,7.741,31.0,6.0,4.0,Avaliador-6,Promovido de Fase + Bolsa,Avaliador-27,Mantido na Fase atual,Avaliador-30,Promovido de Fase,Avaliador-31,Mantido na Fase + Bolsa,8.8,9.2,5.6,Requer avaliação,6.0,5.7,5.8,6.4,Não,7.417,10.0,Destaque: A sua boa entrega das lições de casa.,Melhorar: Empenhar-se mais nas aulas e avaliações.,Melhorar: Integrar-se mais aos Princípios Passos Mágicos.,2022,7.775999999999996,,,,3.0,3.0,fase_0_7,12.0,4,0.0,False,False
278,1,2010.0,2018,Pública,Ametista,7.1935,,,4.0,Avaliador-21,,Avaliador-6,,Avaliador-23,,Avaliador-8,,0.0,9.8,5.63,,5.6,6.0,5.3,5.5,,8.3775,10.0,,,,2023,8.75,,,,4.0,3.0,fase_0_7,13.0,5,1.0,False,False
278,1,2010.0,2021,Privada - Programa de Apadrinhamento,Topázio,8.907314492800001,,,3.0,Avaliador-23,,Avaliador-22,,Avaliador-1,,,,9.168,9.855072463666666,7.51,,9.333333333333334,9.0,9.0,10.0,,7.946666667,10.0,,,,2024,8.125,,,Colégio Arco Íris Evolução,5.0,4.0,fase_0_7,14.0,3,1.0,False,False
279,1,2009.0,2019,Rede Decisão,Topázio,8.815,1.0,1.0,4.0,Avaliador-6,Promovido de Fase + Bolsa,Avaliador-27,Mantido na Fase atual,Avaliador-30,Promovido de Fase,Avaliador-31,Mantido na Fase + Bolsa,9.2,9.9,6.3,Sem limitações,9.1,9.7,8.3,9.3,Não,8.208,10.0,Destaque: A sua boa entrega das lições de casa.,Destaque: As suas boas notas na Passos Mágicos.,Destaque: A sua boa integração aos Princípios Passos Mágicos.,2022,8.233999999999986,,,,3.0,3.0,fase_0_7,13.0,3,0.0,False,False
279,1,2009.0,2019,Pública,Topázio,9.006266667,,,4.0,Avaliador-21,,Avaliador-6,,Avaliador-23,,Avaliador-8,,8.8,10.0,6.27,,8.9,9.0,8.5,9.3,,9.2125,10.0,,,,2023,8.75,,,,4.0,4.0,fase_0_7,14.0,4,0.0,True,False
279,1,2009.0,2021,Privada - Programa de Apadrinhamento,Topázio,9.113133333366669,,,3.0,Avaliador-23,,Avaliador-22,,Avaliador-1,,,,9.168,10.0,7.51,,9.333333333333334,10.0,8.0,10.0,,8.726666667,10.0,,,,2024,8.333333333,,,Colégio Arco Íris Evolução,5.0,4.0,fase_0_7,15.0,3,1.0,True,False
28,0,2005.0,2019,Escola Pública,Ágata,6.242,14.0,14.0,4.0,Avaliador-5,Promovido de Fase,Avaliador-27,Mantido na Fase atual,Avaliador-28,Mantido na Fase atual,Avaliador-31,Promovido de Fase,7.9,6.1,7.5,Requer avaliação,5.0,8.2,1.5,5.3,Não,6.333,5.0,Melhorar: Melhorar a sua entrega de lições de casa.,Melhorar: Empenhar-se mais nas aulas e avaliações.,Melhorar: Integrar-se mais aos Princípios Passos Mágicos.,2022,7.153999999999998,,,,6.0,7.0,fase_0_7,17.0,3,-1.0,False,True
280,0,2009.0,2021,Rede Decisão,Ametista,8.046,20.0,4.0,4.0,Avaliador-6,Promovido de Fase + Bolsa,Avaliador-27,Mantido na Fase atual,Avaliador-30,Promovido de Fase,Avaliador-31,Promovido de Fase,7.5,9.2,7.5,Sem limitações,7.1,5.7,7.0,8.7,Não,7.333,10.0,Destaque: A sua boa entrega das lições de casa.,Melhorar: Empenhar-se mais nas aulas e avaliações.,Melhorar: Integrar-se mais aos Princípios Passos Mágicos.,2022,8.193999999999999,,,,3.0,3.0,fase_0_7,13.0,1,0.0,False,False
280,0,2009.0,2021,Privada - Programa de Apadrinhamento,Topázio,8.189225,,,4.0,Avaliador-21,,Avaliador-6,,Avaliador-23,,Avaliador-8,,6.7,9.5,7.52,,6.5,6.3,7.7,5.5,,8.7125,10.0,,,,2023,8.28125,,,,4.0,4.0,fase_0_7,14.0,2,0.0,False,False
280,0,2009.0,2021,Privada - Programa de Apadrinhamento,Topázio,8.822714492700001,,,3.0,Avaliador-23,,Avaliador-22,,Avaliador-1,,,,7.917,9.855072463666666,6.26,,9.333333333333334,10.0,8.0,10.0,,8.67,10.0,,,,2024,8.333333333,,,Colégio Arco Íris Evolução,5.0,4.0,fase_0_7,15.0,3,1.0,True,False
281,0,2009.0,2019,Escola Pública,Ágata,6.806,71.0,10.0,4.0,Avaliador-6,Mantido na Fase atual,Avaliador-27,Mantido na Fase atual,Avaliador-30,Mantido na Fase atual,Avaliador-31,Mantido na Fase atual,6.7,6.9,7.5,Sem limitações,5.9,5.0,6.8,6.0,Não,5.625,10.0,Melhorar: Melhorar a sua entrega de lições de casa.,Melhorar: Empenhar-se mais nas aulas e avaliações.,Melhorar: Integrar-se mais aos Princípios Passos Mágicos.,2022,7.009999999999996,,,,3.0,3.0,fase_0_7,13.0,3,0.0,False,False
282,0,2009.0,2019,Escola Pública,Ágata,6.618,80.0,13.0,4.0,Avaliador-6,Mantido na Fase atual,Avaliador-27,Mantido na Fase atual,Avaliador-30,Mantido na Fase atual,Avaliador-31,Mantido na Fase atual,8.8,6.8,7.5,Sem limitações,4.0,4.7,6.3,1.0,Não,5.625,10.0,Melhorar: Melhorar a sua entrega de lições de casa.,Melhorar: Empenhar-se mais nas aulas e avaliações.,Melhorar: Integrar-se mais aos Princípios Passos Mágicos.,2022,7.030000000000003,,,,3.0,3.0,fase_0_7,13.0,3,0.0,False,False
283,1,2008.0,2020,Escola Pública,Ametista,7.131,54.0,9.0,4.0,Avaliador-6,Mantido na Fase atual,Avaliador-27,Mantido na Fase atual,Avaliador-30,Mantido na Fase atual,Avaliador-31,Promovido de Fase,9.6,8.8,7.5,Não atendido,5.6,4.5,5.8,6.6,Não,6.625,5.0,Destaque: A sua boa entrega das lições de casa.,Melhorar: Empenhar-se mais nas aulas e avaliações.,Melhorar: Integrar-se mais aos Princípios Passos Mágicos.,2022,7.160000000000002,,,,3.0,4.0,fase_0_7,14.0,2,-1.0,False,True
283,1,2008.0,2020,Pública,Ametista,7.549025,,,4.0,Avaliador-21,,Avaliador-6,,Avaliador-34,,Avaliador-8,,8.3,9.5,7.52,,6.8,6.8,4.8,8.8,,7.5025,5.0,,,,2023,7.03125,,,,3.0,5.0,fase_0_7,15.0,3,-2.0,False,True
283,1,2008.0,2021,Pública,Ametista,7.9444309524,,,5.0,Avaliador-21,,Avaliador-5,,Avaliador-17,,Avaliador-23,,8.751,9.761904762,6.885,,8.0,6.5,8.0,9.5,,7.736,5.0,,,,2024,7.8125,Avaliador-5,,EE Maria André Schunck Dona,4.0,6.0,fase_0_7,16.0,3,-2.0,False,True
284,1,2009.0,2022,Escola Pública,Quartzo,5.939,106.0,3.0,4.0,Avaliador-6,Promovido de Fase,Avaliador-27,Mantido na Fase atual,Avaliador-30,Mantido na Fase atual,Avaliador-31,Mantido na Fase atual,6.7,5.1,5.6,Sem limitações,3.8,7.0,4.5,0.0,Não,5.958,10.0,Melhorar: Melhorar a sua entrega de lições de casa.,Melhorar: Empenhar-se mais nas aulas e avaliações.,Melhorar: Integrar-se mais aos Princípios Passos Mágicos.,2022,7.374,,,,3.0,3.0,fase_0_7,13.0,0,0.0,False,False
285,0,2006.0,2020,Escola Pública,Quartzo,5.063,126.0,5.0,4.0,Avaliador-6,Promovido de Fase,Avaliador-27,Mantido na Fase atual,Avaliador-30,Promovido de Fase,Avaliador-31,Alocado em Fase anterior,9.2,4.1,7.5,Sem limitações,2.8,4.0,3.2,1.2,Não,5.75,2.5,Melhorar: Melhorar a sua entrega de lições de casa.,Melhorar: Empenhar-se mais nas aulas e avaliações.,Melhorar: Integrar-se mais aos Princípios Passos Mágicos.,2022,6.129999999999996,,,,3.0,6.0,fase_0_7,16.0,2,-3.0,False,True
285,0,2006.0,2020,Pública,Quartzo,5.380358333,,,4.0,Avaliador-21,,Avaliador-6,,Avaliador-23,,Avaliador-8,,8.3,4.6,2.52,,4.7,4.0,6.0,4.0,,7.13,2.5,,,,2023,7.65625,,,,4.0,7.0,fase_0_7,17.0,3,-3.0,False,True
286,0,2007.0,2022,Escola Pública,Quartzo,5.424,119.0,4.0,4.0,Avaliador-6,Promovido de Fase,Avaliador-27,Mantido na Fase atual,Avaliador-30,Promovido de Fase,Avaliador-31,Mantido na Fase atual,7.1,5.8,6.3,Sem limitações,3.0,4.7,2.3,2.0,Não,5.625,5.0,Melhorar: Melhorar a sua entrega de lições de casa.,Melhorar: Empenhar-se mais nas aulas e avaliações.,Melhorar: Integrar-se mais aos Princípios Passos Mágicos.,2022,6.990000000000007,,,,3.0,5.0,fase_0_7,15.0,0,-2.0,False,True
286,0,2007.0,2022,Pública,Quartzo,5.713333333,,,4.0,Avaliador-21,,Avaliador-6,,Avaliador-23,,Avaliador-8,,0.0,7.5,5.0,,4.7,3.7,5.0,5.3,,7.3375,5.0,,,,2023,8.125,,,,4.0,5.0,fase_0_7,16.0,1,-1.0,False,True
286,0,2007.0,2022,Pública,Quartzo,5.123180882333333,,,4.0,Avaliador-23,,Avaliador-24,,Avaliador-1,,Avaliador-7,,6.666,4.031862745000001,6.26,,3.1666666666666665,5.0,0.0,4.5,,5.7825,5.0,,,,2024,7.34375,,,EE Donizetti Aparecido Leite Professor,5.0,6.0,fase_0_7,17.0,2,-1.0,False,True
287,0,2005.0,2022,Escola Pública,Quartzo,3.7,148.0,11.0,4.0,Avaliador-6,Mantido na Fase atual,Avaliador-27,Mantido na Fase atual,Avaliador-30,Mantido na Fase atual,Avaliador-31,Alocado em Fase anterior,7.9,3.4,5.0,Requer avaliação,1.1,0.7,2.5,0.2,Não,4.292,2.5,Melhorar: Melhorar a sua entrega de lições de casa.,Melhorar: Empenhar-se mais nas aulas e avaliações.,Melhorar: Integrar-se mais aos Princípios Passos Mágicos.,2022,4.015999999999997,,,,3.0,7.0,fase_0_7,17.0,0,-4.0,False,True
287,0,2005.0,2022,Pública,Quartzo,3.745541667,,,4.0,Avaliador-21,,Avaliador-6,,Avaliador-23,,Avaliador-8,,0.0,4.8,2.52,,3.9,3.0,2.3,6.5,,5.375,2.5,,,,2023,4.21875,,,,4.0,8.0,fase_0_7,18.0,1,-4.0,False,True
288,0,2006.0,2022,Escola Pública,Quartzo,4.097,147.0,10.0,4.0,Avaliador-6,Promovido de Fase,Avaliador-27,Mantido na Fase atual,Avaliador-30,Promovido de Fase,Avaliador-31,Mantido na Fase atual,0.0,5.6,6.3,Sem limitações,0.0,,,,Não,6.833,2.5,Melhorar: Melhorar a sua entrega de lições de casa.,Melhorar: Empenhar-se mais nas aulas e avaliações.,Melhorar: Integrar-se mais aos Princípios Passos Mágicos.,2022,7.304000000000004,,,,3.0,6.0,fase_0_7,16.0,0,-3.0,False,True
289,0,2008.0,2020,Escola Pública,Ágata,6.236,94.0,2.0,4.0,Avaliador-6,Promovido de Fase,Avaliador-27,Mantido na Fase atual,Avaliador-30,Promovido de Fase,Avaliador-31,Promovido de Fase,0.0,7.8,6.3,Sem limitações,6.8,5.3,7.5,7.5,Não,7.25,5.0,Destaque: A sua boa entrega das lições de casa.,Melhorar: Empenhar-se mais nas aulas e avaliações.,Melhorar: Integrar-se mais aos Princípios Passos Mágicos.,2022,7.359999999999998,,,,3.0,4.0,fase_0_7,14.0,2,-1.0,False,True
29,1,2005.0,2022,Escola Pública,Quartzo,4.985,16.0,16.0,4.0,Avaliador-5,Promovido de Fase,Avaliador-27,Mantido na Fase + Bolsa,Avaliador-28,Mantido na Fase atual,Avaliador-31,Alocado em Fase anterior,0.0,4.0,8.8,Requer avaliação,3.7,6.3,1.1,3.8,Sim,7.611,5.0,Melhorar: Melhorar a sua entrega de lições de casa.,Melhorar: Empenhar-se mais nas aulas e avaliações.,Destaque: A sua boa integração aos Princípios Passos Mágicos.,2022,5.428000000000006,,,,6.0,7.0,fase_0_7,17.0,0,-1.0,False,True
29,1,2005.0,2022,Privada *Parcerias com Bolsa 100%,,,,,,,,,,,,,,,,,,,,,,,,10.0,,,,2023,,,,,8.0,8.0,fase_8,18.0,1,0.0,False,False
29,1,2005.0,2022,Privada - Pagamento por *Empresa Parceira,,,,,0.0,,,,,,,,,,,,,,,,,,,10.0,,,,2024,,,,Faculdade FIAP,8.0,8.0,fase_8,19.0,2,0.0,False,False
290,0,2005.0,2022,Escola Pública,Quartzo,4.929,131.0,7.0,4.0,Avaliador-6,Mantido na Fase atual,Avaliador-27,Mantido na Fase atual,Avaliador-30,Mantido na Fase atual,Avaliador-31,Mantido na Fase atual,10.0,3.9,6.3,Sem limitações,1.7,1.0,2.3,1.8,Não,6.042,2.5,Melhorar: Melhorar a sua entrega de lições de casa.,Melhorar: Empenhar-se mais nas aulas e avaliações.,Melhorar: Integrar-se mais aos Princípios Passos Mágicos.,2022,7.206000000000001,,,,3.0,7.0,fase_0_7,17.0,0,-4.0,False,True
291,1,2009.0,2022,Escola Pública,Topázio,8.122,18.0,1.0,4.0,Avaliador-6,Promovido de Fase + Bolsa,Avaliador-27,Mantido na Fase atual,Avaliador-30,Promovido de Fase,Avaliador-31,Promovido de Fase,8.3,8.2,6.9,Sem limitações,8.0,8.0,7.5,8.5,Sim,7.792,10.0,Destaque: A sua boa entrega das lições de casa.,Destaque: As suas boas notas na Passos Mágicos.,Destaque: A sua boa integração aos Princípios Passos Mágicos.,2022,8.035999999999994,,,,3.0,3.0,fase_0_7,13.0,0,0.0,False,False
291,1,2009.0,2022,Privada - Programa de Apadrinhamento,Topázio,8.493058333,,,4.0,Avaliador-21,,Avaliador-6,,Avaliador-23,,Avaliador-8,,8.8,8.6,7.52,,7.1,8.0,6.5,6.7,,9.21,10.0,,,,2023,8.90625,,,,4.0,4.0,fase_0_7,14.0,1,0.0,True,False
291,1,2009.0,2022,Privada - Programa de Apadrinhamento,Ametista,7.931966666733333,,,0.0,,,,,,,,,8.751,9.737666667,6.26,,6.166666666666667,6.0,6.5,6.0,,7.5,10.0,,,,2024,7.5,,,FIAP School - SP,7.0,5.0,fase_0_7,15.0,2,2.0,False,False
292,1,2006.0,2022,Escola Pública,Quartzo,4.837,134.0,9.0,4.0,Avaliador-6,Mantido na Fase atual,Avaliador-27,Mantido na Fase atual,Avaliador-30,Mantido na Fase atual,Avaliador-31,Promovido de Fase,7.9,3.7,7.5,Não atendido,1.8,0.0,5.0,0.5,Não,6.292,2.5,Melhorar: Melhorar a sua entrega de lições de casa.,Melhorar: Empenhar-se mais nas aulas e avaliações.,Melhorar: Integrar-se mais aos Princípios Passos Mágicos.,2022,6.885999999999992,,,,3.0,6.0,fase_0_7,16.0,0,-3.0,False,True
293,1,2009.0,2022,Escola Pública,Quartzo,4.875,132.0,8.0,4.0,Avaliador-6,Mantido na Fase atual,Avaliador-27,Mantido na Fase atual,Avaliador-30,Mantido na Fase atual,Avaliador-31,Mantido na Fase atual,8.8,2.9,7.5,Não atendido,2.3,2.0,3.8,1.0,Não,3.333,10.0,Melhorar: Melhorar a sua entrega de lições de casa.,Melhorar: Empenhar-se mais nas aulas e avaliações.,Melhorar: Integrar-se mais aos Princípios Passos Mágicos.,2022,5.384000000000002,,,,3.0,3.0,fase_0_7,13.0,0,0.0,False,False
294,0,2004.0,2022,Escola Pública,Quartzo,5.031,127.0,6.0,4.0,Avaliador-6,Promovido de Fase,Avaliador-27,Mantido na Fase atual,Avaliador-30,Promovido de Fase,Avaliador-31,Promovido de Fase,9.6,5.8,7.5,Não atendido,0.0,,,,Não,5.917,2.5,Melhorar: Melhorar a sua entrega de lições de casa.,Melhorar: Empenhar-se mais nas aulas e avaliações.,Melhorar: Integrar-se mais aos Princípios Passos Mágicos.,2022,7.275999999999998,,,,3.0,8.0,fase_0_7,18.0,0,-5.0,False,True
295,0,2008.0,2022,Escola Pública,Ametista,7.305,45.0,2.0,4.0,Avaliador-6,Promovido de Fase + Bolsa,Avaliador-27,Mantido na Fase atual,Avaliador-30,Promovido de Fase,Avaliador-31,Promovido de Fase,7.9,8.0,7.5,Não atendido,6.9,5.3,7.7,7.7,Sim,7.375,5.0,Destaque: A sua boa entrega das lições de casa.,Melhorar: Empenhar-se mais nas aulas e avaliações.,Melhorar: Integrar-se mais aos Princípios Passos Mágicos.,2022,8.099999999999987,,,,3.0,4.0,fase_0_7,14.0,0,-1.0,False,True
295,0,2008.0,2022,Pública,Ametista,7.641016667,,,4.0,Avaliador-21,,Avaliador-6,,Avaliador-23,,Avaliador-8,,8.8,8.8,2.52,,7.7,7.3,7.2,8.7,,9.005,5.0,,,,2023,9.0625,,,,4.0,5.0,fase_0_7,15.0,1,-1.0,True,True
296,0,2007.0,2022,Escola Pública,Quartzo,4.665,137.0,16.0,4.0,Avaliador-6,Promovido de Fase,Avaliador-27,Mantido na Fase atual,Avaliador-30,Mantido na Fase atual,Avaliador-31,Alocado em Fase anterior,8.8,3.6,7.5,Não atendido,2.8,5.7,2.7,0.2,Não,3.833,5.0,Melhorar: Melhorar a sua entrega de lições de casa.,Melhorar: Empenhar-se mais nas aulas e avaliações.,Melhorar: Integrar-se mais aos Princípios Passos Mágicos.,2022,4.883999999999995,,,,3.0,5.0,fase_0_7,15.0,0,-2.0,False,True
297,0,2009.0,2022,Escola Pública,Ametista,7.478,36.0,1.0,4.0,Avaliador-6,Promovido de Fase,Avaliador-27,Mantido na Fase atual,Avaliador-30,Promovido de Fase,Avaliador-31,Promovido de Fase + Bolsa,7.1,7.9,6.3,Sem limitações,6.6,6.3,5.3,8.2,Sim,7.417,10.0,Destaque: A sua boa entrega das lições de casa.,Melhorar: Empenhar-se mais nas aulas e avaliações.,Melhorar: Integrar-se mais aos Princípios Passos Mágicos.,2022,7.545999999999999,,,,3.0,3.0,fase_0_7,13.0,0,0.0,False,False
298,1,2009.0,2019,Escola Pública,Ágata,6.409,86.0,7.0,4.0,Avaliador-6,Promovido de Fase,Avaliador-27,Mantido na Fase atual,Avaliador-30,Mantido na Fase atual,Avaliador-31,Alocado em Fase anterior,9.2,6.3,5.6,Sem limitações,5.2,5.5,4.8,,Não,5.417,10.0,Melhorar: Melhorar a sua entrega de lições de casa.,Melhorar: Empenhar-se mais nas aulas e avaliações.,Melhorar: Integrar-se mais aos Princípios Passos Mágicos.,2022,5.456000000000003,,,,3.0,3.0,fase_0_7,13.0,3,0.0,False,False
298,1,2009.0,2019,Pública,Agata,6.824333333,,,4.0,Avaliador-21,,Avaliador-6,,Avaliador-4,,Avaliador-8,,9.6,8.6,2.52,,5.5,7.7,4.5,4.2,,7.7525,5.0,,,,2023,7.5,,,,3.0,4.0,fase_0_7,14.0,4,-1.0,False,True
299,0,2009.0,2019,Rede Decisão,Ametista,7.278,48.0,3.0,4.0,Avaliador-6,Promovido de Fase,Avaliador-27,Mantido na Fase atual,Avaliador-30,Promovido de Fase,Avaliador-31,Promovido de Fase + Bolsa,7.1,8.2,5.0,Requer avaliação,6.8,6.3,7.3,6.7,Não,6.708,10.0,Destaque: A sua boa entrega das lições de casa.,Melhorar: Empenhar-se mais nas aulas e avaliações.,Melhorar: Integrar-se mais aos Princípios Passos Mágicos.,2022,7.2639999999999905,,,,3.0,3.0,fase_0_7,13.0,3,0.0,False,False
299,0,2009.0,2019,Privada - Programa de Apadrinhamento,Agata,6.796541667,,,4.0,Avaliador-21,,Avaliador-6,,Avaliador-23,,Avaliador-8,,0.0,9.6,2.52,,6.1,5.0,7.2,6.2,,8.005,10.0,,,,2023,7.96875,,,,4.0,4.0,fase_0_7,14.0,4,0.0,False,False
299,0,2009.0,2021,Privada - Programa de Apadrinhamento,Topázio,8.177186956533333,,,3.0,Avaliador-23,,Avaliador-22,,Avaliador-1,,,,8.751,8.963768115999999,6.26,,8.166666666666666,8.0,7.5,9.0,,7.5,10.0,,,,2024,7.5,,,Colégio Arco Íris Evolução,5.0,4.0,fase_0_7,15.0,3,1.0,False,False
3,0,2005.0,2016,Rede Decisão,Ágata,6.591,13.0,6.0,4.0,Avaliador-5,Promovido de Fase,Avaliador-27,Promovido de Fase + Bolsa,Avaliador-28,Promovido de Fase + Bolsa,Avaliador-31,Promovido de Fase + Bolsa,0.0,7.9,5.6,Sem limitações,5.6,5.8,4.0,6.9,Não,7.556,10.0,Destaque: A sua boa entrega das lições de casa.,Melhorar: Empenhar-se mais nas aulas e avaliações.,Destaque: A sua boa integração aos Princípios Passos Mágicos.,2022,8.197999999999999,,,,7.0,7.0,fase_0_7,17.0,6,0.0,False,False
30,0,2006.0,2021,Escola Pública,Ametista,7.605,9.0,9.0,4.0,Avaliador-5,Promovido de Fase,Avaliador-27,Mantido na Fase atual,Avaliador-28,Promovido de Fase,Avaliador-31,Promovido de Fase,8.8,6.4,7.5,Sem limitações,7.5,8.5,4.4,9.7,Não,7.333,10.0,Melhorar: Melhorar a sua entrega de lições de casa.,Destaque: As suas boas notas na Passos Mágicos.,Melhorar: Integrar-se mais aos Princípios Passos Mágicos.,2022,7.284000000000006,,,,6.0,6.0,fase_0_7,16.0,1,0.0,False,False
300,1,2008.0,2022,Escola Pública,Quartzo,5.557,116.0,14.0,4.0,Avaliador-6,Mantido na Fase atual,Avaliador-27,Mantido na Fase atual,Avaliador-30,Mantido na Fase atual,Avaliador-31,Promovido de Fase + Bolsa,5.4,6.9,6.3,Sem limitações,3.1,2.7,4.8,1.7,Sim,5.875,5.0,Melhorar: Melhorar a sua entrega de lições de casa.,Melhorar: Empenhar-se mais nas aulas e avaliações.,Melhorar: Integrar-se mais aos Princípios Passos Mágicos.,2022,7.120000000000006,,,,3.0,4.0,fase_0_7,14.0,0,-1.0,False,True
300,1,2008.0,2022,Pública,Quartzo,5.616691667,,,4.0,Avaliador-21,,Avaliador-6,,Avaliador-4,,Avaliador-8,,5.0,7.5,2.52,,4.5,4.5,5.3,3.8,,6.5875,5.0,,,,2023,6.40625,,,,3.0,5.0,fase_0_7,15.0,1,-2.0,False,True
301,0,2009.0,2019,Escola Pública,Ágata,6.802,72.0,5.0,4.0,Avaliador-6,Promovido de Fase,Avaliador-27,Mantido na Fase atual,Avaliador-30,Promovido de Fase,Avaliador-31,Promovido de Fase + Bolsa,8.8,5.8,5.6,Sem limitações,6.3,6.5,7.2,5.4,Sim,6.042,10.0,Melhorar: Melhorar a sua entrega de lições de casa.,Melhorar: Empenhar-se mais nas aulas e avaliações.,Melhorar: Integrar-se mais aos Princípios Passos Mágicos.,2022,7.336,,,,3.0,3.0,fase_0_7,13.0,3,0.0,False,False
301,0,2009.0,2019,Pública,Agata,6.760341667,,,4.0,Avaliador-21,,Avaliador-6,,Avaliador-23,,Avaliador-8,,9.2,5.4,7.52,,5.2,4.7,6.5,4.5,,6.465,10.0,,,,2023,6.71875,,,,4.0,4.0,fase_0_7,14.0,4,0.0,False,False
301,0,2009.0,2021,Pública,Topázio,8.410830701766667,,,4.0,Avaliador-21,,Avaliador-20,,Avaliador-1,,Avaliador-26,,9.168,7.494736842333332,7.51,,9.0,10.0,9.0,8.0,,8.21,10.0,,,,2024,8.020833333,,,EE Maria André Schunck Dona,4.0,4.0,fase_0_7,15.0,3,0.0,False,False
302,1,2006.0,2022,Escola Pública,Ágata,6.334,90.0,10.0,4.0,Avaliador-6,Promovido de Fase,Avaliador-27,Mantido na Fase atual,Avaliador-30,Mantido na Fase atual,Avaliador-31,Promovido de Fase,9.2,7.7,6.9,Sem limitações,4.8,4.3,5.0,5.0,Não,6.208,2.5,Destaque: A sua boa entrega das lições de casa.,Melhorar: Empenhar-se mais nas aulas e avaliações.,Melhorar: Integrar-se mais aos Princípios Passos Mágicos.,2022,7.323999999999993,,,,3.0,6.0,fase_0_7,16.0,0,-3.0,False,True
302,1,2006.0,2022,Pública,Quartzo,5.314333333,,,4.0,Avaliador-24,,Avaliador-7,,Avaliador-23,,Avaliador-8,,0.0,7.3,5.0,,4.3,4.7,2.3,5.8,,6.255,5.0,,,,2023,7.5,,,,5.0,7.0,fase_0_7,17.0,1,-2.0,False,True
303,1,2008.0,2019,Escola Pública,Ágata,6.03,102.0,13.0,4.0,Avaliador-6,Mantido na Fase atual,Avaliador-27,Mantido na Fase atual,Avaliador-30,Mantido na Fase atual,Avaliador-31,Promovido de Fase,7.5,7.2,7.5,Não atendido,3.9,3.8,4.0,,Não,5.375,5.0,Melhorar: Melhorar a sua entrega de lições de casa.,Melhorar: Empenhar-se mais nas aulas e avaliações.,Melhorar: Integrar-se mais aos Princípios Passos Mágicos.,2022,7.349999999999994,,,,3.0,4.0,fase_0_7,14.0,3,-1.0,False,True
303,1,2008.0,2019,Pública,Quartzo,5.914291667,,,4.0,Avaliador-21,,Avaliador-6,,Avaliador-4,,Avaliador-8,,0.0,7.3,7.52,,5.1,5.7,5.2,4.5,,7.05,5.0,,,,2023,7.65625,,,,3.0,5.0,fase_0_7,15.0,4,-2.0,False,True
303,1,2008.0,2021,Pública,Agata,6.2443426900666665,,,4.0,Avaliador-21,,Avaliador-20,,Avaliador-1,,Avaliador-26,,8.751,3.9520467836666655,7.51,,5.666666666666667,5.0,5.0,7.0,,7.535,5.0,,,,2024,6.875,,,EE Donizetti Aparecido Leite Professor,4.0,6.0,fase_0_7,16.0,3,-2.0,False,True
304,1,2007.0,2020,Escola Pública,Ágata,6.355,89.0,9.0,4.0,Avaliador-6,Mantido na Fase atual,Avaliador-27,Mantido na Fase atual,Avaliador-30,Mantido na Fase atual,Avaliador-31,Promovido de Fase + Bolsa,8.8,7.7,7.5,Não atendido,4.3,3.0,5.5,,Sim,5.542,5.0,Destaque: A sua boa entrega das lições de casa.,Melhorar: Empenhar-se mais nas aulas e avaliações.,Melhorar: Integrar-se mais aos Princípios Passos Mágicos.,2022,7.165999999999997,,,,3.0,5.0,fase_0_7,15.0,2,-2.0,False,True
304,1,2007.0,2020,Pública,Agata,6.241583333,,,4.0,Avaliador-21,,Avaliador-6,,Avaliador-34,,Avaliador-8,,0.0,8.8,5.0,,5.7,7.0,3.7,6.3,,7.835,5.0,,,,2023,7.8125,,,,3.0,5.0,fase_0_7,16.0,3,-2.0,False,True
304,1,2007.0,2021,Pública,Agata,6.852411484600001,,,2.0,Avaliador-21,,Avaliador-23,,,,,,10.002,7.826890756333333,7.51,,7.166666666666667,9.0,5.5,7.0,,5.825,2.5,,,,2024,6.875,,,EE Maria André Schunck Dona,3.0,6.0,fase_0_7,17.0,3,-3.0,False,True
305,1,2008.0,2019,Escola Pública,Ágata,6.058,100.0,12.0,4.0,Avaliador-6,Mantido na Fase atual,Avaliador-27,Mantido na Fase atual,Avaliador-30,Mantido na Fase atual,Avaliador-31,Alocado em Fase anterior,7.9,6.6,7.5,Não atendido,4.8,2.8,6.7,,Não,5.208,5.0,Melhorar: Melhorar a sua entrega de lições de casa.,Melhorar: Empenhar-se mais nas aulas e avaliações.,Melhorar: Integrar-se mais aos Princípios Passos Mágicos.,2022,6.963999999999997,,,,3.0,4.0,fase_0_7,14.0,3,-1.0,False,True
305,1,2008.0,2019,Pública,Agata,6.394291667,,,4.0,Avaliador-21,,Avaliador-6,,Avaliador-4,,Avaliador-8,,0.0,8.9,7.52,,5.2,5.2,4.8,5.7,,7.75,5.0,,,,2023,7.65625,,,,3.0,5.0,fase_0_7,15.0,4,-2.0,False,True
305,1,2008.0,2021,Pública,Agata,6.693026811600001,,,5.0,Avaliador-21,,Avaliador-5,,Avaliador-17,,Avaliador-23,,8.334,7.898550724666666,6.26,,4.833333333333333,3.0,3.0,8.5,,7.03,5.0,,,,2024,7.8125,Avaliador-5,,EE Maria André Schunck Dona,4.0,5.0,fase_0_7,16.0,3,-1.0,False,True
306,0,2008.0,2021,Escola Pública,Ágata,6.427,85.0,6.0,4.0,Avaliador-6,Promovido de Fase,Avaliador-27,Mantido na Fase atual,Avaliador-30,Promovido de Fase,Avaliador-31,Promovido de Fase,8.3,6.8,7.5,Não atendido,5.2,4.7,5.8,5.0,Não,5.958,5.0,Melhorar: Melhorar a sua entrega de lições de casa.,Melhorar: Empenhar-se mais nas aulas e avaliações.,Melhorar: Integrar-se mais aos Princípios Passos Mágicos.,2022,7.55399999999999,,,,3.0,4.0,fase_0_7,14.0,1,-1.0,False,True
306,0,2008.0,2021,Pública,Quartzo,5.732375,,,4.0,Avaliador-21,,Avaliador-6,,Avaliador-23,,Avaliador-8,,0.0,7.9,6.26,,4.0,4.7,4.5,2.8,,7.46,5.0,,,,2023,7.34375,,,,4.0,5.0,fase_0_7,15.0,2,-1.0,False,True
306,0,2008.0,2021,Pública,Agata,6.1661539474,,,4.0,Avaliador-23,,Avaliador-24,,Avaliador-1,,Avaliador-7,,7.917,7.699561403666666,7.51,,2.833333333333333,3.5,1.5,3.5,,6.4125,5.0,,,,2024,7.34375,,,EE Donizetti Aparecido Leite Professor,5.0,6.0,fase_0_7,16.0,3,-1.0,False,True
307,1,2008.0,2022,Escola Pública,Quartzo,4.733,136.0,15.0,4.0,Avaliador-6,Promovido de Fase,Avaliador-27,Mantido na Fase atual,Avaliador-30,Mantido na Fase atual,Avaliador-31,Alocado em Fase anterior,5.4,4.5,7.5,Não atendido,2.5,5.0,0.0,,Não,4.708,5.0,Melhorar: Melhorar a sua entrega de lições de casa.,Melhorar: Empenhar-se mais nas aulas e avaliações.,Melhorar: Integrar-se mais aos Princípios Passos Mágicos.,2022,6.013999999999999,,,,3.0,4.0,fase_0_7,14.0,0,-1.0,False,True
307,1,2008.0,2022,Pública,Agata,6.047333333,,,4.0,Avaliador-21,,Avaliador-6,,Avaliador-34,,Avaliador-8,,0.0,6.5,7.52,,6.3,6.3,7.3,5.2,,7.46,5.0,,,,2023,7.5,,,,3.0,5.0,fase_0_7,15.0,1,-2.0,False,True
308,1,2009.0,2019,Escola Pública,Ágata,6.93,66.0,4.0,4.0,Avaliador-6,Promovido de Fase,Avaliador-27,Mantido na Fase atual,Avaliador-30,Mantido na Fase atual,Avaliador-31,Promovido de Fase + Bolsa,7.9,7.4,6.9,Sem limitações,5.0,6.7,5.5,2.8,Sim,6.167,10.0,Melhorar: Melhorar a sua entrega de lições de casa.,Melhorar: Empenhar-se mais nas aulas e avaliações.,Melhorar: Integrar-se mais aos Princípios Passos Mágicos.,2022,7.365999999999992,,,,3.0,3.0,fase_0_7,13.0,3,0.0,False,False
308,1,2009.0,2019,Pública,Agata,6.578558333,,,4.0,Avaliador-21,,Avaliador-6,,Avaliador-23,,Avaliador-8,,5.4,6.8,5.0,,4.9,4.7,5.2,4.7,,7.5025,10.0,,,,2023,7.03125,,,,4.0,4.0,fase_0_7,14.0,4,0.0,False,False
308,1,2009.0,2021,Pública,Ametista,7.489282456133334,,,4.0,Avaliador-23,,Avaliador-24,,Avaliador-1,,Avaliador-7,,7.083,8.714912280666667,5.635,,6.5,5.5,7.0,7.0,,7.1225,10.0,,,,2024,7.5,,,EE Leonice de Aquino Oliveira,5.0,4.0,fase_0_7,15.0,3,1.0,False,False
309,0,2008.0,2022,Escola Pública,Ágata,6.151,96.0,11.0,4.0,Avaliador-6,Promovido de Fase,Avaliador-27,Mantido na Fase atual,Avaliador-30,Mantido na Fase atual,Avaliador-31,Alocado em Fase anterior,9.2,5.2,7.5,Não atendido,6.5,7.0,6.0,,Não,5.083,5.0,Melhorar: Melhorar a sua entrega de lições de casa.,Melhorar: Empenhar-se mais nas aulas e avaliações.,Melhorar: Integrar-se mais aos Princípios Passos Mágicos.,2022,6.243999999999996,,,,3.0,4.0,fase_0_7,14.0,0,-1.0,False,True
31,0,2005.0,2019,Rede Decisão,Topázio,8.843,2.0,2.0,4.0,Avaliador-5,Promovido de Fase,Avaliador-27,Promovido de Fase + Bolsa,Avaliador-28,Promovido de Fase + Bolsa,Avaliador-31,Promovido de Fase + Bolsa,10.0,9.5,9.4,Sem limitações,8.0,9.0,5.7,9.3,Não,10.0,5.0,Destaque: A sua boa entrega das lições de casa.,Destaque: As suas boas notas na Passos Mágicos.,Destaque: A sua boa integração aos Princípios Passos Mágicos.,2022,9.029999999999996,,,,6.0,7.0,fase_0_7,17.0,3,-1.0,True,True
31,0,2005.0,2019,Privada *Parcerias com Bolsa 100%,,,,,,,,,,,,,,,,,,,,,,,,10.0,,,,2023,,,,,8.0,8.0,fase_8,18.0,4,0.0,False,False
31,0,2005.0,2021,Privada *Parcerias com Bolsa 100%,,,,,0.0,,,,,,,,,,,,,,,,,,,10.0,,,,2024,,,,ESPM,8.0,8.0,fase_8,19.0,3,0.0,False,False
310,0,2007.0,2022,Escola Pública,Ágata,6.4,87.0,8.0,4.0,Avaliador-6,Promovido de Fase,Avaliador-27,Mantido na Fase atual,Avaliador-30,Promovido de Fase,Avaliador-31,Mantido na Fase + Bolsa,7.9,7.5,7.5,Não atendido,4.5,3.7,3.8,6.0,Sim,6.0,5.0,Destaque: A sua boa entrega das lições de casa.,Melhorar: Empenhar-se mais nas aulas e avaliações.,Melhorar: Integrar-se mais aos Princípios Passos Mágicos.,2022,7.600000000000007,,,,3.0,5.0,fase_0_7,15.0,0,-2.0,False,True
311,0,2006.0,2022,Escola Pública,Quartzo,5.652,114.0,13.0,3.0,Avaliador-6,Mantido na Fase atual,Avaliador-30,Mantido na Fase atual,Avaliador-31,Promovido de Fase,,Promovido de Fase,7.9,5.6,5.0,Requer avaliação,5.2,5.0,6.2,4.3,Não,6.222,2.5,Melhorar: Melhorar a sua entrega de lições de casa.,Melhorar: Empenhar-se mais nas aulas e avaliações.,Melhorar: Integrar-se mais aos Princípios Passos Mágicos.,2022,7.076000000000002,,,,3.0,6.0,fase_0_7,16.0,0,-3.0,False,True
312,0,2009.0,2022,Escola Pública,Ametista,7.339,43.0,5.0,3.0,Avaliador-6,Mantido na Fase atual,Avaliador-30,Mantido na Fase atual,Avaliador-31,Mantido na Fase atual,,Promovido de Fase,9.6,8.1,7.5,Não atendido,5.2,6.0,4.5,5.0,Não,6.167,10.0,Destaque: A sua boa entrega das lições de casa.,Melhorar: Empenhar-se mais nas aulas e avaliações.,Melhorar: Integrar-se mais aos Princípios Passos Mágicos.,2022,7.355999999999998,,,,3.0,3.0,fase_0_7,13.0,0,0.0,False,False
313,0,2008.0,2022,Escola Pública,Quartzo,5.8,108.0,11.0,3.0,Avaliador-6,Mantido na Fase atual,Avaliador-30,Mantido na Fase atual,Avaliador-31,Promovido de Fase,,Promovido de Fase,7.5,7.0,5.0,Requer avaliação,4.1,4.7,5.0,2.5,Não,5.889,5.0,Melhorar: Melhorar a sua entrega de lições de casa.,Melhorar: Empenhar-se mais nas aulas e avaliações.,Melhorar: Integrar-se mais aos Princípios Passos Mágicos.,2022,6.521999999999997,,,,3.0,4.0,fase_0_7,14.0,0,-1.0,False,True
313,0,2008.0,2022,Pública,Ametista,7.011091667,,,4.0,Avaliador-21,,Avaliador-6,,Avaliador-23,,Avaliador-8,,9.2,8.7,2.52,,3.9,4.0,2.8,5.0,,7.75,10.0,,,,2023,7.65625,,,,4.0,4.0,fase_0_7,15.0,1,0.0,False,False
313,0,2008.0,2022,Pública,Ametista,7.25285,,,4.0,Avaliador-23,,Avaliador-20,,Avaliador-22,,Avaliador-26,,8.751,9.666666666666666,5.63,,4.833333333333333,1.0,8.0,5.5,,8.1675,5.0,,,,2024,7.8125,,,EE Donizetti Aparecido Leite Professor,4.0,5.0,fase_0_7,16.0,2,-1.0,False,True
314,0,2009.0,2022,Escola Pública,Ágata,6.1,98.0,10.0,3.0,Avaliador-6,Mantido na Fase atual,Avaliador-30,Mantido na Fase atual,Avaliador-31,Promovido de Fase,,Promovido de Fase,5.4,5.4,5.0,Requer avaliação,5.3,4.3,3.3,8.3,Não,6.0,10.0,Melhorar: Melhorar a sua entrega de lições de casa.,Melhorar: Empenhar-se mais nas aulas e avaliações.,Melhorar: Integrar-se mais aos Princípios Passos Mágicos.,2022,7.1999999999999975,,,,3.0,3.0,fase_0_7,13.0,0,0.0,False,False
315,0,2009.0,2022,Escola Pública,Quartzo,5.672,111.0,12.0,3.0,Avaliador-6,Mantido na Fase atual,Avaliador-30,Mantido na Fase atual,Avaliador-31,Promovido de Fase,,Alocado em Fase anterior,6.7,5.1,7.5,Não atendido,3.0,3.0,4.2,1.8,Não,5.056,10.0,Melhorar: Melhorar a sua entrega de lições de casa.,Melhorar: Empenhar-se mais nas aulas e avaliações.,Melhorar: Integrar-se mais aos Princípios Passos Mágicos.,2022,6.208,,,,3.0,3.0,fase_0_7,13.0,0,0.0,False,False
315,0,2009.0,2022,Pública,Quartzo,5.977708333,,,4.0,Avaliador-21,,Avaliador-6,,Avaliador-34,,Avaliador-8,,0.0,6.8,5.0,,6.3,5.7,6.8,6.3,,7.8375,5.0,,,,2023,7.96875,,,,3.0,4.0,fase_0_7,14.0,1,-1.0,False,True
315,0,2009.0,2022,Pública,Agata,6.0768703704,,,4.0,Avaliador-21,,Avaliador-20,,Avaliador-1,,Avaliador-26,,0.0,5.918518518666667,7.51,,6.833333333333333,6.5,6.5,7.5,,7.6275,5.0,,,,2024,7.5,,,EE Donizetti Aparecido Leite Professor,4.0,5.0,fase_0_7,15.0,2,-1.0,False,True
316,0,2008.0,2022,Escola Pública,Ametista,7.889,28.0,2.0,3.0,Avaliador-6,Promovido de Fase + Bolsa,Avaliador-30,Mantido na Fase + Bolsa,Avaliador-31,Promovido de Fase,,Promovido de Fase,10.0,10.0,6.9,Não atendido,6.1,7.0,6.5,4.7,Sim,8.389,5.0,Destaque: A sua boa entrega das lições de casa.,Melhorar: Empenhar-se mais nas aulas e avaliações.,Destaque: A sua boa integração aos Princípios Passos Mágicos.,2022,8.012000000000006,,,,3.0,4.0,fase_0_7,14.0,0,-1.0,True,True
316,0,2008.0,2022,Pública,Topázio,8.436908333,,,4.0,Avaliador-21,,Avaliador-6,,Avaliador-23,,Avaliador-8,,10.0,9.5,7.52,,5.7,6.3,5.7,5.0,,8.96,10.0,,,,2023,8.59375,,,,4.0,4.0,fase_0_7,15.0,1,0.0,False,False
316,0,2008.0,2022,Privada - Programa de Apadrinhamento,Topázio,8.708925,,,4.0,Avaliador-23,,Avaliador-24,,Avaliador-1,,Avaliador-7,,9.168,10.0,7.51,,8.0,8.5,7.0,8.5,,8.3775,10.0,,,,2024,7.65625,,,Colégio Arco Íris Evolução,5.0,5.0,fase_0_7,16.0,2,0.0,False,False
317,1,2009.0,2021,Escola Pública,Ametista,7.04,59.0,6.0,3.0,Avaliador-6,Mantido na Fase atual,Avaliador-30,Mantido na Fase atual,Avaliador-31,Promovido de Fase,,Promovido de Fase,8.8,5.6,7.5,Não atendido,6.8,4.7,5.7,10.0,Não,5.944,10.0,Melhorar: Melhorar a sua entrega de lições de casa.,Melhorar: Empenhar-se mais nas aulas e avaliações.,Melhorar: Integrar-se mais aos Princípios Passos Mágicos.,2022,7.412000000000001,,,,3.0,3.0,fase_0_7,13.0,1,0.0,False,False
318,0,2008.0,2019,Escola Pública,Ágata,6.527,83.0,9.0,3.0,Avaliador-6,Promovido de Fase,Avaliador-30,Mantido na Fase atual,Avaliador-31,Promovido de Fase,,Promovido de Fase,8.3,6.9,6.9,Sem limitações,5.8,4.3,5.8,7.3,Não,6.111,5.0,Melhorar: Melhorar a sua entrega de lições de casa.,Melhorar: Empenhar-se mais nas aulas e avaliações.,Melhorar: Integrar-se mais aos Princípios Passos Mágicos.,2022,7.447999999999997,,,,3.0,4.0,fase_0_7,14.0,3,-1.0,False,True
318,0,2008.0,2019,Pública,Agata,6.856575,,,4.0,Avaliador-21,,Avaliador-6,,Avaliador-23,,Avaliador-8,,7.9,8.1,6.26,,4.9,5.0,5.0,4.7,,7.71,5.0,,,,2023,7.96875,,,,4.0,5.0,fase_0_7,15.0,4,-1.0,False,True
318,0,2008.0,2021,Pública,Ametista,7.025000925866668,,,3.0,Avaliador-23,,Avaliador-24,,Avaliador-7,,,,7.917,9.129629629666669,7.51,,4.666666666666667,2.0,6.0,6.0,,7.443333333,5.0,,,,2024,7.34375,,,EE Donizetti Aparecido Leite Professor,5.0,6.0,fase_0_7,16.0,3,-1.0,False,True
319,1,2009.0,2022,Escola Pública,Ametista,7.448,37.0,4.0,3.0,Avaliador-6,Promovido de Fase,Avaliador-30,Mantido na Fase atual,Avaliador-31,Promovido de Fase,,Promovido de Fase,9.2,7.7,7.5,Não atendido,5.2,6.3,4.3,5.0,Não,7.5,10.0,Destaque: A sua boa entrega das lições de casa.,Melhorar: Empenhar-se mais nas aulas e avaliações.,Destaque: A sua boa integração aos Princípios Passos Mágicos.,2022,6.980000000000004,,,,3.0,3.0,fase_0_7,13.0,0,0.0,False,False
319,1,2009.0,2022,Concluiu o 3º EM,Topázio,8.367208333,,,4.0,Avaliador-21,,Avaliador-6,,Avaliador-23,,Avaliador-8,,9.6,9.2,5.0,,7.2,5.7,5.8,10.0,,8.88,10.0,,,,2023,8.59375,,,,4.0,4.0,fase_0_7,14.0,1,0.0,False,False
319,1,2009.0,2022,Pública,Ametista,7.948699561466667,,,3.0,Avaliador-23,,Avaliador-24,,Avaliador-7,,,,9.585,9.024122807,7.51,,5.833333333333333,4.0,5.0,8.5,,7.666666667,10.0,,,,2024,7.34375,,,EE Donizetti Aparecido Leite Professor,5.0,5.0,fase_0_7,15.0,2,0.0,False,False
32,0,2006.0,2018,Rede Decisão,Ametista,7.37,11.0,11.0,4.0,Avaliador-5,Promovido de Fase,Avaliador-27,Mantido na Fase atual,Avaliador-28,Mantido na Fase atual,Avaliador-31,Promovido de Fase,8.8,5.2,8.8,Sem limitações,6.1,5.7,3.6,8.9,Não,7.944,10.0,Melhorar: Melhorar a sua entrega de lições de casa.,Melhorar: Empenhar-se mais nas aulas e avaliações.,Destaque: A sua boa integração aos Princípios Passos Mágicos.,2022,7.612000000000005,,,,6.0,6.0,fase_0_7,16.0,4,0.0,False,False
32,0,2006.0,2018,Privada - Programa de Apadrinhamento,Agata,6.716666667,,,4.0,Avaliador-32,,Avaliador-7,,Avaliador-23,,Avaliador-8,,0.0,8.2,3.77,,7.9,9.0,5.8,9.0,,6.8775,10.0,,,,2023,7.375,,,,7.0,7.0,fase_0_7,17.0,5,0.0,False,False
320,0,2008.0,2022,Escola Pública,Ametista,7.897,27.0,1.0,3.0,Avaliador-6,Promovido de Fase + Bolsa,Avaliador-30,Mantido na Fase + Bolsa,Avaliador-31,Promovido de Fase,,Promovido de Fase,8.8,10.0,6.9,Sem limitações,6.4,7.3,6.3,5.7,Sim,8.667,5.0,Destaque: A sua boa entrega das lições de casa.,Melhorar: Empenhar-se mais nas aulas e avaliações.,Destaque: A sua boa integração aos Princípios Passos Mágicos.,2022,8.135999999999992,,,,3.0,4.0,fase_0_7,14.0,0,-1.0,True,True
320,0,2008.0,2022,Pública,Topázio,8.393508333,,,4.0,Avaliador-21,,Avaliador-6,,Avaliador-23,,Avaliador-8,,9.2,9.9,7.52,,5.5,5.7,6.0,4.7,,8.96,10.0,,,,2023,8.59375,,,,4.0,4.0,fase_0_7,15.0,1,0.0,False,False
320,0,2008.0,2022,Privada - Programa de Apadrinhamento,Topázio,8.442258333333335,,,4.0,Avaliador-23,,Avaliador-24,,Avaliador-1,,Avaliador-7,,9.168,10.0,7.51,,6.666666666666667,7.5,5.5,7.0,,8.3775,10.0,,,,2024,7.65625,,,Colégio Arco Íris Evolução,5.0,5.0,fase_0_7,16.0,2,0.0,False,False
321,0,2010.0,2022,Escola Pública,Ametista,7.792,30.0,3.0,3.0,Avaliador-6,Promovido de Fase + Bolsa,Avaliador-30,Mantido na Fase atual,Avaliador-31,Promovido de Fase,,Promovido de Fase,9.2,9.1,5.6,Sem limitações,5.2,5.7,6.2,3.7,Sim,8.278,10.0,Destaque: A sua boa entrega das lições de casa.,Melhorar: Empenhar-se mais nas aulas e avaliações.,Destaque: A sua boa integração aos Princípios Passos Mágicos.,2022,7.964000000000002,,,,3.0,3.0,fase_0_7,12.0,0,0.0,False,False
321,0,2010.0,2022,Pública,Ametista,7.695233333,,,4.0,Avaliador-21,,Avaliador-6,,Avaliador-23,,Avaliador-8,,8.3,9.4,2.52,,6.2,6.0,5.8,6.7,,8.42,10.0,,,,2023,8.125,,,,4.0,3.0,fase_0_7,13.0,1,1.0,False,False
321,0,2010.0,2022,Pública,Topázio,8.125807932933334,,,3.0,Avaliador-23,,Avaliador-22,,Avaliador-1,,,,7.917,9.534706331,6.26,,7.166666666666667,6.0,6.0,9.5,,7.776666667,10.0,,,,2024,8.125,,,EE Donizetti Aparecido Leite Professor,5.0,4.0,fase_0_7,14.0,2,1.0,False,False
322,0,2009.0,2022,Escola Pública,Ágata,6.859,70.0,8.0,3.0,Avaliador-6,Promovido de Fase,Avaliador-30,Mantido na Fase atual,Avaliador-31,Promovido de Fase,,Promovido de Fase,7.1,8.1,5.0,Requer avaliação,4.7,4.3,5.7,4.0,Não,6.778,10.0,Destaque: A sua boa entrega das lições de casa.,Melhorar: Empenhar-se mais nas aulas e avaliações.,Melhorar: Integrar-se mais aos Princípios Passos Mágicos.,2022,7.334000000000005,,,,3.0,3.0,fase_0_7,13.0,0,0.0,False,False
322,0,2009.0,2022,Pública,Ametista,7.037808333,,,4.0,Avaliador-21,,Avaliador-6,,Avaliador-23,,Avaliador-8,,6.7,8.3,2.52,,5.3,4.0,5.5,6.3,,8.045,10.0,,,,2023,7.96875,,,,4.0,4.0,fase_0_7,14.0,1,0.0,False,False
323,1,2009.0,2022,Escola Pública,Ágata,6.86,69.0,7.0,3.0,Avaliador-6,Promovido de Fase,Avaliador-30,Mantido na Fase atual,Avaliador-31,Mantido na Fase atual,,Promovido de Fase,9.2,7.3,7.5,Sem limitações,3.4,7.3,2.5,0.5,Não,6.611,10.0,Melhorar: Melhorar a sua entrega de lições de casa.,Melhorar: Empenhar-se mais nas aulas e avaliações.,Melhorar: Integrar-se mais aos Princípios Passos Mágicos.,2022,7.277999999999993,,,,3.0,3.0,fase_0_7,13.0,0,0.0,False,False
324,0,2012.0,2022,Escola Pública,Topázio,8.27,6.0,1.0,3.0,Avaliador-5,Mantido na Fase + Bolsa,Avaliador-2,Mantido na Fase atual,Avaliador-15,Mantido na Fase atual,,,10.0,9.3,6.9,Sem limitações,6.8,6.3,7.2,,Sim,8.611,10.0,Destaque: A sua boa entrega das lições de casa.,Melhorar: Empenhar-se mais nas aulas e avaliações.,Destaque: A sua boa integração aos Princípios Passos Mágicos.,2022,6.377999999999986,,,,2.0,2.0,fase_0_7,10.0,0,0.0,True,False
324,0,2012.0,2022,Pública,Ametista,7.6354,,,3.0,Avaliador-15,,Avaliador-5,,Avaliador-2,,,,5.8,9.0,2.52,,8.4,8.0,8.7,,,7.5875,10.0,,,,2023,8.125,,,,2.0,2.0,fase_0_7,11.0,1,0.0,False,False
325,1,2012.0,2022,Escola Pública,Ametista,7.619,42.0,6.0,3.0,Avaliador-5,Mantido na Fase + Bolsa,Avaliador-2,Mantido na Fase atual,Avaliador-15,Mantido na Fase atual,,,9.5,6.8,7.5,Sem limitações,6.0,6.0,6.0,,Sim,8.444,10.0,Melhorar: Melhorar a sua entrega de lições de casa.,Melhorar: Empenhar-se mais nas aulas e avaliações.,Destaque: A sua boa integração aos Princípios Passos Mágicos.,2022,6.701999999999986,,,,2.0,2.0,fase_0_7,10.0,0,0.0,True,False
325,1,2012.0,2022,Pública,Agata,6.243,,,3.0,Avaliador-15,,Avaliador-5,,Avaliador-2,,,,0.0,7.1,5.0,,5.6,3.8,7.3,,,7.0025,10.0,,,,2023,8.125,,,,2.0,2.0,fase_0_7,11.0,1,0.0,False,False
325,1,2012.0,2022,Pública,Topázio,8.385133333233336,,,3.0,Avaliador-21,,Avaliador-23,,Avaliador-26,,,,9.168,9.866666666666667,7.51,,7.0,7.0,5.5,8.5,,7.553333333,10.0,,,,2024,8.333333333,,,EE Paschoal Carlos Magno,3.0,3.0,fase_0_7,12.0,2,0.0,False,False
326,0,2010.0,2022,Escola Pública,Topázio,8.22,9.0,2.0,3.0,Avaliador-5,Promovido de Fase + Bolsa,Avaliador-2,Promovido de Fase,Avaliador-15,Promovido de Fase,,,10.0,9.7,5.0,Requer avaliação,9.0,8.7,9.3,,Sim,8.944,5.0,Destaque: A sua boa entrega das lições de casa.,Destaque: As suas boas notas na Passos Mágicos.,Destaque: A sua boa integração aos Princípios Passos Mágicos.,2022,6.912000000000003,,,,2.0,3.0,fase_0_7,12.0,0,-1.0,True,True
326,0,2010.0,2022,Privada,Topázio,8.65075,,,4.0,Avaliador-32,,Avaliador-6,,Avaliador-4,,Avaliador-8,,9.6,9.4,3.14,,8.2,8.3,7.5,8.8,,9.76,10.0,,,,2023,9.0625,,,,3.0,3.0,fase_0_7,13.0,1,0.0,True,False
326,0,2010.0,2022,Privada,Topázio,8.832389092333335,,,5.0,Avaliador-21,,Avaliador-23,,Avaliador-26,,Avaliador-1,,9.168,8.973112128333334,6.26,,9.333333333333334,10.0,9.0,9.0,,8.704,10.0,,,,2024,8.875,Avaliador-5,,Recanto Betânia Centro Educacional,4.0,3.0,fase_0_7,14.0,2,1.0,True,False
327,1,2011.0,2021,Escola Pública,Ágata,6.986,72.0,7.0,3.0,Avaliador-5,Mantido na Fase atual,Avaliador-2,Promovido de Fase,Avaliador-15,Mantido na Fase atual,,,8.5,8.8,7.5,Sem limitações,2.8,2.3,3.2,,Não,7.333,10.0,Destaque: A sua boa entrega das lições de casa.,Melhorar: Empenhar-se mais nas aulas e avaliações.,Melhorar: Integrar-se mais aos Princípios Passos Mágicos.,2022,5.9940000000000015,,,,2.0,2.0,fase_0_7,11.0,1,0.0,False,False
328,1,2010.0,2020,Escola Pública,Ágata,6.823,86.0,8.0,3.0,Avaliador-5,Mantido na Fase atual,Avaliador-2,Promovido de Fase,Avaliador-15,Promovido de Fase,,,10.0,7.0,7.5,Sem limitações,5.3,4.0,6.5,,Não,7.5,5.0,Melhorar: Melhorar a sua entrega de lições de casa.,Melhorar: Empenhar-se mais nas aulas e avaliações.,Melhorar: Integrar-se mais aos Princípios Passos Mágicos.,2022,6.130000000000004,,,,2.0,3.0,fase_0_7,12.0,2,-1.0,False,True
329,1,2011.0,2019,Escola Pública,Ágata,6.313,126.0,12.0,3.0,Avaliador-5,Mantido na Fase atual,Avaliador-2,Promovido de Fase,Avaliador-15,Mantido na Fase atual,,,7.4,6.9,4.4,Requer avaliação,5.0,3.0,7.0,,Não,5.778,10.0,Melhorar: Melhorar a sua entrega de lições de casa.,Melhorar: Empenhar-se mais nas aulas e avaliações.,Melhorar: Integrar-se mais aos Princípios Passos Mágicos.,2022,5.973999999999995,,,,2.0,2.0,fase_0_7,11.0,3,0.0,False,False
33,0,2005.0,2020,Escola Pública,Quartzo,4.952,17.0,17.0,4.0,Avaliador-5,Promovido de Fase,Avaliador-27,Mantido na Fase atual,Avaliador-28,Mantido na Fase atual,Avaliador-31,Promovido de Fase,0.0,4.6,7.5,Sem limitações,4.8,9.0,1.6,3.7,Não,6.0,5.0,Melhorar: Melhorar a sua entrega de lições de casa.,Melhorar: Empenhar-se mais nas aulas e avaliações.,Melhorar: Integrar-se mais aos Princípios Passos Mágicos.,2022,6.219999999999999,,,,6.0,7.0,fase_0_7,17.0,2,-1.0,False,True
330,0,2008.0,2018,Escola Pública,Ágata,6.446,116.0,11.0,3.0,Avaliador-5,Mantido na Fase atual,Avaliador-2,Promovido de Fase,Avaliador-15,Mantido na Fase atual,,,9.5,8.8,7.5,Sem limitações,2.5,2.3,2.7,,Não,7.056,5.0,Destaque: A sua boa entrega das lições de casa.,Melhorar: Empenhar-se mais nas aulas e avaliações.,Melhorar: Integrar-se mais aos Princípios Passos Mágicos.,2022,5.747999999999989,,,,2.0,4.0,fase_0_7,14.0,4,-2.0,False,True
330,0,2008.0,2018,Pública,Agata,6.084875,,,4.0,Avaliador-32,,Avaliador-6,,Avaliador-4,,Avaliador-8,,9.6,7.2,6.89,,3.3,3.8,3.8,2.3,,5.8275,5.0,,,,2023,6.71875,,,,3.0,5.0,fase_0_7,15.0,5,-2.0,False,True
331,0,2010.0,2019,Escola Pública,Ágata,6.636,105.0,10.0,3.0,Avaliador-5,Mantido na Fase atual,Avaliador-2,Promovido de Fase,Avaliador-15,Promovido de Fase,,,9.0,8.7,7.5,Sem limitações,3.7,2.3,5.0,,Não,6.944,5.0,Destaque: A sua boa entrega das lições de casa.,Melhorar: Empenhar-se mais nas aulas e avaliações.,Melhorar: Integrar-se mais aos Princípios Passos Mágicos.,2022,6.171999999999995,,,,2.0,3.0,fase_0_7,12.0,3,-1.0,False,True
331,0,2010.0,2019,Pública,Ametista,7.039791667,,,4.0,Avaliador-21,,Avaliador-6,,Avaliador-4,,Avaliador-8,,9.6,8.6,2.52,,5.2,5.7,4.8,5.2,,6.7975,10.0,,,,2023,7.03125,,,,3.0,3.0,fase_0_7,13.0,4,0.0,False,False
331,0,2010.0,2021,Pública,Agata,6.231045707066668,,,4.0,Avaliador-21,,Avaliador-26,,Avaliador-23,,Avaliador-5,,8.751,7.735353535333334,8.755,,3.5,4.0,3.5,3.0,,5.62,5.0,,,,2024,6.09375,,,EE Leonice de Aquino Oliveira,3.0,4.0,fase_0_7,14.0,3,-1.0,False,True
332,1,2009.0,2017,Rede Decisão,Ametista,7.883,27.0,5.0,3.0,Avaliador-5,Promovido de Fase + Bolsa,Avaliador-2,Promovido de Fase,Avaliador-15,Promovido de Fase,,,9.5,9.0,8.1,Sem limitações,7.5,7.5,7.5,,Não,8.5,5.0,Destaque: A sua boa entrega das lições de casa.,Destaque: As suas boas notas na Passos Mágicos.,Destaque: A sua boa integração aos Princípios Passos Mágicos.,2022,6.229999999999993,,,,2.0,3.0,fase_0_7,13.0,5,-1.0,True,True
332,1,2009.0,2017,Privada - Programa de Apadrinhamento,Topázio,8.002591667,,,4.0,Avaliador-32,,Avaliador-6,,Avaliador-4,,Avaliador-8,,9.2,8.4,8.76,,6.8,6.3,7.7,6.5,,9.175,5.0,,,,2023,8.28125,,,,3.0,4.0,fase_0_7,14.0,6,-1.0,True,True
332,1,2009.0,2021,Privada - Programa de Apadrinhamento,Topázio,8.421271701,,,5.0,Avaliador-21,,Avaliador-23,,Avaliador-26,,Avaliador-1,,9.585,7.605358505000001,9.38,,7.0,7.0,7.0,7.0,,8.706,10.0,,,,2024,8.625,Avaliador-5,,Colégio Arco Íris Evolução,4.0,3.0,fase_0_7,15.0,3,1.0,True,False
333,1,2008.0,2018,Escola JP II,Quartzo,5.249,153.0,13.0,3.0,Avaliador-5,Mantido na Fase atual,Avaliador-2,Promovido de Fase,Avaliador-15,Mantido na Fase atual,,,8.0,5.8,3.8,Não indicado,2.9,0.2,5.7,,Não,6.722,5.0,Melhorar: Melhorar a sua entrega de lições de casa.,Melhorar: Empenhar-se mais nas aulas e avaliações.,Melhorar: Integrar-se mais aos Princípios Passos Mágicos.,2022,4.845999999999995,,,,2.0,4.0,fase_0_7,14.0,4,-2.0,False,True
334,0,2011.0,2019,Rede Decisão,Ametista,7.961,20.0,3.0,3.0,Avaliador-5,Promovido de Fase + Bolsa,Avaliador-2,Promovido de Fase,Avaliador-15,Promovido de Fase,,,6.9,9.2,4.4,Não indicado,8.0,7.0,9.0,,Não,8.722,10.0,Destaque: A sua boa entrega das lições de casa.,Destaque: As suas boas notas na Passos Mágicos.,Destaque: A sua boa integração aos Princípios Passos Mágicos.,2022,6.466000000000003,,,,2.0,2.0,fase_0_7,11.0,3,0.0,True,False
335,1,2012.0,2022,Escola Pública,Ametista,7.902,25.0,4.0,3.0,Avaliador-5,Mantido na Fase atual,Avaliador-2,Mantido na Fase atual,Avaliador-15,Mantido na Fase atual,,,9.5,9.4,7.5,Sem limitações,7.4,5.8,9.0,,Não,6.833,10.0,Destaque: A sua boa entrega das lições de casa.,Melhorar: Empenhar-se mais nas aulas e avaliações.,Melhorar: Integrar-se mais aos Princípios Passos Mágicos.,2022,4.753999999999996,,,,2.0,2.0,fase_0_7,10.0,0,0.0,False,False
336,1,2009.0,2016,Escola Pública,Ágata,6.787,87.0,9.0,3.0,Avaliador-5,Mantido na Fase atual,Avaliador-2,Promovido de Fase,Avaliador-15,Mantido na Fase atual,,,9.5,8.5,4.4,Requer avaliação,5.1,4.5,5.7,,Não,7.889,5.0,Destaque: A sua boa entrega das lições de casa.,Melhorar: Empenhar-se mais nas aulas e avaliações.,Destaque: A sua boa integração aos Princípios Passos Mágicos.,2022,5.991999999999997,,,,2.0,3.0,fase_0_7,13.0,6,-1.0,False,True
336,1,2009.0,2016,Pública,Quartzo,5.887708333,,,4.0,Avaliador-21,,Avaliador-6,,Avaliador-4,,Avaliador-8,,0.0,7.5,6.89,,5.1,6.7,5.2,3.3,,7.255,5.0,,,,2023,7.34375,,,,3.0,4.0,fase_0_7,14.0,7,-1.0,False,True
336,1,2009.0,2021,Pública,Agata,6.834286748466667,,,5.0,Avaliador-21,,Avaliador-23,,Avaliador-26,,Avaliador-1,,7.5,5.512100409000001,6.26,,5.833333333333333,6.0,6.5,5.0,,7.196,10.0,,,,2024,7.5,Avaliador-5,,EE Mario Francisco de Amorim,4.0,4.0,fase_0_7,15.0,3,0.0,False,False
337,1,2011.0,2022,Escola Pública,Ametista,7.914,22.0,3.0,3.0,Avaliador-5,Mantido na Fase atual,Avaliador-2,Promovido de Fase,Avaliador-15,Mantido na Fase atual,,,10.0,9.3,7.5,Não atendido,5.8,7.5,4.0,,Não,7.611,10.0,Destaque: A sua boa entrega das lições de casa.,Melhorar: Empenhar-se mais nas aulas e avaliações.,Destaque: A sua boa integração aos Princípios Passos Mágicos.,2022,6.217999999999995,,,,2.0,2.0,fase_0_7,11.0,0,0.0,False,False
338,1,2010.0,2019,Escola Pública,Ágata,6.837,84.0,10.0,3.0,Avaliador-5,Mantido na Fase atual,Avaliador-2,Promovido de Fase,Avaliador-15,Mantido na Fase atual,,,8.5,7.3,7.5,Não atendido,5.8,5.3,6.2,,Não,7.611,5.0,Melhorar: Melhorar a sua entrega de lições de casa.,Melhorar: Empenhar-se mais nas aulas e avaliações.,Destaque: A sua boa integração aos Princípios Passos Mágicos.,2022,5.947999999999993,,,,2.0,3.0,fase_0_7,12.0,3,-1.0,False,True
338,1,2010.0,2019,Pública,Topázio,8.287441667,,,4.0,Avaliador-21,,Avaliador-6,,Avaliador-4,,Avaliador-8,,8.3,9.1,7.52,,6.7,8.7,7.0,4.5,,8.38,10.0,,,,2023,8.59375,,,,3.0,3.0,fase_0_7,13.0,4,0.0,False,False
338,1,2010.0,2021,Pública,Topázio,8.052795331466667,,,4.0,Avaliador-22,,Avaliador-26,,Avaliador-1,,Avaliador-5,,9.168,7.441643324,7.51,,6.833333333333333,5.0,8.0,7.5,,8.8375,10.0,,,,2024,7.625,,,EE Leonice de Aquino Oliveira,4.0,4.0,fase_0_7,14.0,3,0.0,True,False
339,0,2011.0,2019,Escola Pública,Topázio,8.488,3.0,1.0,3.0,Avaliador-5,Promovido de Fase + Bolsa,Avaliador-2,Promovido de Fase,Avaliador-15,Promovido de Fase + Bolsa,,,6.9,9.9,7.5,Não atendido,8.1,7.1,9.2,,Sim,8.889,10.0,Destaque: A sua boa entrega das lições de casa.,Destaque: As suas boas notas na Passos Mágicos.,Destaque: A sua boa integração aos Princípios Passos Mágicos.,2022,6.701999999999986,,,,2.0,2.0,fase_0_7,11.0,3,0.0,True,False
339,0,2011.0,2019,Pública,Ametista,7.377583333,,,4.0,Avaliador-21,,Avaliador-6,,Avaliador-4,,Avaliador-8,,0.0,8.9,7.52,,7.1,7.7,5.7,7.8,,8.255,10.0,,,,2023,7.8125,,,,3.0,3.0,fase_0_7,12.0,4,0.0,False,False
339,0,2011.0,2021,Pública,Ametista,7.711540746133334,,,5.0,Avaliador-21,,Avaliador-23,,Avaliador-26,,Avaliador-1,,7.5,7.155537064000001,5.635,,8.166666666666666,8.0,7.0,9.5,,7.668,10.0,,,,2024,8.0,Avaliador-5,,EE Leonice de Aquino Oliveira,4.0,3.0,fase_0_7,13.0,3,1.0,False,False
34,1,2005.0,2016,Rede Decisão,Ágata,6.259,13.0,13.0,4.0,Avaliador-5,Promovido de Fase,Avaliador-27,Promovido de Fase + Bolsa,Avaliador-28,Promovido de Fase,Avaliador-31,Promovido de Fase + Bolsa,9.6,4.8,8.1,Sem limitações,3.8,4.7,4.0,2.8,Não,7.278,5.0,Melhorar: Melhorar a sua entrega de lições de casa.,Melhorar: Empenhar-se mais nas aulas e avaliações.,Melhorar: Integrar-se mais aos Princípios Passos Mágicos.,2022,8.134000000000006,,,,6.0,7.0,fase_0_7,17.0,6,-1.0,False,True
34,1,2005.0,2016,Privada *Parcerias com Bolsa 100%,,,,,,,,,,,,,,,,,,,,,,,,10.0,,,,2023,,,,,8.0,8.0,fase_8,18.0,7,0.0,False,False
340,1,2011.0,2017,Escola Pública,Ametista,7.721,36.0,5.0,3.0,Avaliador-5,Mantido na Fase atual,Avaliador-2,Mantido na Fase atual,Avaliador-15,Mantido na Fase atual,,,9.0,8.2,7.5,Não atendido,6.5,6.0,7.0,,Não,7.667,10.0,Destaque: A sua boa entrega das lições de casa.,Melhorar: Empenhar-se mais nas aulas e avaliações.,Destaque: A sua boa integração aos Princípios Passos Mágicos.,2022,5.975999999999999,,,,2.0,2.0,fase_0_7,11.0,5,0.0,False,False
340,1,2011.0,2017,Pública,Ametista,7.059666667,,,3.0,Avaliador-15,,Avaliador-5,,Avaliador-2,,,,0.0,9.6,2.52,,8.9,9.0,8.7,,,8.505,5.0,,,,2023,9.166666667,,,,2.0,3.0,fase_0_7,12.0,6,-1.0,False,True
340,1,2011.0,2021,Pública,Agata,6.715437329466668,,,4.0,Avaliador-22,,Avaliador-23,,Avaliador-26,,Avaliador-5,,7.917,6.585769980666666,7.51,,5.166666666666667,6.0,7.0,2.5,,5.83,10.0,,,,2024,6.5625,,,EE Alexandre Rodrigues Nogueira,3.0,3.0,fase_0_7,13.0,3,0.0,False,False
341,1,2010.0,2022,Escola Pública,Ágata,6.854,83.0,9.0,3.0,Avaliador-5,Promovido de Fase,Avaliador-2,Promovido de Fase,Avaliador-15,Mantido na Fase atual,,,8.0,7.7,7.5,Não atendido,5.8,5.0,6.5,,Não,7.5,5.0,Destaque: A sua boa entrega das lições de casa.,Melhorar: Empenhar-se mais nas aulas e avaliações.,Destaque: A sua boa integração aos Princípios Passos Mágicos.,2022,6.040000000000001,,,,2.0,3.0,fase_0_7,12.0,0,-1.0,False,True
342,0,2008.0,2021,Escola Pública,Ágata,6.941,77.0,7.0,3.0,Avaliador-5,Promovido de Fase,Avaliador-2,Promovido de Fase,Avaliador-15,Mantido na Fase atual,,,9.0,6.7,7.5,Não atendido,6.6,5.5,7.7,,Não,7.5,5.0,Melhorar: Melhorar a sua entrega de lições de casa.,Melhorar: Empenhar-se mais nas aulas e avaliações.,Destaque: A sua boa integração aos Princípios Passos Mágicos.,2022,6.309999999999993,,,,2.0,4.0,fase_0_7,14.0,1,-2.0,False,True
342,0,2008.0,2021,Pública,Ametista,7.539875,,,4.0,Avaliador-21,,Avaliador-6,,Avaliador-4,,Avaliador-8,,7.5,8.6,7.52,,6.6,6.3,7.8,5.7,,8.505,5.0,,,,2023,7.96875,,,,3.0,5.0,fase_0_7,15.0,2,-2.0,False,True
342,0,2008.0,2021,Pública,Agata,6.757026587266667,,,3.0,Avaliador-21,,Avaliador-20,,Avaliador-26,,,,8.751,7.728174603333334,6.26,,4.5,6.5,7.0,0.0,,7.723333333,5.0,,,,2024,7.65625,,,EE Mario Francisco de Amorim,4.0,5.0,fase_0_7,16.0,3,-1.0,False,True
343,1,2008.0,2020,Escola Pública,Ágata,6.9,80.0,8.0,3.0,Avaliador-5,Mantido na Fase atual,Avaliador-2,Promovido de Fase,Avaliador-15,Promovido de Fase,,,9.5,7.4,7.5,Não atendido,5.9,4.2,7.7,,Não,7.167,5.0,Melhorar: Melhorar a sua entrega de lições de casa.,Melhorar: Empenhar-se mais nas aulas e avaliações.,Melhorar: Integrar-se mais aos Princípios Passos Mágicos.,2022,6.0660000000000025,,,,2.0,4.0,fase_0_7,14.0,2,-2.0,False,True
343,1,2008.0,2020,Pública,Agata,6.779591667,,,4.0,Avaliador-21,,Avaliador-6,,Avaliador-4,,Avaliador-8,,9.2,7.2,6.26,,5.7,4.5,6.7,6.0,,6.9225,5.0,,,,2023,7.65625,,,,3.0,5.0,fase_0_7,15.0,3,-2.0,False,True
344,1,2011.0,2019,Escola Pública,Ametista,7.263,60.0,6.0,3.0,Avaliador-5,Mantido na Fase atual,Avaliador-2,Promovido de Fase,Avaliador-15,Mantido na Fase atual,,,8.5,8.3,7.5,Não atendido,4.5,2.3,6.7,,Não,7.5,10.0,Destaque: A sua boa entrega das lições de casa.,Melhorar: Empenhar-se mais nas aulas e avaliações.,Destaque: A sua boa integração aos Princípios Passos Mágicos.,2022,6.029999999999998,,,,2.0,2.0,fase_0_7,11.0,3,0.0,False,False
345,1,2009.0,2021,Escola Pública,Quartzo,5.75,139.0,12.0,3.0,Avaliador-5,Mantido na Fase atual,Avaliador-2,Promovido de Fase,Avaliador-15,Mantido na Fase atual,,,9.5,5.4,5.6,Requer avaliação,3.6,1.3,5.8,,Não,6.667,5.0,Melhorar: Melhorar a sua entrega de lições de casa.,Melhorar: Empenhar-se mais nas aulas e avaliações.,Melhorar: Integrar-se mais aos Princípios Passos Mágicos.,2022,6.065999999999994,,,,2.0,3.0,fase_0_7,13.0,1,-1.0,False,True
345,1,2009.0,2021,Pública,Agata,6.534766667,,,4.0,Avaliador-21,,Avaliador-6,,Avaliador-4,,Avaliador-8,,8.8,6.8,6.26,,4.6,5.7,5.7,2.5,,7.1725,5.0,,,,2023,8.125,,,,3.0,4.0,fase_0_7,14.0,2,-1.0,False,True
346,1,2012.0,2022,Escola Pública,Topázio,8.143,14.0,2.0,3.0,Avaliador-5,Promovido de Fase,Avaliador-2,Promovido de Fase,Avaliador-15,Mantido na Fase atual,,,10.0,9.1,7.5,Não atendido,7.0,6.0,8.0,,Não,7.889,10.0,Destaque: A sua boa entrega das lições de casa.,Melhorar: Empenhar-se mais nas aulas e avaliações.,Destaque: A sua boa integração aos Princípios Passos Mágicos.,2022,5.952000000000002,,,,2.0,2.0,fase_0_7,10.0,0,0.0,False,False
346,1,2012.0,2022,Pública,Ametista,7.305541667,,,4.0,Avaliador-21,,Avaliador-6,,Avaliador-4,,Avaliador-8,,0.0,9.4,8.14,,6.2,6.7,5.5,6.5,,7.84,10.0,,,,2023,7.96875,,,,3.0,2.0,fase_0_7,11.0,1,1.0,False,False
346,1,2012.0,2022,Pública,Ametista,7.761749603200001,,,4.0,Avaliador-21,,Avaliador-26,,Avaliador-23,,Avaliador-5,,10.002,9.149206349333332,2.51,,6.166666666666667,6.0,4.5,8.0,,8.2525,10.0,,,,2024,7.96875,,,Rede Decisão - Unidade União,3.0,3.0,fase_0_7,12.0,2,0.0,False,False
347,0,2010.0,2019,Escola Pública,Ametista,7.908,24.0,4.0,3.0,Avaliador-5,Promovido de Fase + Bolsa,Avaliador-2,Promovido de Fase,Avaliador-15,Promovido de Fase,,,9.0,10.0,5.6,Sem limitações,8.5,8.5,8.5,,Sim,8.0,5.0,Destaque: A sua boa entrega das lições de casa.,Destaque: As suas boas notas na Passos Mágicos.,Destaque: A sua boa integração aos Princípios Passos Mágicos.,2022,6.480000000000006,,,,2.0,3.0,fase_0_7,12.0,3,-1.0,False,True
347,0,2010.0,2019,Pública,Ametista,7.61835,,,4.0,Avaliador-21,,Avaliador-6,,Avaliador-4,,Avaliador-8,,6.7,9.5,2.52,,7.3,6.7,6.2,9.0,,7.7925,10.0,,,,2023,7.8125,,,,3.0,3.0,fase_0_7,13.0,4,0.0,False,False
347,0,2010.0,2021,Pública,Topázio,8.384742583733333,,,5.0,Avaliador-21,,Avaliador-23,,Avaliador-26,,Avaliador-1,,8.751,9.673046252,6.885,,7.666666666666667,6.5,7.5,9.0,,7.766,10.0,,,,2024,8.0,Avaliador-5,,EE Leonice de Aquino Oliveira,4.0,3.0,fase_0_7,14.0,3,1.0,False,False
348,1,2010.0,2022,Escola Pública,Quartzo,5.864,135.0,11.0,3.0,Avaliador-5,Mantido na Fase atual,Avaliador-2,Mantido na Fase atual,Avaliador-15,Mantido na Fase atual,,,9.0,8.7,7.5,Sem limitações,1.8,0.5,3.0,,Não,5.833,5.0,Destaque: A sua boa entrega das lições de casa.,Melhorar: Empenhar-se mais nas aulas e avaliações.,Melhorar: Integrar-se mais aos Princípios Passos Mágicos.,2022,4.474,,,,2.0,3.0,fase_0_7,12.0,0,-1.0,False,True
348,1,2010.0,2022,Pública,Agata,6.817866667,,,3.0,Avaliador-15,,Avaliador-5,,Avaliador-2,,,,10.0,8.7,2.52,,4.4,2.0,6.7,,,8.0075,5.0,,,,2023,8.541666667,,,,2.0,3.0,fase_0_7,13.0,1,-1.0,False,True
349,1,2010.0,2021,Escola Pública,Quartzo,5.658,143.0,13.0,3.0,Avaliador-5,Mantido na Fase atual,Avaliador-2,Promovido de Fase,Avaliador-15,Mantido na Fase atual,,,9.5,7.7,7.5,Sem limitações,3.7,2.2,5.2,,Não,3.944,5.0,Destaque: A sua boa entrega das lições de casa.,Melhorar: Empenhar-se mais nas aulas e avaliações.,Melhorar: Integrar-se mais aos Princípios Passos Mágicos.,2022,3.8919999999999977,,,,2.0,3.0,fase_0_7,12.0,1,-1.0,False,True
35,0,2005.0,2019,Rede Decisão,Topázio,8.965,1.0,1.0,4.0,Avaliador-5,Promovido de Fase,Avaliador-27,Promovido de Fase + Bolsa,Avaliador-28,Promovido de Fase + Bolsa,Avaliador-31,Promovido de Fase + Bolsa,10.0,9.6,9.4,Sem limitações,8.5,9.0,7.1,9.3,Não,10.0,5.0,Destaque: A sua boa entrega das lições de casa.,Destaque: As suas boas notas na Passos Mágicos.,Destaque: A sua boa integração aos Princípios Passos Mágicos.,2022,9.049999999999994,,,,6.0,7.0,fase_0_7,17.0,3,-1.0,True,True
35,0,2005.0,2019,Privada *Parcerias com Bolsa 100%,,,,,,,,,,,,,,,,,,,,,,,,10.0,,,,2023,,,,,8.0,8.0,fase_8,18.0,4,0.0,False,False
35,0,2005.0,2021,Privada *Parcerias com Bolsa 100%,,,,,0.0,,,,,,,,,,,,,,,,,,,10.0,,,,2024,,,,ESPM,8.0,8.0,fase_8,19.0,3,0.0,False,False
350,0,2011.0,2022,Escola Pública,Topázio,8.206,10.0,2.0,3.0,Avaliador-5,Promovido de Fase,Avaliador-27,Mantido na Fase atual,Avaliador-30,Mantido na Fase atual,,,10.0,8.8,7.5,Não atendido,6.5,7.0,6.0,,Não,8.611,10.0,Destaque: A sua boa entrega das lições de casa.,Melhorar: Empenhar-se mais nas aulas e avaliações.,Destaque: A sua boa integração aos Princípios Passos Mágicos.,2022,6.737999999999991,,,,2.0,2.0,fase_0_7,11.0,0,0.0,True,False
350,0,2011.0,2022,Pública,Ametista,7.972033333,,,3.0,Avaliador-15,,Avaliador-5,,Avaliador-2,,,,10.0,9.7,2.52,,9.0,8.8,9.2,,,7.92,5.0,,,,2023,8.958333333,,,,2.0,3.0,fase_0_7,12.0,1,-1.0,False,True
351,1,2008.0,2022,Escola Pública,Ágata,6.622,107.0,7.0,3.0,Avaliador-5,Mantido na Fase atual,Avaliador-27,Mantido na Fase atual,Avaliador-30,Promovido de Fase,,,9.0,7.2,7.5,Não atendido,4.0,3.2,4.8,,Não,8.111,5.0,Melhorar: Melhorar a sua entrega de lições de casa.,Melhorar: Empenhar-se mais nas aulas e avaliações.,Destaque: A sua boa integração aos Princípios Passos Mágicos.,2022,6.09799999999999,,,,2.0,4.0,fase_0_7,14.0,0,-2.0,False,True
352,1,2011.0,2019,Escola Pública,Ametista,7.834,31.0,4.0,3.0,Avaliador-5,Promovido de Fase,Avaliador-27,Mantido na Fase atual,Avaliador-30,Promovido de Fase,,,9.0,8.1,5.6,Requer avaliação,7.0,7.3,6.7,,Não,8.389,10.0,Destaque: A sua boa entrega das lições de casa.,Melhorar: Empenhar-se mais nas aulas e avaliações.,Destaque: A sua boa integração aos Princípios Passos Mágicos.,2022,6.761999999999997,,,,2.0,2.0,fase_0_7,11.0,3,0.0,True,False
352,1,2011.0,2019,Pública,Ametista,7.840341667,,,4.0,Avaliador-21,,Avaliador-6,,Avaliador-4,,Avaliador-8,,9.2,8.1,6.26,,7.2,8.2,6.0,7.5,,7.17,10.0,,,,2023,7.96875,,,,3.0,3.0,fase_0_7,12.0,4,0.0,False,False
352,1,2011.0,2021,Pública,Quartzo,5.9794829346,,,4.0,Avaliador-22,,Avaliador-26,,Avaliador-1,,Avaliador-5,,8.334,4.453748006333333,6.26,,3.1666666666666665,2.0,5.5,2.0,,6.7925,10.0,,,,2024,6.375,,,EE Loris Nassif Mattar Profa,4.0,3.0,fase_0_7,13.0,3,1.0,False,False
353,0,2011.0,2022,Escola Pública,Topázio,8.264,7.0,1.0,3.0,Avaliador-5,Promovido de Fase,Avaliador-27,Mantido na Fase atual,Avaliador-30,Promovido de Fase,,,7.0,10.0,7.5,Não atendido,7.5,8.0,7.0,,Não,8.444,10.0,Destaque: A sua boa entrega das lições de casa.,Destaque: As suas boas notas na Passos Mágicos.,Destaque: A sua boa integração aos Princípios Passos Mágicos.,2022,6.2519999999999865,,,,2.0,2.0,fase_0_7,11.0,0,0.0,True,False
353,0,2011.0,2022,Pública,Topázio,8.309016667,,,4.0,Avaliador-21,,Avaliador-6,,Avaliador-4,,Avaliador-8,,8.8,9.9,2.52,,8.4,8.5,7.3,9.5,,8.67,10.0,,,,2023,7.8125,,,,3.0,3.0,fase_0_7,12.0,1,0.0,False,False
354,0,2009.0,2018,Escola Pública,Quartzo,5.858,136.0,9.0,3.0,Avaliador-5,Promovido de Fase,Avaliador-27,Mantido na Fase atual,Avaliador-30,Promovido de Fase,,,8.5,4.3,7.5,Não atendido,4.5,2.8,6.2,,Não,7.333,5.0,Melhorar: Melhorar a sua entrega de lições de casa.,Melhorar: Empenhar-se mais nas aulas e avaliações.,Melhorar: Integrar-se mais aos Princípios Passos Mágicos.,2022,5.3139999999999965,,,,2.0,3.0,fase_0_7,13.0,4,-1.0,False,True
355,0,2010.0,2018,Escola Pública,Quartzo,5.379,151.0,11.0,3.0,Avaliador-5,Promovido de Fase,Avaliador-27,Mantido na Fase atual,Avaliador-30,Promovido de Fase,,,5.8,5.0,7.5,Não atendido,4.5,5.5,3.5,,Não,6.056,5.0,Melhorar: Melhorar a sua entrega de lições de casa.,Melhorar: Empenhar-se mais nas aulas e avaliações.,Melhorar: Integrar-se mais aos Princípios Passos Mágicos.,2022,4.377999999999993,,,,2.0,3.0,fase_0_7,12.0,4,-1.0,False,True
356,1,2010.0,2019,Escola Pública,Ágata,6.69,97.0,6.0,3.0,Avaliador-5,Promovido de Fase,Avaliador-27,Mantido na Fase atual,Avaliador-30,Promovido de Fase,,,10.0,8.4,5.0,Requer avaliação,4.6,5.3,3.8,,Não,8.278,5.0,Destaque: A sua boa entrega das lições de casa.,Melhorar: Empenhar-se mais nas aulas e avaliações.,Destaque: A sua boa integração aos Princípios Passos Mágicos.,2022,4.34400000000001,,,,2.0,3.0,fase_0_7,12.0,3,-1.0,False,True
356,1,2010.0,2019,Pública,Agata,6.452008333,,,4.0,Avaliador-21,,Avaliador-6,,Avaliador-4,,Avaliador-8,,9.2,8.5,2.52,,3.4,4.3,4.5,1.3,,6.5025,10.0,,,,2023,6.09375,,,,3.0,3.0,fase_0_7,13.0,4,0.0,False,False
356,1,2010.0,2021,Pública,Agata,6.627336016533334,,,4.0,Avaliador-22,,Avaliador-26,,Avaliador-1,,Avaliador-5,,8.334,6.656346749333334,5.635,,5.333333333333333,1.0,7.0,8.0,,6.5375,10.0,,,,2024,5.25,,,EE Alexandre Rodrigues Nogueira,4.0,3.0,fase_0_7,14.0,3,1.0,False,False
357,1,2010.0,2022,Escola Pública,Ametista,7.836,30.0,3.0,3.0,Avaliador-5,Promovido de Fase,Avaliador-27,Mantido na Fase atual,Avaliador-30,Promovido de Fase,,,8.0,9.6,7.5,Não atendido,8.5,10.0,7.0,,Não,7.778,5.0,Destaque: A sua boa entrega das lições de casa.,Destaque: As suas boas notas na Passos Mágicos.,Destaque: A sua boa integração aos Princípios Passos Mágicos.,2022,6.104000000000003,,,,2.0,3.0,fase_0_7,12.0,0,-1.0,False,True
357,1,2010.0,2022,Pública,Topázio,8.2832,,,3.0,Avaliador-15,,Avaliador-5,,Avaliador-2,,,,8.5,9.6,7.52,,8.7,8.7,8.7,,,8.23,5.0,,,,2023,8.75,,,,2.0,3.0,fase_0_7,13.0,1,-1.0,False,True
357,1,2010.0,2022,Pública,Ametista,7.731569404200001,,,4.0,Avaliador-21,,Avaliador-23,,Avaliador-26,,Avaliador-17,,8.751,9.028180354333331,8.135,,7.666666666666667,8.5,7.0,7.5,,7.0825,5.0,,,,2024,7.875,,,EE Joaquim Mendes Feliz,3.0,4.0,fase_0_7,14.0,2,-1.0,False,True
358,1,2009.0,2022,Escola Pública,Quartzo,5.412,150.0,10.0,3.0,Avaliador-5,Promovido de Fase,Avaliador-27,Mantido na Fase atual,Avaliador-30,Promovido de Fase,,,7.5,6.5,7.5,Não atendido,0.0,0.0,0.0,,Não,7.556,5.0,Melhorar: Melhorar a sua entrega de lições de casa.,Melhorar: Empenhar-se mais nas aulas e avaliações.,Destaque: A sua boa integração aos Princípios Passos Mágicos.,2022,6.0080000000000044,,,,2.0,3.0,fase_0_7,13.0,0,-1.0,False,True
359,0,2010.0,2019,Escola Pública,Ágata,6.606,108.0,8.0,3.0,Avaliador-5,Mantido na Fase atual,Avaliador-27,Mantido na Fase atual,Avaliador-30,Promovido de Fase,,,9.0,7.0,7.5,Não atendido,4.6,3.3,5.8,,Não,7.5,5.0,Melhorar: Melhorar a sua entrega de lições de casa.,Melhorar: Empenhar-se mais nas aulas e avaliações.,Melhorar: Integrar-se mais aos Princípios Passos Mágicos.,2022,6.359999999999992,,,,2.0,3.0,fase_0_7,12.0,3,-1.0,False,True
359,0,2010.0,2019,Pública,Ametista,7.627125,,,4.0,Avaliador-21,,Avaliador-6,,Avaliador-4,,Avaliador-8,,9.6,9.2,2.52,,5.8,6.0,6.7,4.7,,8.255,10.0,,,,2023,7.65625,,,,3.0,3.0,fase_0_7,13.0,4,0.0,False,False
359,0,2010.0,2021,Pública,Ametista,7.492006349133335,,,3.0,Avaliador-21,,Avaliador-20,,Avaliador-26,,,,9.168,7.162698412666667,6.26,,5.5,4.0,4.5,8.0,,8.333333333,10.0,,,,2024,7.5,,,EE Joaquim Mendes Feliz,4.0,3.0,fase_0_7,14.0,3,1.0,False,False
36,0,2005.0,2019,Rede Decisão,Ametista,7.876,7.0,7.0,4.0,Avaliador-5,Promovido de Fase,Avaliador-27,Promovido de Fase + Bolsa,Avaliador-28,Mantido na Fase + Bolsa,Avaliador-31,Promovido de Fase + Bolsa,9.2,9.0,6.9,Sem limitações,6.8,8.5,4.3,7.8,Não,8.944,5.0,Destaque: A sua boa entrega das lições de casa.,Melhorar: Empenhar-se mais nas aulas e avaliações.,Destaque: A sua boa integração aos Princípios Passos Mágicos.,2022,8.171999999999997,,,,6.0,7.0,fase_0_7,17.0,3,-1.0,True,True
36,0,2005.0,2019,Privada *Parcerias com Bolsa 100%,,,,,,,,,,,,,,,,,,,,,,,,10.0,,,,2023,,,,,8.0,8.0,fase_8,18.0,4,0.0,False,False
36,0,2005.0,2021,Privada *Parcerias com Bolsa 100%,,,,,0.0,,,,,,,,,,,,,,,,,,,10.0,,,,2024,,,,Universidade Santo Amaro (UNISA),8.0,8.0,fase_8,19.0,3,0.0,False,False
360,0,2010.0,2019,Escola Pública,Ametista,7.075,70.0,5.0,3.0,Avaliador-5,Promovido de Fase,Avaliador-27,Mantido na Fase atual,Avaliador-30,Promovido de Fase,,,9.5,8.5,7.5,Não atendido,5.2,4.7,5.7,,Não,7.5,5.0,Destaque: A sua boa entrega das lições de casa.,Melhorar: Empenhar-se mais nas aulas e avaliações.,Melhorar: Integrar-se mais aos Princípios Passos Mágicos.,2022,6.349999999999998,,,,2.0,3.0,fase_0_7,12.0,3,-1.0,False,True
360,0,2010.0,2019,Pública,Quartzo,5.790875,,,4.0,Avaliador-21,,Avaliador-6,,Avaliador-4,,Avaliador-8,,0.0,7.3,2.52,,4.3,5.3,4.8,2.8,,7.4225,10.0,,,,2023,7.34375,,,,3.0,3.0,fase_0_7,13.0,4,0.0,False,False
360,0,2010.0,2021,Pública,Agata,6.293175689166667,,,3.0,Avaliador-21,,Avaliador-23,,Avaliador-26,,,,8.334,5.618045113,5.0,,5.833333333333333,4.0,6.0,7.5,,6.993333333,5.0,,,,2024,7.708333333,,,EE Paschoal Carlos Magno,3.0,4.0,fase_0_7,14.0,3,-1.0,False,True
361,0,2009.0,2022,Escola Pública,Ágata,6.731,93.0,16.0,3.0,Avaliador-5,Mantido na Fase atual,Avaliador-2,Mantido na Fase atual,Avaliador-15,Mantido na Fase atual,,,7.9,9.2,6.3,Sem limitações,5.0,4.0,6.0,,Não,6.778,5.0,Destaque: A sua boa entrega das lições de casa.,Melhorar: Empenhar-se mais nas aulas e avaliações.,Melhorar: Integrar-se mais aos Princípios Passos Mágicos.,2022,6.154000000000002,,,,2.0,3.0,fase_0_7,13.0,0,-1.0,False,True
362,0,2010.0,2018,Escola Pública,Ametista,7.413,51.0,7.0,3.0,Avaliador-5,Mantido na Fase atual,Avaliador-2,Promovido de Fase,Avaliador-15,Promovido de Fase,,,8.5,7.9,7.5,Sem limitações,7.9,6.5,9.3,,Não,7.5,5.0,Destaque: A sua boa entrega das lições de casa.,Destaque: As suas boas notas na Passos Mágicos.,Destaque: A sua boa integração aos Princípios Passos Mágicos.,2022,6.530000000000005,,,,2.0,3.0,fase_0_7,12.0,4,-1.0,False,True
362,0,2010.0,2018,Pública,Agata,6.392625,,,4.0,Avaliador-21,,Avaliador-6,,Avaliador-34,,Avaliador-8,,0.0,7.5,7.52,,5.1,5.7,6.8,2.8,,7.0875,10.0,,,,2023,7.03125,,,,3.0,3.0,fase_0_7,13.0,5,0.0,False,False
363,1,2010.0,2022,Escola Pública,Ágata,6.644,104.0,17.0,3.0,Avaliador-5,Mantido na Fase atual,Avaliador-2,Mantido na Fase atual,Avaliador-15,Mantido na Fase atual,,,10.0,10.0,6.9,Sem limitações,2.0,1.0,3.0,,Não,7.056,5.0,Destaque: A sua boa entrega das lições de casa.,Melhorar: Empenhar-se mais nas aulas e avaliações.,Melhorar: Integrar-se mais aos Princípios Passos Mágicos.,2022,6.428000000000003,,,,2.0,3.0,fase_0_7,12.0,0,-1.0,False,True
363,1,2010.0,2022,Pública,Agata,6.680833333,,,3.0,Avaliador-15,,Avaliador-5,,Avaliador-2,,,,0.0,9.9,2.52,,6.8,6.8,6.8,,,8.673333333,5.0,,,,2023,8.541666667,,,,2.0,3.0,fase_0_7,13.0,1,-1.0,False,True
363,1,2010.0,2022,Privada,Ametista,7.617803571466666,,,4.0,Avaliador-22,,Avaliador-23,,Avaliador-26,,Avaliador-5,,9.585,9.523809524,5.625,,5.333333333333333,4.0,3.5,8.5,,6.955,10.0,,,,2024,7.34375,,,Colégio Nogueira e Sonho de Criança,3.0,3.0,fase_0_7,14.0,2,0.0,False,False
364,1,2011.0,2019,Escola Pública,Topázio,8.75,1.0,1.0,3.0,Avaliador-5,Promovido de Fase,Avaliador-2,Mantido na Fase atual,Avaliador-15,Promovido de Fase,,,9.5,10.0,7.5,Sem limitações,8.8,9.5,8.0,,Não,8.167,10.0,Destaque: A sua boa entrega das lições de casa.,Destaque: As suas boas notas na Passos Mágicos.,Destaque: A sua boa integração aos Princípios Passos Mágicos.,2022,6.56600000000001,,,,2.0,2.0,fase_0_7,11.0,3,0.0,False,False
364,1,2011.0,2019,Pública,Ametista,7.734891667,,,4.0,Avaliador-21,,Avaliador-6,,Avaliador-34,,Avaliador-8,,8.8,9.0,6.89,,5.8,8.0,5.2,4.3,,7.505,10.0,,,,2023,7.03125,,,,3.0,3.0,fase_0_7,12.0,4,0.0,False,False
364,1,2011.0,2021,Pública,Topázio,8.2697037582,,,4.0,Avaliador-21,,Avaliador-16,,Avaliador-26,,Avaliador-7,,8.751,9.526143791,7.51,,7.5,8.0,5.0,9.5,,7.2075,10.0,,,,2024,7.96875,,,EE Leonice de Aquino Oliveira,3.0,3.0,fase_0_7,13.0,3,0.0,False,False
365,0,2012.0,2022,Escola Pública,Topázio,8.063,17.0,3.0,3.0,Avaliador-5,Mantido na Fase atual,Avaliador-2,Mantido na Fase atual,Avaliador-15,Mantido na Fase atual,,,8.0,10.0,5.0,Sem limitações,7.8,6.0,9.5,,Não,7.833,10.0,Destaque: A sua boa entrega das lições de casa.,Destaque: As suas boas notas na Passos Mágicos.,Destaque: A sua boa integração aos Princípios Passos Mágicos.,2022,6.364000000000001,,,,2.0,2.0,fase_0_7,10.0,0,0.0,False,False
365,0,2012.0,2022,Pública,Topázio,8.6587,,,3.0,Avaliador-15,,Avaliador-5,,Avaliador-2,,,,10.0,9.9,2.52,,8.7,8.2,9.2,,,8.953333333,10.0,,,,2023,8.958333333,,,,2.0,2.0,fase_0_7,11.0,1,0.0,False,False
365,0,2012.0,2022,Pública,Topázio,8.526983333333334,,,5.0,Avaliador-16,,Avaliador-26,,Avaliador-22,,Avaliador-10,,9.585,10.0,7.51,,6.666666666666667,8.0,7.0,5.0,,8.202,10.0,,,,2024,8.4375,Avaliador-25,,EE Loris Nassif Mattar Profa,3.0,2.0,fase_0_7,12.0,2,1.0,False,False
366,1,2010.0,2022,Escola Pública,Ametista,7.181,67.0,9.0,3.0,Avaliador-5,Mantido na Fase atual,Avaliador-2,Promovido de Fase,Avaliador-15,Mantido na Fase atual,,,9.5,9.4,7.5,Sem limitações,5.5,6.0,5.0,,Não,6.833,5.0,Destaque: A sua boa entrega das lições de casa.,Melhorar: Empenhar-se mais nas aulas e avaliações.,Melhorar: Integrar-se mais aos Princípios Passos Mágicos.,2022,6.343999999999994,,,,2.0,3.0,fase_0_7,12.0,0,-1.0,False,True
367,0,2010.0,2018,Escola Pública,Ágata,6.95,76.0,14.0,3.0,Avaliador-5,Mantido na Fase atual,Avaliador-2,Promovido de Fase,Avaliador-15,Mantido na Fase atual,,,8.5,7.4,6.3,Sem limitações,6.7,5.2,8.2,,Não,7.5,5.0,Melhorar: Melhorar a sua entrega de lições de casa.,Melhorar: Empenhar-se mais nas aulas e avaliações.,Destaque: A sua boa integração aos Princípios Passos Mágicos.,2022,6.500000000000004,,,,2.0,3.0,fase_0_7,12.0,4,-1.0,False,True
367,0,2010.0,2018,Pública,Ametista,7.38685,,,4.0,Avaliador-21,,Avaliador-6,,Avaliador-34,,Avaliador-8,,8.8,8.7,2.52,,5.9,7.0,5.5,5.2,,7.7925,10.0,,,,2023,7.8125,,,,3.0,3.0,fase_0_7,13.0,5,0.0,False,False
367,0,2010.0,2021,Pública,Ametista,7.209434085200001,,,4.0,Avaliador-22,,Avaliador-26,,Avaliador-1,,Avaliador-5,,9.168,7.268170426,6.26,,5.0,2.0,5.5,7.5,,7.6275,10.0,,,,2024,6.875,,,EE Leonice de Aquino Oliveira,4.0,3.0,fase_0_7,14.0,3,1.0,False,False
368,1,2009.0,2018,Rede Decisão,Ágata,6.969,74.0,12.0,3.0,Avaliador-5,Mantido na Fase atual,Avaliador-2,Promovido de Fase,Avaliador-15,Promovido de Fase,,,8.0,7.9,5.0,Requer avaliação,7.3,5.5,9.0,,Não,7.5,5.0,Destaque: A sua boa entrega das lições de casa.,Melhorar: Empenhar-se mais nas aulas e avaliações.,Destaque: A sua boa integração aos Princípios Passos Mágicos.,2022,6.2900000000000045,,,,2.0,3.0,fase_0_7,13.0,4,-1.0,False,True
368,1,2009.0,2018,Pública,Quartzo,5.796458333,,,4.0,Avaliador-21,,Avaliador-6,,Avaliador-34,,Avaliador-8,,0.0,7.7,2.52,,6.7,5.0,7.2,7.8,,7.34,5.0,,,,2023,7.03125,,,,3.0,4.0,fase_0_7,14.0,5,-1.0,False,True
368,1,2009.0,2021,Pública,Agata,6.782158333333333,,,4.0,Avaliador-21,,Avaliador-16,,Avaliador-26,,Avaliador-7,,7.917,6.166666666666667,7.51,,7.0,4.5,7.0,9.5,,6.7025,5.0,,,,2024,7.65625,,,EE João Ortiz Rodrigues,3.0,4.0,fase_0_7,15.0,3,-1.0,False,True
369,1,2011.0,2022,Escola Pública,Ágata,6.973,73.0,11.0,3.0,Avaliador-5,Mantido na Fase atual,Avaliador-2,Mantido na Fase atual,Avaliador-15,Mantido na Fase atual,,,9.0,6.9,7.5,Sem limitações,4.8,4.0,5.5,,Não,6.889,10.0,Melhorar: Melhorar a sua entrega de lições de casa.,Melhorar: Empenhar-se mais nas aulas e avaliações.,Melhorar: Integrar-se mais aos Princípios Passos Mágicos.,2022,6.051999999999991,,,,2.0,2.0,fase_0_7,11.0,0,0.0,False,False
369,1,2011.0,2022,Pública,Agata,6.0197,,,3.0,Avaliador-15,,Avaliador-5,,Avaliador-2,,,,10.0,4.1,5.0,,4.0,5.0,3.0,,,7.726666667,5.0,,,,2023,8.541666667,,,,2.0,3.0,fase_0_7,12.0,1,-1.0,False,True
369,1,2011.0,2022,Pública,Quartzo,5.667282265,,,5.0,Avaliador-16,,Avaliador-26,,Avaliador-22,,Avaliador-10,,8.751,4.908119658333334,7.51,,1.6666666666666667,0.0,0.0,5.0,,5.428,10.0,,,,2024,6.40625,Avaliador-25,,EE Leonice de Aquino Oliveira,3.0,3.0,fase_0_7,13.0,2,0.0,False,False
37,0,2005.0,2019,Rede Decisão,Quartzo,4.95,18.0,18.0,4.0,Avaliador-5,Promovido de Fase,Avaliador-27,Mantido na Fase atual,Avaliador-28,Mantido na Fase + Bolsa,Avaliador-31,Promovido de Fase,0.0,5.4,5.0,Sem limitações,5.9,2.3,5.3,10.0,Não,5.222,5.0,Melhorar: Melhorar a sua entrega de lições de casa.,Melhorar: Empenhar-se mais nas aulas e avaliações.,Melhorar: Integrar-se mais aos Princípios Passos Mágicos.,2022,6.456,,,,6.0,7.0,fase_0_7,17.0,3,-1.0,False,True
370,0,2010.0,2018,Rede Decisão,Ametista,7.066,71.0,10.0,3.0,Avaliador-5,Mantido na Fase atual,Avaliador-2,Promovido de Fase,Avaliador-15,Promovido de Fase,,,8.5,8.2,5.0,Requer avaliação,7.2,5.2,9.2,,Não,7.611,5.0,Destaque: A sua boa entrega das lições de casa.,Melhorar: Empenhar-se mais nas aulas e avaliações.,Destaque: A sua boa integração aos Princípios Passos Mágicos.,2022,6.138000000000004,,,,2.0,3.0,fase_0_7,12.0,4,-1.0,False,True
371,0,2012.0,2022,Escola Pública,Topázio,8.112,16.0,2.0,3.0,Avaliador-5,Mantido na Fase atual,Avaliador-2,Promovido de Fase,Avaliador-15,Mantido na Fase atual,,,9.5,8.0,6.9,Sem limitações,8.4,7.8,9.0,,Não,7.667,10.0,Destaque: A sua boa entrega das lições de casa.,Destaque: As suas boas notas na Passos Mágicos.,Destaque: A sua boa integração aos Princípios Passos Mágicos.,2022,6.58599999999999,,,,2.0,2.0,fase_0_7,10.0,0,0.0,False,False
372,1,2012.0,2021,Escola Pública,Ametista,7.304,57.0,8.0,3.0,Avaliador-5,Mantido na Fase atual,Avaliador-2,Promovido de Fase,Avaliador-15,Mantido na Fase atual,,,8.5,5.5,6.9,Sem limitações,7.8,8.3,7.2,,Não,7.389,10.0,Melhorar: Melhorar a sua entrega de lições de casa.,Destaque: As suas boas notas na Passos Mágicos.,Melhorar: Integrar-se mais aos Princípios Passos Mágicos.,2022,6.261999999999999,,,,2.0,2.0,fase_0_7,10.0,1,0.0,False,False
373,1,2011.0,2022,Escola Pública,Ametista,7.503,46.0,6.0,3.0,Avaliador-5,Mantido na Fase atual,Avaliador-2,Mantido na Fase atual,Avaliador-15,Mantido na Fase atual,,,6.4,9.5,5.0,Requer avaliação,7.3,6.5,8.0,,Não,6.944,10.0,Destaque: A sua boa entrega das lições de casa.,Melhorar: Empenhar-se mais nas aulas e avaliações.,Melhorar: Integrar-se mais aos Princípios Passos Mágicos.,2022,6.142000000000003,,,,2.0,2.0,fase_0_7,11.0,0,0.0,False,False
373,1,2011.0,2022,Pública,Agata,6.805,,,3.0,Avaliador-15,,Avaliador-5,,Avaliador-2,,,,0.0,9.7,2.52,,8.4,7.7,9.0,,,7.84,5.0,,,,2023,8.75,,,,2.0,3.0,fase_0_7,12.0,1,-1.0,False,True
374,0,2010.0,2021,Escola Pública,Ametista,7.747,34.0,5.0,3.0,Avaliador-5,Mantido na Fase atual,Avaliador-2,Promovido de Fase,Avaliador-15,Mantido na Fase atual,,,9.0,9.8,7.5,Sem limitações,6.9,5.3,8.5,,Não,7.944,5.0,Destaque: A sua boa entrega das lições de casa.,Melhorar: Empenhar-se mais nas aulas e avaliações.,Destaque: A sua boa integração aos Princípios Passos Mágicos.,2022,6.681999999999997,,,,2.0,3.0,fase_0_7,12.0,1,-1.0,False,True
374,0,2010.0,2021,Privada,Ametista,7.533891667,,,4.0,Avaliador-21,,Avaliador-6,,Avaliador-34,,Avaliador-8,,8.8,8.3,5.63,,5.4,6.3,6.3,3.7,,7.9175,10.0,,,,2023,7.65625,,,,3.0,3.0,fase_0_7,13.0,2,0.0,False,False
375,1,2011.0,2019,Escola Pública,Ametista,7.831,32.0,4.0,3.0,Avaliador-5,Mantido na Fase atual,Avaliador-2,Promovido de Fase,Avaliador-15,Mantido na Fase atual,,,9.0,9.5,7.5,Sem limitações,5.4,3.3,7.5,,Não,7.667,10.0,Destaque: A sua boa entrega das lições de casa.,Melhorar: Empenhar-se mais nas aulas e avaliações.,Destaque: A sua boa integração aos Princípios Passos Mágicos.,2022,6.675999999999993,,,,2.0,2.0,fase_0_7,11.0,3,0.0,False,False
375,1,2011.0,2019,Pública,Ametista,7.070833333,,,3.0,Avaliador-15,,Avaliador-5,,Avaliador-2,,,,0.0,9.9,5.0,,7.9,6.8,9.0,,,8.283333333,5.0,,,,2023,8.541666667,,,,2.0,3.0,fase_0_7,12.0,4,-1.0,False,True
375,1,2011.0,2021,Pública,Ametista,7.970034615400001,,,5.0,Avaliador-16,,Avaliador-26,,Avaliador-22,,Avaliador-10,,9.585,9.443589743666667,7.51,,6.833333333333333,9.0,5.5,6.0,,6.432,10.0,,,,2024,7.1875,Avaliador-25,,EE Leonice de Aquino Oliveira,3.0,3.0,fase_0_7,13.0,3,0.0,False,False
376,0,2010.0,2019,Escola Pública,Ágata,6.957,75.0,13.0,3.0,Avaliador-5,Mantido na Fase atual,Avaliador-2,Promovido de Fase,Avaliador-15,Mantido na Fase atual,,,9.0,9.0,7.5,Sem limitações,4.3,2.0,6.7,,Não,7.5,5.0,Destaque: A sua boa entrega das lições de casa.,Melhorar: Empenhar-se mais nas aulas e avaliações.,Destaque: A sua boa integração aos Princípios Passos Mágicos.,2022,6.4699999999999935,,,,2.0,3.0,fase_0_7,12.0,3,-1.0,False,True
376,0,2010.0,2019,Pública,Ametista,7.1392,,,3.0,Avaliador-15,,Avaliador-5,,Avaliador-2,,,,8.5,9.6,2.52,,5.9,4.3,7.5,,,8.226666667,5.0,,,,2023,7.916666667,,,,2.0,3.0,fase_0_7,13.0,4,-1.0,False,True
376,0,2010.0,2021,Pública,Quartzo,5.896573588800001,,,4.0,Avaliador-21,,Avaliador-16,,Avaliador-26,,Avaliador-7,,10.002,8.287284610666667,2.51,,2.833333333333333,2.0,5.0,1.5,,6.325,5.0,,,,2024,6.5625,,,EE Leonice de Aquino Oliveira,3.0,4.0,fase_0_7,14.0,3,-1.0,False,True
377,0,2010.0,2021,Escola Pública,Ágata,6.743,92.0,15.0,3.0,Avaliador-5,Mantido na Fase atual,Avaliador-2,Promovido de Fase,Avaliador-15,Promovido de Fase,,,9.0,7.7,5.6,Requer avaliação,6.2,4.3,8.0,,Não,6.833,5.0,Destaque: A sua boa entrega das lições de casa.,Melhorar: Empenhar-se mais nas aulas e avaliações.,Melhorar: Integrar-se mais aos Princípios Passos Mágicos.,2022,6.364000000000001,,,,2.0,3.0,fase_0_7,12.0,1,-1.0,False,True
377,0,2010.0,2021,Pública,Ametista,7.205041667,,,4.0,Avaliador-21,,Avaliador-6,,Avaliador-34,,Avaliador-8,,9.6,7.6,5.0,,4.8,6.0,5.7,2.8,,7.6275,10.0,,,,2023,7.34375,,,,3.0,3.0,fase_0_7,13.0,2,0.0,False,False
377,0,2010.0,2021,Pública,Ametista,7.480115873000001,,,5.0,Avaliador-22,,Avaliador-17,,Avaliador-1,,Avaliador-5,,9.168,7.698412698333333,7.51,,5.166666666666667,4.0,6.5,5.0,,7.634,10.0,,,,2024,7.125,Avaliador-26,,EE João Ortiz Rodrigues,4.0,4.0,fase_0_7,14.0,3,0.0,False,False
378,1,2010.0,2021,Escola Pública,Ametista,7.203,62.0,3.0,3.0,Avaliador-5,Promovido de Fase + Bolsa,Avaliador-2,Promovido de Fase,Avaliador-15,Promovido de Fase,,,9.0,6.8,5.6,Requer avaliação,8.1,8.7,7.5,,Sim,7.889,5.0,Melhorar: Melhorar a sua entrega de lições de casa.,Destaque: As suas boas notas na Passos Mágicos.,Destaque: A sua boa integração aos Princípios Passos Mágicos.,2022,6.852,,,,2.0,3.0,fase_0_7,12.0,1,-1.0,False,True
379,0,2009.0,2022,Escola Pública,Ágata,6.722,95.0,7.0,3.0,Avaliador-5,Mantido na Fase atual,Avaliador-2,Mantido na Fase atual,Avaliador-15,Mantido na Fase atual,,,8.5,8.1,7.5,Sem limitações,5.0,5.0,5.0,,Não,6.778,5.0,Destaque: A sua boa entrega das lições de casa.,Melhorar: Empenhar-se mais nas aulas e avaliações.,Melhorar: Integrar-se mais aos Princípios Passos Mágicos.,2022,6.463999999999999,,,,2.0,3.0,fase_0_7,13.0,0,-1.0,False,True
38,0,2005.0,2017,Rede Decisão,Topázio,8.523,4.0,4.0,4.0,Avaliador-5,Promovido de Fase,Avaliador-27,Promovido de Fase + Bolsa,Avaliador-28,Promovido de Fase + Bolsa,Avaliador-31,Promovido de Fase + Bolsa,9.2,8.9,7.5,Não indicado,8.6,9.0,7.0,9.7,Não,9.833,5.0,Destaque: A sua boa entrega das lições de casa.,Destaque: As suas boas notas na Passos Mágicos.,Destaque: A sua boa integração aos Princípios Passos Mágicos.,2022,8.864,,,,6.0,7.0,fase_0_7,17.0,5,-1.0,True,True
38,0,2005.0,2017,Privada - Programa de Apadrinhamento,Topázio,8.835333333,,,4.0,Avaliador-32,,Avaliador-7,,Avaliador-23,,Avaliador-8,,9.6,9.7,7.52,,7.7,8.2,8.8,6.0,,8.8825,10.0,,,,2023,8.75,,,,7.0,7.0,fase_0_7,18.0,6,0.0,False,False
38,0,2005.0,2021,Privada - Programa de Apadrinhamento,,,,,0.0,,,,,,,,,,,,,,,,,,,10.0,,,,2024,,,,Universidade Santo Amaro (UNISA),8.0,8.0,fase_8,19.0,3,0.0,False,False
380,1,2009.0,2017,Escola Pública,Quartzo,4.556,154.0,13.0,3.0,Avaliador-5,Mantido na Fase atual,Avaliador-2,Promovido de Fase,Avaliador-15,Mantido na Fase atual,,,7.9,4.4,5.0,Requer avaliação,2.5,2.3,2.7,,Não,4.833,5.0,Melhorar: Melhorar a sua entrega de lições de casa.,Melhorar: Empenhar-se mais nas aulas e avaliações.,Melhorar: Integrar-se mais aos Princípios Passos Mágicos.,2022,4.194000000000004,,,,2.0,3.0,fase_0_7,13.0,5,-1.0,False,True
380,1,2009.0,2017,Pública,Quartzo,4.912375,,,4.0,Avaliador-21,,Avaliador-6,,Avaliador-34,,Avaliador-8,,0.0,6.4,2.52,,4.5,7.0,4.0,2.5,,6.5425,5.0,,,,2023,6.71875,,,,3.0,4.0,fase_0_7,14.0,6,-1.0,False,True
381,1,2009.0,2018,Escola Pública,Ágata,6.454,114.0,9.0,3.0,Avaliador-5,Mantido na Fase atual,Avaliador-2,Promovido de Fase,Avaliador-15,Mantido na Fase atual,,,9.0,8.3,6.9,Sem limitações,3.3,1.5,5.2,,Não,6.944,5.0,Destaque: A sua boa entrega das lições de casa.,Melhorar: Empenhar-se mais nas aulas e avaliações.,Melhorar: Integrar-se mais aos Princípios Passos Mágicos.,2022,6.551999999999998,,,,2.0,3.0,fase_0_7,13.0,4,-1.0,False,True
381,1,2009.0,2018,Pública,Quartzo,5.758041667,,,4.0,Avaliador-21,,Avaliador-6,,Avaliador-34,,Avaliador-8,,0.0,8.4,6.89,,3.9,5.3,5.3,1.2,,6.84,5.0,,,,2023,7.34375,,,,3.0,4.0,fase_0_7,14.0,5,-1.0,False,True
381,1,2009.0,2021,Pública,Quartzo,5.940775,,,4.0,Avaliador-21,,Avaliador-16,,Avaliador-26,,Avaliador-7,,8.334,6.133333333333333,7.51,,3.6666666666666665,2.5,4.5,4.0,,6.1225,5.0,,,,2024,6.71875,,,EE Alexandre Rodrigues Nogueira,3.0,5.0,fase_0_7,15.0,3,-2.0,False,True
382,1,2008.0,2017,Escola Pública,Ágata,6.777,88.0,5.0,3.0,Avaliador-5,Mantido na Fase atual,Avaliador-2,Promovido de Fase,Avaliador-15,Promovido de Fase,,,9.0,7.7,6.3,Sem limitações,5.4,4.0,6.8,,Não,7.333,5.0,Destaque: A sua boa entrega das lições de casa.,Melhorar: Empenhar-se mais nas aulas e avaliações.,Melhorar: Integrar-se mais aos Princípios Passos Mágicos.,2022,6.604000000000001,,,,2.0,4.0,fase_0_7,14.0,5,-2.0,False,True
382,1,2008.0,2017,Pública,Agata,6.223833333,,,4.0,Avaliador-21,,Avaliador-6,,Avaliador-34,,Avaliador-8,,0.0,9.4,6.26,,5.2,5.0,5.8,4.7,,7.1725,5.0,,,,2023,7.5,,,,3.0,5.0,fase_0_7,15.0,6,-2.0,False,True
382,1,2008.0,2021,Pública,Quartzo,5.805712280733333,,,5.0,Avaliador-22,,Avaliador-17,,Avaliador-1,,Avaliador-5,,9.168,6.324561403666666,5.63,,3.0,2.0,3.0,4.0,,6.43,5.0,,,,2024,6.75,Avaliador-26,,EE Alexandre Rodrigues Nogueira,4.0,5.0,fase_0_7,16.0,3,-1.0,False,True
383,1,2011.0,2019,Escola Pública,Topázio,8.4,5.0,1.0,3.0,Avaliador-5,Promovido de Fase,Avaliador-2,Promovido de Fase,Avaliador-15,Promovido de Fase,,,9.0,9.6,7.5,Sem limitações,8.1,8.0,8.2,,Não,7.778,10.0,Destaque: A sua boa entrega das lições de casa.,Destaque: As suas boas notas na Passos Mágicos.,Destaque: A sua boa integração aos Princípios Passos Mágicos.,2022,6.543999999999999,,,,2.0,2.0,fase_0_7,11.0,3,0.0,False,False
383,1,2011.0,2019,Pública,Ametista,7.5408,,,4.0,Avaliador-21,,Avaliador-6,,Avaliador-34,,Avaliador-8,,9.2,8.8,3.14,,6.5,6.3,6.2,7.0,,7.5,10.0,,,,2023,7.5,,,,3.0,3.0,fase_0_7,12.0,4,0.0,False,False
383,1,2011.0,2021,Pública,Topázio,8.036024386733335,,,5.0,Avaliador-22,,Avaliador-17,,Avaliador-1,,Avaliador-5,,9.168,8.600288600333334,7.51,,5.833333333333333,1.0,8.0,8.5,,8.47,10.0,,,,2024,7.875,Avaliador-26,,EE João Ortiz Rodrigues,4.0,3.0,fase_0_7,13.0,3,1.0,True,False
384,0,2010.0,2017,Escola Pública,Ametista,7.558,44.0,2.0,3.0,Avaliador-5,Mantido na Fase atual,Avaliador-2,Promovido de Fase,Avaliador-15,Mantido na Fase atual,,,9.0,8.4,6.3,Requer avaliação,8.1,8.0,8.2,,Não,8.0,5.0,Destaque: A sua boa entrega das lições de casa.,Destaque: As suas boas notas na Passos Mágicos.,Destaque: A sua boa integração aos Princípios Passos Mágicos.,2022,6.280000000000001,,,,2.0,3.0,fase_0_7,12.0,5,-1.0,False,True
384,0,2010.0,2017,Pública,Agata,6.757958333,,,4.0,Avaliador-21,,Avaliador-6,,Avaliador-34,,Avaliador-8,,0.0,9.1,2.52,,7.3,6.3,7.2,8.3,,7.335,10.0,,,,2023,7.65625,,,,3.0,3.0,fase_0_7,13.0,6,0.0,False,False
384,0,2010.0,2021,Pública,Topázio,8.072200721466668,,,5.0,Avaliador-22,,Avaliador-17,,Avaliador-1,,Avaliador-5,,7.5,8.607503607333333,7.51,,7.5,5.0,9.5,8.0,,7.936,10.0,,,,2024,7.625,Avaliador-26,,EE João Ortiz Rodrigues,4.0,4.0,fase_0_7,14.0,3,0.0,False,False
385,0,2010.0,2022,Escola Pública,Ágata,6.083,131.0,12.0,3.0,Avaliador-5,Mantido na Fase atual,Avaliador-2,Promovido de Fase,Avaliador-15,Mantido na Fase atual,,,7.4,7.5,5.0,Sem limitações,4.9,2.7,7.2,,Não,6.5,5.0,Melhorar: Melhorar a sua entrega de lições de casa.,Melhorar: Empenhar-se mais nas aulas e avaliações.,Melhorar: Integrar-se mais aos Princípios Passos Mágicos.,2022,5.629999999999997,,,,2.0,3.0,fase_0_7,12.0,0,-1.0,False,True
386,1,2009.0,2019,Escola Pública,Ágata,6.104,130.0,11.0,3.0,Avaliador-5,Mantido na Fase atual,Avaliador-2,Promovido de Fase,Avaliador-15,Mantido na Fase atual,,,10.0,5.9,5.6,Requer avaliação,4.0,3.7,4.3,,Não,7.222,5.0,Melhorar: Melhorar a sua entrega de lições de casa.,Melhorar: Empenhar-se mais nas aulas e avaliações.,Melhorar: Integrar-se mais aos Princípios Passos Mágicos.,2022,6.1960000000000015,,,,2.0,3.0,fase_0_7,13.0,3,-1.0,False,True
386,1,2009.0,2019,Pública,Quartzo,5.758425,,,4.0,Avaliador-21,,Avaliador-6,,Avaliador-34,,Avaliador-8,,9.2,7.0,2.52,,3.3,5.0,3.7,1.2,,6.6325,5.0,,,,2023,7.03125,,,,3.0,4.0,fase_0_7,14.0,4,-1.0,False,True
387,1,2009.0,2019,Escola Pública,Ágata,6.323,124.0,10.0,3.0,Avaliador-5,Mantido na Fase atual,Avaliador-2,Promovido de Fase,Avaliador-15,Mantido na Fase atual,,,7.0,8.2,7.5,Sem limitações,3.7,1.3,6.0,,Não,6.833,5.0,Destaque: A sua boa entrega das lições de casa.,Melhorar: Empenhar-se mais nas aulas e avaliações.,Melhorar: Integrar-se mais aos Princípios Passos Mágicos.,2022,6.264000000000003,,,,2.0,3.0,fase_0_7,13.0,3,-1.0,False,True
387,1,2009.0,2019,Pública,Quartzo,4.794333333,,,4.0,Avaliador-21,,Avaliador-6,,Avaliador-34,,Avaliador-8,,0.0,6.8,2.52,,3.0,4.3,2.8,1.8,,7.0075,5.0,,,,2023,6.875,,,,3.0,4.0,fase_0_7,14.0,4,-1.0,False,True
387,1,2009.0,2021,Pública,Agata,6.125500000000001,,,4.0,Avaliador-21,,Avaliador-16,,Avaliador-26,,Avaliador-7,,7.5,7.166666666666667,7.51,,4.333333333333333,5.0,4.0,4.0,,5.9975,5.0,,,,2024,6.25,,,EE Leonice de Aquino Oliveira,3.0,4.0,fase_0_7,15.0,3,-1.0,False,True
388,0,2008.0,2019,Escola Pública,Ágata,6.654,101.0,8.0,3.0,Avaliador-5,Mantido na Fase atual,Avaliador-2,Promovido de Fase,Avaliador-15,Mantido na Fase atual,,,7.9,8.5,5.6,Requer avaliação,4.5,3.5,5.5,,Não,7.722,5.0,Destaque: A sua boa entrega das lições de casa.,Melhorar: Empenhar-se mais nas aulas e avaliações.,Destaque: A sua boa integração aos Princípios Passos Mágicos.,2022,6.595999999999993,,,,2.0,4.0,fase_0_7,14.0,3,-2.0,False,True
388,0,2008.0,2019,Pública,Quartzo,5.630833333,,,4.0,Avaliador-21,,Avaliador-6,,Avaliador-34,,Avaliador-8,,0.0,7.4,5.63,,4.2,6.0,4.3,2.2,,7.835,5.0,,,,2023,6.875,,,,3.0,5.0,fase_0_7,15.0,4,-2.0,False,True
388,0,2008.0,2021,Pública,Quartzo,5.965307936466667,,,5.0,Avaliador-22,,Avaliador-17,,Avaliador-1,,Avaliador-5,,7.5,6.349206349,7.51,,4.333333333333333,1.0,7.0,5.0,,5.764,5.0,,,,2024,6.75,Avaliador-26,,EE Joaquim Mendes Feliz,4.0,5.0,fase_0_7,16.0,3,-1.0,False,True
389,1,2011.0,2019,Escola Pública,Ametista,7.184,66.0,4.0,3.0,Avaliador-5,Mantido na Fase atual,Avaliador-2,Mantido na Fase atual,Avaliador-15,Mantido na Fase atual,,,8.0,8.9,7.5,Sem limitações,3.5,2.0,5.0,,Não,7.556,10.0,Destaque: A sua boa entrega das lições de casa.,Melhorar: Empenhar-se mais nas aulas e avaliações.,Destaque: A sua boa integração aos Princípios Passos Mágicos.,2022,6.428000000000003,,,,2.0,2.0,fase_0_7,11.0,3,0.0,False,False
389,1,2011.0,2019,Pública,Agata,6.687,,,3.0,Avaliador-15,,Avaliador-5,,Avaliador-2,,,,0.0,8.2,2.52,,8.2,6.8,9.5,,,8.95,5.0,,,,2023,8.75,,,,2.0,3.0,fase_0_7,12.0,4,-1.0,False,True
389,1,2011.0,2021,Pública,Ametista,7.2079551282,,,4.0,Avaliador-21,,Avaliador-16,,Avaliador-26,,Avaliador-7,,9.585,6.674358974333333,8.76,,5.166666666666667,6.5,4.0,5.0,,6.745,10.0,,,,2024,6.5625,,,EE João Ortiz Rodrigues,3.0,3.0,fase_0_7,13.0,3,0.0,False,False
39,0,2006.0,2017,Rede Decisão,Ágata,6.033,15.0,15.0,4.0,Avaliador-5,Promovido de Fase,Avaliador-27,Mantido na Fase atual,Avaliador-28,Promovido de Fase,Avaliador-31,Promovido de Fase,0.0,4.8,6.9,Requer avaliação,6.9,7.7,5.1,7.8,Não,6.111,10.0,Melhorar: Melhorar a sua entrega de lições de casa.,Melhorar: Empenhar-se mais nas aulas e avaliações.,Melhorar: Integrar-se mais aos Princípios Passos Mágicos.,2022,7.808000000000002,,,,6.0,6.0,fase_0_7,16.0,5,0.0,False,False
39,0,2006.0,2017,Privada - Programa de Apadrinhamento,Topázio,8.710333333,,,4.0,Avaliador-32,,Avaliador-7,,Avaliador-23,,Avaliador-8,,9.6,9.1,7.52,,7.8,8.3,7.8,7.2,,8.7575,10.0,,,,2023,8.75,,,,7.0,7.0,fase_0_7,17.0,6,0.0,False,False
39,0,2006.0,2021,Privada *Parcerias com Bolsa 100%,,,,,0.0,,,,,,,,,,,,,,,,,,,10.0,,,,2024,,,,Universidade Santo Amaro (UNISA),8.0,8.0,fase_8,18.0,3,0.0,False,False
390,0,2010.0,2022,Escola Pública,Ágata,6.776,89.0,6.0,3.0,Avaliador-5,Mantido na Fase atual,Avaliador-2,Promovido de Fase,Avaliador-15,Mantido na Fase atual,,,7.4,8.8,6.3,Requer avaliação,4.7,4.0,5.3,,Não,7.722,5.0,Destaque: A sua boa entrega das lições de casa.,Melhorar: Empenhar-se mais nas aulas e avaliações.,Destaque: A sua boa integração aos Princípios Passos Mágicos.,2022,6.615999999999991,,,,2.0,3.0,fase_0_7,12.0,0,-1.0,False,True
390,0,2010.0,2022,Pública,Agata,6.905741667,,,4.0,Avaliador-21,,Avaliador-6,,Avaliador-34,,Avaliador-8,,7.9,8.8,2.52,,4.8,5.7,5.8,3.0,,7.005,10.0,,,,2023,7.34375,,,,3.0,3.0,fase_0_7,13.0,1,0.0,False,False
390,0,2010.0,2022,Pública,Agata,6.5472236842,,,4.0,Avaliador-21,,Avaliador-16,,Avaliador-26,,Avaliador-7,,7.5,6.080701754333333,8.755,,4.166666666666667,3.0,2.5,7.0,,6.08,10.0,,,,2024,6.5625,,,EE João Ortiz Rodrigues,3.0,3.0,fase_0_7,14.0,2,0.0,False,False
391,0,2010.0,2022,Escola Pública,Ametista,7.117,69.0,3.0,3.0,Avaliador-5,Promovido de Fase,Avaliador-27,Mantido na Fase atual,Avaliador-30,Promovido de Fase,,,10.0,8.1,7.5,Sem limitações,5.1,5.0,5.2,,Não,8.056,5.0,Destaque: A sua boa entrega das lições de casa.,Melhorar: Empenhar-se mais nas aulas e avaliações.,Destaque: A sua boa integração aos Princípios Passos Mágicos.,2022,6.157999999999992,,,,2.0,3.0,fase_0_7,12.0,0,-1.0,False,True
391,0,2010.0,2022,Pública,Agata,6.5107,,,4.0,Avaliador-21,,Avaliador-6,,Avaliador-4,,Avaliador-8,,7.9,7.5,2.52,,3.5,4.2,5.0,1.3,,7.585,10.0,,,,2023,7.5,,,,3.0,3.0,fase_0_7,13.0,1,0.0,False,False
392,1,2008.0,2022,Escola Pública,Ágata,6.418,118.0,5.0,3.0,Avaliador-5,Mantido na Fase atual,Avaliador-27,Mantido na Fase atual,Avaliador-30,Promovido de Fase,,,9.5,8.8,5.6,Não indicado,4.8,3.7,5.8,,Não,6.778,5.0,Destaque: A sua boa entrega das lições de casa.,Melhorar: Empenhar-se mais nas aulas e avaliações.,Melhorar: Integrar-se mais aos Princípios Passos Mágicos.,2022,3.324000000000007,,,,2.0,4.0,fase_0_7,14.0,0,-2.0,False,True
392,1,2008.0,2022,Pública,Agata,6.567208333,,,4.0,Avaliador-21,,Avaliador-6,,Avaliador-4,,Avaliador-8,,9.6,9.5,2.52,,4.6,6.2,4.7,2.8,,7.17,5.0,,,,2023,6.09375,,,,3.0,5.0,fase_0_7,15.0,1,-2.0,False,True
392,1,2008.0,2022,Pública,Quartzo,4.3639463364,,,4.0,Avaliador-22,,Avaliador-26,,Avaliador-1,,Avaliador-5,,9.585,5.414731682,5.635,,1.0,0.0,2.0,1.0,,3.545,5.0,,,,2024,3.5,,,EE Alexandre Rodrigues Nogueira,4.0,5.0,fase_0_7,16.0,2,-1.0,False,True
393,0,2006.0,2018,Escola Pública,Quartzo,5.518,148.0,7.0,3.0,Avaliador-5,Promovido de Fase,Avaliador-27,Mantido na Fase atual,Avaliador-30,Promovido de Fase,,,10.0,5.4,5.0,Não indicado,4.6,4.7,4.5,,Não,6.778,2.5,Melhorar: Melhorar a sua entrega de lições de casa.,Melhorar: Empenhar-se mais nas aulas e avaliações.,Melhorar: Integrar-se mais aos Princípios Passos Mágicos.,2022,4.123999999999999,,,,2.0,6.0,fase_0_7,16.0,4,-4.0,False,True
394,0,2011.0,2022,Escola Pública,Ametista,7.897,26.0,1.0,3.0,Avaliador-5,Promovido de Fase,Avaliador-27,Mantido na Fase atual,Avaliador-30,Promovido de Fase,,,9.5,8.6,7.5,Sem limitações,5.9,4.3,7.5,,Não,8.444,10.0,Destaque: A sua boa entrega das lições de casa.,Melhorar: Empenhar-se mais nas aulas e avaliações.,Destaque: A sua boa integração aos Princípios Passos Mágicos.,2022,6.081999999999992,,,,2.0,2.0,fase_0_7,11.0,0,0.0,True,False
395,0,2011.0,2018,Escola Pública,Ametista,7.683,39.0,2.0,3.0,Avaliador-5,Promovido de Fase,Avaliador-27,Mantido na Fase atual,Avaliador-30,Promovido de Fase,,,9.0,8.9,7.5,Sem limitações,4.9,4.2,5.7,,Não,8.333,10.0,Destaque: A sua boa entrega das lições de casa.,Melhorar: Empenhar-se mais nas aulas e avaliações.,Destaque: A sua boa integração aos Princípios Passos Mágicos.,2022,6.063999999999998,,,,2.0,2.0,fase_0_7,11.0,4,0.0,False,False
395,0,2011.0,2018,Pública,Ametista,7.469175,,,4.0,Avaliador-21,,Avaliador-6,,Avaliador-4,,Avaliador-8,,9.2,8.6,2.52,,6.0,6.7,5.3,6.0,,7.9175,10.0,,,,2023,7.96875,,,,3.0,3.0,fase_0_7,12.0,5,0.0,False,False
395,0,2011.0,2021,Pública,Ametista,7.169905291000001,,,5.0,Avaliador-22,,Avaliador-17,,Avaliador-1,,Avaliador-5,,8.751,6.921693121666666,6.26,,4.333333333333333,2.5,5.5,5.0,,8.464,10.0,,,,2024,7.25,Avaliador-26,,EE Olivia de Faria Nogueira,4.0,3.0,fase_0_7,13.0,3,1.0,True,False
396,1,2010.0,2022,Escola Pública,Ágata,6.556,111.0,4.0,3.0,Avaliador-5,Mantido na Fase atual,Avaliador-27,Mantido na Fase atual,Avaliador-30,Mantido na Fase atual,,,9.0,8.0,6.3,Requer avaliação,5.6,4.7,6.5,,Não,6.556,5.0,Destaque: A sua boa entrega das lições de casa.,Melhorar: Empenhar-se mais nas aulas e avaliações.,Melhorar: Integrar-se mais aos Princípios Passos Mágicos.,2022,4.947999999999997,,,,2.0,3.0,fase_0_7,12.0,0,-1.0,False,True
397,0,2008.0,2017,Escola Pública,Quartzo,5.852,137.0,6.0,3.0,Avaliador-5,Promovido de Fase,Avaliador-27,Mantido na Fase atual,Avaliador-30,Promovido de Fase,,,9.0,5.7,6.9,Requer avaliação,2.8,3.3,2.3,,Não,7.167,5.0,Melhorar: Melhorar a sua entrega de lições de casa.,Melhorar: Empenhar-se mais nas aulas e avaliações.,Melhorar: Integrar-se mais aos Princípios Passos Mágicos.,2022,6.286000000000005,,,,2.0,4.0,fase_0_7,14.0,5,-2.0,False,True
397,0,2008.0,2017,Pública,Agata,6.207083333,,,4.0,Avaliador-21,,Avaliador-6,,Avaliador-23,,Avaliador-8,,7.5,7.9,2.52,,4.6,6.7,5.0,2.0,,7.465,5.0,,,,2023,7.1875,,,,4.0,5.0,fase_0_7,15.0,6,-1.0,False,True
397,0,2008.0,2021,Pública,Agata,6.807291921866668,,,5.0,Avaliador-21,,Avaliador-23,,Avaliador-26,,Avaliador-1,,7.918,7.885292942666666,5.63,,5.666666666666667,5.0,4.5,7.5,,7.398,5.0,,,,2024,7.625,Avaliador-5,,EE Paschoal Carlos Magno,4.0,6.0,fase_0_7,16.0,3,-2.0,False,True
398,0,2012.0,2022,Escola Pública,Ametista,7.742,35.0,2.0,3.0,Avaliador-5,Mantido na Fase atual,Avaliador-2,Promovido de Fase,Avaliador-15,Mantido na Fase atual,,,9.0,9.3,7.5,Sem limitações,5.5,3.0,8.0,,Não,7.5,10.0,Destaque: A sua boa entrega das lições de casa.,Melhorar: Empenhar-se mais nas aulas e avaliações.,Destaque: A sua boa integração aos Princípios Passos Mágicos.,2022,6.319999999999997,,,,2.0,2.0,fase_0_7,10.0,0,0.0,False,False
398,0,2012.0,2022,Pública,Ametista,7.153766667,,,4.0,Avaliador-21,,Avaliador-6,,Avaliador-34,,Avaliador-8,,6.7,8.1,2.52,,6.5,9.3,5.8,4.5,,7.7925,10.0,,,,2023,7.5,,,,3.0,2.0,fase_0_7,11.0,1,1.0,False,False
398,0,2012.0,2022,Pública,Ametista,7.2457999999666685,,,3.0,Avaliador-21,,Avaliador-23,,Avaliador-20,,,,7.083,5.733333333333333,7.51,,8.0,8.5,7.5,8.0,,6.553333333,10.0,,,,2024,7.291666667,,,EE Donizetti Aparecido Leite Professor,3.0,3.0,fase_0_7,12.0,2,0.0,False,False
399,0,2010.0,2022,Escola Pública,Ágata,6.58,110.0,9.0,3.0,Avaliador-5,Mantido na Fase atual,Avaliador-2,Promovido de Fase,Avaliador-15,Mantido na Fase atual,,,6.8,9.3,5.6,Requer avaliação,4.3,3.0,5.5,,Não,7.5,5.0,Destaque: A sua boa entrega das lições de casa.,Melhorar: Empenhar-se mais nas aulas e avaliações.,Destaque: A sua boa integração aos Princípios Passos Mágicos.,2022,6.200000000000001,,,,2.0,3.0,fase_0_7,12.0,0,-1.0,False,True
399,0,2010.0,2022,Pública,Ametista,7.000033333,,,4.0,Avaliador-21,,Avaliador-6,,Avaliador-34,,Avaliador-8,,7.9,8.2,2.52,,4.7,5.0,4.2,4.8,,8.165,10.0,,,,2023,7.5,,,,3.0,3.0,fase_0_7,13.0,1,0.0,False,False
4,1,2005.0,2017,Rede Decisão,Quartzo,5.951,15.0,7.0,4.0,Avaliador-5,Promovido de Fase,Avaliador-27,Mantido na Fase atual,Avaliador-28,Mantido na Fase atual,Avaliador-31,Mantido na Fase atual,8.8,4.5,5.6,Requer avaliação,5.0,2.8,3.5,8.7,Não,5.278,10.0,Melhorar: Melhorar a sua entrega de lições de casa.,Melhorar: Empenhar-se mais nas aulas e avaliações.,Melhorar: Integrar-se mais aos Princípios Passos Mágicos.,2022,5.553999999999997,,,,7.0,7.0,fase_0_7,17.0,5,0.0,False,False
40,0,2006.0,2016,Rede Decisão,Ametista,7.203,27.0,3.0,3.0,Avaliador-5,Promovido de Fase,Avaliador-27,Mantido na Fase atual,Avaliador-24,Promovido de Fase + Bolsa,Avaliador-31,,7.9,7.8,7.5,Sem limitações,6.8,4.7,7.3,8.4,Não,7.75,5.0,Destaque: A sua boa entrega das lições de casa.,Melhorar: Empenhar-se mais nas aulas e avaliações.,Destaque: A sua boa integração aos Princípios Passos Mágicos.,2022,6.930000000000005,,,,5.0,6.0,fase_0_7,16.0,6,-1.0,False,True
40,0,2006.0,2016,Privada - Programa de Apadrinhamento,Ametista,7.169975,,,4.0,Avaliador-24,,Avaliador-7,,Avaliador-23,,Avaliador-8,,7.5,8.2,7.52,,5.9,6.2,5.7,5.8,,7.755,5.0,,,,2023,7.96875,,,,6.0,7.0,fase_0_7,17.0,7,-1.0,False,True
40,0,2006.0,2021,Privada - Programa de Apadrinhamento,Ametista,7.098051462066667,,,3.0,Avaliador-22,,Avaliador-26,,Avaliador-7,,,,7.083,7.211257310000001,8.13,,5.333333333333333,3.5,6.0,6.5,,6.276666667,10.0,,,,2024,8.125,,,Colégio Arco Íris Evolução,7.0,7.0,fase_0_7,18.0,3,0.0,False,False
400,1,2008.0,2018,Escola Pública,Ágata,6.042,132.0,10.0,3.0,Avaliador-5,Mantido na Fase atual,Avaliador-2,Promovido de Fase,Avaliador-15,Mantido na Fase atual,,,9.0,8.5,5.0,Requer avaliação,1.7,1.2,2.2,,Não,7.444,5.0,Destaque: A sua boa entrega das lições de casa.,Melhorar: Empenhar-se mais nas aulas e avaliações.,Melhorar: Integrar-se mais aos Princípios Passos Mágicos.,2022,6.132,,,,2.0,4.0,fase_0_7,14.0,4,-2.0,False,True
400,1,2008.0,2018,Pública,Agata,6.529425,,,4.0,Avaliador-21,,Avaliador-6,,Avaliador-4,,Avaliador-8,,9.2,9.0,2.52,,4.1,4.8,4.7,2.8,,7.375,5.0,,,,2023,7.65625,,,,3.0,4.0,fase_0_7,15.0,5,-1.0,False,True
401,0,2010.0,2021,Escola Pública,Ágata,6.645,103.0,8.0,3.0,Avaliador-5,Mantido na Fase atual,Avaliador-2,Promovido de Fase,Avaliador-15,Mantido na Fase atual,,,6.9,9.6,7.5,Sem limitações,4.3,3.7,5.0,,Não,6.722,5.0,Destaque: A sua boa entrega das lições de casa.,Melhorar: Empenhar-se mais nas aulas e avaliações.,Melhorar: Integrar-se mais aos Princípios Passos Mágicos.,2022,5.805999999999996,,,,2.0,3.0,fase_0_7,12.0,1,-1.0,False,True
401,0,2010.0,2021,Pública,Agata,6.363666667,,,3.0,Avaliador-15,,Avaliador-5,,Avaliador-2,,,,4.0,8.1,2.52,,7.3,6.3,8.3,,,7.116666667,5.0,,,,2023,7.083333333,,,,2.0,3.0,fase_0_7,13.0,2,-1.0,False,True
401,0,2010.0,2021,Pública,Agata,6.728911403533334,,,4.0,Avaliador-20,,Avaliador-21,,Avaliador-26,,Avaliador-10,,6.666,6.839473684333334,6.885,,4.833333333333333,7.0,5.0,2.5,,6.915,10.0,,,,2024,6.5625,,,EE Maria André Schunck Dona,3.0,3.0,fase_0_7,14.0,3,0.0,False,False
402,0,2010.0,2019,Escola Pública,Quartzo,5.261,152.0,13.0,3.0,Avaliador-5,Mantido na Fase atual,Avaliador-2,Promovido de Fase,Avaliador-15,Mantido na Fase atual,,,9.0,3.7,5.0,Requer avaliação,3.0,4.3,1.7,,Não,7.222,5.0,Melhorar: Melhorar a sua entrega de lições de casa.,Melhorar: Empenhar-se mais nas aulas e avaliações.,Melhorar: Integrar-se mais aos Princípios Passos Mágicos.,2022,5.766,,,,2.0,3.0,fase_0_7,12.0,3,-1.0,False,True
402,0,2010.0,2019,Pública,Agata,6.632716667,,,4.0,Avaliador-21,,Avaliador-6,,Avaliador-34,,Avaliador-8,,9.2,7.3,2.52,,4.2,4.7,4.0,4.0,,6.88,10.0,,,,2023,7.8125,,,,3.0,3.0,fase_0_7,13.0,4,0.0,False,False
402,0,2010.0,2021,Pública,Quartzo,5.683064814833333,,,4.0,Avaliador-21,,Avaliador-20,,Avaliador-1,,Avaliador-26,,7.5,3.074074074,6.26,,4.166666666666667,3.0,3.5,6.0,,6.1175,10.0,,,,2024,6.354166667,,,EE Donizetti Aparecido Leite Professor,4.0,4.0,fase_0_7,14.0,3,0.0,False,False
403,1,2010.0,2020,Escola Pública,Ametista,7.455,50.0,4.0,3.0,Avaliador-5,Mantido na Fase atual,Avaliador-2,Promovido de Fase,Avaliador-15,Mantido na Fase atual,,,9.5,9.3,7.5,Sem limitações,6.3,6.5,6.2,,Não,7.5,5.0,Destaque: A sua boa entrega das lições de casa.,Melhorar: Empenhar-se mais nas aulas e avaliações.,Destaque: A sua boa integração aos Princípios Passos Mágicos.,2022,6.349999999999998,,,,2.0,3.0,fase_0_7,12.0,2,-1.0,False,True
403,1,2010.0,2020,Pública,Ametista,7.716366667,,,3.0,Avaliador-32,,Avaliador-5,,Avaliador-2,,,,8.5,8.8,6.27,,7.8,6.8,8.8,,,8.45,5.0,,,,2023,7.291666667,,,,2.0,3.0,fase_0_7,13.0,3,-1.0,False,True
403,1,2010.0,2021,Pública,Topázio,8.008488888833334,,,3.0,Avaliador-21,,Avaliador-7,,Avaliador-10,,,,8.751,7.361111111,7.51,,7.666666666666667,6.0,8.0,9.0,,7.613333333,10.0,,,,2024,8.541666667,,,EE Maria André Schunck Dona,3.0,3.0,fase_0_7,14.0,3,0.0,False,False
404,0,2010.0,2020,Escola Pública,Ágata,6.658,100.0,7.0,3.0,Avaliador-5,Mantido na Fase atual,Avaliador-2,Promovido de Fase,Avaliador-15,Mantido na Fase atual,,,9.0,7.3,7.5,Sem limitações,5.3,4.0,6.5,,Não,6.944,5.0,Melhorar: Melhorar a sua entrega de lições de casa.,Melhorar: Empenhar-se mais nas aulas e avaliações.,Melhorar: Integrar-se mais aos Princípios Passos Mágicos.,2022,5.992000000000006,,,,2.0,3.0,fase_0_7,12.0,2,-1.0,False,True
404,0,2010.0,2020,Pública,Agata,6.7093,,,3.0,Avaliador-32,,Avaliador-5,,Avaliador-2,,,,7.9,8.3,5.02,,6.0,4.7,7.2,,,6.89,5.0,,,,2023,6.875,,,,2.0,3.0,fase_0_7,13.0,3,-1.0,False,True
404,0,2010.0,2021,Pública,Agata,6.624588235266668,,,5.0,Avaliador-20,,Avaliador-21,,Avaliador-17,,Avaliador-26,,8.334,6.286274509666666,2.51,,5.666666666666667,6.0,5.0,6.0,,6.998,10.0,,,,2024,7.5,Avaliador-10,,EM Cecilia Cristina de Oliveira Rodrigues,3.0,3.0,fase_0_7,14.0,3,0.0,False,False
405,1,2009.0,2016,Escola Pública,Quartzo,5.661,142.0,12.0,3.0,Avaliador-5,Mantido na Fase atual,Avaliador-2,Promovido de Fase,Avaliador-15,Mantido na Fase atual,,,9.5,6.2,5.0,Requer avaliação,3.3,2.7,3.8,,Não,6.0,5.0,Melhorar: Melhorar a sua entrega de lições de casa.,Melhorar: Empenhar-se mais nas aulas e avaliações.,Melhorar: Integrar-se mais aos Princípios Passos Mágicos.,2022,6.109999999999989,,,,2.0,3.0,fase_0_7,13.0,6,-1.0,False,True
406,0,2009.0,2019,Escola Pública,Ametista,7.496,47.0,3.0,3.0,Avaliador-5,Mantido na Fase atual,Avaliador-2,Promovido de Fase,Avaliador-15,Promovido de Fase,,,9.5,9.5,7.5,Sem limitações,6.6,5.4,7.8,,Não,7.333,5.0,Destaque: A sua boa entrega das lições de casa.,Melhorar: Empenhar-se mais nas aulas e avaliações.,Melhorar: Integrar-se mais aos Princípios Passos Mágicos.,2022,6.094000000000008,,,,2.0,3.0,fase_0_7,13.0,3,-1.0,False,True
407,1,2009.0,2022,Escola Pública,Ametista,7.195,64.0,5.0,3.0,Avaliador-5,Mantido na Fase atual,Avaliador-2,Promovido de Fase,Avaliador-15,Mantido na Fase atual,,,8.5,9.3,7.5,Sem limitações,6.0,4.0,8.0,,Não,7.056,5.0,Destaque: A sua boa entrega das lições de casa.,Melhorar: Empenhar-se mais nas aulas e avaliações.,Melhorar: Integrar-se mais aos Princípios Passos Mágicos.,2022,6.238000000000001,,,,2.0,3.0,fase_0_7,13.0,0,-1.0,False,True
407,1,2009.0,2022,Pública,Ametista,7.665083333,,,4.0,Avaliador-21,,Avaliador-6,,Avaliador-4,,Avaliador-8,,9.6,8.6,7.52,,7.3,7.3,7.2,7.3,,7.5,5.0,,,,2023,7.8125,,,,3.0,4.0,fase_0_7,14.0,1,-1.0,False,True
407,1,2009.0,2022,Pública,Ametista,7.0875128168,,,4.0,Avaliador-23,,Avaliador-20,,Avaliador-22,,Avaliador-26,,8.334,7.614522417333333,6.26,,3.6666666666666665,2.0,5.0,4.0,,7.875,10.0,,,,2024,7.96875,,,EE Maria André Schunck Dona,4.0,4.0,fase_0_7,15.0,2,0.0,False,False
408,0,2010.0,2022,Escola Pública,Ágata,6.725,94.0,6.0,3.0,Avaliador-5,Mantido na Fase atual,Avaliador-2,Promovido de Fase,Avaliador-15,Mantido na Fase atual,,,8.0,9.7,7.5,Sem limitações,3.3,1.0,5.5,,Não,7.333,5.0,Destaque: A sua boa entrega das lições de casa.,Melhorar: Empenhar-se mais nas aulas e avaliações.,Melhorar: Integrar-se mais aos Princípios Passos Mágicos.,2022,6.083999999999996,,,,2.0,3.0,fase_0_7,12.0,0,-1.0,False,True
408,0,2010.0,2022,Pública,Ametista,7.242133333,,,3.0,Avaliador-32,,Avaliador-5,,Avaliador-2,,,,7.9,8.5,3.77,,6.8,6.0,7.5,,,8.45,5.0,,,,2023,8.333333333,,,,2.0,3.0,fase_0_7,13.0,1,-1.0,False,True
408,0,2010.0,2022,Pública,Agata,6.5276296297,,,3.0,Avaliador-21,,Avaliador-7,,Avaliador-10,,,,7.5,4.981481481666667,7.51,,4.833333333333333,3.0,5.5,6.0,,6.776666667,10.0,,,,2024,7.083333333,,,EE Maria André Schunck Dona,3.0,3.0,fase_0_7,14.0,2,0.0,False,False
409,0,2011.0,2022,Escola Pública,Topázio,8.15,13.0,1.0,3.0,Avaliador-5,Mantido na Fase atual,Avaliador-2,Promovido de Fase,Avaliador-15,Mantido na Fase atual,,,7.9,9.7,7.5,Sem limitações,7.8,6.0,9.5,,Não,7.5,10.0,Destaque: A sua boa entrega das lições de casa.,Destaque: As suas boas notas na Passos Mágicos.,Destaque: A sua boa integração aos Princípios Passos Mágicos.,2022,6.100000000000003,,,,2.0,2.0,fase_0_7,11.0,0,0.0,False,False
409,0,2011.0,2022,Pública,Ametista,7.621466667,,,3.0,Avaliador-15,,Avaliador-5,,Avaliador-2,,,,8.4,9.5,2.52,,8.0,6.2,9.7,,,8.73,5.0,,,,2023,7.916666667,,,,2.0,3.0,fase_0_7,12.0,1,-1.0,False,True
409,0,2011.0,2022,Pública,Topázio,8.225462962900002,,,3.0,Avaliador-21,,Avaliador-7,,Avaliador-10,,,,9.585,9.231481481333333,7.51,,7.166666666666667,7.0,7.5,7.0,,7.223333333,10.0,,,,2024,7.916666667,,,EE Maria André Schunck Dona,3.0,3.0,fase_0_7,13.0,2,0.0,False,False
41,1,2005.0,2018,Escola Pública,Quartzo,5.581,51.0,9.0,3.0,Avaliador-5,Mantido na Fase atual,Avaliador-27,Mantido na Fase atual,Avaliador-24,Mantido na Fase atual,Avaliador-31,,9.2,6.1,5.0,Requer avaliação,5.6,6.3,2.5,8.0,Não,4.375,5.0,Melhorar: Melhorar a sua entrega de lições de casa.,Melhorar: Empenhar-se mais nas aulas e avaliações.,Melhorar: Integrar-se mais aos Princípios Passos Mágicos.,2022,4.460000000000006,,,,5.0,7.0,fase_0_7,17.0,4,-2.0,False,True
410,1,2008.0,2018,Escola Pública,Quartzo,5.675,141.0,11.0,3.0,Avaliador-5,Mantido na Fase atual,Avaliador-2,Promovido de Fase,Avaliador-15,Mantido na Fase atual,,,7.4,6.5,6.3,Requer avaliação,2.0,2.0,2.0,,Não,7.444,5.0,Melhorar: Melhorar a sua entrega de lições de casa.,Melhorar: Empenhar-se mais nas aulas e avaliações.,Melhorar: Integrar-se mais aos Princípios Passos Mágicos.,2022,6.161999999999992,,,,2.0,4.0,fase_0_7,14.0,4,-2.0,False,True
410,1,2008.0,2018,Pública,Agata,6.140808333,,,4.0,Avaliador-21,,Avaliador-6,,Avaliador-4,,Avaliador-8,,8.8,5.8,7.52,,4.9,5.0,4.8,4.8,,6.0425,5.0,,,,2023,6.71875,,,,3.0,4.0,fase_0_7,15.0,5,-1.0,False,True
411,0,2010.0,2019,Escola Pública,Ametista,7.232,61.0,12.0,3.0,Avaliador-5,Mantido na Fase atual,Avaliador-2,Promovido de Fase,Avaliador-15,Mantido na Fase atual,,,6.4,8.6,7.5,Não atendido,7.1,6.7,7.5,,Não,7.833,5.0,Destaque: A sua boa entrega das lições de casa.,Melhorar: Empenhar-se mais nas aulas e avaliações.,Destaque: A sua boa integração aos Princípios Passos Mágicos.,2022,6.354000000000006,,,,2.0,3.0,fase_0_7,12.0,3,-1.0,False,True
411,0,2010.0,2019,Privada,Ametista,7.779983333,,,4.0,Avaliador-21,,Avaliador-6,,Avaliador-4,,Avaliador-8,,6.2,9.0,7.52,,6.6,5.7,6.7,7.3,,7.5425,10.0,,,,2023,7.8125,,,,3.0,3.0,fase_0_7,13.0,4,0.0,False,False
411,0,2010.0,2021,Privada,Ametista,7.279762962966667,,,4.0,Avaliador-21,,Avaliador-20,,Avaliador-1,,Avaliador-26,,7.083,9.148148148,5.635,,4.833333333333333,3.5,7.0,4.0,,7.4125,10.0,,,,2024,7.291666667,,,Rede Decisão - Unidade União,4.0,4.0,fase_0_7,14.0,3,0.0,False,False
412,0,2010.0,2018,Escola Pública,Ametista,7.556,45.0,8.0,3.0,Avaliador-5,Mantido na Fase atual,Avaliador-2,Promovido de Fase,Avaliador-15,Mantido na Fase atual,,,8.5,9.0,7.5,Não atendido,7.3,6.5,8.2,,Não,7.778,5.0,Destaque: A sua boa entrega das lições de casa.,Melhorar: Empenhar-se mais nas aulas e avaliações.,Destaque: A sua boa integração aos Princípios Passos Mágicos.,2022,6.404000000000005,,,,2.0,3.0,fase_0_7,12.0,4,-1.0,False,True
412,0,2010.0,2018,Pública,Ametista,7.373891667,,,4.0,Avaliador-21,,Avaliador-6,,Avaliador-4,,Avaliador-8,,8.8,8.9,2.52,,6.2,5.8,5.2,7.7,,7.585,10.0,,,,2023,7.03125,,,,3.0,3.0,fase_0_7,13.0,5,0.0,False,False
412,0,2010.0,2021,Pública,Topázio,8.044378070166667,,,4.0,Avaliador-21,,Avaliador-20,,Avaliador-1,,Avaliador-26,,8.334,8.456140351,6.26,,7.333333333333333,8.0,6.0,8.0,,8.125,10.0,,,,2024,8.020833333,,,EE Maria André Schunck Dona,4.0,4.0,fase_0_7,14.0,3,0.0,False,False
413,0,2010.0,2022,Escola Pública,Ágata,6.408,120.0,15.0,3.0,Avaliador-5,Mantido na Fase atual,Avaliador-2,Mantido na Fase atual,Avaliador-15,Mantido na Fase atual,,,6.4,8.7,5.6,Requer avaliação,4.7,4.2,5.2,,Não,7.056,5.0,Destaque: A sua boa entrega das lições de casa.,Melhorar: Empenhar-se mais nas aulas e avaliações.,Melhorar: Integrar-se mais aos Princípios Passos Mágicos.,2022,6.168000000000005,,,,2.0,3.0,fase_0_7,12.0,0,-1.0,False,True
413,0,2010.0,2022,Pública,Agata,6.803633333,,,3.0,Avaliador-15,,Avaliador-5,,Avaliador-2,,,,7.9,8.9,2.52,,6.3,5.8,6.7,,,7.503333333,5.0,,,,2023,7.291666667,,,,2.0,3.0,fase_0_7,13.0,1,-1.0,False,True
414,0,2010.0,2021,Escola Pública,Ametista,7.284,58.0,11.0,3.0,Avaliador-5,Mantido na Fase atual,Avaliador-2,Promovido de Fase,Avaliador-15,Mantido na Fase atual,,,8.0,9.3,7.5,Não atendido,5.9,5.7,6.2,,Não,7.667,5.0,Destaque: A sua boa entrega das lições de casa.,Melhorar: Empenhar-se mais nas aulas e avaliações.,Destaque: A sua boa integração aos Princípios Passos Mágicos.,2022,6.605999999999987,,,,2.0,3.0,fase_0_7,12.0,1,-1.0,False,True
414,0,2010.0,2021,Pública,Ametista,7.25025,,,4.0,Avaliador-21,,Avaliador-6,,Avaliador-4,,Avaliador-8,,0.0,9.5,7.52,,6.5,6.0,7.0,6.5,,7.585,10.0,,,,2023,7.8125,,,,3.0,3.0,fase_0_7,13.0,2,0.0,False,False
414,0,2010.0,2021,Pública,Ametista,7.187625925933334,,,4.0,Avaliador-20,,Avaliador-21,,Avaliador-26,,Avaliador-10,,7.917,8.429629629666666,7.51,,6.0,9.0,3.0,6.0,,5.67,10.0,,,,2024,6.25,,,EE Maria André Schunck Dona,3.0,3.0,fase_0_7,14.0,3,0.0,False,False
415,0,2011.0,2019,Escola Pública,Ametista,7.695,37.0,7.0,3.0,Avaliador-5,Mantido na Fase atual,Avaliador-2,Promovido de Fase,Avaliador-15,Mantido na Fase atual,,,8.0,8.3,7.5,Não atendido,6.2,4.8,7.5,,Não,8.056,10.0,Destaque: A sua boa entrega das lições de casa.,Melhorar: Empenhar-se mais nas aulas e avaliações.,Destaque: A sua boa integração aos Princípios Passos Mágicos.,2022,6.337999999999999,,,,2.0,2.0,fase_0_7,11.0,3,0.0,False,False
415,0,2011.0,2019,Pública,Ametista,7.18805,,,4.0,Avaliador-21,,Avaliador-6,,Avaliador-4,,Avaliador-8,,7.1,8.2,7.52,,3.7,2.8,4.0,4.3,,7.8325,10.0,,,,2023,7.8125,,,,3.0,3.0,fase_0_7,12.0,4,0.0,False,False
416,1,2010.0,2018,Rede Decisão,Ametista,7.913,23.0,6.0,3.0,Avaliador-5,Mantido na Fase atual,Avaliador-2,Promovido de Fase,Avaliador-15,Mantido na Fase atual,,,9.5,9.3,8.8,Sem limitações,7.2,6.7,7.7,,Não,8.222,5.0,Destaque: A sua boa entrega das lições de casa.,Melhorar: Empenhar-se mais nas aulas e avaliações.,Destaque: A sua boa integração aos Princípios Passos Mágicos.,2022,6.385999999999994,,,,2.0,3.0,fase_0_7,12.0,4,-1.0,False,True
416,1,2010.0,2018,Privada - Programa de Apadrinhamento,Topázio,8.144425,,,4.0,Avaliador-21,,Avaliador-6,,Avaliador-4,,Avaliador-8,,9.2,9.8,2.52,,7.6,7.0,7.0,8.8,,8.3375,10.0,,,,2023,8.28125,,,,3.0,3.0,fase_0_7,13.0,5,0.0,False,False
416,1,2010.0,2021,Privada - Programa de Apadrinhamento,Topázio,8.700808577033333,,,4.0,Avaliador-21,,Avaliador-20,,Avaliador-1,,Avaliador-26,,8.751,8.972709551666666,7.51,,8.0,8.0,7.5,8.5,,9.13,10.0,,,,2024,8.541666667,,,Colégio Arco Íris Evolução,4.0,3.0,fase_0_7,14.0,3,1.0,True,False
417,0,2009.0,2022,Escola Pública,Topázio,8.428,4.0,2.0,3.0,Avaliador-5,Promovido de Fase,Avaliador-2,Promovido de Fase,Avaliador-15,Mantido na Fase atual,,,10.0,10.0,7.5,Não atendido,8.0,6.0,10.0,,Não,9.556,5.0,Destaque: A sua boa entrega das lições de casa.,Destaque: As suas boas notas na Passos Mágicos.,Destaque: A sua boa integração aos Princípios Passos Mágicos.,2022,6.668000000000012,,,,2.0,3.0,fase_0_7,13.0,0,-1.0,True,True
417,0,2009.0,2022,Pública,Topázio,8.257658333,,,4.0,Avaliador-21,,Avaliador-6,,Avaliador-4,,Avaliador-8,,5.4,9.7,7.52,,7.8,6.7,8.3,8.3,,8.2125,10.0,,,,2023,8.28125,,,,3.0,3.0,fase_0_7,14.0,1,0.0,False,False
417,0,2009.0,2022,Pública,Topázio,8.533628557533333,,,4.0,Avaliador-23,,Avaliador-20,,Avaliador-22,,Avaliador-26,,8.334,8.401559454333333,7.51,,8.833333333333334,9.0,10.0,7.5,,8.2925,10.0,,,,2024,8.4375,,,EE Neide Celestina de Oliveira Profa,4.0,4.0,fase_0_7,15.0,2,0.0,False,False
418,0,2012.0,2020,Rede Decisão,Topázio,8.175,12.0,3.0,3.0,Avaliador-5,Mantido na Fase atual,Avaliador-2,Mantido na Fase atual,Avaliador-15,Mantido na Fase atual,,,8.0,9.4,7.5,Não atendido,7.5,6.5,8.5,,Não,8.222,10.0,Destaque: A sua boa entrega das lições de casa.,Destaque: As suas boas notas na Passos Mágicos.,Destaque: A sua boa integração aos Princípios Passos Mágicos.,2022,6.006000000000009,,,,2.0,2.0,fase_0_7,10.0,2,0.0,False,False
418,0,2012.0,2020,Privada - Programa de Apadrinhamento,Topázio,8.1686,,,4.0,Avaliador-21,,Avaliador-6,,Avaliador-4,,Avaliador-8,,8.8,10.0,2.52,,8.1,6.7,8.3,9.3,,8.045,10.0,,,,2023,8.125,,,,3.0,2.0,fase_0_7,11.0,3,1.0,False,False
418,0,2012.0,2021,Privada - Programa de Apadrinhamento,Topázio,9.125183333366667,,,4.0,Avaliador-21,,Avaliador-20,,Avaliador-1,,Avaliador-26,,8.751,10.0,7.51,,9.333333333333334,9.5,8.5,10.0,,9.0475,10.0,,,,2024,8.229166667,,,Colégio Arco Íris Evolução,4.0,3.0,fase_0_7,12.0,3,1.0,True,False
419,0,2010.0,2019,Rede Decisão,Ametista,7.359,55.0,10.0,3.0,Avaliador-5,Mantido na Fase atual,Avaliador-2,Promovido de Fase,Avaliador-15,Mantido na Fase atual,,,7.5,9.2,5.6,Requer avaliação,6.9,5.3,8.5,,Não,8.389,5.0,Destaque: A sua boa entrega das lições de casa.,Melhorar: Empenhar-se mais nas aulas e avaliações.,Destaque: A sua boa integração aos Princípios Passos Mágicos.,2022,6.512000000000011,,,,2.0,3.0,fase_0_7,12.0,3,-1.0,True,True
419,0,2010.0,2019,Privada - Programa de Apadrinhamento,Ametista,7.7261,,,4.0,Avaliador-21,,Avaliador-6,,Avaliador-4,,Avaliador-8,,6.7,9.5,2.52,,7.6,7.0,7.3,8.5,,7.875,10.0,,,,2023,8.125,,,,3.0,3.0,fase_0_7,13.0,4,0.0,False,False
419,0,2010.0,2021,Privada - Programa de Apadrinhamento,Topázio,8.355707894766669,,,4.0,Avaliador-21,,Avaliador-20,,Avaliador-1,,Avaliador-26,,7.083,9.382456140666669,6.26,,8.166666666666666,6.5,8.0,10.0,,8.5475,10.0,,,,2024,8.020833333,,,Colégio Arco Íris Evolução,4.0,3.0,fase_0_7,14.0,3,1.0,True,False
42,1,2007.0,2019,Rede Decisão,Ágata,6.72,33.0,5.0,3.0,Avaliador-5,Mantido na Fase atual,Avaliador-27,Mantido na Fase atual,Avaliador-24,Promovido de Fase,Avaliador-31,,8.3,7.9,5.6,Requer avaliação,4.8,3.7,4.5,6.2,Não,6.083,10.0,Destaque: A sua boa entrega das lições de casa.,Melhorar: Empenhar-se mais nas aulas e avaliações.,Melhorar: Integrar-se mais aos Princípios Passos Mágicos.,2022,5.734000000000004,,,,5.0,5.0,fase_0_7,15.0,3,0.0,False,False
42,1,2007.0,2019,Privada - Programa de Apadrinhamento,Agata,6.794516667,,,4.0,Avaliador-24,,Avaliador-7,,Avaliador-23,,Avaliador-8,,8.8,8.6,5.63,,5.7,6.3,4.2,6.7,,6.6675,5.0,,,,2023,6.5625,,,,5.0,6.0,fase_0_7,16.0,4,-1.0,False,True
42,1,2007.0,2021,Pública,Ametista,7.656628769866667,,,5.0,Avaliador-23,,Avaliador-24,,Avaliador-1,,Avaliador-26,,9.168,9.682539682666668,5.635,,8.166666666666666,9.0,7.5,8.0,,7.134,5.0,,,,2024,6.796875,Avaliador-7,,EE Paschoal Carlos Magno,6.0,7.0,fase_0_7,17.0,3,-1.0,False,True
420,0,2011.0,2019,Rede Decisão,Ametista,7.461,49.0,9.0,3.0,Avaliador-5,Mantido na Fase atual,Avaliador-2,Promovido de Fase,Avaliador-15,Mantido na Fase atual,,,9.5,9.0,5.6,Requer avaliação,4.5,1.3,7.7,,Não,8.0,10.0,Destaque: A sua boa entrega das lições de casa.,Melhorar: Empenhar-se mais nas aulas e avaliações.,Destaque: A sua boa integração aos Princípios Passos Mágicos.,2022,6.509999999999998,,,,2.0,2.0,fase_0_7,11.0,3,0.0,False,False
420,0,2011.0,2019,Privada - Programa de Apadrinhamento,Ametista,7.356358333,,,4.0,Avaliador-21,,Avaliador-6,,Avaliador-4,,Avaliador-8,,8.3,9.3,2.52,,5.3,5.7,5.8,4.3,,7.96,10.0,,,,2023,7.65625,,,,3.0,3.0,fase_0_7,12.0,4,0.0,False,False
420,0,2011.0,2021,Privada - Programa de Apadrinhamento,Ametista,7.544228947400001,,,4.0,Avaliador-21,,Avaliador-20,,Avaliador-1,,Avaliador-26,,8.334,9.557894737,6.26,,4.0,3.0,4.5,4.5,,7.96,10.0,,,,2024,7.8125,,,Colégio Arco Íris Evolução,4.0,3.0,fase_0_7,13.0,3,1.0,False,False
421,1,2011.0,2021,Escola Pública,Topázio,8.717,2.0,1.0,3.0,Avaliador-5,Promovido de Fase + Bolsa,Avaliador-2,Promovido de Fase,Avaliador-15,Mantido na Fase atual,,,8.5,9.3,7.5,Não atendido,8.8,9.2,8.5,,Sim,9.111,10.0,Destaque: A sua boa entrega das lições de casa.,Destaque: As suas boas notas na Passos Mágicos.,Destaque: A sua boa integração aos Princípios Passos Mágicos.,2022,6.747999999999994,,,,2.0,2.0,fase_0_7,11.0,1,0.0,True,False
421,1,2011.0,2021,Pública,Topázio,8.030716667,,,4.0,Avaliador-21,,Avaliador-6,,Avaliador-4,,Avaliador-8,,9.2,9.9,2.52,,7.3,8.0,6.2,7.8,,8.17,10.0,,,,2023,7.8125,,,,3.0,3.0,fase_0_7,12.0,2,0.0,False,False
421,1,2011.0,2021,Pública,Topázio,8.488232329,,,5.0,Avaliador-21,,Avaliador-5,,Avaliador-17,,Avaliador-23,,8.751,9.540744978333334,7.51,,6.666666666666667,5.0,6.0,9.0,,8.572,10.0,,,,2024,9.0625,Avaliador-5,,Estuda em outra cidade,4.0,3.0,fase_0_7,13.0,3,1.0,True,False
422,1,2010.0,2022,Escola Pública,Ágata,6.746,90.0,13.0,3.0,Avaliador-5,Mantido na Fase atual,Avaliador-2,Mantido na Fase atual,Avaliador-15,Mantido na Fase atual,,,8.5,10.0,7.5,Não atendido,2.5,1.0,4.0,,Não,7.5,5.0,Destaque: A sua boa entrega das lições de casa.,Melhorar: Empenhar-se mais nas aulas e avaliações.,Destaque: A sua boa integração aos Princípios Passos Mágicos.,2022,6.460000000000008,,,,2.0,3.0,fase_0_7,12.0,0,-1.0,False,True
422,1,2010.0,2022,Pública,Quartzo,5.57,,,3.0,Avaliador-32,,Avaliador-5,,Avaliador-2,,,,0.0,7.8,7.52,,4.4,3.0,5.7,,,6.106666667,5.0,,,,2023,6.666666667,,,,2.0,3.0,fase_0_7,13.0,1,-1.0,False,True
422,1,2010.0,2022,Pública,Quartzo,5.544981481433334,,,3.0,Avaliador-21,,Avaliador-7,,Avaliador-10,,,,7.5,6.157407407333333,7.51,,2.833333333333333,3.0,4.5,1.0,,5.5,5.0,,,,2024,6.458333333,,,EE Maria André Schunck Dona,3.0,4.0,fase_0_7,14.0,2,-1.0,False,True
423,0,2010.0,2022,Escola Pública,Ágata,6.647,102.0,14.0,3.0,Avaliador-5,Mantido na Fase atual,Avaliador-2,Mantido na Fase atual,Avaliador-15,Mantido na Fase atual,,,8.4,9.6,7.5,Sem limitações,2.3,0.5,4.0,,Não,7.667,5.0,Destaque: A sua boa entrega das lições de casa.,Melhorar: Empenhar-se mais nas aulas e avaliações.,Destaque: A sua boa integração aos Princípios Passos Mágicos.,2022,6.436000000000002,,,,2.0,3.0,fase_0_7,12.0,0,-1.0,False,True
423,0,2010.0,2022,Pública,Agata,6.607533333,,,3.0,Avaliador-32,,Avaliador-5,,Avaliador-2,,,,8.0,8.7,6.89,,3.4,2.3,4.5,,,7.45,5.0,,,,2023,7.083333333,,,,2.0,3.0,fase_0_7,13.0,1,-1.0,False,True
423,0,2010.0,2022,Pública,Agata,6.616193704866666,,,4.0,Avaliador-20,,Avaliador-21,,Avaliador-26,,Avaliador-10,,5.833,6.501135191,8.13,,4.333333333333333,6.0,3.5,3.5,,6.8275,10.0,,,,2024,6.875,,,EE Maria André Schunck Dona,3.0,3.0,fase_0_7,14.0,2,0.0,False,False
424,0,2010.0,2022,Escola Pública,Ametista,7.94,21.0,5.0,3.0,Avaliador-5,Promovido de Fase,Avaliador-2,Mantido na Fase atual,Avaliador-15,Mantido na Fase atual,,,9.0,10.0,7.5,Não atendido,7.5,10.0,5.0,,Não,8.222,5.0,Destaque: A sua boa entrega das lições de casa.,Destaque: As suas boas notas na Passos Mágicos.,Destaque: A sua boa integração aos Princípios Passos Mágicos.,2022,6.456,,,,2.0,3.0,fase_0_7,12.0,0,-1.0,False,True
424,0,2010.0,2022,Pública,Ametista,7.72685,,,4.0,Avaliador-21,,Avaliador-6,,Avaliador-4,,Avaliador-8,,8.8,9.9,2.52,,6.4,5.0,6.7,7.5,,7.7925,10.0,,,,2023,7.8125,,,,3.0,3.0,fase_0_7,13.0,1,0.0,False,False
424,0,2010.0,2022,Pública,Ametista,7.341187280733334,,,4.0,Avaliador-23,,Avaliador-20,,Avaliador-22,,Avaliador-26,,8.334,9.616228070333332,7.51,,3.333333333333333,2.0,6.0,2.0,,7.1625,10.0,,,,2024,7.34375,,,EM Cecilia Cristina de Oliveira Rodrigues,4.0,4.0,fase_0_7,14.0,2,0.0,False,False
425,1,2010.0,2022,Escola Pública,Topázio,8.117,15.0,4.0,3.0,Avaliador-5,Promovido de Fase,Avaliador-2,Mantido na Fase atual,Avaliador-15,Mantido na Fase atual,,,9.0,10.0,7.5,Não atendido,9.0,9.0,9.0,,Não,7.5,5.0,Destaque: A sua boa entrega das lições de casa.,Destaque: As suas boas notas na Passos Mágicos.,Destaque: A sua boa integração aos Princípios Passos Mágicos.,2022,6.670000000000007,,,,2.0,3.0,fase_0_7,12.0,0,-1.0,False,True
425,1,2010.0,2022,Pública,Topázio,8.10555,,,4.0,Avaliador-21,,Avaliador-6,,Avaliador-4,,Avaliador-8,,9.2,9.9,2.52,,7.5,6.7,7.3,8.5,,8.3775,10.0,,,,2023,7.8125,,,,3.0,3.0,fase_0_7,13.0,1,0.0,False,False
425,1,2010.0,2022,Pública,Topázio,9.0166166667,,,4.0,Avaliador-21,,Avaliador-20,,Avaliador-1,,Avaliador-26,,10.002,10.0,6.26,,9.0,10.0,7.5,9.5,,8.8375,10.0,,,,2024,8.229166667,,,EE Maria André Schunck Dona,4.0,4.0,fase_0_7,14.0,2,0.0,True,False
426,0,2008.0,2022,Escola Pública,Ágata,6.35,122.0,9.0,3.0,Avaliador-5,Mantido na Fase atual,Avaliador-27,Mantido na Fase atual,Avaliador-15,Mantido na Fase atual,,,9.0,6.5,7.5,Não atendido,4.6,2.3,6.8,,Não,7.111,5.0,Melhorar: Melhorar a sua entrega de lições de casa.,Melhorar: Empenhar-se mais nas aulas e avaliações.,Melhorar: Integrar-se mais aos Princípios Passos Mágicos.,2022,5.578000000000003,,,,2.0,4.0,fase_0_7,14.0,0,-2.0,False,True
426,0,2008.0,2022,Pública,Agata,6.329158333,,,4.0,Avaliador-21,,Avaliador-6,,Avaliador-4,,Avaliador-8,,5.4,7.6,5.0,,5.0,4.7,5.2,5.0,,7.5425,5.0,,,,2023,7.65625,,,,3.0,4.0,fase_0_7,15.0,1,-1.0,False,True
426,0,2008.0,2022,Pública,Agata,6.6430030186,,,4.0,Avaliador-23,,Avaliador-20,,Avaliador-22,,Avaliador-26,,7.917,7.905056759666666,4.38,,4.833333333333333,3.5,7.0,4.0,,8.0,5.0,,,,2024,7.65625,,,EE Donizetti Aparecido Leite Professor,4.0,5.0,fase_0_7,16.0,2,-1.0,False,True
427,1,2009.0,2022,Escola Pública,Ágata,6.245,128.0,11.0,3.0,Avaliador-5,Mantido na Fase atual,Avaliador-27,Mantido na Fase atual,Avaliador-15,Mantido na Fase atual,,,8.0,8.5,7.5,Não atendido,2.5,3.0,2.0,,Não,6.778,5.0,Destaque: A sua boa entrega das lições de casa.,Melhorar: Empenhar-se mais nas aulas e avaliações.,Melhorar: Integrar-se mais aos Princípios Passos Mágicos.,2022,6.394000000000002,,,,2.0,3.0,fase_0_7,13.0,0,-1.0,False,True
428,1,2009.0,2022,Escola Pública,Ametista,7.683,38.0,2.0,3.0,Avaliador-5,Promovido de Fase,Avaliador-27,Mantido na Fase atual,Avaliador-15,Mantido na Fase atual,,,6.8,8.7,7.5,Não atendido,9.5,10.0,9.0,,Não,7.111,5.0,Destaque: A sua boa entrega das lições de casa.,Destaque: As suas boas notas na Passos Mágicos.,Melhorar: Integrar-se mais aos Princípios Passos Mágicos.,2022,6.907999999999994,,,,2.0,3.0,fase_0_7,13.0,0,-1.0,False,True
428,1,2009.0,2022,Pública,Ametista,7.821816667,,,4.0,Avaliador-21,,Avaliador-6,,Avaliador-34,,Avaliador-8,,8.3,9.5,2.52,,7.2,9.3,4.7,7.7,,8.0425,10.0,,,,2023,7.8125,,,,3.0,3.0,fase_0_7,14.0,1,0.0,False,False
428,1,2009.0,2022,Pública,Ametista,7.534949122800001,,,4.0,Avaliador-21,,Avaliador-20,,Avaliador-1,,Avaliador-26,,9.168,8.898245614,5.635,,5.0,3.0,4.0,8.0,,7.625,10.0,,,,2024,7.5,,,EE Donizetti Aparecido Leite Professor,4.0,4.0,fase_0_7,15.0,2,0.0,False,False
429,1,2009.0,2019,Escola Pública,Quartzo,5.811,138.0,12.0,3.0,Avaliador-5,Mantido na Fase atual,Avaliador-27,Mantido na Fase atual,Avaliador-15,Mantido na Fase atual,,,10.0,5.3,7.5,Não atendido,2.7,2.8,2.5,,Não,6.611,5.0,Melhorar: Melhorar a sua entrega de lições de casa.,Melhorar: Empenhar-se mais nas aulas e avaliações.,Melhorar: Integrar-se mais aos Princípios Passos Mágicos.,2022,6.387999999999998,,,,2.0,3.0,fase_0_7,13.0,3,-1.0,False,True
43,0,2006.0,2019,Escola Pública,Quartzo,5.486,54.0,11.0,3.0,Avaliador-5,Mantido na Fase atual,Avaliador-27,Mantido na Fase atual,Avaliador-24,Alocado em Fase anterior,Avaliador-31,,6.3,6.5,5.6,Requer avaliação,4.3,4.0,5.8,3.2,Não,5.958,5.0,Melhorar: Melhorar a sua entrega de lições de casa.,Melhorar: Empenhar-se mais nas aulas e avaliações.,Melhorar: Integrar-se mais aos Princípios Passos Mágicos.,2022,4.443999999999999,,,,5.0,6.0,fase_0_7,16.0,3,-1.0,False,True
43,0,2006.0,2019,Pública,Agata,6.4622,,,4.0,Avaliador-24,,Avaliador-7,,Avaliador-23,,Avaliador-8,,7.9,6.7,5.63,,5.0,4.0,5.0,6.0,,7.5875,5.0,,,,2023,7.5,,,,6.0,7.0,fase_0_7,17.0,4,-1.0,False,True
430,1,2009.0,2022,Escola Pública,Ametista,7.585,43.0,3.0,3.0,Avaliador-5,Mantido na Fase atual,Avaliador-27,Mantido na Fase atual,Avaliador-15,Mantido na Fase atual,,,9.5,8.6,7.5,Não atendido,8.5,7.5,9.5,,Não,6.611,5.0,Destaque: A sua boa entrega das lições de casa.,Destaque: As suas boas notas na Passos Mágicos.,Melhorar: Integrar-se mais aos Princípios Passos Mágicos.,2022,6.428000000000003,,,,2.0,3.0,fase_0_7,13.0,0,-1.0,False,True
430,1,2009.0,2022,Pública,Ametista,7.146716667,,,4.0,Avaliador-21,,Avaliador-6,,Avaliador-4,,Avaliador-8,,9.2,9.3,2.52,,6.4,7.3,5.5,6.5,,7.75,5.0,,,,2023,7.8125,,,,3.0,4.0,fase_0_7,14.0,1,-1.0,False,True
431,1,2011.0,2022,Escola Pública,Ametista,7.175,68.0,5.0,3.0,Avaliador-5,Mantido na Fase atual,Avaliador-27,Mantido na Fase atual,Avaliador-15,Mantido na Fase atual,,,9.0,8.1,7.5,Não atendido,4.5,5.0,4.0,,Não,6.778,10.0,Destaque: A sua boa entrega das lições de casa.,Melhorar: Empenhar-se mais nas aulas e avaliações.,Melhorar: Integrar-se mais aos Princípios Passos Mágicos.,2022,6.494,,,,2.0,2.0,fase_0_7,11.0,0,0.0,False,False
432,0,2008.0,2019,Escola Pública,Ágata,6.34,123.0,10.0,3.0,Avaliador-5,Mantido na Fase atual,Avaliador-27,Mantido na Fase atual,Avaliador-15,Mantido na Fase atual,,,10.0,6.8,5.0,Requer avaliação,5.1,5.7,4.5,,Não,6.611,5.0,Melhorar: Melhorar a sua entrega de lições de casa.,Melhorar: Empenhar-se mais nas aulas e avaliações.,Melhorar: Integrar-se mais aos Princípios Passos Mágicos.,2022,6.378000000000004,,,,2.0,4.0,fase_0_7,14.0,3,-2.0,False,True
432,0,2008.0,2019,Pública,Agata,6.850183333,,,4.0,Avaliador-21,,Avaliador-6,,Avaliador-4,,Avaliador-8,,8.8,9.0,2.52,,5.2,5.0,6.3,4.2,,8.0425,5.0,,,,2023,7.8125,,,,3.0,5.0,fase_0_7,15.0,4,-2.0,False,True
432,0,2008.0,2021,Pública,Ametista,7.167975,,,4.0,Avaliador-23,,Avaliador-20,,Avaliador-22,,Avaliador-26,,7.501,10.0,6.26,,5.5,5.0,6.0,5.5,,7.2875,5.0,,,,2024,7.34375,,,EE Donizetti Aparecido Leite Professor,4.0,5.0,fase_0_7,16.0,3,-1.0,False,True
433,1,2010.0,2022,Escola Pública,Quartzo,5.557,146.0,13.0,3.0,Avaliador-5,Mantido na Fase atual,Avaliador-27,Mantido na Fase atual,Avaliador-15,Mantido na Fase atual,,,8.5,7.3,5.0,Requer avaliação,2.6,2.2,3.0,,Não,5.778,5.0,Melhorar: Melhorar a sua entrega de lições de casa.,Melhorar: Empenhar-se mais nas aulas e avaliações.,Melhorar: Integrar-se mais aos Princípios Passos Mágicos.,2022,5.714000000000006,,,,2.0,3.0,fase_0_7,12.0,0,-1.0,False,True
433,1,2010.0,2022,Pública,Agata,6.5982,,,3.0,Avaliador-15,,Avaliador-5,,Avaliador-2,,,,8.5,7.2,7.52,,4.8,1.8,7.7,,,7.613333333,5.0,,,,2023,5.833333333,,,,2.0,3.0,fase_0_7,13.0,1,-1.0,False,True
433,1,2010.0,2022,Pública,Ametista,7.218157142866668,,,2.0,Avaliador-21,,Avaliador-23,,,,,,7.918,8.380952381,8.13,,4.833333333333333,6.5,4.0,4.0,,6.415,10.0,,,,2024,6.875,,,EE Donizetti Aparecido Leite Professor,3.0,3.0,fase_0_7,14.0,2,0.0,False,False
434,1,2011.0,2022,Escola Pública,Ametista,7.403,52.0,4.0,3.0,Avaliador-5,Mantido na Fase atual,Avaliador-27,Mantido na Fase atual,Avaliador-15,Mantido na Fase atual,,,9.0,8.1,7.5,Sem limitações,5.7,4.8,6.5,,Não,6.778,10.0,Destaque: A sua boa entrega das lições de casa.,Melhorar: Empenhar-se mais nas aulas e avaliações.,Melhorar: Integrar-se mais aos Princípios Passos Mágicos.,2022,6.373999999999995,,,,2.0,2.0,fase_0_7,11.0,0,0.0,False,False
434,1,2011.0,2022,Pública,Ametista,7.069766667,,,3.0,Avaliador-15,,Avaliador-5,,Avaliador-2,,,,6.3,8.0,7.52,,6.6,5.2,8.0,,,7.613333333,5.0,,,,2023,7.5,,,,2.0,3.0,fase_0_7,12.0,1,-1.0,False,True
434,1,2011.0,2022,Pública,Agata,6.610947619100001,,,3.0,Avaliador-21,,Avaliador-23,,Avaliador-20,,,,7.084,5.061904762,7.51,,5.5,5.5,5.5,5.5,,6.55,10.0,,,,2024,7.291666667,,,EE Donizetti Aparecido Leite Professor,3.0,3.0,fase_0_7,13.0,2,0.0,False,False
435,0,2012.0,2022,Escola Pública,Ágata,6.599,109.0,8.0,3.0,Avaliador-5,Mantido na Fase atual,Avaliador-27,Mantido na Fase atual,Avaliador-15,Mantido na Fase atual,,,7.9,6.2,7.5,Sem limitações,4.7,3.7,5.7,,Não,6.444,10.0,Melhorar: Melhorar a sua entrega de lições de casa.,Melhorar: Empenhar-se mais nas aulas e avaliações.,Melhorar: Integrar-se mais aos Princípios Passos Mágicos.,2022,5.901999999999994,,,,2.0,2.0,fase_0_7,10.0,0,0.0,False,False
436,1,2011.0,2022,Escola Pública,Ágata,6.687,98.0,7.0,3.0,Avaliador-5,Mantido na Fase atual,Avaliador-27,Mantido na Fase atual,Avaliador-15,Mantido na Fase atual,,,9.5,8.1,7.5,Sem limitações,2.0,4.0,0.0,,Não,6.611,10.0,Destaque: A sua boa entrega das lições de casa.,Melhorar: Empenhar-se mais nas aulas e avaliações.,Melhorar: Integrar-se mais aos Princípios Passos Mágicos.,2022,6.447999999999992,,,,2.0,2.0,fase_0_7,11.0,0,0.0,False,False
436,1,2011.0,2022,Pública,Quartzo,5.322366667,,,3.0,Avaliador-15,,Avaliador-5,,Avaliador-2,,,,7.5,4.7,2.52,,3.4,3.7,3.0,,,7.613333333,5.0,,,,2023,6.875,,,,2.0,3.0,fase_0_7,12.0,1,-1.0,False,True
437,1,2009.0,2022,Escola Pública,Ágata,6.875,82.0,6.0,3.0,Avaliador-5,Mantido na Fase atual,Avaliador-27,Mantido na Fase atual,Avaliador-15,Mantido na Fase atual,,,8.5,8.3,7.5,Sem limitações,5.8,6.0,5.5,,Não,6.611,5.0,Destaque: A sua boa entrega das lições de casa.,Melhorar: Empenhar-se mais nas aulas e avaliações.,Melhorar: Integrar-se mais aos Princípios Passos Mágicos.,2022,6.327999999999996,,,,2.0,3.0,fase_0_7,13.0,0,-1.0,False,True
437,1,2009.0,2022,Pública,Agata,6.947366667,,,3.0,Avaliador-15,,Avaliador-5,,Avaliador-2,,,,8.0,8.4,7.52,,4.7,2.5,6.8,,,7.78,5.0,,,,2023,7.291666667,,,,2.0,4.0,fase_0_7,14.0,1,-2.0,False,True
438,1,2012.0,2022,Escola Pública,Ametista,7.764,33.0,1.0,3.0,Avaliador-5,Mantido na Fase atual,Avaliador-27,Mantido na Fase atual,Avaliador-15,Mantido na Fase atual,,,8.0,8.7,7.5,Sem limitações,7.3,6.5,8.0,,Não,6.889,10.0,Destaque: A sua boa entrega das lições de casa.,Melhorar: Empenhar-se mais nas aulas e avaliações.,Melhorar: Integrar-se mais aos Princípios Passos Mágicos.,2022,6.3619999999999965,,,,2.0,2.0,fase_0_7,10.0,0,0.0,False,False
438,1,2012.0,2022,Pública,Agata,6.9883,,,3.0,Avaliador-32,,Avaliador-5,,Avaliador-2,,,,6.9,7.5,6.26,,5.4,3.5,7.3,,,7.223333333,10.0,,,,2023,6.458333333,,,,2.0,2.0,fase_0_7,11.0,1,0.0,False,False
438,1,2012.0,2022,Pública,Ametista,7.930283695700001,,,4.0,Avaliador-17,,Avaliador-19,,Avaliador-25,,Avaliador-2,,9.168,8.6630434785,7.51,,8.25,7.0,9.5,,,7.915,5.0,,,,2024,7.96875,,,EE Maria André Schunck Dona,2.0,3.0,fase_0_7,12.0,2,-1.0,False,True
439,1,2010.0,2022,Escola Pública,Quartzo,5.519,147.0,14.0,3.0,Avaliador-5,Mantido na Fase atual,Avaliador-27,Mantido na Fase atual,Avaliador-15,Mantido na Fase atual,,,9.0,4.9,7.5,Sem limitações,2.3,3.2,1.3,,Não,6.5,5.0,Melhorar: Melhorar a sua entrega de lições de casa.,Melhorar: Empenhar-se mais nas aulas e avaliações.,Melhorar: Integrar-se mais aos Princípios Passos Mágicos.,2022,6.2900000000000045,,,,2.0,3.0,fase_0_7,12.0,0,-1.0,False,True
44,0,2005.0,2021,Escola Pública,Quartzo,5.542,52.0,10.0,3.0,Avaliador-5,Mantido na Fase atual,Avaliador-27,Mantido na Fase atual,Avaliador-24,Mantido na Fase + Bolsa,Avaliador-31,,5.0,5.9,7.5,Sem limitações,3.0,2.3,3.5,3.2,Sim,7.292,5.0,Melhorar: Melhorar a sua entrega de lições de casa.,Melhorar: Empenhar-se mais nas aulas e avaliações.,Melhorar: Integrar-se mais aos Princípios Passos Mágicos.,2022,5.535999999999994,,,,5.0,7.0,fase_0_7,17.0,1,-2.0,False,True
44,0,2005.0,2021,Pública,Agata,6.258333333,,,4.0,Avaliador-24,,Avaliador-7,,Avaliador-23,,Avaliador-8,,0.0,8.5,5.01,,6.9,7.3,5.8,7.5,,7.17,5.0,,,,2023,7.5,,,,6.0,8.0,fase_0_7,18.0,2,-2.0,False,True
440,1,2011.0,2022,Escola Pública,Ametista,7.329,56.0,6.0,3.0,Avaliador-5,Mantido na Fase atual,Avaliador-2,Mantido na Fase atual,Avaliador-15,Mantido na Fase atual,,,9.5,9.0,6.9,Não atendido,5.5,6.0,5.0,,Não,5.833,10.0,Destaque: A sua boa entrega das lições de casa.,Melhorar: Empenhar-se mais nas aulas e avaliações.,Melhorar: Integrar-se mais aos Princípios Passos Mágicos.,2022,6.2239999999999895,,,,2.0,2.0,fase_0_7,11.0,0,0.0,False,False
440,1,2011.0,2022,Pública,Agata,6.989208333,,,4.0,Avaliador-32,,Avaliador-6,,Avaliador-34,,Avaliador-8,,0.0,8.2,7.52,,6.2,7.3,7.0,4.2,,7.835,10.0,,,,2023,7.96875,,,,3.0,3.0,fase_0_7,12.0,1,0.0,False,False
441,0,2011.0,2019,Escola Pública,Topázio,8.188,11.0,2.0,3.0,Avaliador-5,Promovido de Fase,Avaliador-2,Promovido de Fase,Avaliador-15,Mantido na Fase atual,,,9.0,7.9,7.5,Não atendido,8.0,8.0,8.0,,Não,8.333,10.0,Destaque: A sua boa entrega das lições de casa.,Destaque: As suas boas notas na Passos Mágicos.,Destaque: A sua boa integração aos Princípios Passos Mágicos.,2022,6.914000000000007,,,,2.0,2.0,fase_0_7,11.0,3,0.0,False,False
442,0,2011.0,2022,Escola Pública,Topázio,8.226,8.0,1.0,3.0,Avaliador-5,Promovido de Fase,Avaliador-2,Mantido na Fase atual,Avaliador-15,Mantido na Fase atual,,,10.0,8.2,7.5,Não atendido,7.5,9.0,6.0,,Não,8.222,10.0,Destaque: A sua boa entrega das lições de casa.,Destaque: As suas boas notas na Passos Mágicos.,Destaque: A sua boa integração aos Princípios Passos Mágicos.,2022,6.916000000000011,,,,2.0,2.0,fase_0_7,11.0,0,0.0,False,False
442,0,2011.0,2022,Pública,Agata,6.814166667,,,4.0,Avaliador-21,,Avaliador-6,,Avaliador-4,,Avaliador-8,,0.0,7.6,7.52,,5.8,6.7,6.5,4.3,,8.1275,10.0,,,,2023,7.5,,,,3.0,3.0,fase_0_7,12.0,1,0.0,False,False
442,0,2011.0,2022,Pública,Agata,6.905439215666667,,,4.0,Avaliador-21,,Avaliador-20,,Avaliador-1,,Avaliador-26,,8.334,5.9151960783333335,5.635,,5.0,4.5,7.0,3.5,,7.8775,10.0,,,,2024,7.5,,,EE Maria André Schunck Dona,4.0,3.0,fase_0_7,13.0,2,1.0,False,False
443,0,2009.0,2019,Escola Pública,Ametista,7.482,48.0,4.0,3.0,Avaliador-5,Promovido de Fase,Avaliador-2,Promovido de Fase,Avaliador-15,Mantido na Fase + Bolsa,,,9.0,9.1,7.5,Não atendido,5.6,8.0,3.2,,Sim,8.5,5.0,Destaque: A sua boa entrega das lições de casa.,Melhorar: Empenhar-se mais nas aulas e avaliações.,Destaque: A sua boa integração aos Princípios Passos Mágicos.,2022,6.920000000000002,,,,2.0,3.0,fase_0_7,13.0,3,-1.0,True,True
443,0,2009.0,2019,Pública,Agata,6.895508333,,,4.0,Avaliador-32,,Avaliador-6,,Avaliador-34,,Avaliador-8,,7.1,7.5,2.52,,7.6,7.0,8.7,7.0,,8.125,5.0,,,,2023,7.96875,,,,3.0,4.0,fase_0_7,14.0,4,-1.0,False,True
444,1,2011.0,2018,Escola Pública,Ágata,6.665,99.0,8.0,3.0,Avaliador-5,Mantido na Fase atual,Avaliador-2,Promovido de Fase,Avaliador-15,Mantido na Fase atual,,,9.0,7.2,5.0,Requer avaliação,3.1,1.5,4.7,,Não,7.778,10.0,Melhorar: Melhorar a sua entrega de lições de casa.,Melhorar: Empenhar-se mais nas aulas e avaliações.,Destaque: A sua boa integração aos Princípios Passos Mágicos.,2022,6.493999999999991,,,,2.0,2.0,fase_0_7,11.0,4,0.0,False,False
444,1,2011.0,2018,Pública,Quartzo,5.958791667,,,4.0,Avaliador-32,,Avaliador-6,,Avaliador-34,,Avaliador-8,,0.0,7.9,5.0,,4.7,4.7,5.8,3.7,,6.4575,10.0,,,,2023,6.40625,,,,3.0,2.0,fase_0_7,12.0,5,1.0,False,False
444,1,2009.0,2021,Pública,Quartzo,5.410188638266668,,,4.0,Avaliador-21,,Avaliador-23,,Avaliador-5,,Avaliador-26,,8.334,6.377276524666667,2.51,,3.6666666666666665,2.0,5.0,4.0,,5.96,5.0,,,,2024,6.25,,,EE Maria André Schunck Dona,3.0,4.0,fase_0_7,15.0,3,-1.0,False,True
445,1,2010.0,2022,Escola Pública,Ágata,6.924,79.0,7.0,3.0,Avaliador-5,Mantido na Fase atual,Avaliador-2,Promovido de Fase,Avaliador-15,Mantido na Fase atual,,,9.0,9.4,7.5,Não atendido,3.8,0.0,7.5,,Não,7.5,5.0,Destaque: A sua boa entrega das lições de casa.,Melhorar: Empenhar-se mais nas aulas e avaliações.,Destaque: A sua boa integração aos Princípios Passos Mágicos.,2022,6.340000000000003,,,,2.0,3.0,fase_0_7,12.0,0,-1.0,False,True
445,1,2010.0,2022,Pública,Ametista,7.9087,,,3.0,Avaliador-32,,Avaliador-5,,Avaliador-2,,,,8.0,8.8,6.89,,8.4,7.7,9.0,,,8.176666667,5.0,,,,2023,8.541666667,,,,2.0,3.0,fase_0_7,13.0,1,-1.0,False,True
445,1,2010.0,2022,Pública,Ametista,7.3416246032,,,4.0,Avaliador-21,,Avaliador-23,,Avaliador-5,,Avaliador-26,,7.917,8.715873016,7.51,,4.0,3.0,6.0,3.0,,7.3725,10.0,,,,2024,7.8125,,,EE Maria André Schunck Dona,3.0,3.0,fase_0_7,14.0,2,0.0,False,False
446,0,2009.0,2018,Escola Pública,Ametista,7.367,54.0,5.0,3.0,Avaliador-5,Promovido de Fase,Avaliador-2,Promovido de Fase,Avaliador-15,Mantido na Fase atual,,,9.5,8.9,5.0,Requer avaliação,6.9,6.3,7.5,,Não,7.889,5.0,Destaque: A sua boa entrega das lições de casa.,Melhorar: Empenhar-se mais nas aulas e avaliações.,Destaque: A sua boa integração aos Princípios Passos Mágicos.,2022,6.791999999999998,,,,2.0,3.0,fase_0_7,13.0,4,-1.0,False,True
447,0,2012.0,2022,Escola Pública,Quartzo,5.607,144.0,10.0,3.0,Avaliador-5,Mantido na Fase atual,Avaliador-2,Mantido na Fase atual,Avaliador-15,Mantido na Fase atual,,,0.0,7.0,7.5,Não atendido,3.5,7.0,0.0,,Não,5.556,10.0,Melhorar: Melhorar a sua entrega de lições de casa.,Melhorar: Empenhar-se mais nas aulas e avaliações.,Melhorar: Integrar-se mais aos Princípios Passos Mágicos.,2022,6.457999999999995,,,,2.0,2.0,fase_0_7,10.0,0,0.0,False,False
448,0,2011.0,2022,Escola Pública,Ametista,7.972,19.0,3.0,3.0,Avaliador-5,Mantido na Fase atual,Avaliador-2,Mantido na Fase atual,Avaliador-15,Mantido na Fase atual,,,9.0,9.7,7.5,Não atendido,5.5,5.0,6.0,,Não,8.111,10.0,Destaque: A sua boa entrega das lições de casa.,Melhorar: Empenhar-se mais nas aulas e avaliações.,Destaque: A sua boa integração aos Princípios Passos Mágicos.,2022,6.597999999999997,,,,2.0,2.0,fase_0_7,11.0,0,0.0,False,False
449,0,2010.0,2022,Escola Pública,Ágata,6.143,129.0,9.0,3.0,Avaliador-5,Mantido na Fase atual,Avaliador-2,Mantido na Fase atual,Avaliador-15,Mantido na Fase atual,,,0.0,6.0,7.5,Não atendido,7.0,6.0,8.0,,Não,8.111,5.0,Melhorar: Melhorar a sua entrega de lições de casa.,Melhorar: Empenhar-se mais nas aulas e avaliações.,Destaque: A sua boa integração aos Princípios Passos Mágicos.,2022,6.7079999999999895,,,,2.0,3.0,fase_0_7,12.0,0,-1.0,False,True
449,0,2010.0,2022,Pública,Ametista,7.396508333,,,4.0,Avaliador-32,,Avaliador-6,,Avaliador-34,,Avaliador-8,,7.1,7.2,7.52,,7.0,5.5,7.7,7.7,,6.8425,10.0,,,,2023,7.34375,,,,3.0,3.0,fase_0_7,13.0,1,0.0,False,False
45,0,2007.0,2019,Rede Decisão,Ametista,7.591,17.0,2.0,3.0,Avaliador-5,Promovido de Fase,Avaliador-27,Mantido na Fase atual,Avaliador-24,Promovido de Fase + Bolsa,Avaliador-31,,7.9,8.9,5.6,Requer avaliação,6.8,6.3,5.2,8.8,Não,7.417,10.0,Destaque: A sua boa entrega das lições de casa.,Melhorar: Empenhar-se mais nas aulas e avaliações.,Melhorar: Integrar-se mais aos Princípios Passos Mágicos.,2022,6.176000000000004,,,,5.0,5.0,fase_0_7,15.0,3,0.0,False,False
45,0,2007.0,2019,Privada - Programa de Apadrinhamento,Topázio,8.303591667,,,4.0,Avaliador-24,,Avaliador-7,,Avaliador-23,,Avaliador-8,,7.1,9.6,6.26,,7.9,7.8,6.3,9.7,,8.1725,10.0,,,,2023,8.28125,,,,6.0,6.0,fase_0_7,16.0,4,0.0,False,False
45,0,2007.0,2021,Privada - Programa de Apadrinhamento,Topázio,8.743476190400001,,,3.0,Avaliador-22,,Avaliador-26,,Avaliador-7,,,,7.5,9.619047619,9.38,,8.0,7.5,7.0,9.5,,8.283333333,10.0,,,,2024,8.75,,,Colégio Arco Íris Evolução,7.0,7.0,fase_0_7,17.0,3,0.0,False,False
450,1,2009.0,2021,Escola Pública,Ametista,7.843,29.0,2.0,3.0,Avaliador-5,Promovido de Fase,Avaliador-27,Promovido de Fase,Avaliador-15,Mantido na Fase atual,,,10.0,9.1,7.5,Não atendido,7.5,6.8,8.2,,Não,8.111,5.0,Destaque: A sua boa entrega das lições de casa.,Melhorar: Empenhar-se mais nas aulas e avaliações.,Destaque: A sua boa integração aos Princípios Passos Mágicos.,2022,6.507999999999994,,,,2.0,3.0,fase_0_7,13.0,1,-1.0,False,True
450,1,2009.0,2021,Pública,Agata,6.819625,,,4.0,Avaliador-21,,Avaliador-6,,Avaliador-4,,Avaliador-8,,9.6,8.4,2.52,,5.4,7.0,6.5,2.7,,7.9175,5.0,,,,2023,7.65625,,,,3.0,4.0,fase_0_7,14.0,2,-1.0,False,True
450,1,2009.0,2021,Pública,Ametista,7.526188206666666,,,4.0,Avaliador-23,,Avaliador-20,,Avaliador-22,,Avaliador-26,,8.751,8.954191033333332,5.63,,7.5,8.0,8.5,6.0,,7.58,5.0,,,,2024,7.8125,,,EE Donizetti Aparecido Leite Professor,4.0,5.0,fase_0_7,15.0,3,-1.0,False,True
451,0,2009.0,2019,Escola Pública,Ágata,6.434,117.0,9.0,3.0,Avaliador-5,Mantido na Fase atual,Avaliador-27,Mantido na Fase atual,Avaliador-15,Promovido de Fase,,,9.0,6.0,6.3,Requer avaliação,6.1,3.1,9.2,,Não,6.889,5.0,Melhorar: Melhorar a sua entrega de lições de casa.,Melhorar: Empenhar-se mais nas aulas e avaliações.,Melhorar: Integrar-se mais aos Princípios Passos Mágicos.,2022,6.062000000000003,,,,2.0,3.0,fase_0_7,13.0,3,-1.0,False,True
451,0,2009.0,2019,Pública,Topázio,8.386033333,,,3.0,Avaliador-15,,Avaliador-5,,Avaliador-2,,,,8.5,9.5,4.39,,8.9,7.8,10.0,,,9.896666667,5.0,,,,2023,9.375,,,,2.0,4.0,fase_0_7,14.0,4,-2.0,True,True
452,0,2009.0,2021,Escola Pública,Ágata,6.287,127.0,10.0,3.0,Avaliador-5,Mantido na Fase atual,Avaliador-27,Mantido na Fase atual,Avaliador-15,Mantido na Fase atual,,,9.0,5.6,7.5,Não atendido,4.8,5.0,4.5,,Não,7.167,5.0,Melhorar: Melhorar a sua entrega de lições de casa.,Melhorar: Empenhar-se mais nas aulas e avaliações.,Melhorar: Integrar-se mais aos Princípios Passos Mágicos.,2022,6.235999999999997,,,,2.0,3.0,fase_0_7,13.0,1,-1.0,False,True
453,0,2009.0,2022,Escola Pública,Ametista,7.845,28.0,1.0,3.0,Avaliador-5,Promovido de Fase,Avaliador-27,Promovido de Fase,Avaliador-15,Mantido na Fase atual,,,9.0,8.7,7.5,Não atendido,8.8,8.0,9.5,,Não,7.778,5.0,Destaque: A sua boa entrega das lições de casa.,Destaque: As suas boas notas na Passos Mágicos.,Destaque: A sua boa integração aos Princípios Passos Mágicos.,2022,6.393999999999993,,,,2.0,3.0,fase_0_7,13.0,0,-1.0,False,True
454,1,2008.0,2018,Escola Pública,Quartzo,5.561,145.0,12.0,3.0,Avaliador-5,Mantido na Fase atual,Avaliador-27,Mantido na Fase atual,Avaliador-15,Mantido na Fase atual,,,9.5,8.6,5.0,Não indicado,2.3,0.0,4.7,,Não,5.444,5.0,Destaque: A sua boa entrega das lições de casa.,Melhorar: Empenhar-se mais nas aulas e avaliações.,Melhorar: Integrar-se mais aos Princípios Passos Mágicos.,2022,3.4220000000000006,,,,2.0,4.0,fase_0_7,14.0,4,-2.0,False,True
454,1,2008.0,2018,Pública,Quartzo,4.603416667,,,4.0,Avaliador-32,,Avaliador-6,,Avaliador-34,,Avaliador-8,,0.0,7.5,5.0,,2.6,4.2,1.2,2.5,,5.54,5.0,,,,2023,4.6875,,,,3.0,5.0,fase_0_7,15.0,5,-2.0,False,True
454,1,2007.0,2021,Pública,Quartzo,5.852294346966668,,,6.0,Avaliador-23,,Avaliador-22,,Avaliador-17,,Avaliador-1,,9.585,6.633138401666667,6.255,,3.6666666666666665,3.0,2.0,6.0,,5.833333333,5.0,,,,2024,5.416666667,Avaliador-5,Avaliador-26,EE Paschoal Carlos Magno,4.0,6.0,fase_0_7,17.0,3,-2.0,False,True
455,0,2010.0,2022,Escola Pública,Ágata,6.876,81.0,6.0,3.0,Avaliador-5,Mantido na Fase atual,Avaliador-27,Promovido de Fase,Avaliador-15,Mantido na Fase atual,,,7.0,7.9,7.5,Não atendido,6.3,6.0,6.5,,Não,7.278,5.0,Destaque: A sua boa entrega das lições de casa.,Melhorar: Empenhar-se mais nas aulas e avaliações.,Melhorar: Integrar-se mais aos Princípios Passos Mágicos.,2022,6.304000000000007,,,,2.0,3.0,fase_0_7,12.0,0,-1.0,False,True
455,0,2010.0,2022,Pública,Ametista,7.098988888900001,,,3.0,Avaliador-21,,Avaliador-23,,Avaliador-20,,,,8.751,6.111111111,8.13,,4.5,3.0,6.5,4.0,,7.276666667,10.0,,,,2024,8.333333333,,,EE Donizetti Aparecido Leite Professor,3.0,3.0,fase_0_7,14.0,2,0.0,False,False
456,0,2010.0,2022,Escola Pública,Ametista,7.193,65.0,5.0,3.0,Avaliador-5,Promovido de Fase,Avaliador-27,Promovido de Fase,Avaliador-15,Mantido na Fase atual,,,6.4,8.2,6.3,Requer avaliação,7.3,6.0,8.7,,Não,8.389,5.0,Destaque: A sua boa entrega das lições de casa.,Melhorar: Empenhar-se mais nas aulas e avaliações.,Destaque: A sua boa integração aos Princípios Passos Mágicos.,2022,6.451999999999991,,,,2.0,3.0,fase_0_7,12.0,0,-1.0,True,True
456,0,2010.0,2022,Pública,Ametista,7.518,,,3.0,Avaliador-15,,Avaliador-5,,Avaliador-2,,,,0.0,8.3,4.39,,9.9,9.7,10.0,,,9.953333333,5.0,,,,2023,9.583333333,,,,2.0,3.0,fase_0_7,13.0,1,-1.0,True,True
456,0,2010.0,2022,Pública,Topázio,8.331124561366668,,,3.0,Avaliador-20,,Avaliador-21,,Avaliador-23,,,,7.083,9.382456140333334,7.51,,6.5,9.0,6.0,4.5,,8.893333333,10.0,,,,2024,9.166666667,,,EE Donizetti Aparecido Leite Professor,3.0,3.0,fase_0_7,14.0,2,0.0,True,False
457,0,2010.0,2022,Escola Pública,Ametista,7.68,40.0,3.0,3.0,Avaliador-5,Promovido de Fase,Avaliador-27,Promovido de Fase,Avaliador-15,Mantido na Fase atual,,,8.0,8.8,7.5,Não atendido,8.5,7.0,10.0,,Não,7.667,5.0,Destaque: A sua boa entrega das lições de casa.,Destaque: As suas boas notas na Passos Mágicos.,Destaque: A sua boa integração aos Princípios Passos Mágicos.,2022,6.365999999999987,,,,2.0,3.0,fase_0_7,12.0,0,-1.0,False,True
457,0,2010.0,2022,Pública,Topázio,8.256833333,,,4.0,Avaliador-21,,Avaliador-6,,Avaliador-34,,Avaliador-8,,7.5,8.6,7.52,,8.1,6.7,8.5,9.0,,8.045,10.0,,,,2023,8.125,,,,3.0,3.0,fase_0_7,13.0,1,0.0,False,False
457,0,2010.0,2022,Pública,Topázio,8.5892756038,,,5.0,Avaliador-21,,Avaliador-5,,Avaliador-17,,Avaliador-23,,8.334,8.743961352333335,7.51,,8.666666666666666,8.0,8.0,10.0,,7.77,10.0,,,,2024,9.6875,Avaliador-5,,EE Donizetti Aparecido Leite Professor,4.0,3.0,fase_0_7,14.0,2,1.0,False,False
458,1,2009.0,2019,Escola Pública,Ágata,6.512,113.0,8.0,3.0,Avaliador-5,Mantido na Fase atual,Avaliador-27,Mantido na Fase atual,Avaliador-15,Mantido na Fase atual,,,8.0,7.7,7.5,Não atendido,5.6,4.7,6.5,,Não,5.833,5.0,Destaque: A sua boa entrega das lições de casa.,Melhorar: Empenhar-se mais nas aulas e avaliações.,Melhorar: Integrar-se mais aos Princípios Passos Mágicos.,2022,6.353999999999997,,,,2.0,3.0,fase_0_7,13.0,3,-1.0,False,True
458,1,2009.0,2019,Pública,Agata,6.312083333,,,4.0,Avaliador-32,,Avaliador-6,,Avaliador-34,,Avaliador-8,,9.6,6.9,7.52,,3.8,4.3,4.8,2.2,,6.2475,5.0,,,,2023,7.1875,,,,3.0,4.0,fase_0_7,14.0,4,-1.0,False,True
458,1,2009.0,2021,Pública,Quartzo,5.680161507933333,,,4.0,Avaliador-21,,Avaliador-23,,Avaliador-5,,Avaliador-26,,8.751,3.739682539666666,6.88,,4.0,3.0,4.0,5.0,,6.83,5.0,,,,2024,7.03125,,,EE Maria André Schunck Dona,3.0,4.0,fase_0_7,15.0,3,-1.0,False,True
459,1,2010.0,2019,Escola Pública,Ametista,7.28,59.0,4.0,3.0,Avaliador-5,Promovido de Fase,Avaliador-27,Promovido de Fase,Avaliador-15,Promovido de Fase,,,7.0,9.1,8.1,Sem limitações,7.3,5.3,9.2,,Não,7.222,5.0,Destaque: A sua boa entrega das lições de casa.,Melhorar: Empenhar-se mais nas aulas e avaliações.,Melhorar: Integrar-se mais aos Princípios Passos Mágicos.,2022,5.455999999999994,,,,2.0,3.0,fase_0_7,12.0,3,-1.0,False,True
459,1,2010.0,2019,Pública,Topázio,8.240016667,,,4.0,Avaliador-21,,Avaliador-6,,Avaliador-34,,Avaliador-8,,6.7,9.3,7.52,,8.3,8.3,9.2,7.5,,7.88,10.0,,,,2023,7.1875,,,,3.0,3.0,fase_0_7,13.0,4,0.0,False,False
459,1,2010.0,2021,Pública,Ametista,7.233804589400001,,,5.0,Avaliador-21,,Avaliador-5,,Avaliador-17,,Avaliador-23,,7.917,8.454106280333333,5.635,,4.666666666666667,0.0,6.0,8.0,,7.366,10.0,,,,2024,7.8125,Avaliador-5,,EE Donizetti Aparecido Leite Professor,4.0,4.0,fase_0_7,14.0,3,0.0,False,False
46,0,2005.0,2022,Escola Pública,Ágata,6.048,46.0,7.0,3.0,Avaliador-5,Mantido na Fase atual,Avaliador-27,Mantido na Fase atual,Avaliador-24,Mantido na Fase atual,Avaliador-31,,8.8,8.4,6.3,Sem limitações,2.1,2.8,2.8,0.7,Não,7.083,5.0,Destaque: A sua boa entrega das lições de casa.,Melhorar: Empenhar-se mais nas aulas e avaliações.,Melhorar: Integrar-se mais aos Princípios Passos Mágicos.,2022,5.213999999999999,,,,5.0,7.0,fase_0_7,17.0,0,-2.0,False,True
46,0,2005.0,2022,Pública,Quartzo,5.545383333,,,4.0,Avaliador-24,,Avaliador-7,,Avaliador-23,,Avaliador-8,,7.1,7.4,2.52,,4.4,2.8,3.0,7.3,,6.6275,2.5,,,,2023,6.5625,,,,5.0,8.0,fase_0_7,18.0,1,-3.0,False,True
460,1,2010.0,2022,Escola Pública,Quartzo,5.711,140.0,11.0,3.0,Avaliador-5,Mantido na Fase atual,Avaliador-27,Mantido na Fase atual,Avaliador-15,Mantido na Fase atual,,,6.8,8.1,7.5,Não atendido,3.3,0.5,6.0,,Não,5.056,5.0,Destaque: A sua boa entrega das lições de casa.,Melhorar: Empenhar-se mais nas aulas e avaliações.,Melhorar: Integrar-se mais aos Princípios Passos Mágicos.,2022,4.897999999999989,,,,2.0,3.0,fase_0_7,12.0,0,-1.0,False,True
461,0,2010.0,2018,Escola Pública,Quartzo,5.451,149.0,13.0,3.0,Avaliador-5,Mantido na Fase atual,Avaliador-27,Mantido na Fase atual,Avaliador-15,Mantido na Fase atual,,,0.0,6.7,7.5,Sem limitações,3.8,1.5,6.2,,Não,7.222,5.0,Melhorar: Melhorar a sua entrega de lições de casa.,Melhorar: Empenhar-se mais nas aulas e avaliações.,Melhorar: Integrar-se mais aos Princípios Passos Mágicos.,2022,6.565999999999992,,,,2.0,3.0,fase_0_7,12.0,4,-1.0,False,True
461,0,2010.0,2018,Pública,Ametista,7.2379,,,3.0,Avaliador-15,,Avaliador-5,,Avaliador-2,,,,7.3,7.9,3.77,,7.4,5.7,9.0,,,8.616666667,5.0,,,,2023,8.541666667,,,,2.0,3.0,fase_0_7,13.0,5,-1.0,False,True
461,0,2010.0,2021,Pública,Ametista,7.5447559291,,,3.0,Avaliador-20,,Avaliador-21,,Avaliador-23,,,,8.751,9.182446312,7.51,,4.5,3.0,4.5,6.0,,7.056666667,10.0,,,,2024,7.708333333,,,EE Donizetti Aparecido Leite Professor,3.0,3.0,fase_0_7,14.0,3,0.0,False,False
462,1,2008.0,2022,Escola Pública,Ágata,6.626,106.0,7.0,3.0,Avaliador-5,Mantido na Fase atual,Avaliador-27,Mantido na Fase atual,Avaliador-15,Mantido na Fase atual,,,10.0,8.5,7.5,Sem limitações,3.6,2.0,5.2,,Não,6.778,5.0,Destaque: A sua boa entrega das lições de casa.,Melhorar: Empenhar-se mais nas aulas e avaliações.,Melhorar: Integrar-se mais aos Princípios Passos Mágicos.,2022,6.004000000000005,,,,2.0,4.0,fase_0_7,14.0,0,-2.0,False,True
462,0,2008.0,2022,Pública,Agata,6.2267,,,4.0,Avaliador-32,,Avaliador-6,,Avaliador-34,,Avaliador-8,,10.0,8.1,5.0,,2.7,4.0,2.8,1.3,,6.5825,5.0,,,,2023,7.5,,,,3.0,5.0,fase_0_7,15.0,1,-2.0,False,True
463,0,2010.0,2020,Escola Pública,Ágata,6.41,119.0,11.0,3.0,Avaliador-5,Mantido na Fase atual,Avaliador-2,Promovido de Fase,Avaliador-15,Mantido na Fase atual,,,10.0,7.8,7.5,Não atendido,2.5,2.0,3.0,,Não,7.389,5.0,Destaque: A sua boa entrega das lições de casa.,Melhorar: Empenhar-se mais nas aulas e avaliações.,Melhorar: Integrar-se mais aos Princípios Passos Mágicos.,2022,6.221999999999994,,,,2.0,3.0,fase_0_7,12.0,2,-1.0,False,True
463,0,2010.0,2020,Pública,Agata,6.382383333,,,4.0,Avaliador-21,,Avaliador-6,,Avaliador-4,,Avaliador-8,,9.2,5.4,2.52,,4.0,6.3,4.3,1.3,,7.795,10.0,,,,2023,7.8125,,,,3.0,3.0,fase_0_7,13.0,3,0.0,False,False
464,0,2009.0,2022,Escola Pública,Ágata,6.745,91.0,7.0,3.0,Avaliador-5,Mantido na Fase atual,Avaliador-2,Promovido de Fase,Avaliador-15,Mantido na Fase atual,,,7.5,8.0,7.5,Não atendido,4.8,2.7,7.0,,Não,7.722,5.0,Destaque: A sua boa entrega das lições de casa.,Melhorar: Empenhar-se mais nas aulas e avaliações.,Destaque: A sua boa integração aos Princípios Passos Mágicos.,2022,6.405999999999992,,,,2.0,3.0,fase_0_7,13.0,0,-1.0,False,True
464,0,2009.0,2022,Pública,Agata,6.081675,,,4.0,Avaliador-21,,Avaliador-6,,Avaliador-4,,Avaliador-8,,9.2,7.7,2.52,,3.0,4.8,3.7,0.5,,7.38,5.0,,,,2023,7.96875,,,,3.0,4.0,fase_0_7,14.0,1,-1.0,False,True
464,0,2009.0,2022,Pública,Agata,6.872009064333334,,,4.0,Avaliador-20,,Avaliador-21,,Avaliador-26,,Avaliador-10,,9.168,7.851461988333334,8.76,,4.333333333333333,3.0,3.5,6.5,,7.1175,5.0,,,,2024,7.1875,,,EE Maria André Schunck Dona,3.0,4.0,fase_0_7,15.0,2,-1.0,False,True
465,1,2011.0,2019,Escola Pública,Ametista,8.012,18.0,1.0,3.0,Avaliador-5,Promovido de Fase,Avaliador-2,Promovido de Fase,Avaliador-15,Promovido de Fase,,,8.0,7.9,7.5,Não atendido,7.8,9.3,6.3,,Não,8.444,10.0,Destaque: A sua boa entrega das lições de casa.,Destaque: As suas boas notas na Passos Mágicos.,Destaque: A sua boa integração aos Princípios Passos Mágicos.,2022,6.331999999999995,,,,2.0,2.0,fase_0_7,11.0,3,0.0,True,False
465,1,2011.0,2019,Pública,Topázio,8.012875,,,4.0,Avaliador-21,,Avaliador-6,,Avaliador-4,,Avaliador-8,,7.5,9.4,2.52,,8.5,8.3,8.2,9.0,,8.17,10.0,,,,2023,7.96875,,,,3.0,3.0,fase_0_7,12.0,4,0.0,False,False
466,1,2009.0,2022,Escola Pública,Ágata,6.826,85.0,6.0,3.0,Avaliador-5,Mantido na Fase atual,Avaliador-2,Promovido de Fase,Avaliador-15,Mantido na Fase atual,,,8.5,9.7,7.5,Não atendido,3.3,0.5,6.0,,Não,7.556,5.0,Destaque: A sua boa entrega das lições de casa.,Melhorar: Empenhar-se mais nas aulas e avaliações.,Destaque: A sua boa integração aos Princípios Passos Mágicos.,2022,6.147999999999998,,,,2.0,3.0,fase_0_7,13.0,0,-1.0,False,True
466,1,2009.0,2022,Pública,Agata,6.595533333,,,3.0,Avaliador-32,,Avaliador-5,,Avaliador-2,,,,9.5,7.6,6.89,,4.5,2.5,6.5,,,7.056666667,5.0,,,,2023,6.25,,,,2.0,4.0,fase_0_7,14.0,1,-2.0,False,True
466,1,2009.0,2022,Pública,Agata,6.778749122800001,,,4.0,Avaliador-20,,Avaliador-21,,Avaliador-26,,Avaliador-10,,8.751,7.223245614,8.76,,4.0,3.0,6.5,2.5,,7.665,5.0,,,,2024,7.5,,,EE Maria André Schunck Dona,3.0,4.0,fase_0_7,15.0,2,-1.0,False,True
467,0,2009.0,2022,Escola Pública,Ágata,6.38,121.0,12.0,3.0,Avaliador-5,Mantido na Fase atual,Avaliador-2,Promovido de Fase,Avaliador-15,Mantido na Fase atual,,,5.8,8.4,5.0,Requer avaliação,5.5,5.0,6.0,,Não,7.111,5.0,Destaque: A sua boa entrega das lições de casa.,Melhorar: Empenhar-se mais nas aulas e avaliações.,Melhorar: Integrar-se mais aos Princípios Passos Mágicos.,2022,5.977999999999994,,,,2.0,3.0,fase_0_7,13.0,0,-1.0,False,True
467,0,2009.0,2022,Pública,Agata,6.552916667,,,4.0,Avaliador-21,,Avaliador-6,,Avaliador-4,,Avaliador-8,,6.3,9.2,3.14,,5.2,6.0,6.0,3.7,,7.5425,5.0,,,,2023,7.1875,,,,3.0,4.0,fase_0_7,14.0,1,-1.0,False,True
467,0,2009.0,2022,Pública,Ametista,7.729811842133333,,,4.0,Avaliador-23,,Avaliador-20,,Avaliador-22,,Avaliador-26,,7.917,9.140350877333333,5.01,,6.833333333333333,5.5,9.0,6.0,,7.54,10.0,,,,2024,7.34375,,,EE Maria André Schunck Dona,4.0,4.0,fase_0_7,15.0,2,0.0,False,False
468,1,2009.0,2022,Escola Pública,Ágata,6.313,125.0,13.0,3.0,Avaliador-5,Mantido na Fase atual,Avaliador-2,Mantido na Fase atual,Avaliador-15,Mantido na Fase atual,,,9.5,6.7,7.5,Não atendido,4.1,4.5,3.7,,Não,6.722,5.0,Melhorar: Melhorar a sua entrega de lições de casa.,Melhorar: Empenhar-se mais nas aulas e avaliações.,Melhorar: Integrar-se mais aos Princípios Passos Mágicos.,2022,6.085999999999991,,,,2.0,3.0,fase_0_7,13.0,0,-1.0,False,True
468,1,2009.0,2022,Pública,Quartzo,5.911108333,,,4.0,Avaliador-21,,Avaliador-6,,Avaliador-4,,Avaliador-8,,8.3,6.0,6.27,,3.4,4.8,3.0,2.3,,6.715,5.0,,,,2023,7.34375,,,,3.0,4.0,fase_0_7,14.0,1,-1.0,False,True
469,0,2011.0,2022,Escola Pública,Ametista,7.624,41.0,2.0,3.0,Avaliador-5,Mantido na Fase atual,Avaliador-2,Mantido na Fase atual,Avaliador-15,Mantido na Fase atual,,,9.0,9.6,5.0,Requer avaliação,5.7,6.2,5.2,,Não,7.833,10.0,Destaque: A sua boa entrega das lições de casa.,Melhorar: Empenhar-se mais nas aulas e avaliações.,Destaque: A sua boa integração aos Princípios Passos Mágicos.,2022,5.973999999999986,,,,2.0,2.0,fase_0_7,11.0,0,0.0,False,False
469,0,2011.0,2022,Pública,Ametista,7.482533333,,,3.0,Avaliador-32,,Avaliador-5,,Avaliador-2,,,,7.5,9.3,2.52,,7.8,6.8,8.8,,,8.843333333,5.0,,,,2023,7.916666667,,,,2.0,3.0,fase_0_7,12.0,1,-1.0,False,True
469,0,2011.0,2022,Pública,Ametista,7.684639869300001,,,3.0,Avaliador-21,,Avaliador-7,,Avaliador-10,,,,9.168,9.498366013,7.51,,5.0,6.0,4.0,5.0,,6.94,10.0,,,,2024,7.291666667,,,EE Maria André Schunck Dona,3.0,3.0,fase_0_7,13.0,2,0.0,False,False
47,0,2005.0,2022,Escola Pública,Quartzo,5.677,49.0,8.0,3.0,Avaliador-5,Mantido na Fase atual,Avaliador-27,Mantido na Fase atual,Avaliador-24,Mantido na Fase atual,Avaliador-31,,7.9,6.3,7.5,Sem limitações,2.1,2.5,2.2,1.5,Não,7.042,5.0,Melhorar: Melhorar a sua entrega de lições de casa.,Melhorar: Empenhar-se mais nas aulas e avaliações.,Melhorar: Integrar-se mais aos Princípios Passos Mágicos.,2022,5.485999999999995,,,,5.0,7.0,fase_0_7,17.0,0,-2.0,False,True
470,0,2009.0,2019,Escola Pública,Ametista,7.378,53.0,3.0,3.0,Avaliador-5,Mantido na Fase atual,Avaliador-2,Promovido de Fase,Avaliador-15,Mantido na Fase atual,,,8.0,9.7,7.5,Não atendido,6.3,5.3,7.3,,Não,7.5,5.0,Destaque: A sua boa entrega das lições de casa.,Melhorar: Empenhar-se mais nas aulas e avaliações.,Destaque: A sua boa integração aos Princípios Passos Mágicos.,2022,6.280000000000001,,,,2.0,3.0,fase_0_7,13.0,3,-1.0,False,True
470,0,2009.0,2019,Pública,Agata,6.993766667,,,4.0,Avaliador-21,,Avaliador-6,,Avaliador-4,,Avaliador-8,,8.8,9.2,5.0,,4.9,6.0,4.3,4.5,,7.71,5.0,,,,2023,7.5,,,,3.0,4.0,fase_0_7,14.0,4,-1.0,False,True
470,0,2009.0,2021,Pública,Agata,6.981130848,,,4.0,Avaliador-23,,Avaliador-20,,Avaliador-22,,Avaliador-26,,9.585,8.011695906666667,7.51,,3.333333333333333,3.5,4.0,2.5,,6.4975,10.0,,,,2024,7.03125,,,EE Maria André Schunck Dona,4.0,4.0,fase_0_7,15.0,3,0.0,False,False
471,0,2009.0,2020,Escola Pública,Ágata,6.535,112.0,9.0,3.0,Avaliador-5,Promovido de Fase,Avaliador-2,Promovido de Fase,Avaliador-15,Mantido na Fase atual,,,3.5,8.5,5.0,Requer avaliação,6.3,5.7,6.8,,Não,8.056,5.0,Destaque: A sua boa entrega das lições de casa.,Melhorar: Empenhar-se mais nas aulas e avaliações.,Destaque: A sua boa integração aos Princípios Passos Mágicos.,2022,6.137999999999995,,,,2.0,3.0,fase_0_7,13.0,2,-1.0,False,True
471,0,2009.0,2020,Pública,Agata,6.855541667,,,4.0,Avaliador-21,,Avaliador-6,,Avaliador-4,,Avaliador-8,,0.0,9.0,6.27,,5.0,6.3,4.0,4.8,,8.125,10.0,,,,2023,7.96875,,,,3.0,3.0,fase_0_7,14.0,3,0.0,False,False
471,0,2009.0,2021,Pública,Agata,6.635847117766667,,,4.0,Avaliador-21,,Avaliador-20,,Avaliador-1,,Avaliador-26,,0.0,7.027568922333333,7.51,,5.5,4.0,5.5,7.0,,8.0425,10.0,,,,2024,7.708333333,,,EE Maria André Schunck Dona,4.0,4.0,fase_0_7,15.0,3,0.0,False,False
472,0,2010.0,2022,Escola Pública,Quartzo,5.93,133.0,14.0,3.0,Avaliador-5,Mantido na Fase atual,Avaliador-2,Promovido de Fase,Avaliador-15,Mantido na Fase atual,,,9.0,7.0,7.5,Não atendido,2.0,1.8,2.2,,Não,7.056,5.0,Melhorar: Melhorar a sua entrega de lições de casa.,Melhorar: Empenhar-se mais nas aulas e avaliações.,Melhorar: Integrar-se mais aos Princípios Passos Mágicos.,2022,5.687999999999995,,,,2.0,3.0,fase_0_7,12.0,0,-1.0,False,True
472,0,2010.0,2022,Pública,Agata,6.6858,,,3.0,Avaliador-32,,Avaliador-5,,Avaliador-2,,,,5.1,7.1,7.52,,5.5,3.7,7.2,,,8.223333333,5.0,,,,2023,7.708333333,,,,2.0,3.0,fase_0_7,13.0,1,-1.0,False,True
472,0,2010.0,2022,Pública,Agata,6.6397610766,,,3.0,Avaliador-19,,Avaliador-25,,Avaliador-2,,,,7.502,7.48447205,7.51,,6.25,4.0,8.5,,,6.333333333,5.0,,,,2024,6.25,,,EM Cecilia Cristina de Oliveira Rodrigues,2.0,3.0,fase_0_7,14.0,2,-1.0,False,True
473,1,2010.0,2019,Escola Pública,Quartzo,5.915,134.0,15.0,3.0,Avaliador-5,Mantido na Fase atual,Avaliador-2,Mantido na Fase atual,Avaliador-15,Mantido na Fase atual,,,8.0,6.1,7.5,Não atendido,4.3,4.5,4.0,,Não,5.889,5.0,Melhorar: Melhorar a sua entrega de lições de casa.,Melhorar: Empenhar-se mais nas aulas e avaliações.,Melhorar: Integrar-se mais aos Princípios Passos Mágicos.,2022,6.071999999999997,,,,2.0,3.0,fase_0_7,12.0,3,-1.0,False,True
474,1,2009.0,2019,Escola Pública,Ágata,6.446,115.0,10.0,3.0,Avaliador-5,Mantido na Fase atual,Avaliador-2,Promovido de Fase,Avaliador-15,Mantido na Fase atual,,,9.5,9.1,7.5,Não atendido,3.0,1.3,4.7,,Não,6.0,5.0,Destaque: A sua boa entrega das lições de casa.,Melhorar: Empenhar-se mais nas aulas e avaliações.,Melhorar: Integrar-se mais aos Princípios Passos Mágicos.,2022,6.2599999999999945,,,,2.0,3.0,fase_0_7,13.0,3,-1.0,False,True
474,1,2009.0,2019,Pública,Quartzo,5.283583333,,,4.0,Avaliador-21,,Avaliador-6,,Avaliador-4,,Avaliador-8,,0.0,7.8,5.0,,3.3,4.8,3.8,1.2,,6.7575,5.0,,,,2023,7.1875,,,,3.0,4.0,fase_0_7,14.0,4,-1.0,False,True
474,1,2009.0,2021,Pública,Agata,6.024753703733333,,,4.0,Avaliador-20,,Avaliador-21,,Avaliador-26,,Avaliador-10,,9.168,5.818518518666667,7.51,,3.0,4.0,3.0,2.0,,6.8725,5.0,,,,2024,7.1875,,,EE Maria André Schunck Dona,3.0,4.0,fase_0_7,15.0,3,-1.0,False,True
475,0,2010.0,2022,Escola Pública,Ametista,7.199,63.0,4.0,3.0,Avaliador-5,Promovido de Fase,Avaliador-2,Promovido de Fase,Avaliador-15,Mantido na Fase atual,,,8.5,9.2,7.5,Não atendido,5.8,3.3,8.3,,Não,7.667,5.0,Destaque: A sua boa entrega das lições de casa.,Melhorar: Empenhar-se mais nas aulas e avaliações.,Destaque: A sua boa integração aos Princípios Passos Mágicos.,2022,5.655999999999999,,,,2.0,3.0,fase_0_7,12.0,0,-1.0,False,True
476,0,2010.0,2019,Escola Pública,Ágata,6.931,78.0,5.0,3.0,Avaliador-5,Mantido na Fase atual,Avaliador-2,Promovido de Fase,Avaliador-15,Mantido na Fase atual,,,9.0,9.3,4.4,Requer avaliação,5.5,5.0,6.0,,Não,7.556,5.0,Destaque: A sua boa entrega das lições de casa.,Melhorar: Empenhar-se mais nas aulas e avaliações.,Destaque: A sua boa integração aos Princípios Passos Mágicos.,2022,6.197999999999988,,,,2.0,3.0,fase_0_7,12.0,3,-1.0,False,True
476,0,2010.0,2019,Pública,Agata,6.492408333,,,4.0,Avaliador-21,,Avaliador-6,,Avaliador-4,,Avaliador-8,,7.9,7.0,2.52,,4.1,5.0,4.5,2.7,,7.505,10.0,,,,2023,7.34375,,,,3.0,3.0,fase_0_7,13.0,4,0.0,False,False
476,0,2010.0,2021,Pública,Agata,6.7359982456,,,4.0,Avaliador-20,,Avaliador-21,,Avaliador-26,,Avaliador-10,,7.917,6.5964912280000005,7.51,,4.5,7.0,4.0,2.5,,6.745,10.0,,,,2024,6.25,,,EE Maria André Schunck Dona,3.0,3.0,fase_0_7,14.0,3,0.0,False,False
477,1,2009.0,2022,Escola Pública,Quartzo,3.633,155.0,16.0,3.0,Avaliador-5,Mantido na Fase atual,Avaliador-2,Mantido na Fase atual,Avaliador-15,Mantido na Fase atual,,,0.0,5.0,5.6,Requer avaliação,0.7,0.3,1.0,,Não,4.5,5.0,Melhorar: Melhorar a sua entrega de lições de casa.,Melhorar: Empenhar-se mais nas aulas e avaliações.,Melhorar: Integrar-se mais aos Princípios Passos Mágicos.,2022,5.329999999999999,,,,2.0,3.0,fase_0_7,13.0,0,-1.0,False,True
478,0,2010.0,2019,Escola Pública,Ágata,6.709,96.0,8.0,3.0,Avaliador-5,Mantido na Fase atual,Avaliador-2,Promovido de Fase,Avaliador-15,Mantido na Fase atual,,,8.5,9.1,5.6,Requer avaliação,4.9,3.8,6.0,,Não,7.056,5.0,Destaque: A sua boa entrega das lições de casa.,Melhorar: Empenhar-se mais nas aulas e avaliações.,Melhorar: Integrar-se mais aos Princípios Passos Mágicos.,2022,5.877999999999997,,,,2.0,3.0,fase_0_7,12.0,3,-1.0,False,True
478,0,2010.0,2019,Pública,Agata,6.443616667,,,4.0,Avaliador-21,,Avaliador-6,,Avaliador-4,,Avaliador-8,,6.7,7.3,2.52,,4.4,4.3,4.7,4.3,,7.2975,10.0,,,,2023,7.1875,,,,3.0,3.0,fase_0_7,13.0,4,0.0,False,False
479,1,2012.0,2020,Rede Decisão,Topázio,8.465,5.0,1.0,3.0,Avaliador-4,Promovido de Fase + Bolsa,Avaliador-2,Promovido de Fase,Avaliador-15,Promovido de Fase + Bolsa,,,8.0,9.2,7.5,Sem limitações,9.8,10.0,9.7,,Não,9.5,5.0,Destaque: A sua boa entrega das lições de casa.,Destaque: As suas boas notas na Passos Mágicos.,Destaque: A sua boa integração aos Princípios Passos Mágicos.,2022,7.149999999999999,,,,1.0,2.0,fase_0_7,10.0,2,-1.0,True,True
479,1,2012.0,2020,Privada - Programa de Apadrinhamento,Topázio,8.988866667,,,3.0,Avaliador-15,,Avaliador-5,,Avaliador-2,,,,9.0,10.0,2.52,,9.7,9.3,10.0,,,9.6375,10.0,,,,2023,9.791666667,,,,2.0,2.0,fase_0_7,11.0,3,0.0,True,False
479,1,2012.0,2021,Privada - Programa de Apadrinhamento,Topázio,8.901966666666668,,,3.0,Avaliador-21,,Avaliador-23,,Avaliador-26,,,,9.168,9.866666666666667,2.51,,9.666666666666666,10.0,9.0,10.0,,9.45,10.0,,,,2024,9.375,,,Colégio Arco Íris Evolução,3.0,2.0,fase_0_7,12.0,3,1.0,True,False
48,0,2007.0,2017,Rede Decisão,Ametista,8.006,10.0,1.0,3.0,Avaliador-5,Promovido de Fase,Avaliador-27,Mantido na Fase atual,Avaliador-24,Promovido de Fase + Bolsa,Avaliador-31,,6.7,8.4,7.5,Sem limitações,8.1,6.7,8.0,9.5,Não,8.5,10.0,Destaque: A sua boa entrega das lições de casa.,Destaque: As suas boas notas na Passos Mágicos.,Destaque: A sua boa integração aos Princípios Passos Mágicos.,2022,5.859999999999994,,,,5.0,5.0,fase_0_7,15.0,5,0.0,True,False
48,0,2007.0,2017,Privada - Programa de Apadrinhamento,Ametista,7.797058333,,,4.0,Avaliador-24,,Avaliador-7,,Avaliador-23,,Avaliador-8,,6.7,8.4,6.26,,7.7,8.3,5.7,9.0,,7.6275,10.0,,,,2023,7.65625,,,,6.0,6.0,fase_0_7,16.0,6,0.0,False,False
48,0,2007.0,2021,Privada - Programa de Apadrinhamento,Topázio,8.402390371800001,,,3.0,Avaliador-22,,Avaliador-26,,Avaliador-7,,,,7.917,8.339076859,9.375,,7.5,6.5,6.0,10.0,,8.23,10.0,,,,2024,8.59375,,,Colégio Arco Íris Evolução,7.0,7.0,fase_0_7,17.0,3,0.0,False,False
480,0,2012.0,2021,Escola Pública,Ametista,7.502,81.0,6.0,3.0,Avaliador-4,Mantido na Fase atual,Avaliador-2,Promovido de Fase,Avaliador-15,Promovido de Fase + Bolsa,,,9.0,8.8,7.5,Não atendido,6.3,6.8,5.7,,Sim,8.444,5.0,Destaque: A sua boa entrega das lições de casa.,Melhorar: Empenhar-se mais nas aulas e avaliações.,Destaque: A sua boa integração aos Princípios Passos Mágicos.,2022,6.431999999999984,,,,1.0,2.0,fase_0_7,10.0,1,-1.0,True,True
480,0,2012.0,2021,Pública,Topázio,8.226408333,,,3.0,Avaliador-15,,Avaliador-4,,Avaliador-3,,,,10.0,9.7,7.52,,7.9,7.2,8.5,,,8.336666667,5.0,,,,2023,7.96875,,,,1.0,2.0,fase_0_7,11.0,2,-1.0,False,True
480,0,2012.0,2021,Pública,Ametista,7.260202380900001,,,3.0,Avaliador-19,,Avaliador-5,,Avaliador-2,,,,6.25,8.0714285715,7.51,,5.0,2.5,7.5,,,7.443333333,10.0,,,,2024,7.8125,,,EE Alexandre Rodrigues Nogueira,2.0,2.0,fase_0_7,12.0,3,0.0,False,False
481,1,2013.0,2021,Escola Pública,Ametista,7.21,109.0,9.0,3.0,Avaliador-4,Mantido na Fase atual,Avaliador-2,Promovido de Fase,Avaliador-15,Mantido na Fase atual,,,9.0,8.0,7.5,Não atendido,5.2,5.7,4.7,,Não,6.889,10.0,Destaque: A sua boa entrega das lições de casa.,Melhorar: Empenhar-se mais nas aulas e avaliações.,Melhorar: Integrar-se mais aos Princípios Passos Mágicos.,2022,5.422000000000002,,,,1.0,1.0,fase_0_7,9.0,1,0.0,False,False
482,1,2011.0,2021,Escola Pública,Ágata,6.866,134.0,10.0,3.0,Avaliador-4,Mantido na Fase atual,Avaliador-2,Promovido de Fase,Avaliador-15,Mantido na Fase atual,,,10.0,7.9,7.5,Não atendido,5.5,4.3,6.7,,Não,6.833,5.0,Destaque: A sua boa entrega das lições de casa.,Melhorar: Empenhar-se mais nas aulas e avaliações.,Melhorar: Integrar-se mais aos Princípios Passos Mágicos.,2022,5.693999999999999,,,,1.0,2.0,fase_0_7,11.0,1,-1.0,False,True
483,0,2011.0,2019,Escola Pública,Quartzo,5.263,185.0,13.0,3.0,Avaliador-4,Mantido na Fase atual,Avaliador-2,Promovido de Fase,Avaliador-15,Mantido na Fase atual,,,9.0,4.8,5.0,Requer avaliação,2.4,2.0,2.8,,Não,6.833,5.0,Melhorar: Melhorar a sua entrega de lições de casa.,Melhorar: Empenhar-se mais nas aulas e avaliações.,Melhorar: Integrar-se mais aos Princípios Passos Mágicos.,2022,5.564,,,,1.0,2.0,fase_0_7,11.0,3,-1.0,False,True
483,0,2011.0,2019,Pública,Agata,6.3972,,,3.0,Avaliador-15,,Avaliador-4,,Avaliador-3,,,,9.0,6.0,2.52,,5.6,5.0,6.2,,,8.166666667,5.0,,,,2023,7.916666667,,,,1.0,3.0,fase_0_7,12.0,4,-2.0,False,True
483,0,2011.0,2021,Pública,Agata,6.578604762,,,3.0,Avaliador-19,,Avaliador-5,,Avaliador-2,,,,8.502,5.6428571430000005,6.26,,5.25,2.0,8.5,,,8.056666667,5.0,,,,2024,8.125,,,EE Mario Francisco de Amorim,2.0,3.0,fase_0_7,13.0,3,-1.0,False,True
484,1,2011.0,2022,Escola Pública,Ágata,6.71,144.0,11.0,3.0,Avaliador-4,Mantido na Fase atual,Avaliador-2,Promovido de Fase,Avaliador-15,Mantido na Fase atual,,,9.5,8.7,5.0,Requer avaliação,6.5,8.0,5.0,,Não,6.389,5.0,Destaque: A sua boa entrega das lições de casa.,Melhorar: Empenhar-se mais nas aulas e avaliações.,Melhorar: Integrar-se mais aos Princípios Passos Mágicos.,2022,4.421999999999997,,,,1.0,2.0,fase_0_7,11.0,0,-1.0,False,True
484,1,2011.0,2022,Pública,Quartzo,5.515466667,,,3.0,Avaliador-15,,Avaliador-5,,Avaliador-2,,,,6.4,7.5,2.52,,3.6,3.2,4.0,,,6.8,5.0,,,,2023,5.416666667,,,,2.0,3.0,fase_0_7,12.0,1,-1.0,False,True
484,1,2011.0,2022,Pública,Quartzo,3.8354776573333336,,,4.0,Avaliador-21,,Avaliador-26,,Avaliador-23,,Avaliador-5,,8.334,3.9141382866666654,2.51,,0.0,0.0,0.0,0.0,,3.1225,10.0,,,,2024,3.4375,,,EE Leonice de Aquino Oliveira,3.0,3.0,fase_0_7,13.0,2,0.0,False,False
485,1,2012.0,2020,Escola Pública,Quartzo,4.742,191.0,14.0,3.0,Avaliador-4,Mantido na Fase atual,Avaliador-2,Mantido na Fase atual,Avaliador-15,Mantido na Fase atual,,,9.5,4.0,7.5,Não atendido,1.2,1.0,1.3,,Não,5.444,5.0,Melhorar: Melhorar a sua entrega de lições de casa.,Melhorar: Empenhar-se mais nas aulas e avaliações.,Melhorar: Integrar-se mais aos Princípios Passos Mágicos.,2022,4.131999999999998,,,,1.0,2.0,fase_0_7,10.0,2,-1.0,False,True
486,0,2012.0,2020,Escola Pública,Ametista,7.621,68.0,4.0,3.0,Avaliador-4,Mantido na Fase atual,Avaliador-2,Promovido de Fase,Avaliador-15,Mantido na Fase atual,,,10.0,9.9,7.5,Não atendido,7.3,6.7,7.8,,Não,7.222,5.0,Destaque: A sua boa entrega das lições de casa.,Melhorar: Empenhar-se mais nas aulas e avaliações.,Melhorar: Integrar-se mais aos Princípios Passos Mágicos.,2022,4.866000000000001,,,,1.0,2.0,fase_0_7,10.0,2,-1.0,False,True
486,0,2012.0,2020,Privada,Ametista,7.1043,,,3.0,Avaliador-15,,Avaliador-5,,Avaliador-2,,,,8.4,6.4,2.52,,6.2,3.3,9.0,,,8.7525,10.0,,,,2023,7.5,,,,2.0,2.0,fase_0_7,11.0,3,0.0,False,False
487,0,2012.0,2019,Rede Decisão,Topázio,8.417,6.0,2.0,3.0,Avaliador-4,Promovido de Fase + Bolsa,Avaliador-2,Promovido de Fase,Avaliador-15,Promovido de Fase + Bolsa,,,7.5,9.7,7.5,Não atendido,9.6,9.7,9.5,,Não,9.333,5.0,Destaque: A sua boa entrega das lições de casa.,Destaque: As suas boas notas na Passos Mágicos.,Destaque: A sua boa integração aos Princípios Passos Mágicos.,2022,6.904000000000004,,,,1.0,2.0,fase_0_7,10.0,3,-1.0,True,True
487,0,2012.0,2019,Privada - Programa de Apadrinhamento,Topázio,8.988866667,,,3.0,Avaliador-15,,Avaliador-5,,Avaliador-2,,,,8.5,9.9,5.0,,9.5,9.2,9.7,,,9.26,10.0,,,,2023,9.166666667,,,,2.0,2.0,fase_0_7,11.0,4,0.0,True,False
487,0,2012.0,2021,Privada - Programa de Apadrinhamento,Topázio,9.4171373016,,,4.0,Avaliador-21,,Avaliador-26,,Avaliador-23,,Avaliador-5,,9.168,9.441269841333334,9.38,,9.666666666666666,10.0,9.0,10.0,,9.1725,10.0,,,,2024,9.0625,,,Colégio Arco Íris Evolução,3.0,3.0,fase_0_7,12.0,3,0.0,True,False
488,0,2012.0,2022,Escola Pública,Ametista,7.413,92.0,8.0,3.0,Avaliador-4,Mantido na Fase atual,Avaliador-2,Promovido de Fase,Avaliador-15,Mantido na Fase atual,,,8.5,8.8,7.5,Não atendido,7.3,6.0,8.5,,Não,7.722,5.0,Destaque: A sua boa entrega das lições de casa.,Melhorar: Empenhar-se mais nas aulas e avaliações.,Destaque: A sua boa integração aos Princípios Passos Mágicos.,2022,5.485999999999995,,,,1.0,2.0,fase_0_7,10.0,0,-1.0,False,True
489,0,2013.0,2022,Escola Pública,Quartzo,5.853,176.0,12.0,3.0,Avaliador-4,Mantido na Fase atual,Avaliador-2,Mantido na Fase atual,Avaliador-15,Mantido na Fase atual,,,9.0,7.2,7.5,Não atendido,0.0,0.0,0.0,,Não,6.5,10.0,Melhorar: Melhorar a sua entrega de lições de casa.,Melhorar: Empenhar-se mais nas aulas e avaliações.,Melhorar: Integrar-se mais aos Princípios Passos Mágicos.,2022,4.630000000000001,,,,1.0,1.0,fase_0_7,9.0,0,0.0,False,False
49,0,2005.0,2022,Escola Pública,Ágata,6.304,42.0,6.0,3.0,Avaliador-5,Mantido na Fase atual,Avaliador-27,Mantido na Fase atual,Avaliador-24,Promovido de Fase,Avaliador-31,,7.5,7.4,7.5,Sem limitações,3.9,1.5,4.2,6.2,Não,7.042,5.0,Melhorar: Melhorar a sua entrega de lições de casa.,Melhorar: Empenhar-se mais nas aulas e avaliações.,Melhorar: Integrar-se mais aos Princípios Passos Mágicos.,2022,6.356000000000002,,,,5.0,7.0,fase_0_7,17.0,0,-2.0,False,True
49,0,2005.0,2022,Privada *Parcerias com Bolsa 100%,,,,,,,,,,,,,,,,,,,,,,,,10.0,,,,2023,,,,,8.0,8.0,fase_8,18.0,1,0.0,False,False
49,0,2005.0,2022,Privada - Pagamento por *Empresa Parceira,,,,,0.0,,,,,,,,,,,,,,,,,,,10.0,,,,2024,,,,Faculdade FIAP,8.0,8.0,fase_8,19.0,2,0.0,False,False
490,0,2012.0,2022,Escola Pública,Ametista,7.576,77.0,5.0,3.0,Avaliador-4,Mantido na Fase atual,Avaliador-2,Promovido de Fase,Avaliador-15,Promovido de Fase,,,7.9,8.2,7.5,Não atendido,7.7,6.0,9.3,,Não,8.722,5.0,Destaque: A sua boa entrega das lições de casa.,Destaque: As suas boas notas na Passos Mágicos.,Destaque: A sua boa integração aos Princípios Passos Mágicos.,2022,6.116000000000001,,,,1.0,2.0,fase_0_7,10.0,0,-1.0,True,True
490,0,2012.0,2022,Privada,Ametista,7.429466667,,,3.0,Avaliador-15,,Avaliador-5,,Avaliador-2,,,,7.9,7.9,2.52,,5.8,2.8,8.7,,,9.0075,10.0,,,,2023,8.541666667,,,,2.0,2.0,fase_0_7,11.0,1,0.0,True,False
490,0,2012.0,2022,Privada,Ametista,7.368084290266667,,,4.0,Avaliador-21,,Avaliador-26,,Avaliador-23,,Avaliador-5,,9.168,5.5110047846666665,8.755,,6.166666666666667,5.5,6.0,7.0,,7.295,10.0,,,,2024,7.8125,,,Rede Decisão - Unidade União,3.0,2.0,fase_0_7,12.0,2,1.0,False,False
491,1,2011.0,2022,Escola Pública,Ametista,7.461,86.0,7.0,3.0,Avaliador-4,Mantido na Fase atual,Avaliador-2,Promovido de Fase,Avaliador-15,Mantido na Fase atual,,,7.5,9.7,7.5,Não atendido,7.0,6.0,8.0,,Não,7.722,5.0,Destaque: A sua boa entrega das lições de casa.,Melhorar: Empenhar-se mais nas aulas e avaliações.,Destaque: A sua boa integração aos Princípios Passos Mágicos.,2022,5.766,,,,1.0,2.0,fase_0_7,11.0,0,-1.0,False,True
491,1,2011.0,2022,Pública,Ametista,7.560533333,,,3.0,Avaliador-15,,Avaliador-5,,Avaliador-2,,,,9.5,9.6,2.52,,5.0,3.3,6.7,,,8.3375,10.0,,,,2023,7.708333333,,,,2.0,2.0,fase_0_7,12.0,1,0.0,False,False
491,1,2011.0,2022,Pública,Agata,6.995247619100001,,,3.0,Avaliador-19,,Avaliador-5,,Avaliador-2,,,,7.502,9.011904762,7.51,,5.25,1.5,9.0,,,7.166666667,5.0,,,,2024,7.083333333,,,EE Mario Francisco de Amorim,2.0,3.0,fase_0_7,13.0,2,-1.0,False,True
492,0,2011.0,2022,Escola Pública,Ametista,7.678,63.0,3.0,3.0,Avaliador-4,Promovido de Fase,Avaliador-2,Promovido de Fase,Avaliador-15,Mantido na Fase atual,,,10.0,8.8,7.5,Não atendido,7.1,8.2,6.0,,Não,8.278,5.0,Destaque: A sua boa entrega das lições de casa.,Melhorar: Empenhar-se mais nas aulas e avaliações.,Destaque: A sua boa integração aos Princípios Passos Mágicos.,2022,5.924000000000005,,,,1.0,2.0,fase_0_7,11.0,0,-1.0,False,True
493,0,2013.0,2020,Escola Pública,Topázio,8.306,12.0,1.0,3.0,Avaliador-4,Mantido na Fase atual,Avaliador-2,Promovido de Fase,Avaliador-15,Promovido de Fase,,,10.0,9.4,7.5,Sem limitações,7.2,7.3,7.0,,Não,8.278,10.0,Destaque: A sua boa entrega das lições de casa.,Melhorar: Empenhar-se mais nas aulas e avaliações.,Destaque: A sua boa integração aos Princípios Passos Mágicos.,2022,5.803999999999991,,,,1.0,1.0,fase_0_7,9.0,2,0.0,False,False
493,0,2013.0,2020,Pública,Ametista,7.934366667,,,3.0,Avaliador-15,,Avaliador-5,,Avaliador-2,,,,9.5,9.6,2.52,,6.0,4.7,7.2,,,8.84,10.0,,,,2023,8.541666667,,,,2.0,2.0,fase_0_7,10.0,3,0.0,False,False
493,0,2013.0,2021,Pública,Ametista,7.464325,,,4.0,Avaliador-21,,Avaliador-26,,Avaliador-23,,Avaliador-5,,10.002,8.933333333333334,10.0,,3.1666666666666665,3.0,4.0,2.5,,6.705,10.0,,,,2024,7.03125,,,EE Mario Francisco de Amorim,3.0,2.0,fase_0_7,11.0,3,1.0,False,False
494,0,2011.0,2022,Escola Pública,Ágata,6.407,159.0,13.0,3.0,Avaliador-4,Promovido de Fase,Avaliador-2,Promovido de Fase,Avaliador-15,Mantido na Fase atual,,,6.4,8.3,5.0,Requer avaliação,5.8,6.3,5.2,,Não,6.944,5.0,Destaque: A sua boa entrega das lições de casa.,Melhorar: Empenhar-se mais nas aulas e avaliações.,Melhorar: Integrar-se mais aos Princípios Passos Mágicos.,2022,5.581999999999994,,,,1.0,2.0,fase_0_7,11.0,0,-1.0,False,True
494,0,2011.0,2022,Privada,Ametista,7.116633333,,,3.0,Avaliador-15,,Avaliador-5,,Avaliador-2,,,,6.9,9.0,2.52,,6.8,6.3,7.3,,,8.71,5.0,,,,2023,7.708333333,,,,2.0,3.0,fase_0_7,12.0,1,-1.0,False,True
494,0,2011.0,2022,Privada,Ametista,7.922281328333334,,,4.0,Avaliador-21,,Avaliador-26,,Avaliador-23,,Avaliador-5,,7.5,7.329323308333333,8.755,,6.333333333333333,6.0,5.5,7.5,,8.915,10.0,,,,2024,7.8125,,,Rede Decisão - Unidade União,3.0,3.0,fase_0_7,13.0,2,0.0,True,False
495,1,2011.0,2022,Escola Pública,Ametista,7.857,42.0,6.0,3.0,Avaliador-4,Promovido de Fase,Avaliador-2,Promovido de Fase,Avaliador-15,Promovido de Fase,,,9.0,8.9,7.5,Sem limitações,8.4,8.0,8.8,,Não,8.056,5.0,Destaque: A sua boa entrega das lições de casa.,Destaque: As suas boas notas na Passos Mágicos.,Destaque: A sua boa integração aos Princípios Passos Mágicos.,2022,6.357999999999997,,,,1.0,2.0,fase_0_7,11.0,0,-1.0,False,True
495,1,2011.0,2022,Privada,Ametista,7.417366667,,,3.0,Avaliador-15,,Avaliador-5,,Avaliador-2,,,,9.0,8.4,2.52,,7.4,6.0,8.8,,,8.755,5.0,,,,2023,8.541666667,,,,2.0,3.0,fase_0_7,12.0,1,-1.0,False,True
496,1,2011.0,2018,Escola Pública,Ágata,6.683,145.0,12.0,3.0,Avaliador-4,Promovido de Fase,Avaliador-2,Promovido de Fase,Avaliador-15,Promovido de Fase,,,8.5,6.8,7.5,Requer avaliação,5.7,5.8,5.5,,Não,7.556,5.0,Melhorar: Melhorar a sua entrega de lições de casa.,Melhorar: Empenhar-se mais nas aulas e avaliações.,Destaque: A sua boa integração aos Princípios Passos Mágicos.,2022,5.717999999999996,,,,1.0,2.0,fase_0_7,11.0,4,-1.0,False,True
496,1,2011.0,2018,Privada,Agata,6.603666667,,,3.0,Avaliador-15,,Avaliador-5,,Avaliador-2,,,,0.0,7.1,5.0,,8.3,7.5,9.0,,,8.71,5.0,,,,2023,7.916666667,,,,2.0,3.0,fase_0_7,12.0,5,-1.0,False,True
496,1,2011.0,2021,Privada,Agata,6.726607507733334,,,4.0,Avaliador-21,,Avaliador-26,,Avaliador-23,,Avaliador-5,,10.002,5.315995871999999,6.255,,5.666666666666667,5.0,4.5,7.5,,6.1625,10.0,,,,2024,6.71875,,,Recanto Betânia Centro Educacional,3.0,3.0,fase_0_7,13.0,3,0.0,False,False
497,0,2009.0,2016,Rede Decisão,Ágata,6.323,163.0,14.0,3.0,Avaliador-4,Promovido de Fase + Bolsa,Avaliador-2,Promovido de Fase,Avaliador-15,Promovido de Fase,,,6.9,9.2,5.0,Não indicado,5.1,4.2,6.0,,Não,5.833,5.0,Destaque: A sua boa entrega das lições de casa.,Melhorar: Empenhar-se mais nas aulas e avaliações.,Melhorar: Integrar-se mais aos Princípios Passos Mágicos.,2022,6.064000000000007,,,,1.0,3.0,fase_0_7,13.0,6,-2.0,False,True
497,0,2009.0,2016,Privada - Programa de apadrinhamento,Quartzo,5.7191,,,3.0,Avaliador-15,,Avaliador-5,,Avaliador-2,,,,5.3,8.7,2.52,,3.5,1.7,5.3,,,6.885,5.0,,,,2023,6.25,,,,2.0,4.0,fase_0_7,14.0,7,-2.0,False,True
497,0,2009.0,2021,Privada - Programa de apadrinhamento,Quartzo,4.4960809524,,,3.0,Avaliador-19,,Avaliador-5,,Avaliador-2,,,,7.502,6.095238095,5.63,,1.0,0.0,2.0,,,3.506666667,5.0,,,,2024,5.625,,,EE Mario Francisco de Amorim,2.0,3.0,fase_0_7,15.0,3,-1.0,False,True
498,0,2011.0,2018,Escola Pública,Ametista,7.7,61.0,9.0,3.0,Avaliador-4,Promovido de Fase,Avaliador-2,Promovido de Fase,Avaliador-15,Mantido na Fase atual,,,8.5,8.8,7.5,Sem limitações,8.8,8.0,9.5,,Não,7.556,5.0,Destaque: A sua boa entrega das lições de casa.,Destaque: As suas boas notas na Passos Mágicos.,Destaque: A sua boa integração aos Princípios Passos Mágicos.,2022,5.687999999999986,,,,1.0,2.0,fase_0_7,11.0,4,-1.0,False,True
499,1,2012.0,2020,Escola Pública,Ametista,7.826,46.0,7.0,3.0,Avaliador-4,Mantido na Fase atual,Avaliador-2,Promovido de Fase,Avaliador-15,Mantido na Fase atual,,,8.5,10.0,7.5,Sem limitações,8.2,8.2,8.2,,Não,7.444,5.0,Destaque: A sua boa entrega das lições de casa.,Destaque: As suas boas notas na Passos Mágicos.,Melhorar: Integrar-se mais aos Princípios Passos Mágicos.,2022,5.971999999999991,,,,1.0,2.0,fase_0_7,10.0,2,-1.0,False,True
499,1,2012.0,2020,Pública,Ametista,7.8883,,,3.0,Avaliador-15,,Avaliador-5,,Avaliador-2,,,,7.9,10.0,2.52,,6.6,5.3,7.8,,,8.2975,10.0,,,,2023,8.75,,,,2.0,2.0,fase_0_7,11.0,3,0.0,False,False
499,1,2012.0,2021,Pública,Ametista,7.5794738095,,,3.0,Avaliador-19,,Avaliador-5,,Avaliador-2,,,,8.502,9.0476190475,7.51,,4.75,2.0,7.5,,,7.5,10.0,,,,2024,7.1875,,,EE Leonice de Aquino Oliveira,2.0,2.0,fase_0_7,12.0,3,0.0,False,False
5,0,2005.0,2016,Rede Decisão,Ametista,7.427,6.0,2.0,4.0,Avaliador-5,Promovido de Fase,Avaliador-27,Promovido de Fase + Bolsa,Avaliador-28,Promovido de Fase + Bolsa,Avaliador-31,Promovido de Fase + Bolsa,7.9,8.6,5.6,Requer avaliação,5.2,7.0,2.9,5.7,Não,7.389,10.0,Destaque: A sua boa entrega das lições de casa.,Melhorar: Empenhar-se mais nas aulas e avaliações.,Melhorar: Integrar-se mais aos Princípios Passos Mágicos.,2022,8.392,,,,7.0,7.0,fase_0_7,17.0,6,0.0,False,False
5,0,2005.0,2016,Privada *Parcerias com Bolsa 100%,,,,,,,,,,,,,,,,,,,,,,,,10.0,,,,2023,,,,,8.0,8.0,fase_8,18.0,7,0.0,False,False
50,0,2004.0,2022,Escola Pública,Ametista,7.138,28.0,4.0,3.0,Avaliador-5,Promovido de Fase,Avaliador-27,Mantido na Fase atual,Avaliador-24,Promovido de Fase,Avaliador-31,,7.5,8.4,7.5,Sem limitações,7.8,6.5,7.3,9.7,Não,7.542,2.5,Destaque: A sua boa entrega das lições de casa.,Destaque: As suas boas notas na Passos Mágicos.,Destaque: A sua boa integração aos Princípios Passos Mágicos.,2022,6.395999999999997,,,,5.0,8.0,fase_0_7,18.0,0,-3.0,False,True
500,0,2012.0,2020,Escola Pública,Topázio,8.232,16.0,3.0,3.0,Avaliador-4,Promovido de Fase + Bolsa,Avaliador-2,Promovido de Fase,Avaliador-15,Promovido de Fase,,,9.0,10.0,7.5,Sem limitações,9.5,9.5,9.5,,Sim,7.889,5.0,Destaque: A sua boa entrega das lições de casa.,Destaque: As suas boas notas na Passos Mágicos.,Destaque: A sua boa integração aos Princípios Passos Mágicos.,2022,6.041999999999987,,,,1.0,2.0,fase_0_7,10.0,2,-1.0,False,True
500,0,2012.0,2020,Pública,Topázio,8.427533333,,,3.0,Avaliador-15,,Avaliador-5,,Avaliador-2,,,,9.5,10.0,2.52,,7.9,8.5,7.2,,,8.7975,10.0,,,,2023,8.958333333,,,,2.0,2.0,fase_0_7,11.0,3,0.0,False,False
500,0,2012.0,2021,Privada - Programa de Apadrinhamento,Topázio,8.077708333333334,,,4.0,Avaliador-22,,Avaliador-23,,Avaliador-26,,Avaliador-5,,9.585,10.0,2.51,,6.666666666666667,6.0,6.0,8.0,,8.3775,10.0,,,,2024,8.59375,,,Colégio Arco Íris Evolução,3.0,3.0,fase_0_7,12.0,3,0.0,False,False
501,1,2013.0,2021,Escola Pública,Ametista,7.794,48.0,8.0,3.0,Avaliador-4,Mantido na Fase atual,Avaliador-2,Promovido de Fase,Avaliador-15,Mantido na Fase atual,,,8.5,8.8,7.5,Sem limitações,6.8,8.0,5.7,,Não,7.333,10.0,Destaque: A sua boa entrega das lições de casa.,Melhorar: Empenhar-se mais nas aulas e avaliações.,Melhorar: Integrar-se mais aos Princípios Passos Mágicos.,2022,6.073999999999993,,,,1.0,1.0,fase_0_7,9.0,1,0.0,False,False
501,1,2013.0,2021,Pública,Topázio,8.1357,,,3.0,Avaliador-19,,Avaliador-4,,Avaliador-3,,,,7.0,8.4,7.52,,8.9,9.2,8.5,,,9.396666667,5.0,,,,2023,8.541666667,,,,1.0,2.0,fase_0_7,10.0,2,-1.0,True,True
501,1,2013.0,2021,Privada,Topázio,8.2779474937,,,3.0,Avaliador-20,,Avaliador-19,,Avaliador-2,,,,7.002,7.9949874685,7.51,,8.75,8.5,9.0,,,8.17,10.0,,,,2024,8.4375,,,João Friaza Colégio,2.0,2.0,fase_0_7,11.0,3,0.0,False,False
502,0,2014.0,2021,Rede Decisão,Topázio,8.287,13.0,2.0,3.0,Avaliador-4,Mantido na Fase atual,Avaliador-2,Promovido de Fase,Avaliador-15,Mantido na Fase atual,,,9.5,9.7,7.5,Sem limitações,7.4,6.7,8.2,,Não,7.778,10.0,Destaque: A sua boa entrega das lições de casa.,Melhorar: Empenhar-se mais nas aulas e avaliações.,Destaque: A sua boa integração aos Princípios Passos Mágicos.,2022,6.114000000000006,,,,1.0,0.0,fase_0_7,8.0,1,1.0,False,False
502,0,2014.0,2021,Privada - Programa de Apadrinhamento,Topázio,8.749075,,,3.0,Avaliador-15,,Avaliador-4,,Avaliador-3,,,,8.5,9.8,7.52,,8.0,6.7,9.3,,,8.95,10.0,,,,2023,7.96875,,,,1.0,1.0,fase_0_7,9.0,2,0.0,False,False
502,0,2014.0,2021,Privada - Programa de Apadrinhamento,Topázio,8.5023309524,,,3.0,Avaliador-20,,Avaliador-19,,Avaliador-2,,,,9.002,9.761904762,3.755,,8.0,6.0,10.0,,,8.84,10.0,,,,2024,9.0625,,,Colégio Arco Íris Evolução,2.0,2.0,fase_0_7,10.0,3,0.0,True,False
503,1,2012.0,2020,Escola Pública,Ametista,7.95,38.0,5.0,3.0,Avaliador-4,Promovido de Fase,Avaliador-2,Promovido de Fase,Avaliador-15,Promovido de Fase,,,8.5,10.0,7.5,Sem limitações,8.8,8.7,9.0,,Não,7.5,5.0,Destaque: A sua boa entrega das lições de casa.,Destaque: As suas boas notas na Passos Mágicos.,Destaque: A sua boa integração aos Princípios Passos Mágicos.,2022,5.900000000000008,,,,1.0,2.0,fase_0_7,10.0,2,-1.0,False,True
503,1,2012.0,2020,Pública,Topázio,8.4682,,,3.0,Avaliador-15,,Avaliador-5,,Avaliador-2,,,,9.5,10.0,2.52,,8.7,8.7,8.7,,,8.255,10.0,,,,2023,8.75,,,,2.0,2.0,fase_0_7,11.0,3,0.0,False,False
503,1,2012.0,2021,Pública,Topázio,8.547495614066667,,,4.0,Avaliador-22,,Avaliador-23,,Avaliador-26,,Avaliador-5,,9.585,9.824561403666666,7.51,,7.666666666666667,6.0,8.0,9.0,,7.7925,10.0,,,,2024,7.8125,,,EE Leonice de Aquino Oliveira,3.0,2.0,fase_0_7,12.0,3,1.0,False,False
504,0,2013.0,2021,Escola Pública,Topázio,8.072,29.0,4.0,3.0,Avaliador-4,Mantido na Fase atual,Avaliador-2,Promovido de Fase,Avaliador-15,Promovido de Fase,,,8.5,8.9,7.5,Sem limitações,8.0,7.8,8.2,,Não,7.556,10.0,Destaque: A sua boa entrega das lições de casa.,Destaque: As suas boas notas na Passos Mágicos.,Destaque: A sua boa integração aos Princípios Passos Mágicos.,2022,5.807999999999982,,,,1.0,1.0,fase_0_7,9.0,1,0.0,False,False
504,0,2013.0,2021,Pública,Topázio,8.299533333,,,3.0,Avaliador-15,,Avaliador-4,,Avaliador-3,,,,8.0,8.3,7.52,,7.9,6.5,9.2,,,8.836666667,10.0,,,,2023,7.5,,,,1.0,1.0,fase_0_7,10.0,2,0.0,False,False
505,0,2011.0,2019,Escola Pública,Ametista,7.591,73.0,10.0,3.0,Avaliador-4,Promovido de Fase,Avaliador-2,Promovido de Fase,Avaliador-15,Promovido de Fase,,,9.5,8.0,7.5,Sem limitações,8.4,8.2,8.7,,Não,7.556,5.0,Destaque: A sua boa entrega das lições de casa.,Destaque: As suas boas notas na Passos Mágicos.,Destaque: A sua boa integração aos Princípios Passos Mágicos.,2022,5.997999999999992,,,,1.0,2.0,fase_0_7,11.0,3,-1.0,False,True
506,1,2010.0,2020,Escola Pública,Ametista,7.132,113.0,11.0,3.0,Avaliador-4,Promovido de Fase,Avaliador-2,Promovido de Fase,Avaliador-15,Promovido de Fase,,,9.5,7.3,7.5,Sem limitações,7.2,8.3,6.0,,Não,7.278,5.0,Melhorar: Melhorar a sua entrega de lições de casa.,Melhorar: Empenhar-se mais nas aulas e avaliações.,Melhorar: Integrar-se mais aos Princípios Passos Mágicos.,2022,5.763999999999996,,,,1.0,3.0,fase_0_7,12.0,2,-2.0,False,True
506,1,2010.0,2020,Pública,Ametista,7.750033333,,,3.0,Avaliador-15,,Avaliador-5,,Avaliador-2,,,,9.5,8.1,5.0,,8.5,7.3,9.7,,,7.92,5.0,,,,2023,8.958333333,,,,2.0,3.0,fase_0_7,13.0,3,-1.0,False,True
507,0,2011.0,2021,Escola Pública,Ametista,7.653,66.0,4.0,3.0,Avaliador-4,Promovido de Fase,Avaliador-2,Promovido de Fase,Avaliador-15,Promovido de Fase,,,8.5,10.0,7.5,Não atendido,7.4,7.3,7.5,,Não,7.222,5.0,Destaque: A sua boa entrega das lições de casa.,Melhorar: Empenhar-se mais nas aulas e avaliações.,Melhorar: Integrar-se mais aos Princípios Passos Mágicos.,2022,6.285999999999996,,,,1.0,2.0,fase_0_7,11.0,1,-1.0,False,True
508,1,2012.0,2022,Escola Pública,Ágata,6.575,155.0,10.0,3.0,Avaliador-4,Mantido na Fase atual,Avaliador-2,Promovido de Fase,Avaliador-15,Mantido na Fase atual,,,8.0,7.4,7.5,Não atendido,4.5,0.0,9.0,,Não,7.556,5.0,Melhorar: Melhorar a sua entrega de lições de casa.,Melhorar: Empenhar-se mais nas aulas e avaliações.,Destaque: A sua boa integração aos Princípios Passos Mágicos.,2022,6.337999999999999,,,,1.0,2.0,fase_0_7,10.0,0,-1.0,False,True
508,1,2012.0,2022,Pública,Ametista,7.671633333,,,3.0,Avaliador-15,,Avaliador-5,,Avaliador-2,,,,6.4,8.6,2.52,,7.5,6.2,8.7,,,8.6725,10.0,,,,2023,8.333333333,,,,2.0,2.0,fase_0_7,11.0,1,0.0,False,False
508,1,2012.0,2022,Pública,Agata,6.771708625733333,,,4.0,Avaliador-22,,Avaliador-23,,Avaliador-26,,Avaliador-5,,7.083,5.567251461999999,7.51,,4.666666666666667,0.0,7.0,7.0,,7.5,10.0,,,,2024,7.65625,,,EE Alexandre Rodrigues Nogueira,3.0,2.0,fase_0_7,12.0,2,1.0,False,False
509,0,2010.0,2018,Escola Pública,Ametista,7.808,47.0,3.0,3.0,Avaliador-4,Promovido de Fase,Avaliador-2,Promovido de Fase,Avaliador-15,Promovido de Fase + Bolsa,,,9.0,8.2,7.5,Não atendido,9.2,9.3,9.0,,Sim,7.833,5.0,Destaque: A sua boa entrega das lições de casa.,Destaque: As suas boas notas na Passos Mágicos.,Destaque: A sua boa integração aos Princípios Passos Mágicos.,2022,6.113999999999997,,,,1.0,3.0,fase_0_7,12.0,4,-2.0,False,True
509,0,2010.0,2018,Pública,Ametista,7.606033333,,,3.0,Avaliador-15,,Avaliador-5,,Avaliador-2,,,,8.5,8.1,2.52,,8.6,8.2,9.0,,,8.84,5.0,,,,2023,8.958333333,,,,2.0,3.0,fase_0_7,13.0,5,-1.0,False,True
509,0,2010.0,2021,Pública,Agata,6.918152272733334,,,4.0,Avaliador-22,,Avaliador-23,,Avaliador-26,,Avaliador-5,,9.168,6.363636363666667,2.51,,6.0,6.0,4.5,7.5,,7.2475,10.0,,,,2024,8.28125,,,EE Leonice de Aquino Oliveira,3.0,3.0,fase_0_7,14.0,3,0.0,False,False
51,0,2005.0,2022,Escola Pública,Ágata,6.488,39.0,13.0,3.0,Avaliador-5,Mantido na Fase atual,Avaliador-27,Mantido na Fase atual,Avaliador-24,Mantido na Fase atual,Avaliador-31,,8.8,7.6,7.5,Não atendido,5.0,4.5,4.5,6.0,Não,6.5,5.0,Destaque: A sua boa entrega das lições de casa.,Melhorar: Empenhar-se mais nas aulas e avaliações.,Melhorar: Integrar-se mais aos Princípios Passos Mágicos.,2022,5.380000000000003,,,,5.0,7.0,fase_0_7,17.0,0,-2.0,False,True
510,1,2010.0,2022,Escola Pública,Ametista,7.336,98.0,6.0,3.0,Avaliador-4,Promovido de Fase,Avaliador-2,Promovido de Fase,Avaliador-15,Promovido de Fase,,,8.0,9.3,7.5,Não atendido,7.1,5.8,8.3,,Não,7.056,5.0,Destaque: A sua boa entrega das lições de casa.,Melhorar: Empenhar-se mais nas aulas e avaliações.,Melhorar: Integrar-se mais aos Princípios Passos Mágicos.,2022,5.948000000000002,,,,1.0,3.0,fase_0_7,12.0,0,-2.0,False,True
511,0,2012.0,2022,Escola Pública,Ametista,7.094,117.0,7.0,3.0,Avaliador-4,Mantido na Fase atual,Avaliador-2,Promovido de Fase,Avaliador-15,Mantido na Fase atual,,,8.0,10.0,7.5,Não atendido,5.3,2.0,8.5,,Não,7.056,5.0,Destaque: A sua boa entrega das lições de casa.,Melhorar: Empenhar-se mais nas aulas e avaliações.,Melhorar: Integrar-se mais aos Princípios Passos Mágicos.,2022,5.728,,,,1.0,2.0,fase_0_7,10.0,0,-1.0,False,True
512,0,2012.0,2022,Escola Pública,Ametista,7.365,97.0,5.0,3.0,Avaliador-4,Mantido na Fase atual,Avaliador-2,Promovido de Fase,Avaliador-15,Promovido de Fase,,,9.0,9.3,7.5,Não atendido,6.2,5.3,7.0,,Não,7.722,5.0,Destaque: A sua boa entrega das lições de casa.,Melhorar: Empenhar-se mais nas aulas e avaliações.,Destaque: A sua boa integração aos Princípios Passos Mágicos.,2022,5.705999999999989,,,,1.0,2.0,fase_0_7,10.0,0,-1.0,False,True
513,1,2013.0,2021,Escola Pública,Topázio,8.229,17.0,2.0,3.0,Avaliador-4,Mantido na Fase atual,Avaliador-2,Promovido de Fase,Avaliador-15,Mantido na Fase atual,,,9.0,9.6,5.6,Requer avaliação,8.3,8.2,8.5,,Não,7.778,10.0,Destaque: A sua boa entrega das lições de casa.,Destaque: As suas boas notas na Passos Mágicos.,Destaque: A sua boa integração aos Princípios Passos Mágicos.,2022,6.333999999999991,,,,1.0,1.0,fase_0_7,9.0,1,0.0,False,False
513,1,2013.0,2021,Privada,Topázio,8.297866667,,,3.0,Avaliador-15,,Avaliador-5,,Avaliador-2,,,,9.5,9.7,2.52,,7.5,7.2,7.8,,,9.0075,10.0,,,,2023,8.541666667,,,,2.0,2.0,fase_0_7,10.0,2,0.0,True,False
513,1,2013.0,2021,Privada,Topázio,8.728632539666668,,,4.0,Avaliador-21,,Avaliador-26,,Avaliador-23,,Avaliador-5,,10.002,8.831746031666666,8.135,,7.666666666666667,9.0,5.5,8.5,,8.545,10.0,,,,2024,9.0625,,,Escola João Paulo II,3.0,2.0,fase_0_7,11.0,3,1.0,True,False
514,0,2013.0,2022,Escola Pública,Ametista,7.039,123.0,8.0,3.0,Avaliador-4,Mantido na Fase atual,Avaliador-2,Promovido de Fase,Avaliador-15,Mantido na Fase atual,,,8.0,9.7,7.5,Não atendido,4.8,2.0,7.5,,Não,5.889,10.0,Destaque: A sua boa entrega das lições de casa.,Melhorar: Empenhar-se mais nas aulas e avaliações.,Melhorar: Integrar-se mais aos Princípios Passos Mágicos.,2022,4.111999999999991,,,,1.0,1.0,fase_0_7,9.0,0,0.0,False,False
514,0,2013.0,2022,Pública,Quartzo,5.823133333,,,3.0,Avaliador-19,,Avaliador-4,,Avaliador-3,,,,7.9,7.5,2.52,,5.5,4.2,6.8,,,5.896666667,5.0,,,,2023,5.0,,,,1.0,2.0,fase_0_7,10.0,1,-1.0,False,True
514,0,2013.0,2022,Pública,Agata,6.219580952400001,,,3.0,Avaliador-19,,Avaliador-5,,Avaliador-2,,,,9.002,7.595238095,4.385,,3.0,3.0,3.0,,,5.996666667,10.0,,,,2024,5.625,,,EE Paschoal Carlos Magno,2.0,2.0,fase_0_7,11.0,2,0.0,False,False
515,1,2010.0,2022,Escola Pública,Ágata,6.582,154.0,9.0,3.0,Avaliador-4,Mantido na Fase atual,Avaliador-2,Promovido de Fase,Avaliador-15,Mantido na Fase atual,,,8.0,6.3,7.5,Não atendido,5.8,8.5,3.2,,Não,7.556,5.0,Melhorar: Melhorar a sua entrega de lições de casa.,Melhorar: Empenhar-se mais nas aulas e avaliações.,Destaque: A sua boa integração aos Princípios Passos Mágicos.,2022,6.0080000000000044,,,,1.0,3.0,fase_0_7,12.0,0,-2.0,False,True
516,1,2013.0,2019,Rede Decisão,Topázio,8.903,2.0,1.0,3.0,Avaliador-4,Promovido de Fase + Bolsa,Avaliador-2,Promovido de Fase,Avaliador-15,Promovido de Fase + Bolsa,,,10.0,9.7,7.5,Não atendido,9.9,10.0,9.8,,Não,8.056,10.0,Destaque: A sua boa entrega das lições de casa.,Destaque: As suas boas notas na Passos Mágicos.,Destaque: A sua boa integração aos Princípios Passos Mágicos.,2022,6.218000000000004,,,,1.0,1.0,fase_0_7,9.0,3,0.0,False,False
516,1,2013.0,2019,Privada - Programa de Apadrinhamento,Topázio,8.6807,,,3.0,Avaliador-15,,Avaliador-5,,Avaliador-2,,,,10.0,9.8,2.52,,9.3,9.0,9.5,,,8.7175,10.0,,,,2023,8.75,,,,2.0,2.0,fase_0_7,10.0,4,0.0,False,False
516,1,2013.0,2021,Privada - Programa de Apadrinhamento,Topázio,8.384033333366668,,,3.0,Avaliador-21,,Avaliador-23,,Avaliador-26,,,,10.002,10.0,2.51,,8.833333333333334,8.0,8.5,10.0,,7.56,10.0,,,,2024,8.541666667,,,Colégio Arco Íris Evolução,3.0,2.0,fase_0_7,11.0,3,1.0,False,False
517,0,2010.0,2017,Escola Pública,Ametista,7.604,70.0,8.0,3.0,Avaliador-7,Promovido de Fase,Avaliador-3,Promovido de Fase,Avaliador-15,Promovido de Fase,,,6.9,9.5,7.5,Não atendido,7.7,7.8,7.5,,Não,7.833,5.0,Destaque: A sua boa entrega das lições de casa.,Destaque: As suas boas notas na Passos Mágicos.,Destaque: A sua boa integração aos Princípios Passos Mágicos.,2022,6.573999999999991,,,,1.0,3.0,fase_0_7,12.0,5,-2.0,False,True
517,0,2010.0,2017,Pública,Agata,6.3104,,,3.0,Avaliador-15,,Avaliador-5,,Avaliador-2,,,,4.1,9.0,2.52,,6.6,4.5,8.7,,,6.7125,5.0,,,,2023,6.875,,,,2.0,3.0,fase_0_7,13.0,6,-1.0,False,True
517,0,2010.0,2021,Pública,Quartzo,5.880466583166668,,,3.0,Avaliador-21,,Avaliador-23,,Avaliador-26,,,,7.5,5.266499582333334,2.51,,5.0,4.5,4.0,6.5,,6.11,10.0,,,,2024,6.041666667,,,EE Paschoal Carlos Magno,3.0,3.0,fase_0_7,14.0,3,0.0,False,False
518,1,2012.0,2022,Escola Pública,Ametista,7.661,65.0,7.0,3.0,Avaliador-7,Mantido na Fase atual,Avaliador-3,Mantido na Fase atual,Avaliador-15,Mantido na Fase atual,,,9.0,9.4,7.5,Não atendido,7.5,6.0,9.0,,Não,7.5,5.0,Destaque: A sua boa entrega das lições de casa.,Destaque: As suas boas notas na Passos Mágicos.,Destaque: A sua boa integração aos Princípios Passos Mágicos.,2022,6.309999999999993,,,,1.0,2.0,fase_0_7,10.0,0,-1.0,False,True
518,1,2012.0,2022,Pública,Ametista,7.5762,,,3.0,Avaliador-15,,Avaliador-5,,Avaliador-2,,,,8.5,8.5,5.0,,6.7,5.5,7.8,,,6.9175,10.0,,,,2023,8.125,,,,2.0,2.0,fase_0_7,11.0,1,0.0,False,False
518,1,2012.0,2022,Pública,Agata,6.3467483709,,,3.0,Avaliador-21,,Avaliador-23,,Avaliador-26,,,,8.334,6.830075188,2.51,,4.0,7.5,3.5,1.0,,6.94,10.0,,,,2024,7.083333333,,,EE Paschoal Carlos Magno,3.0,3.0,fase_0_7,12.0,2,0.0,False,False
519,1,2013.0,2022,Escola Pública,Ametista,8.0,36.0,5.0,3.0,Avaliador-7,Mantido na Fase atual,Avaliador-3,Mantido na Fase atual,Avaliador-15,Mantido na Fase atual,,,7.4,9.6,7.5,Não atendido,7.5,7.0,8.0,,Não,7.333,10.0,Destaque: A sua boa entrega das lições de casa.,Destaque: As suas boas notas na Passos Mágicos.,Melhorar: Integrar-se mais aos Princípios Passos Mágicos.,2022,6.234000000000002,,,,1.0,1.0,fase_0_7,9.0,0,0.0,False,False
519,1,2013.0,2022,Pública,Topázio,8.0177,,,3.0,Avaliador-15,,Avaliador-4,,Avaliador-3,,,,9.0,9.9,7.52,,7.4,7.5,7.2,,,8.223333333,5.0,,,,2023,7.708333333,,,,1.0,2.0,fase_0_7,10.0,1,-1.0,False,True
52,1,2009.0,2018,Rede Decisão,Ametista,7.861,12.0,5.0,3.0,Avaliador-5,Promovido de Fase,Avaliador-27,Mantido na Fase atual,Avaliador-24,Promovido de Fase + Bolsa,Avaliador-31,,9.6,8.9,7.5,Não atendido,6.2,3.3,6.3,8.8,Não,7.5,10.0,Destaque: A sua boa entrega das lições de casa.,Melhorar: Empenhar-se mais nas aulas e avaliações.,Destaque: A sua boa integração aos Princípios Passos Mágicos.,2022,6.309999999999993,,,,5.0,3.0,fase_0_7,13.0,4,2.0,False,False
52,1,2009.0,2018,Privada - Programa de Apadrinhamento,Ametista,7.9642,,,4.0,Avaliador-24,,Avaliador-7,,Avaliador-23,,Avaliador-8,,10.0,9.8,2.52,,6.4,7.7,4.8,6.7,,8.2975,10.0,,,,2023,8.125,,,,5.0,4.0,fase_0_7,14.0,5,1.0,False,False
52,1,2009.0,2021,Privada *Parcerias com Bolsa 100%,Topázio,8.144466666733333,,,0.0,,,,,,,,,8.751,9.437666667,6.885,,7.216666666666666,6.8,8.85,6.0,,7.5,10.0,,,,2024,7.5,,,FIAP School - SP,7.0,5.0,fase_0_7,15.0,3,2.0,False,False
520,0,2011.0,2022,Escola Pública,Ametista,7.035,125.0,10.0,3.0,Avaliador-7,Mantido na Fase atual,Avaliador-3,Mantido na Fase atual,Avaliador-15,Mantido na Fase atual,,,10.0,6.8,7.5,Não atendido,6.8,5.0,8.5,,Não,7.278,5.0,Melhorar: Melhorar a sua entrega de lições de casa.,Melhorar: Empenhar-se mais nas aulas e avaliações.,Melhorar: Integrar-se mais aos Princípios Passos Mágicos.,2022,6.093999999999991,,,,1.0,2.0,fase_0_7,11.0,0,-1.0,False,True
521,1,2013.0,2022,Escola Pública,Ametista,7.725,59.0,6.0,3.0,Avaliador-7,Mantido na Fase atual,Avaliador-3,Mantido na Fase atual,Avaliador-15,Mantido na Fase atual,,,9.0,10.0,5.0,Requer avaliação,6.0,5.0,7.0,,Não,7.5,10.0,Destaque: A sua boa entrega das lições de casa.,Melhorar: Empenhar-se mais nas aulas e avaliações.,Destaque: A sua boa integração aos Princípios Passos Mágicos.,2022,6.249999999999991,,,,1.0,1.0,fase_0_7,9.0,0,0.0,False,False
521,1,2013.0,2022,Pública,Agata,6.768666667,,,3.0,Avaliador-15,,Avaliador-4,,Avaliador-3,,,,0.0,9.9,3.77,,7.9,7.0,8.7,,,8.166666667,5.0,,,,2023,7.083333333,,,,1.0,2.0,fase_0_7,10.0,1,-1.0,False,True
521,1,2013.0,2022,Privada,Ametista,7.479842857199999,,,3.0,Avaliador-19,,Avaliador-5,,Avaliador-2,,,,8.002,9.0357142855,5.005,,6.25,7.0,5.5,,,7.276666667,10.0,,,,2024,6.666666667,,,Colégio Nogueira e Sonho de Criança,2.0,2.0,fase_0_7,11.0,2,0.0,False,False
522,1,2013.0,2021,Escola Pública,Topázio,8.306,11.0,1.0,3.0,Avaliador-7,Mantido na Fase atual,Avaliador-3,Mantido na Fase atual,Avaliador-15,Promovido de Fase,,,9.5,9.1,7.5,Não atendido,7.5,7.0,8.0,,Não,8.167,10.0,Destaque: A sua boa entrega das lições de casa.,Destaque: As suas boas notas na Passos Mágicos.,Destaque: A sua boa integração aos Princípios Passos Mágicos.,2022,6.525999999999987,,,,1.0,1.0,fase_0_7,9.0,1,0.0,False,False
522,1,2013.0,2021,Pública,Ametista,7.890533333,,,3.0,Avaliador-19,,Avaliador-4,,Avaliador-3,,,,7.5,9.2,7.52,,8.3,8.3,8.2,,,8.45,5.0,,,,2023,7.083333333,,,,1.0,2.0,fase_0_7,10.0,2,-1.0,False,True
522,1,2013.0,2021,Pública,Topázio,8.6777119048,,,3.0,Avaliador-20,,Avaliador-19,,Avaliador-2,,,,8.002,9.523809524,7.51,,9.0,9.5,8.5,,,7.89,10.0,,,,2024,8.4375,,,EE Joaquim Mendes Feliz,2.0,2.0,fase_0_7,11.0,3,0.0,False,False
523,0,2011.0,2022,Escola Pública,Ametista,7.591,74.0,9.0,3.0,Avaliador-7,Mantido na Fase atual,Avaliador-3,Mantido na Fase atual,Avaliador-15,Mantido na Fase atual,,,10.0,9.5,7.5,Não atendido,6.5,5.0,8.0,,Não,7.556,5.0,Destaque: A sua boa entrega das lições de casa.,Melhorar: Empenhar-se mais nas aulas e avaliações.,Destaque: A sua boa integração aos Princípios Passos Mágicos.,2022,6.298000000000004,,,,1.0,2.0,fase_0_7,11.0,0,-1.0,False,True
524,1,2011.0,2019,Escola Pública,Ágata,6.947,132.0,11.0,3.0,Avaliador-7,Promovido de Fase + Bolsa,Avaliador-3,Mantido na Fase atual,Avaliador-15,Promovido de Fase,,,0.0,9.4,5.0,Requer avaliação,9.1,9.0,9.2,,Sim,8.056,5.0,Destaque: A sua boa entrega das lições de casa.,Destaque: As suas boas notas na Passos Mágicos.,Destaque: A sua boa integração aos Princípios Passos Mágicos.,2022,6.357999999999997,,,,1.0,2.0,fase_0_7,11.0,3,-1.0,False,True
524,1,2011.0,2019,Pública,Ametista,7.331133333,,,3.0,Avaliador-15,,Avaliador-5,,Avaliador-2,,,,6.4,9.2,2.52,,8.9,9.0,8.8,,,7.42,5.0,,,,2023,8.333333333,,,,2.0,3.0,fase_0_7,12.0,4,-1.0,False,True
524,1,2011.0,2021,Pública,Ametista,7.026322556366667,,,3.0,Avaliador-21,,Avaliador-23,,Avaliador-26,,,,7.083,5.111779448666667,2.51,,8.666666666666666,8.5,7.5,10.0,,7.39,10.0,,,,2024,8.333333333,,,EE Paschoal Carlos Magno,3.0,3.0,fase_0_7,13.0,3,0.0,False,False
525,0,2011.0,2021,Escola Pública,Ametista,8.013,35.0,4.0,3.0,Avaliador-7,Promovido de Fase,Avaliador-3,Promovido de Fase,Avaliador-15,Promovido de Fase,,,9.0,9.3,7.5,Não atendido,8.6,8.3,8.8,,Não,8.167,5.0,Destaque: A sua boa entrega das lições de casa.,Destaque: As suas boas notas na Passos Mágicos.,Destaque: A sua boa integração aos Princípios Passos Mágicos.,2022,6.495999999999995,,,,1.0,2.0,fase_0_7,11.0,1,-1.0,False,True
525,0,2011.0,2021,Pública,Ametista,7.911366667,,,3.0,Avaliador-15,,Avaliador-5,,Avaliador-2,,,,8.0,8.6,2.52,,9.2,8.8,9.5,,,9.566666667,5.0,,,,2023,8.958333333,,,,2.0,3.0,fase_0_7,12.0,2,-1.0,True,True
526,1,2010.0,2022,Escola Pública,Topázio,8.079,28.0,2.0,3.0,Avaliador-7,Promovido de Fase,Avaliador-3,Mantido na Fase atual,Avaliador-15,Mantido na Fase atual,,,10.0,9.9,7.5,Não atendido,8.0,7.7,8.3,,Não,8.167,5.0,Destaque: A sua boa entrega das lições de casa.,Destaque: As suas boas notas na Passos Mágicos.,Destaque: A sua boa integração aos Princípios Passos Mágicos.,2022,6.156000000000006,,,,1.0,3.0,fase_0_7,12.0,0,-2.0,False,True
526,1,2010.0,2022,Pública,Topázio,8.0957,,,3.0,Avaliador-15,,Avaliador-5,,Avaliador-2,,,,9.5,9.8,5.0,,8.8,8.3,9.3,,,7.7525,5.0,,,,2023,8.75,,,,2.0,3.0,fase_0_7,13.0,1,-1.0,False,True
526,1,2010.0,2022,Pública,Ametista,7.843157894833334,,,3.0,Avaliador-21,,Avaliador-23,,Avaliador-26,,,,9.585,9.382456140333334,8.13,,7.333333333333333,8.5,3.5,10.0,,7.496666667,5.0,,,,2024,7.291666667,,,EE Paschoal Carlos Magno,3.0,4.0,fase_0_7,14.0,2,-1.0,False,True
527,0,2013.0,2022,Escola Pública,Ametista,8.025,33.0,3.0,3.0,Avaliador-7,Mantido na Fase atual,Avaliador-3,Mantido na Fase atual,Avaliador-15,Mantido na Fase atual,,,8.5,10.0,7.5,Não atendido,6.5,5.0,8.0,,Não,7.5,10.0,Destaque: A sua boa entrega das lições de casa.,Melhorar: Empenhar-se mais nas aulas e avaliações.,Destaque: A sua boa integração aos Princípios Passos Mágicos.,2022,6.25,,,,1.0,1.0,fase_0_7,9.0,0,0.0,False,False
527,0,2013.0,2022,Pública,Ametista,7.5682,,,3.0,Avaliador-19,,Avaliador-4,,Avaliador-3,,,,9.0,9.1,7.52,,6.5,5.7,7.2,,,7.78,5.0,,,,2023,7.5,,,,1.0,2.0,fase_0_7,10.0,1,-1.0,False,True
527,0,2013.0,2022,Pública,Topázio,8.1403666666,,,3.0,Avaliador-20,,Avaliador-19,,Avaliador-2,,,,9.002,10.0,7.51,,6.0,6.5,5.5,,,7.383333333,10.0,,,,2024,8.125,,,EE Joaquim Mendes Feliz,2.0,2.0,fase_0_7,11.0,2,0.0,False,False
528,1,2011.0,2021,Escola Pública,Quartzo,5.335,183.0,13.0,3.0,Avaliador-7,Mantido na Fase atual,Avaliador-3,Mantido na Fase atual,Avaliador-15,Mantido na Fase atual,,,0.0,6.2,7.5,Não atendido,4.0,5.3,2.7,,Não,6.944,5.0,Melhorar: Melhorar a sua entrega de lições de casa.,Melhorar: Empenhar-se mais nas aulas e avaliações.,Melhorar: Integrar-se mais aos Princípios Passos Mágicos.,2022,6.562000000000001,,,,1.0,2.0,fase_0_7,11.0,1,-1.0,False,True
528,1,2011.0,2021,Pública,Ametista,7.6892,,,3.0,Avaliador-15,,Avaliador-5,,Avaliador-2,,,,9.0,8.5,5.0,,8.2,7.5,8.8,,,7.92,5.0,,,,2023,8.75,,,,2.0,3.0,fase_0_7,12.0,2,-1.0,False,True
528,1,2011.0,2021,Pública,Ametista,7.276330075300001,,,3.0,Avaliador-21,,Avaliador-23,,Avaliador-26,,,,9.168,5.793483709333334,7.51,,6.666666666666667,8.5,4.5,7.0,,6.936666667,10.0,,,,2024,7.291666667,,,EE Joaquim Mendes Feliz,3.0,3.0,fase_0_7,13.0,3,0.0,False,False
529,1,2010.0,2020,Escola Pública,Ágata,6.51,156.0,12.0,3.0,Avaliador-7,Mantido na Fase atual,Avaliador-3,Mantido na Fase atual,Avaliador-15,Mantido na Fase atual,,,8.5,8.9,5.0,Requer avaliação,5.2,3.3,7.0,,Não,6.556,5.0,Destaque: A sua boa entrega das lições de casa.,Melhorar: Empenhar-se mais nas aulas e avaliações.,Melhorar: Integrar-se mais aos Princípios Passos Mágicos.,2022,5.287999999999995,,,,1.0,3.0,fase_0_7,12.0,2,-2.0,False,True
529,1,2010.0,2020,Pública,Ametista,7.278991667,,,3.0,Avaliador-15,,Avaliador-4,,Avaliador-3,,,,8.0,9.6,7.52,,6.8,4.8,8.7,,,6.893333333,5.0,,,,2023,5.78125,,,,1.0,3.0,fase_0_7,13.0,3,-2.0,False,True
529,1,2010.0,2021,Pública,Quartzo,5.2661285715,,,3.0,Avaliador-19,,Avaliador-5,,Avaliador-2,,,,7.002,6.607142857,4.38,,4.25,2.5,6.0,,,4.886666667,5.0,,,,2024,4.791666667,,,EE Leonice de Aquino Oliveira,2.0,3.0,fase_0_7,14.0,3,-1.0,False,True
53,1,2005.0,2022,Escola Pública,Ágata,6.725,32.0,11.0,3.0,Avaliador-5,Promovido de Fase,Avaliador-27,Mantido na Fase atual,Avaliador-24,Alocado em Fase anterior,Avaliador-31,,9.2,7.0,7.5,Não atendido,7.0,6.0,8.0,,Não,6.458,5.0,Melhorar: Melhorar a sua entrega de lições de casa.,Melhorar: Empenhar-se mais nas aulas e avaliações.,Melhorar: Integrar-se mais aos Princípios Passos Mágicos.,2022,4.633999999999992,,,,5.0,7.0,fase_0_7,17.0,0,-2.0,False,True
53,1,2005.0,2022,Concluiu o 3º EM,Ametista,7.600633333,,,4.0,Avaliador-24,,Avaliador-7,,Avaliador-23,,Avaliador-8,,9.2,9.1,5.63,,7.7,7.3,6.5,9.2,,7.5875,5.0,,,,2023,7.5,,,,6.0,8.0,fase_0_7,18.0,1,-2.0,False,True
530,1,2012.0,2019,Escola Pública,Topázio,8.338,9.0,1.0,3.0,Avaliador-7,Promovido de Fase + Bolsa,Avaliador-3,Mantido na Fase atual,Avaliador-15,Promovido de Fase,,,10.0,9.0,7.5,Não atendido,8.9,9.0,8.8,,Sim,9.056,5.0,Destaque: A sua boa entrega das lições de casa.,Destaque: As suas boas notas na Passos Mágicos.,Destaque: A sua boa integração aos Princípios Passos Mágicos.,2022,6.967999999999996,,,,1.0,2.0,fase_0_7,10.0,3,-1.0,True,True
530,1,2012.0,2019,Pública,Ametista,7.653033333,,,3.0,Avaliador-15,,Avaliador-5,,Avaliador-2,,,,10.0,8.8,5.0,,5.7,5.8,5.5,,,7.46,10.0,,,,2023,7.708333333,,,,2.0,2.0,fase_0_7,11.0,4,0.0,False,False
530,1,2012.0,2021,Pública,Ametista,7.214534419433333,,,3.0,Avaliador-21,,Avaliador-23,,Avaliador-26,,,,8.751,6.468838763666667,9.38,,4.5,4.0,6.0,3.5,,7.496666667,10.0,,,,2024,7.083333333,,,EE Joaquim Mendes Feliz,3.0,3.0,fase_0_7,12.0,3,0.0,False,False
531,1,2012.0,2022,Escola Pública,Ametista,8.057,31.0,2.0,3.0,Avaliador-7,Promovido de Fase + Bolsa,Avaliador-3,Mantido na Fase atual,Avaliador-15,Mantido na Fase atual,,,9.5,9.8,7.5,Não atendido,7.8,8.7,7.0,,Sim,8.167,5.0,Destaque: A sua boa entrega das lições de casa.,Destaque: As suas boas notas na Passos Mágicos.,Destaque: A sua boa integração aos Princípios Passos Mágicos.,2022,7.035999999999998,,,,1.0,2.0,fase_0_7,10.0,0,-1.0,False,True
531,1,2012.0,2022,Pública,Topázio,8.3252,,,3.0,Avaliador-15,,Avaliador-5,,Avaliador-2,,,,9.5,10.0,2.52,,7.7,6.3,9.0,,,8.59,10.0,,,,2023,8.75,,,,2.0,2.0,fase_0_7,11.0,1,0.0,False,False
531,1,2012.0,2022,Pública,Ametista,7.912792647066666,,,4.0,Avaliador-21,,Avaliador-26,,Avaliador-23,,Avaliador-5,,9.168,9.803921568666668,4.38,,6.666666666666667,6.5,4.5,9.0,,7.335,10.0,,,,2024,7.96875,,,EE Leonice de Aquino Oliveira,3.0,3.0,fase_0_7,12.0,2,0.0,False,False
532,0,2013.0,2022,Escola Pública,Ametista,7.792,49.0,3.0,3.0,Avaliador-7,Mantido na Fase atual,Avaliador-3,Mantido na Fase atual,Avaliador-15,Mantido na Fase atual,,,9.5,9.7,7.5,Não atendido,5.5,4.0,7.0,,Não,7.167,10.0,Destaque: A sua boa entrega das lições de casa.,Melhorar: Empenhar-se mais nas aulas e avaliações.,Melhorar: Integrar-se mais aos Princípios Passos Mágicos.,2022,6.185999999999998,,,,1.0,1.0,fase_0_7,9.0,0,0.0,False,False
533,1,2012.0,2022,Escola Pública,Ágata,6.962,130.0,5.0,3.0,Avaliador-7,Mantido na Fase atual,Avaliador-3,Mantido na Fase atual,Avaliador-15,Mantido na Fase atual,,,8.5,8.8,5.6,Requer avaliação,6.0,5.0,7.0,,Não,7.333,5.0,Destaque: A sua boa entrega das lições de casa.,Melhorar: Empenhar-se mais nas aulas e avaliações.,Melhorar: Integrar-se mais aos Princípios Passos Mágicos.,2022,6.253999999999991,,,,1.0,2.0,fase_0_7,10.0,0,-1.0,False,True
533,1,2012.0,2022,Pública,Ametista,7.434866667,,,3.0,Avaliador-15,,Avaliador-4,,Avaliador-3,,,,9.0,9.3,7.52,,5.8,4.8,6.7,,,7.613333333,5.0,,,,2023,7.5,,,,1.0,2.0,fase_0_7,11.0,1,-1.0,False,True
534,0,2010.0,2021,Escola Pública,Ametista,7.131,114.0,4.0,3.0,Avaliador-7,Mantido na Fase atual,Avaliador-3,Mantido na Fase atual,Avaliador-15,Mantido na Fase atual,,,9.0,7.4,7.5,Não atendido,7.1,6.5,7.7,,Não,7.333,5.0,Melhorar: Melhorar a sua entrega de lições de casa.,Melhorar: Empenhar-se mais nas aulas e avaliações.,Melhorar: Integrar-se mais aos Princípios Passos Mágicos.,2022,6.143999999999998,,,,1.0,3.0,fase_0_7,12.0,1,-2.0,False,True
534,1,2010.0,2021,Pública,Quartzo,5.8385,,,3.0,Avaliador-15,,Avaliador-5,,Avaliador-2,,,,0.0,8.1,2.52,,5.4,3.7,7.0,,,7.92,5.0,,,,2023,8.125,,,,2.0,3.0,fase_0_7,13.0,2,-1.0,False,True
534,1,2010.0,2021,Pública,Ametista,7.088855054266667,,,3.0,Avaliador-21,,Avaliador-23,,Avaliador-26,,,,9.585,6.043441938333333,7.51,,5.0,4.0,4.0,7.0,,7.103333333,10.0,,,,2024,7.5,,,EE Paschoal Carlos Magno,3.0,3.0,fase_0_7,14.0,3,0.0,False,False
535,0,2012.0,2019,Escola Pública,Ágata,6.953,131.0,6.0,2.0,Avaliador-4,Mantido na Fase atual,Avaliador-2,Promovido de Fase,,Não avaliado,,,9.0,9.2,7.5,Sem limitações,5.1,4.7,5.5,,Não,6.917,5.0,Destaque: A sua boa entrega das lições de casa.,Melhorar: Empenhar-se mais nas aulas e avaliações.,Melhorar: Integrar-se mais aos Princípios Passos Mágicos.,2022,5.596000000000005,,,,1.0,2.0,fase_0_7,10.0,3,-1.0,False,True
535,0,2012.0,2019,Pública,Topázio,8.0027,,,3.0,Avaliador-15,,Avaliador-5,,Avaliador-2,,,,9.0,9.4,5.0,,5.6,4.7,6.5,,,8.95,10.0,,,,2023,8.125,,,,2.0,2.0,fase_0_7,11.0,4,0.0,False,False
535,0,2012.0,2021,Pública,Ametista,7.659555952400001,,,5.0,Avaliador-16,,Avaliador-26,,Avaliador-22,,Avaliador-10,,9.168,7.161904762,8.135,,6.0,7.0,5.5,5.5,,7.5,10.0,,,,2024,7.96875,Avaliador-25,,EE João Ortiz Rodrigues,3.0,3.0,fase_0_7,12.0,3,0.0,False,False
536,0,2012.0,2020,Escola Pública,Ametista,7.106,116.0,4.0,2.0,Avaliador-4,Mantido na Fase atual,Avaliador-2,Promovido de Fase,,Não avaliado,,,9.5,8.9,5.6,Sem limitações,6.0,6.3,5.7,,Não,7.75,5.0,Destaque: A sua boa entrega das lições de casa.,Melhorar: Empenhar-se mais nas aulas e avaliações.,Destaque: A sua boa integração aos Princípios Passos Mágicos.,2022,5.659999999999998,,,,1.0,2.0,fase_0_7,10.0,2,-1.0,False,True
536,0,2012.0,2020,Pública,Ametista,7.759533333,,,3.0,Avaliador-15,,Avaliador-5,,Avaliador-2,,,,8.0,9.3,2.52,,5.9,5.0,6.8,,,9.17,10.0,,,,2023,8.333333333,,,,2.0,2.0,fase_0_7,11.0,3,0.0,True,False
536,0,2012.0,2021,Pública,Ametista,7.7704681818,,,4.0,Avaliador-21,,Avaliador-26,,Avaliador-23,,Avaliador-5,,8.334,9.109090909,8.135,,5.5,6.5,4.5,5.5,,7.415,10.0,,,,2024,7.1875,,,EE Leonice de Aquino Oliveira,3.0,2.0,fase_0_7,12.0,3,1.0,False,False
537,1,2012.0,2022,Escola Pública,Ágata,6.641,147.0,7.0,2.0,Avaliador-4,Mantido na Fase atual,Avaliador-2,Promovido de Fase,,Não avaliado,,,9.5,9.0,4.4,Requer avaliação,4.8,2.5,7.0,,Não,7.167,5.0,Destaque: A sua boa entrega das lições de casa.,Melhorar: Empenhar-se mais nas aulas e avaliações.,Melhorar: Integrar-se mais aos Princípios Passos Mágicos.,2022,5.575999999999999,,,,1.0,2.0,fase_0_7,10.0,0,-1.0,False,True
538,1,2009.0,2022,Escola Pública,Ágata,6.309,164.0,8.0,2.0,Avaliador-4,Mantido na Fase atual,Avaliador-2,Promovido de Fase,,Não avaliado,,,8.5,7.5,5.6,Requer avaliação,6.8,4.5,9.0,,Não,5.583,5.0,Melhorar: Melhorar a sua entrega de lições de casa.,Melhorar: Empenhar-se mais nas aulas e avaliações.,Melhorar: Integrar-se mais aos Princípios Passos Mágicos.,2022,4.223999999999997,,,,1.0,3.0,fase_0_7,13.0,0,-2.0,False,True
538,1,2009.0,2022,Pública,Agata,6.413466667,,,3.0,Avaliador-15,,Avaliador-5,,Avaliador-2,,,,7.4,8.6,2.52,,4.7,3.5,5.8,,,7.39,5.0,,,,2023,7.916666667,,,,2.0,3.0,fase_0_7,14.0,1,-1.0,False,True
538,1,2009.0,2022,Pública,Agata,6.514094017066666,,,5.0,Avaliador-16,,Avaliador-26,,Avaliador-22,,Avaliador-10,,8.751,7.668803418666666,7.51,,6.166666666666667,10.0,4.5,4.0,,5.292,5.0,,,,2024,5.625,Avaliador-25,,EE Mario Francisco de Amorim,3.0,4.0,fase_0_7,15.0,2,-1.0,False,True
539,0,2011.0,2022,Escola Pública,Ametista,7.665,64.0,1.0,2.0,Avaliador-4,Mantido na Fase atual,Avaliador-2,Promovido de Fase,,Não avaliado,,,8.5,9.3,6.9,Sem limitações,7.5,6.8,8.2,,Não,8.417,5.0,Destaque: A sua boa entrega das lições de casa.,Destaque: As suas boas notas na Passos Mágicos.,Destaque: A sua boa integração aos Princípios Passos Mágicos.,2022,5.81599999999999,,,,1.0,2.0,fase_0_7,11.0,0,-1.0,True,True
539,0,2011.0,2022,Pública,Ametista,7.796866667,,,3.0,Avaliador-15,,Avaliador-5,,Avaliador-2,,,,9.5,8.6,2.52,,8.5,7.2,9.7,,,8.84,5.0,,,,2023,9.166666667,,,,2.0,3.0,fase_0_7,12.0,1,-1.0,False,True
539,0,2011.0,2022,Privada - Programa de Apadrinhamento,Topázio,8.465533333333335,,,4.0,Avaliador-21,,Avaliador-16,,Avaliador-26,,Avaliador-7,,10.002,9.233333333333333,7.51,,5.833333333333333,5.0,3.5,9.0,,9.13,10.0,,,,2024,8.75,,,Colégio Arco Íris Evolução,3.0,3.0,fase_0_7,13.0,2,0.0,True,False
54,0,2006.0,2022,Escola Pública,Ágata,6.058,45.0,14.0,3.0,Avaliador-5,Mantido na Fase atual,Avaliador-27,Mantido na Fase atual,Avaliador-24,Alocado em Fase anterior,Avaliador-31,,7.9,6.9,7.5,Não atendido,4.8,3.0,6.5,,Não,6.125,5.0,Melhorar: Melhorar a sua entrega de lições de casa.,Melhorar: Empenhar-se mais nas aulas e avaliações.,Melhorar: Integrar-se mais aos Princípios Passos Mágicos.,2022,4.529999999999994,,,,5.0,6.0,fase_0_7,16.0,0,-1.0,False,True
540,0,2012.0,2019,Escola Pública,Ametista,7.303,101.0,2.0,2.0,Avaliador-4,Mantido na Fase atual,Avaliador-2,Promovido de Fase,,Não avaliado,,,8.5,9.5,5.6,Sem limitações,7.0,6.8,7.2,,Não,7.5,5.0,Destaque: A sua boa entrega das lições de casa.,Melhorar: Empenhar-se mais nas aulas e avaliações.,Destaque: A sua boa integração aos Princípios Passos Mágicos.,2022,5.93,,,,1.0,2.0,fase_0_7,10.0,3,-1.0,False,True
540,0,2012.0,2019,Pública,Topázio,8.216033333,,,3.0,Avaliador-15,,Avaliador-5,,Avaliador-2,,,,8.5,8.8,5.0,,7.1,6.5,7.7,,,8.95,10.0,,,,2023,8.958333333,,,,2.0,2.0,fase_0_7,11.0,4,0.0,False,False
541,1,2008.0,2022,Escola Pública,Quartzo,5.427,182.0,10.0,2.0,Avaliador-4,Mantido na Fase atual,Avaliador-2,Promovido de Fase,,Não avaliado,,,10.0,7.8,6.9,Sem limitações,2.5,0.0,5.0,,Não,5.0,2.5,Destaque: A sua boa entrega das lições de casa.,Melhorar: Empenhar-se mais nas aulas e avaliações.,Melhorar: Integrar-se mais aos Princípios Passos Mágicos.,2022,4.269999999999996,,,,1.0,4.0,fase_0_7,14.0,0,-3.0,False,True
542,0,2011.0,2019,Escola Pública,Ametista,7.221,107.0,3.0,2.0,Avaliador-4,Mantido na Fase atual,Avaliador-2,Promovido de Fase,,Não avaliado,,,8.0,9.8,6.3,Sem limitações,6.5,5.3,7.7,,Não,7.417,5.0,Destaque: A sua boa entrega das lições de casa.,Melhorar: Empenhar-se mais nas aulas e avaliações.,Melhorar: Integrar-se mais aos Princípios Passos Mágicos.,2022,5.475999999999992,,,,1.0,2.0,fase_0_7,11.0,3,-1.0,False,True
542,0,2011.0,2019,Pública,Ametista,7.816533333,,,3.0,Avaliador-15,,Avaliador-5,,Avaliador-2,,,,9.5,9.7,5.0,,6.3,5.2,7.3,,,9.006666667,5.0,,,,2023,8.75,,,,2.0,3.0,fase_0_7,12.0,4,-1.0,True,True
542,0,2011.0,2021,Pública,Agata,6.7205649586,,,5.0,Avaliador-16,,Avaliador-26,,Avaliador-22,,Avaliador-10,,8.751,6.481366459666667,8.13,,3.9333333333333336,1.5,5.0,5.3,,6.232,10.0,,,,2024,7.03125,Avaliador-7,,EE João Ortiz Rodrigues,3.0,3.0,fase_0_7,13.0,3,0.0,False,False
543,0,2012.0,2022,Escola Pública,Ametista,7.05,121.0,5.0,2.0,Avaliador-4,Mantido na Fase atual,Avaliador-2,Promovido de Fase,,Não avaliado,,,8.5,9.8,4.4,Sem limitações,6.5,5.0,8.0,,Não,7.167,5.0,Destaque: A sua boa entrega das lições de casa.,Melhorar: Empenhar-se mais nas aulas e avaliações.,Melhorar: Integrar-se mais aos Princípios Passos Mágicos.,2022,5.665999999999993,,,,1.0,2.0,fase_0_7,10.0,0,-1.0,False,True
543,0,2012.0,2022,Pública,Ametista,7.971833333,,,3.0,Avaliador-15,,Avaliador-5,,Avaliador-2,,,,7.8,9.8,2.52,,6.5,5.5,7.5,,,9.006666667,10.0,,,,2023,8.75,,,,2.0,2.0,fase_0_7,11.0,1,0.0,True,False
543,0,2012.0,2022,Pública,Topázio,8.0467871118,,,5.0,Avaliador-16,,Avaliador-26,,Avaliador-22,,Avaliador-10,,8.751,9.616977225666666,2.51,,6.833333333333333,7.0,6.5,7.0,,8.7,10.0,,,,2024,8.90625,Avaliador-7,,EE João Ortiz Rodrigues,3.0,2.0,fase_0_7,12.0,2,1.0,True,False
544,1,2012.0,2022,Escola Pública,Ágata,6.307,165.0,9.0,2.0,Avaliador-4,Mantido na Fase atual,Avaliador-2,Promovido de Fase,,Não avaliado,,,9.5,9.7,5.6,Requer avaliação,3.3,1.0,5.5,,Não,6.0,5.0,Destaque: A sua boa entrega das lições de casa.,Melhorar: Empenhar-se mais nas aulas e avaliações.,Melhorar: Integrar-se mais aos Princípios Passos Mágicos.,2022,4.970000000000008,,,,1.0,2.0,fase_0_7,10.0,0,-1.0,False,True
545,1,2009.0,2018,Escola Pública,Ágata,6.723,142.0,6.0,2.0,Avaliador-4,Mantido na Fase atual,Avaliador-2,Promovido de Fase,,Não avaliado,,,9.5,6.6,7.5,Sem limitações,5.5,4.3,6.7,,Não,7.5,5.0,Melhorar: Melhorar a sua entrega de lições de casa.,Melhorar: Empenhar-se mais nas aulas e avaliações.,Destaque: A sua boa integração aos Princípios Passos Mágicos.,2022,6.029999999999998,,,,1.0,3.0,fase_0_7,13.0,4,-2.0,False,True
546,0,2011.0,2021,Escola Pública,Ágata,6.77,138.0,5.0,2.0,Avaliador-4,Promovido de Fase,Avaliador-2,Promovido de Fase,,Não avaliado,,,9.0,7.9,5.0,Não indicado,5.6,3.3,7.8,,Não,7.917,5.0,Destaque: A sua boa entrega das lições de casa.,Melhorar: Empenhar-se mais nas aulas e avaliações.,Destaque: A sua boa integração aos Princípios Passos Mágicos.,2022,5.865999999999989,,,,1.0,2.0,fase_0_7,11.0,1,-1.0,False,True
546,0,2011.0,2021,Pública,Agata,6.031666667,,,3.0,Avaliador-15,,Avaliador-5,,Avaliador-2,,,,0.0,7.2,2.52,,5.7,3.5,7.8,,,9.173333333,5.0,,,,2023,8.75,,,,2.0,3.0,fase_0_7,12.0,2,-1.0,True,True
546,0,2011.0,2021,Pública,Quartzo,5.702426010066667,,,4.0,Avaliador-21,,Avaliador-26,,Avaliador-23,,Avaliador-5,,5.832,3.783838383666666,8.135,,4.666666666666667,0.0,4.0,10.0,,5.5,10.0,,,,2024,5.15625,,,EE Alexandre Rodrigues Nogueira,3.0,3.0,fase_0_7,13.0,3,0.0,False,False
547,0,2011.0,2019,Escola Pública,Ametista,7.745,56.0,1.0,2.0,Avaliador-4,Promovido de Fase,Avaliador-2,Promovido de Fase,,Não avaliado,,,9.5,9.7,5.0,Não indicado,7.6,7.3,7.8,,Não,8.833,5.0,Destaque: A sua boa entrega das lições de casa.,Destaque: As suas boas notas na Passos Mágicos.,Destaque: A sua boa integração aos Princípios Passos Mágicos.,2022,5.683999999999996,,,,1.0,2.0,fase_0_7,11.0,3,-1.0,True,True
547,0,2011.0,2019,Pública,Agata,6.467,,,3.0,Avaliador-15,,Avaliador-5,,Avaliador-2,,,,0.0,9.1,2.52,,6.2,5.0,7.3,,,8.95,5.0,,,,2023,8.75,,,,2.0,3.0,fase_0_7,12.0,4,-1.0,False,True
547,0,2011.0,2021,Pública,Ametista,7.210290672333333,,,5.0,Avaliador-16,,Avaliador-26,,Avaliador-22,,Avaliador-10,,8.751,7.030620028333334,8.135,,6.833333333333333,9.0,4.5,7.0,,5.932,10.0,,,,2024,5.625,Avaliador-25,,EE João Ortiz Rodrigues,3.0,3.0,fase_0_7,13.0,3,0.0,False,False
548,1,2010.0,2019,Escola Pública,Ametista,7.292,104.0,2.0,2.0,Avaliador-4,Mantido na Fase atual,Avaliador-2,Promovido de Fase,,Não avaliado,,,8.0,9.1,6.9,Sem limitações,7.2,5.7,8.7,,Não,7.583,5.0,Destaque: A sua boa entrega das lições de casa.,Melhorar: Empenhar-se mais nas aulas e avaliações.,Destaque: A sua boa integração aos Princípios Passos Mágicos.,2022,5.253999999999985,,,,1.0,3.0,fase_0_7,12.0,3,-2.0,False,True
548,1,2010.0,2019,Pública,Ametista,7.4322,,,3.0,Avaliador-15,,Avaliador-5,,Avaliador-2,,,,9.0,9.1,2.52,,7.4,6.2,8.5,,,8.283333333,5.0,,,,2023,8.333333333,,,,2.0,3.0,fase_0_7,13.0,4,-1.0,False,True
548,1,2010.0,2021,Pública,Ametista,7.240168803466668,,,5.0,Avaliador-16,,Avaliador-26,,Avaliador-22,,Avaliador-10,,9.168,7.600427350666667,7.51,,6.666666666666667,9.0,5.0,6.0,,5.626,10.0,,,,2024,5.9375,Avaliador-25,,EE João Ortiz Rodrigues,3.0,3.0,fase_0_7,14.0,3,0.0,False,False
549,1,2012.0,2021,Escola Pública,Ágata,6.301,166.0,9.0,2.0,Avaliador-4,Mantido na Fase atual,Avaliador-2,Mantido na Fase atual,,Não avaliado,,,10.0,7.9,6.9,Sem limitações,4.2,2.2,6.2,,Não,6.167,5.0,Destaque: A sua boa entrega das lições de casa.,Melhorar: Empenhar-se mais nas aulas e avaliações.,Melhorar: Integrar-se mais aos Princípios Passos Mágicos.,2022,4.575999999999993,,,,1.0,2.0,fase_0_7,10.0,1,-1.0,False,True
549,1,2012.0,2021,Pública,Ametista,7.0297,,,3.0,Avaliador-19,,Avaliador-4,,Avaliador-2,,,,9.5,8.1,5.02,,6.4,5.5,7.2,,,7.5,5.0,,,,2023,6.875,,,,1.0,2.0,fase_0_7,11.0,2,-1.0,False,True
549,1,2012.0,2021,Pública,Agata,6.5398187888,,,4.0,Avaliador-19,,Avaliador-16,,Avaliador-25,,Avaliador-2,,10.002,7.204968943999999,6.255,,5.75,5.0,6.5,,,5.9125,5.0,,,,2024,6.40625,,,EE Alexandre Rodrigues Nogueira,2.0,3.0,fase_0_7,12.0,3,-1.0,False,True
55,0,2006.0,2017,Escola Pública,Ágata,6.576,38.0,12.0,3.0,Avaliador-5,Promovido de Fase,Avaliador-27,Mantido na Fase atual,Avaliador-24,Promovido de Fase,Avaliador-31,,7.1,7.6,5.6,Requer avaliação,7.5,6.7,7.8,7.9,Não,6.5,5.0,Destaque: A sua boa entrega das lições de casa.,Melhorar: Empenhar-se mais nas aulas e avaliações.,Melhorar: Integrar-se mais aos Princípios Passos Mágicos.,2022,4.859999999999998,,,,5.0,6.0,fase_0_7,16.0,5,-1.0,False,True
55,0,2006.0,2017,Pública,Agata,6.898033333,,,4.0,Avaliador-24,,Avaliador-7,,Avaliador-23,,Avaliador-8,,7.9,8.1,3.14,,7.1,8.7,6.5,6.0,,7.545,5.0,,,,2023,7.5,,,,6.0,7.0,fase_0_7,17.0,6,-1.0,False,True
550,0,2010.0,2022,Escola Pública,Ágata,6.026,172.0,10.0,2.0,Avaliador-4,Mantido na Fase atual,Avaliador-2,Mantido na Fase atual,,Não avaliado,,,9.0,9.0,6.9,Sem limitações,1.9,2.0,1.8,,Não,6.25,5.0,Destaque: A sua boa entrega das lições de casa.,Melhorar: Empenhar-se mais nas aulas e avaliações.,Melhorar: Integrar-se mais aos Princípios Passos Mágicos.,2022,5.059999999999993,,,,1.0,3.0,fase_0_7,12.0,0,-2.0,False,True
551,0,2010.0,2018,Escola Pública,Ágata,6.853,136.0,4.0,2.0,Avaliador-4,Mantido na Fase atual,Avaliador-2,Promovido de Fase,,Não avaliado,,,8.5,7.3,6.9,Sem limitações,6.6,5.0,8.2,,Não,7.333,5.0,Melhorar: Melhorar a sua entrega de lições de casa.,Melhorar: Empenhar-se mais nas aulas e avaliações.,Melhorar: Integrar-se mais aos Princípios Passos Mágicos.,2022,5.66399999999998,,,,1.0,3.0,fase_0_7,12.0,4,-2.0,False,True
551,0,2010.0,2018,Pública,Ametista,7.075033333,,,3.0,Avaliador-15,,Avaliador-5,,Avaliador-2,,,,10.0,8.6,2.52,,5.4,4.5,6.2,,,8.393333333,5.0,,,,2023,8.541666667,,,,2.0,3.0,fase_0_7,13.0,5,-1.0,False,True
552,1,2011.0,2022,Escola Pública,Ágata,6.625,149.0,7.0,2.0,Avaliador-4,Mantido na Fase atual,Avaliador-2,Promovido de Fase,,Não avaliado,,,9.5,8.8,5.0,Não indicado,5.5,6.0,5.0,,Não,7.167,5.0,Destaque: A sua boa entrega das lições de casa.,Melhorar: Empenhar-se mais nas aulas e avaliações.,Melhorar: Integrar-se mais aos Princípios Passos Mágicos.,2022,3.815999999999997,,,,1.0,2.0,fase_0_7,11.0,0,-1.0,False,True
552,1,2011.0,2022,Pública,Quartzo,5.248666667,,,3.0,Avaliador-19,,Avaliador-4,,Avaliador-2,,,,0.0,5.6,3.14,,6.4,6.5,6.2,,,6.89,5.0,,,,2023,6.666666667,,,,1.0,3.0,fase_0_7,12.0,1,-2.0,False,True
553,0,2011.0,2019,Escola Pública,Ágata,6.39,160.0,8.0,2.0,Avaliador-4,Mantido na Fase atual,Avaliador-2,Promovido de Fase,,Não avaliado,,,9.5,6.9,6.9,Sem limitações,3.3,1.0,5.7,,Não,8.167,5.0,Melhorar: Melhorar a sua entrega de lições de casa.,Melhorar: Empenhar-se mais nas aulas e avaliações.,Destaque: A sua boa integração aos Princípios Passos Mágicos.,2022,5.765999999999991,,,,1.0,2.0,fase_0_7,11.0,3,-1.0,False,True
554,1,2010.0,2017,Escola Pública,Quartzo,5.588,180.0,12.0,2.0,Avaliador-4,Mantido na Fase atual,Avaliador-2,Promovido de Fase,,Não avaliado,,,7.9,6.0,6.9,Sem limitações,4.0,1.7,6.3,,Não,5.75,5.0,Melhorar: Melhorar a sua entrega de lições de casa.,Melhorar: Empenhar-se mais nas aulas e avaliações.,Melhorar: Integrar-se mais aos Princípios Passos Mágicos.,2022,4.580000000000002,,,,1.0,3.0,fase_0_7,12.0,5,-2.0,False,True
555,1,2010.0,2019,Escola Pública,Quartzo,5.949,174.0,11.0,2.0,Avaliador-4,Mantido na Fase atual,Avaliador-2,Promovido de Fase,,Não avaliado,,,9.5,8.1,5.0,Não indicado,4.4,1.8,7.0,,Não,5.167,5.0,Destaque: A sua boa entrega das lições de casa.,Melhorar: Empenhar-se mais nas aulas e avaliações.,Melhorar: Integrar-se mais aos Princípios Passos Mágicos.,2022,4.6559999999999935,,,,1.0,3.0,fase_0_7,12.0,3,-2.0,False,True
555,1,2010.0,2019,Pública,Quartzo,5.898133333,,,3.0,Avaliador-15,,Avaliador-5,,Avaliador-2,,,,7.4,8.1,2.52,,3.9,1.5,6.2,,,6.946666667,5.0,,,,2023,6.25,,,,2.0,3.0,fase_0_7,13.0,4,-1.0,False,True
555,1,2010.0,2021,Pública,Quartzo,5.111470186333333,,,5.0,Avaliador-16,,Avaliador-26,,Avaliador-22,,Avaliador-10,,10.002,2.750517598333333,6.885,,4.333333333333333,5.0,4.0,4.0,,5.03,5.0,,,,2024,5.0,Avaliador-7,,EE Leonice de Aquino Oliveira,3.0,4.0,fase_0_7,14.0,3,-1.0,False,True
556,0,2011.0,2018,Escola Pública,Ametista,7.181,111.0,3.0,2.0,Avaliador-4,Promovido de Fase,Avaliador-2,Promovido de Fase,,Não avaliado,,,9.0,8.8,5.0,Não indicado,6.4,4.8,8.0,,Não,8.25,5.0,Destaque: A sua boa entrega das lições de casa.,Melhorar: Empenhar-se mais nas aulas e avaliações.,Destaque: A sua boa integração aos Princípios Passos Mágicos.,2022,5.909999999999993,,,,1.0,2.0,fase_0_7,11.0,4,-1.0,False,True
556,0,2011.0,2018,Pública,Ametista,7.7482,,,3.0,Avaliador-15,,Avaliador-5,,Avaliador-2,,,,8.5,9.6,2.52,,7.2,6.5,7.8,,,9.396666667,5.0,,,,2023,9.166666667,,,,2.0,3.0,fase_0_7,12.0,5,-1.0,True,True
556,0,2011.0,2021,Pública,Quartzo,5.833377380933333,,,4.0,Avaliador-21,,Avaliador-16,,Avaliador-26,,Avaliador-7,,7.083,6.171428571333333,2.51,,3.8333333333333335,1.5,4.5,5.5,,6.1625,10.0,,,,2024,6.40625,,,EE João Ortiz Rodrigues,3.0,3.0,fase_0_7,13.0,3,0.0,False,False
557,1,2012.0,2019,Escola Pública,Topázio,8.334,10.0,1.0,2.0,Avaliador-4,Promovido de Fase + Bolsa,Avaliador-2,Promovido de Fase,,Não avaliado,,,10.0,8.4,7.5,Sem limitações,9.4,10.0,8.8,,Sim,9.333,5.0,Destaque: A sua boa entrega das lições de casa.,Destaque: As suas boas notas na Passos Mágicos.,Destaque: A sua boa integração aos Princípios Passos Mágicos.,2022,6.573999999999991,,,,1.0,2.0,fase_0_7,10.0,3,-1.0,True,True
557,1,2012.0,2019,Pública,Topázio,8.7717,,,3.0,Avaliador-15,,Avaliador-5,,Avaliador-2,,,,10.0,8.2,5.0,,8.9,8.0,9.7,,,9.62,10.0,,,,2023,9.375,,,,2.0,2.0,fase_0_7,11.0,4,0.0,True,False
557,1,2012.0,2021,Privada - Programa de Apadrinhamento,Topázio,9.350986466133334,,,5.0,Avaliador-16,,Avaliador-26,,Avaliador-22,,Avaliador-10,,10.002,8.756265663999999,7.51,,9.666666666666666,10.0,9.0,10.0,,9.576,10.0,,,,2024,10.0,Avaliador-25,,Colégio Arco Íris Evolução,3.0,3.0,fase_0_7,12.0,3,0.0,True,False
558,1,2008.0,2022,Escola Pública,Quartzo,5.539,181.0,8.0,2.0,Avaliador-4,Mantido na Fase atual,Avaliador-2,Promovido de Fase,,Não avaliado,,,9.0,8.5,5.0,Não indicado,4.3,0.5,8.0,,Não,4.5,2.5,Destaque: A sua boa entrega das lições de casa.,Melhorar: Empenhar-se mais nas aulas e avaliações.,Melhorar: Integrar-se mais aos Princípios Passos Mágicos.,2022,4.289999999999994,,,,1.0,4.0,fase_0_7,14.0,0,-3.0,False,True
558,1,2008.0,2022,Pública,Agata,6.615333333,,,3.0,Avaliador-15,,Avaliador-5,,Avaliador-2,,,,7.8,9.4,5.0,,6.0,5.7,6.3,,,6.78,2.5,,,,2023,6.458333333,,,,2.0,5.0,fase_0_7,15.0,1,-3.0,False,True
558,1,2008.0,2022,Pública,Quartzo,5.048054503133334,,,5.0,Avaliador-16,,Avaliador-26,,Avaliador-22,,Avaliador-10,,9.168,3.7763975156666674,8.13,,3.0,2.5,4.0,2.5,,4.268,5.0,,,,2024,6.09375,Avaliador-7,,EE Alexandre Rodrigues Nogueira,3.0,5.0,fase_0_7,16.0,2,-2.0,False,True
559,1,2011.0,2021,Escola Pública,Ametista,7.634,67.0,6.0,2.0,Avaliador-4,Promovido de Fase,Avaliador-2,Promovido de Fase,,Não avaliado,,,9.5,9.2,7.5,Sem limitações,7.1,7.2,7.0,,Não,8.083,5.0,Destaque: A sua boa entrega das lições de casa.,Melhorar: Empenhar-se mais nas aulas e avaliações.,Destaque: A sua boa integração aos Princípios Passos Mágicos.,2022,5.574000000000003,,,,1.0,2.0,fase_0_7,11.0,1,-1.0,False,True
559,1,2011.0,2021,Pública,Ametista,7.947366667,,,3.0,Avaliador-15,,Avaliador-5,,Avaliador-2,,,,10.0,9.4,5.0,,7.4,6.5,8.2,,,8.506666667,5.0,,,,2023,8.958333333,,,,2.0,3.0,fase_0_7,12.0,2,-1.0,False,True
559,1,2011.0,2021,Pública,Agata,6.158158974333333,,,5.0,Avaliador-16,,Avaliador-26,,Avaliador-22,,Avaliador-10,,10.002,5.705128205,8.13,,3.1666666666666665,1.0,2.5,6.0,,4.728,10.0,,,,2024,6.25,Avaliador-7,,EE João Ortiz Rodrigues,3.0,3.0,fase_0_7,13.0,3,0.0,False,False
56,0,2007.0,2019,Rede Decisão,Topázio,8.404,7.0,1.0,3.0,Avaliador-5,Mantido na Fase atual,Avaliador-27,Mantido na Fase atual,Avaliador-24,Promovido de Fase + Bolsa,Avaliador-31,,10.0,10.0,7.5,Sem limitações,7.0,4.5,6.5,10.0,Não,8.25,10.0,Destaque: A sua boa entrega das lições de casa.,Melhorar: Empenhar-se mais nas aulas e avaliações.,Destaque: A sua boa integração aos Princípios Passos Mágicos.,2022,6.039999999999992,,,,5.0,5.0,fase_0_7,15.0,3,0.0,False,False
56,0,2007.0,2019,Privada - Programa de Apadrinhamento,Topázio,8.284333333,,,4.0,Avaliador-24,,Avaliador-7,,Avaliador-23,,Avaliador-8,,9.6,9.5,5.0,,7.8,7.8,5.5,10.0,,7.8,10.0,,,,2023,8.125,,,,6.0,6.0,fase_0_7,16.0,4,0.0,False,False
56,0,2007.0,2021,Privada - Programa de Apadrinhamento,Topázio,9.0770201754,,,3.0,Avaliador-22,,Avaliador-26,,Avaliador-7,,,,10.002,9.265350877333333,10.0,,7.666666666666667,8.0,6.0,9.0,,9.233333333,10.0,,,,2024,8.4375,,,Colégio Arco Íris Evolução,7.0,7.0,fase_0_7,17.0,3,0.0,True,False
560,1,2011.0,2020,Escola Pública,Quartzo,4.949,189.0,11.0,2.0,Avaliador-4,Mantido na Fase atual,Avaliador-2,Mantido na Fase atual,,Não avaliado,,,6.9,7.2,5.0,Não indicado,3.8,3.2,4.3,,Não,3.75,5.0,Melhorar: Melhorar a sua entrega de lições de casa.,Melhorar: Empenhar-se mais nas aulas e avaliações.,Melhorar: Integrar-se mais aos Princípios Passos Mágicos.,2022,3.0899999999999928,,,,1.0,2.0,fase_0_7,11.0,2,-1.0,False,True
560,1,2011.0,2020,Pública,Quartzo,4.932,,,3.0,Avaliador-15,,Avaliador-5,,Avaliador-2,,,,0.0,8.4,2.52,,4.0,2.3,5.7,,,6.0,5.0,,,,2023,5.0,,,,2.0,3.0,fase_0_7,12.0,3,-1.0,False,True
561,1,2011.0,2022,Escola Pública,Ametista,7.856,43.0,3.0,2.0,Avaliador-4,Promovido de Fase + Bolsa,Avaliador-2,Promovido de Fase,,Não avaliado,,,9.0,9.0,7.5,Sem limitações,7.4,9.5,5.3,,Sim,8.833,5.0,Destaque: A sua boa entrega das lições de casa.,Melhorar: Empenhar-se mais nas aulas e avaliações.,Destaque: A sua boa integração aos Princípios Passos Mágicos.,2022,6.593999999999989,,,,1.0,2.0,fase_0_7,11.0,0,-1.0,True,True
562,0,2011.0,2021,Escola Pública,Ametista,7.855,44.0,4.0,2.0,Avaliador-4,Promovido de Fase,Avaliador-2,Promovido de Fase,,Não avaliado,,,8.0,9.0,7.5,Sem limitações,8.0,8.3,7.7,,Não,8.75,5.0,Destaque: A sua boa entrega das lições de casa.,Destaque: As suas boas notas na Passos Mágicos.,Destaque: A sua boa integração aos Princípios Passos Mágicos.,2022,6.5500000000000025,,,,1.0,2.0,fase_0_7,11.0,1,-1.0,True,True
562,0,2011.0,2021,Pública,Agata,6.824833333,,,3.0,Avaliador-15,,Avaliador-5,,Avaliador-2,,,,0.0,8.5,2.52,,8.7,7.7,9.7,,,8.893333333,5.0,,,,2023,8.541666667,,,,2.0,3.0,fase_0_7,12.0,2,-1.0,False,True
562,0,2011.0,2021,Pública,Topázio,8.392733333333334,,,4.0,Avaliador-21,,Avaliador-23,,Avaliador-26,,Avaliador-17,,8.334,9.833333333333334,8.135,,7.833333333333333,7.5,7.5,8.5,,7.25,10.0,,,,2024,7.625,,,EE Joaquim Mendes Feliz,3.0,3.0,fase_0_7,13.0,3,0.0,False,False
563,0,2011.0,2020,Escola Pública,Topázio,8.22,18.0,2.0,2.0,Avaliador-4,Promovido de Fase + Bolsa,Avaliador-2,Promovido de Fase,,Não avaliado,,,10.0,9.2,7.5,Sem limitações,8.5,9.0,8.0,,Sim,8.833,5.0,Destaque: A sua boa entrega das lições de casa.,Destaque: As suas boas notas na Passos Mágicos.,Destaque: A sua boa integração aos Princípios Passos Mágicos.,2022,6.634000000000002,,,,1.0,2.0,fase_0_7,11.0,2,-1.0,True,True
563,0,2011.0,2020,Pública,Ametista,7.684133333,,,3.0,Avaliador-15,,Avaliador-5,,Avaliador-2,,,,6.4,9.7,2.52,,6.2,6.0,6.3,,,8.726666667,10.0,,,,2023,8.75,,,,2.0,2.0,fase_0_7,12.0,3,0.0,False,False
563,0,2011.0,2021,Pública,Topázio,8.595447619066668,,,5.0,Avaliador-16,,Avaliador-26,,Avaliador-22,,Avaliador-10,,9.168,9.461904762,8.135,,8.333333333333334,10.0,9.0,6.0,,7.468,10.0,,,,2024,8.125,Avaliador-25,,EE João Ortiz Rodrigues,3.0,3.0,fase_0_7,13.0,3,0.0,False,False
564,1,2009.0,2019,Escola Pública,Quartzo,4.972,188.0,10.0,2.0,Avaliador-4,Promovido de Fase,Avaliador-2,Promovido de Fase,,Não avaliado,,,9.5,3.8,5.0,Não indicado,2.3,2.5,2.0,,Não,6.833,5.0,Melhorar: Melhorar a sua entrega de lições de casa.,Melhorar: Empenhar-se mais nas aulas e avaliações.,Melhorar: Integrar-se mais aos Princípios Passos Mágicos.,2022,4.3540000000000045,,,,1.0,3.0,fase_0_7,13.0,3,-2.0,False,True
565,1,2009.0,2022,Escola Pública,Quartzo,5.233,186.0,9.0,2.0,Avaliador-4,Promovido de Fase,Avaliador-2,Promovido de Fase,,Não avaliado,,,9.0,4.1,7.5,Sem limitações,2.9,4.0,1.8,,Não,5.917,5.0,Melhorar: Melhorar a sua entrega de lições de casa.,Melhorar: Empenhar-se mais nas aulas e avaliações.,Melhorar: Integrar-se mais aos Princípios Passos Mágicos.,2022,4.996,,,,1.0,3.0,fase_0_7,13.0,0,-2.0,False,True
566,0,2010.0,2022,Escola Pública,Ametista,7.729,58.0,5.0,2.0,Avaliador-4,Mantido na Fase atual,Avaliador-2,Promovido de Fase,,Não avaliado,,,9.5,8.4,7.5,Sem limitações,8.5,9.5,7.5,,Não,7.917,5.0,Destaque: A sua boa entrega das lições de casa.,Destaque: As suas boas notas na Passos Mágicos.,Destaque: A sua boa integração aos Princípios Passos Mágicos.,2022,5.655999999999999,,,,1.0,3.0,fase_0_7,12.0,0,-2.0,False,True
566,0,2010.0,2022,Pública,Ametista,7.7227,,,3.0,Avaliador-15,,Avaliador-5,,Avaliador-2,,,,9.0,8.8,2.52,,8.4,8.8,8.0,,,8.673333333,5.0,,,,2023,8.958333333,,,,2.0,3.0,fase_0_7,13.0,1,-1.0,False,True
567,1,2011.0,2019,Escola Pública,Ágata,6.281,167.0,7.0,2.0,Avaliador-4,Mantido na Fase atual,Avaliador-2,Promovido de Fase,,Não avaliado,,,9.5,6.0,7.5,Sem limitações,4.8,4.3,5.2,,Não,6.833,5.0,Melhorar: Melhorar a sua entrega de lições de casa.,Melhorar: Empenhar-se mais nas aulas e avaliações.,Melhorar: Integrar-se mais aos Princípios Passos Mágicos.,2022,5.543999999999993,,,,1.0,2.0,fase_0_7,11.0,3,-1.0,False,True
568,1,2008.0,2018,Escola Pública,Ametista,7.306,100.0,8.0,3.0,Avaliador-7,Promovido de Fase,Avaliador-3,Promovido de Fase,,Promovido de Fase,,,8.0,8.6,6.9,Não atendido,8.3,8.0,8.5,,Não,7.944,2.5,Destaque: A sua boa entrega das lições de casa.,Destaque: As suas boas notas na Passos Mágicos.,Destaque: A sua boa integração aos Princípios Passos Mágicos.,2022,5.972,,,,1.0,4.0,fase_0_7,14.0,4,-3.0,False,True
568,1,2008.0,2018,Pública,Agata,6.9647,,,3.0,Avaliador-15,,Avaliador-5,,Avaliador-2,,,,7.0,7.9,5.0,,7.6,8.5,6.7,,,8.01,2.5,,,,2023,8.125,,,,2.0,5.0,fase_0_7,15.0,5,-3.0,False,True
568,1,2008.0,2021,Pública,Quartzo,5.545864285733334,,,5.0,Avaliador-16,,Avaliador-26,,Avaliador-22,,Avaliador-10,,7.917,3.2619047620000003,8.13,,5.166666666666667,5.0,5.5,5.0,,5.496,5.0,,,,2024,6.5625,Avaliador-7,,EE Joaquim Mendes Feliz,3.0,5.0,fase_0_7,16.0,3,-2.0,False,True
569,0,2010.0,2020,Escola Pública,Ametista,7.074,118.0,9.0,3.0,Avaliador-7,Mantido na Fase atual,Avaliador-3,Mantido na Fase atual,,Mantido na Fase atual,,,9.5,8.7,5.0,Requer avaliação,6.8,6.3,7.3,,Não,7.333,5.0,Destaque: A sua boa entrega das lições de casa.,Melhorar: Empenhar-se mais nas aulas e avaliações.,Melhorar: Integrar-se mais aos Princípios Passos Mágicos.,2022,5.5739999999999945,,,,1.0,3.0,fase_0_7,12.0,2,-2.0,False,True
57,1,2006.0,2017,Rede Decisão,Ametista,7.305,25.0,10.0,3.0,Avaliador-5,Promovido de Fase + Bolsa,Avaliador-27,Mantido na Fase atual,Avaliador-24,Mantido na Fase + Bolsa,Avaliador-31,,7.1,8.1,5.6,Requer avaliação,8.4,9.0,7.0,9.3,Não,7.875,5.0,Destaque: A sua boa entrega das lições de casa.,Destaque: As suas boas notas na Passos Mágicos.,Destaque: A sua boa integração aos Princípios Passos Mágicos.,2022,6.600000000000001,,,,5.0,6.0,fase_0_7,16.0,5,-1.0,False,True
57,1,2006.0,2017,Privada - Programa de Apadrinhamento,Agata,6.450875,,,4.0,Avaliador-24,,Avaliador-7,,Avaliador-23,,Avaliador-8,,0.0,8.0,5.63,,7.2,7.8,6.8,7.0,,7.755,5.0,,,,2023,7.96875,,,,6.0,7.0,fase_0_7,17.0,6,-1.0,False,True
57,1,2006.0,2021,Privada - Programa de Apadrinhamento,Ametista,7.419380430199999,,,3.0,Avaliador-22,,Avaliador-26,,Avaliador-7,,,,9.585,6.010860484333333,6.88,,6.166666666666667,6.0,6.5,6.0,,7.39,10.0,,,,2024,8.59375,,,Colégio Arco Íris Evolução,7.0,7.0,fase_0_7,18.0,3,0.0,False,False
570,0,2012.0,2019,Escola Pública,Quartzo,5.722,179.0,17.0,3.0,Avaliador-7,Mantido na Fase atual,Avaliador-3,Mantido na Fase atual,,Mantido na Fase atual,,,9.0,7.0,7.5,Não atendido,1.3,0.7,2.0,,Não,6.778,5.0,Melhorar: Melhorar a sua entrega de lições de casa.,Melhorar: Empenhar-se mais nas aulas e avaliações.,Melhorar: Integrar-se mais aos Princípios Passos Mágicos.,2022,5.564000000000009,,,,1.0,2.0,fase_0_7,10.0,3,-1.0,False,True
570,0,2012.0,2019,Pública,Agata,6.781033333,,,3.0,Avaliador-15,,Avaliador-4,,Avaliador-3,,,,8.5,7.3,3.77,,5.9,5.7,6.0,,,8.056666667,5.0,,,,2023,8.125,,,,1.0,2.0,fase_0_7,11.0,4,-1.0,False,True
570,0,2012.0,2021,Pública,Agata,6.8133640787,,,4.0,Avaliador-19,,Avaliador-17,,Avaliador-25,,Avaliador-2,,8.002,8.0020703935,5.625,,6.75,6.0,7.5,,,6.4075,5.0,,,,2024,7.1875,,,EE João Ortiz Rodrigues,2.0,3.0,fase_0_7,12.0,3,-1.0,False,True
571,0,2011.0,2019,Escola Pública,Ágata,6.589,153.0,13.0,3.0,Avaliador-7,Mantido na Fase atual,Avaliador-3,Mantido na Fase atual,,Mantido na Fase atual,,,8.5,8.8,7.5,Não atendido,3.7,3.3,4.0,,Não,6.944,5.0,Destaque: A sua boa entrega das lições de casa.,Melhorar: Empenhar-se mais nas aulas e avaliações.,Melhorar: Integrar-se mais aos Princípios Passos Mágicos.,2022,6.002000000000001,,,,1.0,2.0,fase_0_7,11.0,3,-1.0,False,True
571,0,2011.0,2019,Privada,Agata,6.6097,,,3.0,Avaliador-19,,Avaliador-4,,Avaliador-2,,,,9.0,7.9,3.77,,5.0,3.8,6.2,,,7.616666667,5.0,,,,2023,7.291666667,,,,1.0,3.0,fase_0_7,12.0,4,-2.0,False,True
571,0,2011.0,2021,Pública,Agata,6.2964554348,,,4.0,Avaliador-19,,Avaliador-16,,Avaliador-25,,Avaliador-2,,7.002,8.695652174,4.375,,5.25,5.0,5.5,,,5.8325,5.0,,,,2024,7.03125,,,EE João Ortiz Rodrigues,2.0,3.0,fase_0_7,13.0,3,-1.0,False,True
572,1,2013.0,2022,Escola Pública,Ametista,7.48,83.0,6.0,3.0,Avaliador-7,Mantido na Fase atual,Avaliador-3,Mantido na Fase atual,,Mantido na Fase atual,,,8.5,8.0,7.5,Não atendido,6.8,4.5,9.0,,Não,6.833,10.0,Destaque: A sua boa entrega das lições de casa.,Melhorar: Empenhar-se mais nas aulas e avaliações.,Melhorar: Integrar-se mais aos Princípios Passos Mágicos.,2022,5.533999999999999,,,,1.0,1.0,fase_0_7,9.0,0,0.0,False,False
573,1,2011.0,2020,Escola Pública,Topázio,8.261,15.0,2.0,3.0,Avaliador-7,Promovido de Fase + Bolsa,Avaliador-3,Promovido de Fase,,Mantido na Fase atual,,,9.5,9.9,7.5,Não atendido,8.2,8.3,8.0,,Sim,8.944,5.0,Destaque: A sua boa entrega das lições de casa.,Destaque: As suas boas notas na Passos Mágicos.,Destaque: A sua boa integração aos Princípios Passos Mágicos.,2022,6.521999999999988,,,,1.0,2.0,fase_0_7,11.0,2,-1.0,True,True
573,1,2011.0,2020,Pública,Ametista,7.774366667,,,3.0,Avaliador-15,,Avaliador-5,,Avaliador-2,,,,9.5,9.8,5.0,,6.6,5.7,7.5,,,8.45,5.0,,,,2023,8.541666667,,,,2.0,3.0,fase_0_7,12.0,3,-1.0,False,True
573,1,2011.0,2021,Pública,Ametista,7.839050000000001,,,4.0,Avaliador-21,,Avaliador-16,,Avaliador-26,,Avaliador-7,,9.168,9.5,8.755,,5.0,6.0,3.5,5.5,,6.8275,10.0,,,,2024,7.8125,,,EE João Ortiz Rodrigues,3.0,3.0,fase_0_7,13.0,3,0.0,False,False
574,1,2012.0,2022,Escola Pública,Ágata,6.86,135.0,11.0,3.0,Avaliador-7,Mantido na Fase atual,Avaliador-3,Mantido na Fase atual,,Mantido na Fase atual,,,9.5,7.2,5.0,Requer avaliação,7.5,5.5,9.5,,Não,6.944,5.0,Melhorar: Melhorar a sua entrega de lições de casa.,Destaque: As suas boas notas na Passos Mágicos.,Melhorar: Integrar-se mais aos Princípios Passos Mágicos.,2022,5.811999999999999,,,,1.0,2.0,fase_0_7,10.0,0,-1.0,False,True
574,1,2012.0,2022,Pública,Ametista,7.878133333,,,3.0,Avaliador-15,,Avaliador-5,,Avaliador-2,,,,6.9,8.2,5.0,,8.1,7.7,8.5,,,8.173333333,10.0,,,,2023,7.916666667,,,,2.0,2.0,fase_0_7,11.0,1,0.0,False,False
575,1,2010.0,2019,Escola Pública,Quartzo,5.889,175.0,16.0,3.0,Avaliador-7,Promovido de Fase,Avaliador-3,Mantido na Fase atual,,Promovido de Fase,,,8.0,6.1,7.5,Não atendido,2.8,2.7,3.0,,Não,7.0,5.0,Melhorar: Melhorar a sua entrega de lições de casa.,Melhorar: Empenhar-se mais nas aulas e avaliações.,Melhorar: Integrar-se mais aos Princípios Passos Mágicos.,2022,6.589999999999998,,,,1.0,3.0,fase_0_7,12.0,3,-2.0,False,True
576,0,2012.0,2022,Escola Pública,Ametista,7.59,75.0,4.0,3.0,Avaliador-7,Mantido na Fase atual,Avaliador-3,Mantido na Fase atual,,Mantido na Fase atual,,,9.5,9.1,7.5,Não atendido,7.8,7.5,8.0,,Não,7.111,5.0,Destaque: A sua boa entrega das lições de casa.,Destaque: As suas boas notas na Passos Mágicos.,Melhorar: Integrar-se mais aos Princípios Passos Mágicos.,2022,5.877999999999997,,,,1.0,2.0,fase_0_7,10.0,0,-1.0,False,True
576,0,2012.0,2022,Pública,Ametista,7.984741667,,,3.0,Avaliador-15,,Avaliador-5,,Avaliador-2,,,,9.0,9.3,5.02,,8.0,6.5,9.5,,,8.503333333,5.0,,,,2023,9.21875,,,,1.0,2.0,fase_0_7,11.0,1,-1.0,False,True
576,0,2012.0,2022,Pública,Topázio,8.93195,,,4.0,Avaliador-19,,Avaliador-17,,Avaliador-25,,Avaliador-2,,8.502,10.0,7.51,,9.25,9.0,9.5,,,8.4975,10.0,,,,2024,7.8125,,,EE João Ortiz Rodrigues,2.0,2.0,fase_0_7,12.0,2,0.0,True,False
577,0,2012.0,2022,Escola Pública,Ametista,7.862,41.0,3.0,3.0,Avaliador-7,Mantido na Fase atual,Avaliador-3,Mantido na Fase atual,,Mantido na Fase atual,,,9.5,9.3,7.5,Não atendido,9.0,8.3,9.7,,Não,7.111,5.0,Destaque: A sua boa entrega das lições de casa.,Destaque: As suas boas notas na Passos Mágicos.,Melhorar: Integrar-se mais aos Princípios Passos Mágicos.,2022,5.7979999999999965,,,,1.0,2.0,fase_0_7,10.0,0,-1.0,False,True
577,0,2012.0,2022,Pública,Ametista,7.219366667,,,3.0,Avaliador-19,,Avaliador-4,,Avaliador-2,,,,10.0,8.2,3.77,,7.4,6.5,8.3,,,7.673333333,5.0,,,,2023,6.875,,,,1.0,2.0,fase_0_7,11.0,1,-1.0,False,True
577,0,2012.0,2022,Pública,Agata,6.629159109700001,,,4.0,Avaliador-19,,Avaliador-17,,Avaliador-25,,Avaliador-2,,8.502,5.7660455485,5.625,,8.0,7.0,9.0,,,6.535,5.0,,,,2024,6.5625,,,EE João Ortiz Rodrigues,2.0,3.0,fase_0_7,12.0,2,-1.0,False,True
578,1,2012.0,2019,Escola Pública,Topázio,8.814,3.0,1.0,3.0,Avaliador-7,Promovido de Fase + Bolsa,Avaliador-3,Promovido de Fase,,Promovido de Fase + Bolsa,,,9.5,10.0,8.8,Sem limitações,9.5,9.3,9.7,,Sim,9.611,5.0,Destaque: A sua boa entrega das lições de casa.,Destaque: As suas boas notas na Passos Mágicos.,Destaque: A sua boa integração aos Princípios Passos Mágicos.,2022,6.617999999999995,,,,1.0,2.0,fase_0_7,10.0,3,-1.0,True,True
578,1,2012.0,2019,Privada - Programa de Apadrinhamento,Topázio,9.013866667,,,3.0,Avaliador-15,,Avaliador-5,,Avaliador-2,,,,9.0,10.0,2.52,,9.7,9.8,9.5,,,9.7625,10.0,,,,2023,9.791666667,,,,2.0,2.0,fase_0_7,11.0,4,0.0,True,False
578,1,2012.0,2021,Privada - Programa de Apadrinhamento,Topázio,9.066199999966669,,,3.0,Avaliador-21,,Avaliador-23,,Avaliador-26,,,,10.002,10.0,2.51,,9.833333333333334,10.0,9.5,10.0,,9.45,10.0,,,,2024,9.583333333,,,Colégio Arco Íris Evolução,3.0,2.0,fase_0_7,12.0,3,1.0,True,False
579,0,2012.0,2022,Escola Pública,Ágata,6.067,171.0,15.0,3.0,Avaliador-7,Mantido na Fase atual,Avaliador-3,Mantido na Fase atual,,Mantido na Fase atual,,,8.5,5.8,7.5,Não atendido,3.8,0.0,7.5,,Não,7.222,5.0,Melhorar: Melhorar a sua entrega de lições de casa.,Melhorar: Empenhar-se mais nas aulas e avaliações.,Melhorar: Integrar-se mais aos Princípios Passos Mágicos.,2022,6.026000000000007,,,,1.0,2.0,fase_0_7,10.0,0,-1.0,False,True
58,1,2007.0,2017,Rede Decisão,Topázio,8.136,9.0,3.0,3.0,Avaliador-5,Promovido de Fase,Avaliador-27,Mantido na Fase atual,Avaliador-24,Promovido de Fase + Bolsa,Avaliador-31,,9.6,9.2,6.3,Sem limitações,7.2,4.5,8.0,9.0,Não,8.125,10.0,Destaque: A sua boa entrega das lições de casa.,Melhorar: Empenhar-se mais nas aulas e avaliações.,Destaque: A sua boa integração aos Princípios Passos Mágicos.,2022,6.409999999999991,,,,5.0,5.0,fase_0_7,15.0,5,0.0,False,False
58,1,2007.0,2017,Privada - Programa de Apadrinhamento,Ametista,7.70625,,,4.0,Avaliador-24,,Avaliador-7,,Avaliador-23,,Avaliador-8,,0.0,9.7,6.26,,8.1,7.8,6.5,10.0,,8.3825,10.0,,,,2023,8.4375,,,,6.0,6.0,fase_0_7,16.0,6,0.0,False,False
58,1,2007.0,2021,Privada - Programa de Apadrinhamento,Topázio,8.7713289474,,,3.0,Avaliador-22,,Avaliador-26,,Avaliador-7,,,,9.585,9.824561403666666,7.51,,7.333333333333333,8.0,6.5,7.5,,8.62,10.0,,,,2024,9.0625,,,Colégio Arco Íris Evolução,7.0,7.0,fase_0_7,17.0,3,0.0,True,False
580,0,2012.0,2020,Escola Pública,Ametista,7.525,78.0,5.0,3.0,Avaliador-7,Mantido na Fase atual,Avaliador-3,Mantido na Fase atual,,Mantido na Fase atual,,,8.0,9.6,7.5,Não atendido,7.6,6.3,8.8,,Não,7.167,5.0,Destaque: A sua boa entrega das lições de casa.,Destaque: As suas boas notas na Passos Mágicos.,Melhorar: Integrar-se mais aos Princípios Passos Mágicos.,2022,6.016000000000004,,,,1.0,2.0,fase_0_7,10.0,2,-1.0,False,True
580,0,2012.0,2020,Pública,Topázio,8.4712,,,3.0,Avaliador-15,,Avaliador-4,,Avaliador-3,,,,8.5,9.8,7.52,,9.0,8.7,9.3,,,8.67,5.0,,,,2023,8.75,,,,1.0,2.0,fase_0_7,11.0,3,-1.0,False,True
580,0,2012.0,2021,Pública,Ametista,7.9281521222,,,4.0,Avaliador-19,,Avaliador-17,,Avaliador-25,,Avaliador-2,,9.002,8.871635610999999,7.51,,9.25,10.0,8.5,,,7.2475,5.0,,,,2024,7.03125,,,EE João Ortiz Rodrigues,2.0,3.0,fase_0_7,12.0,3,-1.0,False,True
581,1,2012.0,2019,Escola Pública,Ágata,6.464,157.0,14.0,3.0,Avaliador-7,Mantido na Fase atual,Avaliador-3,Mantido na Fase atual,,Mantido na Fase atual,,,7.5,8.9,7.5,Não atendido,5.0,5.3,4.7,,Não,5.889,5.0,Destaque: A sua boa entrega das lições de casa.,Melhorar: Empenhar-se mais nas aulas e avaliações.,Melhorar: Integrar-se mais aos Princípios Passos Mágicos.,2022,5.061999999999998,,,,1.0,2.0,fase_0_7,10.0,3,-1.0,False,True
581,1,2012.0,2019,Pública,Ametista,7.7167,,,3.0,Avaliador-15,,Avaliador-4,,Avaliador-3,,,,8.0,9.8,7.52,,7.9,7.0,8.8,,,7.393333333,5.0,,,,2023,6.458333333,,,,1.0,2.0,fase_0_7,11.0,4,-1.0,False,True
581,1,2012.0,2021,Pública,Ametista,7.0833015528,,,4.0,Avaliador-19,,Avaliador-17,,Avaliador-25,,Avaliador-2,,7.418,8.198757764,5.625,,8.75,8.0,9.5,,,6.165,5.0,,,,2024,6.5625,,,EE João Ortiz Rodrigues,2.0,3.0,fase_0_7,12.0,3,-1.0,False,True
582,0,2012.0,2022,Escola Pública,Ametista,7.064,119.0,10.0,3.0,Avaliador-7,Mantido na Fase atual,Avaliador-3,Mantido na Fase atual,,Mantido na Fase atual,,,10.0,9.0,7.5,Não atendido,4.9,4.3,5.5,,Não,7.222,5.0,Destaque: A sua boa entrega das lições de casa.,Melhorar: Empenhar-se mais nas aulas e avaliações.,Melhorar: Integrar-se mais aos Princípios Passos Mágicos.,2022,5.895999999999999,,,,1.0,2.0,fase_0_7,10.0,0,-1.0,False,True
583,0,2010.0,2019,Escola Pública,Ametista,7.456,87.0,7.0,3.0,Avaliador-7,Mantido na Fase atual,Avaliador-3,Mantido na Fase atual,,Promovido de Fase,,,8.5,9.4,7.5,Não atendido,7.1,6.2,8.0,,Não,7.333,5.0,Destaque: A sua boa entrega das lições de casa.,Melhorar: Empenhar-se mais nas aulas e avaliações.,Melhorar: Integrar-se mais aos Princípios Passos Mágicos.,2022,5.894000000000004,,,,1.0,3.0,fase_0_7,12.0,3,-2.0,False,True
583,0,2010.0,2019,Pública,Ametista,7.838866667,,,3.0,Avaliador-15,,Avaliador-5,,Avaliador-2,,,,9.0,9.4,7.52,,6.3,5.5,7.0,,,8.616666667,5.0,,,,2023,8.333333333,,,,2.0,3.0,fase_0_7,13.0,4,-1.0,False,True
583,0,2010.0,2021,Pública,Ametista,7.447591035933334,,,4.0,Avaliador-21,,Avaliador-23,,Avaliador-26,,Avaliador-17,,7.917,8.904455179666668,8.135,,5.0,6.5,4.5,4.0,,6.87,10.0,,,,2024,6.875,,,EE Joaquim Mendes Feliz,3.0,3.0,fase_0_7,14.0,3,0.0,False,False
584,0,2012.0,2019,Escola Pública,Ágata,6.714,143.0,12.0,3.0,Avaliador-7,Mantido na Fase atual,Avaliador-3,Mantido na Fase atual,,Mantido na Fase atual,,,8.0,8.5,7.5,Não atendido,4.6,4.5,4.7,,Não,7.333,5.0,Destaque: A sua boa entrega das lições de casa.,Melhorar: Empenhar-se mais nas aulas e avaliações.,Melhorar: Integrar-se mais aos Princípios Passos Mágicos.,2022,5.774000000000008,,,,1.0,2.0,fase_0_7,10.0,3,-1.0,False,True
584,0,2012.0,2019,Pública,Ametista,7.697533333,,,3.0,Avaliador-15,,Avaliador-5,,Avaliador-2,,,,9.5,9.0,2.52,,5.8,5.0,6.5,,,8.56,10.0,,,,2023,8.333333333,,,,2.0,2.0,fase_0_7,11.0,4,0.0,False,False
584,0,2012.0,2021,Pública,Agata,6.752914393933334,,,4.0,Avaliador-21,,Avaliador-16,,Avaliador-26,,Avaliador-7,,8.751,5.636363636333333,8.755,,4.333333333333333,2.0,5.0,6.0,,6.37,10.0,,,,2024,7.34375,,,EE João Ortiz Rodrigues,3.0,3.0,fase_0_7,12.0,3,0.0,False,False
585,0,2013.0,2020,Escola Pública,Ametista,7.398,94.0,7.0,3.0,Avaliador-4,Mantido na Fase atual,Avaliador-2,Mantido na Fase atual,,Mantido na Fase atual,,,8.5,9.1,7.5,Não atendido,5.0,3.7,6.3,,Não,6.889,10.0,Destaque: A sua boa entrega das lições de casa.,Melhorar: Empenhar-se mais nas aulas e avaliações.,Melhorar: Integrar-se mais aos Princípios Passos Mágicos.,2022,6.001999999999992,,,,1.0,1.0,fase_0_7,9.0,2,0.0,False,False
586,0,2012.0,2021,Rede Decisão,Ametista,7.988,37.0,3.0,3.0,Avaliador-4,Promovido de Fase + Bolsa,Avaliador-2,Promovido de Fase,,Promovido de Fase + Bolsa,,,10.0,9.6,5.6,Requer avaliação,8.2,8.2,8.2,,Não,8.778,5.0,Destaque: A sua boa entrega das lições de casa.,Destaque: As suas boas notas na Passos Mágicos.,Destaque: A sua boa integração aos Princípios Passos Mágicos.,2022,6.124000000000009,,,,1.0,2.0,fase_0_7,10.0,1,-1.0,True,True
586,0,2012.0,2021,Privada - Programa de Apadrinhamento,Topázio,8.4242,,,3.0,Avaliador-15,,Avaliador-5,,Avaliador-2,,,,8.0,10.0,2.52,,8.4,7.5,9.2,,,9.343333333,10.0,,,,2023,8.333333333,,,,2.0,2.0,fase_0_7,11.0,2,0.0,True,False
586,0,2012.0,2021,Privada - Programa de Apadrinhamento,Topázio,8.702387301666668,,,3.0,Avaliador-21,,Avaliador-23,,Avaliador-20,,,,9.168,9.241269841333333,7.51,,8.5,7.5,8.0,10.0,,8.056666667,10.0,,,,2024,8.75,,,Colégio Arco Íris Evolução,3.0,2.0,fase_0_7,12.0,3,1.0,False,False
587,1,2012.0,2022,Escola Pública,Ágata,6.632,148.0,10.0,3.0,Avaliador-4,Mantido na Fase atual,Avaliador-2,Mantido na Fase atual,,Mantido na Fase atual,,,9.5,9.3,7.5,Não atendido,3.8,1.0,6.5,,Não,6.167,5.0,Destaque: A sua boa entrega das lições de casa.,Melhorar: Empenhar-se mais nas aulas e avaliações.,Melhorar: Integrar-se mais aos Princípios Passos Mágicos.,2022,5.785999999999998,,,,1.0,2.0,fase_0_7,10.0,0,-1.0,False,True
587,1,2012.0,2022,Pública,Agata,6.032033333,,,3.0,Avaliador-19,,Avaliador-4,,Avaliador-2,,,,8.5,7.0,7.52,,2.7,2.2,3.2,,,6.72,5.0,,,,2023,6.458333333,,,,1.0,2.0,fase_0_7,11.0,1,-1.0,False,True
587,1,2012.0,2022,Pública,Agata,6.817057142900001,,,2.0,Avaliador-15,,Avaliador-2,,,,,,9.002,7.380952381,7.51,,6.25,6.5,6.0,,,5.74,5.0,,,,2024,7.916666667,,,EM Cecilia Cristina de Oliveira Rodrigues,1.0,3.0,fase_0_7,12.0,2,-2.0,False,True
588,0,2013.0,2021,Rede Decisão,Topázio,8.622,4.0,2.0,3.0,Avaliador-4,Promovido de Fase + Bolsa,Avaliador-2,Promovido de Fase,,Promovido de Fase + Bolsa,,,9.5,10.0,5.6,Sem limitações,9.3,9.3,9.2,,Não,8.278,10.0,Destaque: A sua boa entrega das lições de casa.,Destaque: As suas boas notas na Passos Mágicos.,Destaque: A sua boa integração aos Princípios Passos Mágicos.,2022,5.963999999999992,,,,1.0,1.0,fase_0_7,9.0,1,0.0,False,False
588,0,2013.0,2021,Privada - Programa de Apadrinhamento,Topázio,8.3527,,,3.0,Avaliador-32,,Avaliador-5,,Avaliador-2,,,,8.0,9.6,2.52,,7.8,7.5,8.0,,,9.673333333,10.0,,,,2023,8.958333333,,,,2.0,2.0,fase_0_7,10.0,2,0.0,True,False
588,0,2013.0,2021,Privada - Programa de Apadrinhamento,Topázio,8.676133333333334,,,3.0,Avaliador-21,,Avaliador-23,,Avaliador-20,,,,9.168,9.833333333333334,7.51,,7.833333333333333,8.5,8.0,7.0,,8.0,10.0,,,,2024,8.75,,,Colégio Arco Íris Evolução,3.0,2.0,fase_0_7,11.0,3,1.0,False,False
589,0,2013.0,2022,Escola Pública,Ametista,7.744,57.0,4.0,3.0,Avaliador-4,Mantido na Fase atual,Avaliador-2,Mantido na Fase atual,,Mantido na Fase atual,,,9.5,9.4,7.5,Não atendido,5.8,3.0,8.5,,Não,7.056,10.0,Destaque: A sua boa entrega das lições de casa.,Melhorar: Empenhar-se mais nas aulas e avaliações.,Melhorar: Integrar-se mais aos Princípios Passos Mágicos.,2022,5.927999999999996,,,,1.0,1.0,fase_0_7,9.0,0,0.0,False,False
59,1,2005.0,2022,Escola Pública,Ametista,7.642,15.0,7.0,3.0,Avaliador-5,Promovido de Fase,Avaliador-27,Mantido na Fase atual,Avaliador-24,Mantido na Fase atual,Avaliador-31,,9.2,9.3,7.5,Não atendido,7.2,7.0,5.7,8.8,Não,7.917,5.0,Destaque: A sua boa entrega das lições de casa.,Melhorar: Empenhar-se mais nas aulas e avaliações.,Destaque: A sua boa integração aos Princípios Passos Mágicos.,2022,5.885999999999996,,,,5.0,7.0,fase_0_7,17.0,0,-2.0,False,True
59,1,2005.0,2022,Privada - Programa de Apadrinhamento,Ametista,7.692291667,,,4.0,Avaliador-24,,Avaliador-7,,Avaliador-23,,Avaliador-8,,7.5,9.6,5.63,,7.2,7.7,6.8,7.2,,8.4225,5.0,,,,2023,8.28125,,,,6.0,8.0,fase_0_7,18.0,1,-2.0,False,True
59,1,2005.0,2022,Privada *Parcerias com Bolsa 100%,,,,,0.0,,,,,,,,,,,,,,,,,,,10.0,,,,2024,,,,Faculdade FIAP,8.0,8.0,fase_8,19.0,2,0.0,False,False
590,0,2012.0,2020,Escola Pública,Ametista,7.435,90.0,6.0,3.0,Avaliador-4,Mantido na Fase atual,Avaliador-2,Promovido de Fase,,Promovido de Fase,,,8.5,8.6,7.5,Não atendido,7.4,5.7,9.2,,Não,7.611,5.0,Destaque: A sua boa entrega das lições de casa.,Melhorar: Empenhar-se mais nas aulas e avaliações.,Destaque: A sua boa integração aos Princípios Passos Mágicos.,2022,6.127999999999991,,,,1.0,2.0,fase_0_7,10.0,2,-1.0,False,True
590,0,2012.0,2020,Privada,Ametista,7.647666667,,,3.0,Avaliador-32,,Avaliador-5,,Avaliador-2,,,,6.3,9.7,3.77,,6.5,5.7,7.3,,,8.34,10.0,,,,2023,7.291666667,,,,2.0,2.0,fase_0_7,11.0,3,0.0,False,False
590,0,2012.0,2021,Privada,Agata,6.712378053800001,,,3.0,Avaliador-19,,Avaliador-25,,Avaliador-2,,,,8.002,8.457556936,6.26,,4.0,8.0,0.0,,,7.723333333,5.0,,,,2024,7.5,,,Colégio Nogueira e Sonho de Criança,2.0,3.0,fase_0_7,12.0,3,-1.0,False,True
591,1,2011.0,2021,Escola Pública,Ametista,7.507,80.0,5.0,3.0,Avaliador-4,Mantido na Fase atual,Avaliador-2,Promovido de Fase,,Mantido na Fase atual,,,9.5,9.3,7.5,Não atendido,7.1,7.8,6.3,,Não,7.389,5.0,Destaque: A sua boa entrega das lições de casa.,Melhorar: Empenhar-se mais nas aulas e avaliações.,Melhorar: Integrar-se mais aos Princípios Passos Mágicos.,2022,5.49199999999999,,,,1.0,2.0,fase_0_7,11.0,1,-1.0,False,True
591,1,2011.0,2021,Pública,Ametista,7.1472,,,3.0,Avaliador-32,,Avaliador-5,,Avaliador-2,,,,9.0,8.5,6.27,,6.9,6.2,7.5,,,7.333333333,5.0,,,,2023,5.833333333,,,,2.0,3.0,fase_0_7,12.0,2,-1.0,False,True
591,1,2011.0,2021,Pública,Agata,6.8360336957,,,4.0,Avaliador-17,,Avaliador-19,,Avaliador-25,,Avaliador-2,,7.418,7.913043478500001,6.255,,7.5,6.0,9.0,,,6.54,5.0,,,,2024,5.78125,,,EM Cecilia Cristina de Oliveira Rodrigues,2.0,3.0,fase_0_7,13.0,3,-1.0,False,True
592,0,2012.0,2020,Escola Pública,Ametista,7.381,96.0,9.0,3.0,Avaliador-4,Mantido na Fase atual,Avaliador-2,Promovido de Fase,,Promovido de Fase,,,8.0,8.5,5.6,Requer avaliação,8.4,7.2,9.7,,Não,7.778,5.0,Destaque: A sua boa entrega das lições de casa.,Destaque: As suas boas notas na Passos Mágicos.,Destaque: A sua boa integração aos Princípios Passos Mágicos.,2022,5.853999999999999,,,,1.0,2.0,fase_0_7,10.0,2,-1.0,False,True
592,0,2012.0,2020,Privada,Ametista,7.935466667,,,3.0,Avaliador-32,,Avaliador-5,,Avaliador-2,,,,6.2,9.2,3.77,,7.6,5.5,9.7,,,8.95,10.0,,,,2023,7.916666667,,,,2.0,2.0,fase_0_7,11.0,3,0.0,False,False
592,0,2012.0,2021,Privada,Ametista,7.121622213600001,,,4.0,Avaliador-20,,Avaliador-21,,Avaliador-26,,Avaliador-10,,7.917,6.108152734666667,2.51,,7.833333333333333,7.0,8.0,8.5,,7.625,10.0,,,,2024,7.65625,,,Escola João Paulo II,3.0,2.0,fase_0_7,12.0,3,1.0,False,False
593,0,2012.0,2021,Escola Pública,Ágata,6.254,168.0,11.0,3.0,Avaliador-4,Mantido na Fase atual,Avaliador-2,Promovido de Fase,,Mantido na Fase atual,,,7.5,7.4,7.5,Não atendido,4.6,3.0,6.2,,Não,6.278,5.0,Melhorar: Melhorar a sua entrega de lições de casa.,Melhorar: Empenhar-se mais nas aulas e avaliações.,Melhorar: Integrar-se mais aos Princípios Passos Mágicos.,2022,5.983999999999989,,,,1.0,2.0,fase_0_7,10.0,1,-1.0,False,True
594,1,2012.0,2022,Escola Pública,Ametista,7.392,95.0,8.0,3.0,Avaliador-4,Mantido na Fase atual,Avaliador-2,Mantido na Fase atual,,Mantido na Fase atual,,,8.0,9.4,7.5,Não atendido,7.8,6.0,9.5,,Não,6.889,5.0,Destaque: A sua boa entrega das lições de casa.,Destaque: As suas boas notas na Passos Mágicos.,Melhorar: Integrar-se mais aos Princípios Passos Mágicos.,2022,5.241999999999996,,,,1.0,2.0,fase_0_7,10.0,0,-1.0,False,True
594,1,2012.0,2022,Pública,Agata,6.702033333,,,3.0,Avaliador-19,,Avaliador-4,,Avaliador-2,,,,8.5,7.1,6.27,,5.8,6.2,5.3,,,7.336666667,5.0,,,,2023,6.875,,,,1.0,2.0,fase_0_7,11.0,1,-1.0,False,True
594,1,2012.0,2022,Pública,Agata,6.890966666600001,,,3.0,Avaliador-20,,Avaliador-19,,Avaliador-2,,,,6.918,5.75,6.26,,7.0,6.5,7.5,,,6.053333333,10.0,,,,2024,8.125,,,EE Donizetti Aparecido Leite Professor,2.0,2.0,fase_0_7,12.0,2,0.0,False,False
595,1,2010.0,2018,Escola Pública,Quartzo,5.18,187.0,12.0,3.0,Avaliador-4,Mantido na Fase atual,Avaliador-2,Mantido na Fase atual,,Mantido na Fase atual,,,8.5,5.5,7.5,Não atendido,1.0,2.0,0.0,,Não,6.0,5.0,Melhorar: Melhorar a sua entrega de lições de casa.,Melhorar: Empenhar-se mais nas aulas e avaliações.,Melhorar: Integrar-se mais aos Princípios Passos Mágicos.,2022,5.799999999999992,,,,1.0,3.0,fase_0_7,12.0,4,-2.0,False,True
595,1,2010.0,2018,Pública,Quartzo,5.078666667,,,3.0,Avaliador-32,,Avaliador-5,,Avaliador-2,,,,0.0,7.0,7.52,,3.3,3.2,3.3,,,5.55,5.0,,,,2023,6.666666667,,,,2.0,3.0,fase_0_7,13.0,5,-1.0,False,True
596,0,2013.0,2021,Escola Pública,Topázio,8.971,1.0,1.0,3.0,Avaliador-4,Mantido na Fase atual,Avaliador-2,Promovido de Fase,,Promovido de Fase + Bolsa,,,9.5,10.0,7.5,Sem limitações,9.3,8.8,9.8,,Sim,9.0,10.0,Destaque: A sua boa entrega das lições de casa.,Destaque: As suas boas notas na Passos Mágicos.,Destaque: A sua boa integração aos Princípios Passos Mágicos.,2022,6.109999999999989,,,,1.0,1.0,fase_0_7,9.0,1,0.0,True,False
597,1,2013.0,2022,Escola Pública,Topázio,8.265,14.0,1.0,3.0,Avaliador-4,Mantido na Fase atual,Avaliador-2,Mantido na Fase atual,,Mantido na Fase atual,,,9.0,10.0,7.5,Sem limitações,8.0,6.5,9.5,,Não,7.056,10.0,Destaque: A sua boa entrega das lições de casa.,Destaque: As suas boas notas na Passos Mágicos.,Melhorar: Integrar-se mais aos Princípios Passos Mágicos.,2022,6.038000000000006,,,,1.0,1.0,fase_0_7,9.0,0,0.0,False,False
597,1,2013.0,2022,Pública,Topázio,8.49045,,,3.0,Avaliador-15,,Avaliador-5,,Avaliador-2,,,,10.0,9.6,7.52,,8.5,7.8,9.2,,,8.56,5.0,,,,2023,9.0625,,,,1.0,2.0,fase_0_7,10.0,1,-1.0,False,True
597,1,2013.0,2022,Pública,Ametista,7.843291097300001,,,3.0,Avaliador-19,,Avaliador-25,,Avaliador-2,,,,9.002,9.3271221535,7.51,,6.0,5.0,7.0,,,6.883333333,10.0,,,,2024,7.5,,,EE Maria André Schunck Dona,2.0,2.0,fase_0_7,11.0,2,0.0,False,False
598,0,2011.0,2022,Escola Pública,Ágata,6.35,162.0,13.0,3.0,Avaliador-4,Mantido na Fase atual,Avaliador-2,Mantido na Fase atual,,Mantido na Fase atual,,,9.5,7.2,7.5,Sem limitações,3.7,4.7,2.7,,Não,6.944,5.0,Melhorar: Melhorar a sua entrega de lições de casa.,Melhorar: Empenhar-se mais nas aulas e avaliações.,Melhorar: Integrar-se mais aos Princípios Passos Mágicos.,2022,5.811999999999991,,,,1.0,2.0,fase_0_7,11.0,0,-1.0,False,True
599,1,2012.0,2022,Escola Pública,Topázio,8.2,19.0,2.0,3.0,Avaliador-4,Promovido de Fase,Avaliador-2,Promovido de Fase,,Promovido de Fase + Bolsa,,,9.5,9.2,7.5,Sem limitações,9.1,8.3,9.8,,Sim,8.556,5.0,Destaque: A sua boa entrega das lições de casa.,Destaque: As suas boas notas na Passos Mágicos.,Destaque: A sua boa integração aos Princípios Passos Mágicos.,2022,6.287999999999991,,,,1.0,2.0,fase_0_7,10.0,0,-1.0,True,True
599,1,2012.0,2022,Pública,Topázio,8.532866667,,,3.0,Avaliador-15,,Avaliador-5,,Avaliador-2,,,,10.0,9.5,2.52,,8.5,8.2,8.7,,,9.286666667,10.0,,,,2023,8.333333333,,,,2.0,2.0,fase_0_7,11.0,1,0.0,True,False
599,1,2012.0,2022,Pública,Topázio,8.3569352941,,,3.0,Avaliador-21,,Avaliador-7,,Avaliador-10,,,,10.002,8.607843137333333,9.375,,7.666666666666667,8.0,7.0,8.0,,7.28,10.0,,,,2024,7.083333333,,,EE Maria André Schunck Dona,3.0,2.0,fase_0_7,12.0,2,1.0,False,False
6,0,2004.0,2021,Escola Pública,Quartzo,5.848,16.0,8.0,4.0,Avaliador-5,Promovido de Fase,Avaliador-27,Promovido de Fase + Bolsa,Avaliador-28,Promovido de Fase + Bolsa,Avaliador-31,Mantido na Fase atual,7.9,4.5,7.5,Sem limitações,3.3,2.3,5.3,2.3,Sim,7.222,5.0,Melhorar: Melhorar a sua entrega de lições de casa.,Melhorar: Empenhar-se mais nas aulas e avaliações.,Melhorar: Integrar-se mais aos Princípios Passos Mágicos.,2022,8.035999999999994,,,,7.0,8.0,fase_0_7,18.0,1,-1.0,False,True
6,0,2004.0,2021,Privada - Pagamento por *Empresa Parceira,,,,,,,,,,,,,,,,,,,,,,,,10.0,,,,2023,,,,,8.0,8.0,fase_8,19.0,2,0.0,False,False
6,0,2004.0,2021,Privada *Parcerias com Bolsa 100%,,,,,0.0,,,,,,,,,,,,,,,,,,,10.0,,,,2024,,,,Faculdade FIAP,8.0,8.0,fase_8,20.0,3,0.0,False,False
60,0,2004.0,2021,Escola Pública,Quartzo,5.537,53.0,16.0,3.0,Avaliador-5,Promovido de Fase,Avaliador-27,Mantido na Fase atual,Avaliador-24,Alocado em Fase anterior,Avaliador-31,,6.7,6.0,7.5,Não atendido,4.9,5.0,6.2,3.5,Não,6.167,2.5,Melhorar: Melhorar a sua entrega de lições de casa.,Melhorar: Empenhar-se mais nas aulas e avaliações.,Melhorar: Integrar-se mais aos Princípios Passos Mágicos.,2022,4.535999999999998,,,,5.0,8.0,fase_0_7,18.0,1,-3.0,False,True
600,0,2013.0,2021,Escola Pública,Ágata,7.011,126.0,10.0,3.0,Avaliador-4,Mantido na Fase atual,Avaliador-2,Mantido na Fase atual,,Mantido na Fase atual,,,8.5,8.4,7.5,Sem limitações,3.9,2.8,5.0,,Não,6.833,10.0,Destaque: A sua boa entrega das lições de casa.,Melhorar: Empenhar-se mais nas aulas e avaliações.,Melhorar: Integrar-se mais aos Princípios Passos Mágicos.,2022,5.843999999999996,,,,1.0,1.0,fase_0_7,9.0,1,0.0,False,False
600,0,2013.0,2021,Pública,Ametista,7.651658333,,,3.0,Avaliador-15,,Avaliador-5,,Avaliador-2,,,,8.5,8.4,7.52,,7.2,6.5,7.8,,,8.056666667,5.0,,,,2023,8.28125,,,,1.0,2.0,fase_0_7,10.0,2,-1.0,False,True
600,0,2013.0,2021,Pública,Ametista,7.847373913,,,3.0,Avaliador-19,,Avaliador-25,,Avaliador-2,,,,8.002,8.010869565,7.51,,7.5,8.0,7.0,,,7.22,10.0,,,,2024,7.5,,,EM Cecilia Cristina de Oliveira Rodrigues,2.0,2.0,fase_0_7,11.0,3,0.0,False,False
601,1,2014.0,2021,Escola Pública,Ametista,7.713,60.0,7.0,3.0,Avaliador-4,Mantido na Fase atual,Avaliador-2,Mantido na Fase atual,,Mantido na Fase atual,,,9.0,9.7,7.5,Sem limitações,5.7,5.3,6.0,,Não,7.167,10.0,Destaque: A sua boa entrega das lições de casa.,Melhorar: Empenhar-se mais nas aulas e avaliações.,Melhorar: Integrar-se mais aos Princípios Passos Mágicos.,2022,5.495999999999999,,,,1.0,0.0,fase_0_7,8.0,1,1.0,False,False
601,1,2014.0,2021,Pública,Topázio,8.955783333,,,3.0,Avaliador-15,,Avaliador-5,,Avaliador-2,,,,9.0,10.0,7.52,,8.7,8.0,9.3,,,8.336666667,10.0,,,,2023,9.0625,,,,1.0,1.0,fase_0_7,9.0,2,0.0,False,False
601,1,2014.0,2021,Pública,Topázio,8.5107,,,2.0,Avaliador-15,,Avaliador-2,,,,,,9.502,10.0,7.505,,8.75,9.5,8.0,,,8.425,5.0,,,,2024,8.75,,,EE Helio Luiz Dobrochinski Prof,1.0,2.0,fase_0_7,10.0,3,-1.0,True,True
602,1,2011.0,2019,Escola Pública,Ametista,8.041,32.0,4.0,3.0,Avaliador-4,Promovido de Fase + Bolsa,Avaliador-2,Promovido de Fase,,Promovido de Fase,,,10.0,9.7,7.5,Sem limitações,8.6,8.3,8.8,,Sim,7.667,5.0,Destaque: A sua boa entrega das lições de casa.,Destaque: As suas boas notas na Passos Mágicos.,Destaque: A sua boa integração aos Princípios Passos Mágicos.,2022,5.975999999999999,,,,1.0,2.0,fase_0_7,11.0,3,-1.0,False,True
602,1,2011.0,2019,Pública,Topázio,8.5592,,,3.0,Avaliador-32,,Avaliador-5,,Avaliador-2,,,,10.0,9.6,7.52,,8.1,7.3,8.8,,,9.51,5.0,,,,2023,8.75,,,,2.0,3.0,fase_0_7,12.0,4,-1.0,True,True
602,1,2011.0,2021,Pública,Topázio,8.647409313733334,,,4.0,Avaliador-20,,Avaliador-21,,Avaliador-26,,Avaliador-10,,9.585,9.670588235333334,7.51,,7.333333333333333,9.0,5.0,8.0,,8.545,10.0,,,,2024,8.28125,,,EE Maria André Schunck Dona,3.0,3.0,fase_0_7,13.0,3,0.0,True,False
603,0,2011.0,2022,Escola Pública,Ametista,7.78,52.0,6.0,3.0,Avaliador-4,Promovido de Fase,Avaliador-2,Promovido de Fase,,Promovido de Fase,,,9.0,9.5,7.5,Sem limitações,7.5,6.7,8.3,,Não,8.0,5.0,Destaque: A sua boa entrega das lições de casa.,Destaque: As suas boas notas na Passos Mágicos.,Destaque: A sua boa integração aos Princípios Passos Mágicos.,2022,6.299999999999999,,,,1.0,2.0,fase_0_7,11.0,0,-1.0,False,True
603,1,2011.0,2022,Pública,Agata,6.748833333,,,3.0,Avaliador-15,,Avaliador-5,,Avaliador-2,,,,0.0,8.9,2.52,,7.0,5.7,8.2,,,7.78,10.0,,,,2023,7.708333333,,,,2.0,2.0,fase_0_7,12.0,1,0.0,False,False
603,1,2011.0,2022,Pública,Agata,6.942277777866667,,,3.0,Avaliador-21,,Avaliador-23,,Avaliador-20,,,,9.585,7.155555555666666,6.885,,4.666666666666667,4.5,5.5,4.0,,6.216666667,10.0,,,,2024,6.875,,,EE Donizetti Aparecido Leite Professor,3.0,3.0,fase_0_7,13.0,2,0.0,False,False
604,0,2012.0,2021,Escola Pública,Ametista,8.018,34.0,5.0,3.0,Avaliador-4,Promovido de Fase + Bolsa,Avaliador-2,Promovido de Fase,,Promovido de Fase,,,9.0,9.0,7.5,Sem limitações,8.8,8.0,9.7,,Sim,8.333,5.0,Destaque: A sua boa entrega das lições de casa.,Destaque: As suas boas notas na Passos Mágicos.,Destaque: A sua boa integração aos Princípios Passos Mágicos.,2022,6.414,,,,1.0,2.0,fase_0_7,10.0,1,-1.0,False,True
604,0,2012.0,2021,Pública,Topázio,8.548033333,,,3.0,Avaliador-15,,Avaliador-5,,Avaliador-2,,,,9.0,9.3,7.52,,7.5,6.0,9.0,,,8.616666667,10.0,,,,2023,8.125,,,,2.0,2.0,fase_0_7,11.0,2,0.0,False,False
604,0,2012.0,2021,Pública,Ametista,7.429623555266667,,,4.0,Avaliador-20,,Avaliador-21,,Avaliador-26,,Avaliador-10,,8.334,7.502992776333333,8.13,,7.0,8.0,5.5,7.5,,6.21,10.0,,,,2024,6.40625,,,EE Maria André Schunck Dona,3.0,2.0,fase_0_7,12.0,3,1.0,False,False
605,0,2010.0,2021,Escola Pública,Ametista,7.276,106.0,8.0,3.0,Avaliador-4,Promovido de Fase,Avaliador-2,Promovido de Fase,,Mantido na Fase atual,,,6.9,9.3,6.9,Sem limitações,7.1,6.2,8.0,,Não,7.556,5.0,Destaque: A sua boa entrega das lições de casa.,Melhorar: Empenhar-se mais nas aulas e avaliações.,Destaque: A sua boa integração aos Princípios Passos Mágicos.,2022,6.047999999999991,,,,1.0,3.0,fase_0_7,12.0,1,-2.0,False,True
605,0,2010.0,2021,Pública,Ametista,7.709366667,,,3.0,Avaliador-15,,Avaliador-5,,Avaliador-2,,,,9.0,9.5,7.52,,6.8,4.8,8.8,,,7.84,5.0,,,,2023,7.291666667,,,,2.0,3.0,fase_0_7,13.0,2,-1.0,False,True
605,0,2010.0,2021,Pública,Agata,6.0175222222,,,5.0,Avaliador-20,,Avaliador-21,,Avaliador-17,,Avaliador-26,,7.5,6.194444444333333,6.885,,2.6666666666666665,1.5,3.5,3.0,,5.534,10.0,,,,2024,7.0,Avaliador-10,,EM Cecilia Cristina de Oliveira Rodrigues,3.0,3.0,fase_0_7,14.0,3,0.0,False,False
606,1,2012.0,2022,Escola Pública,Ágata,6.127,169.0,14.0,3.0,Avaliador-4,Mantido na Fase atual,Avaliador-2,Promovido de Fase,,Mantido na Fase atual,,,9.5,9.0,7.5,Sem limitações,1.8,2.0,1.5,,Não,6.111,5.0,Destaque: A sua boa entrega das lições de casa.,Melhorar: Empenhar-se mais nas aulas e avaliações.,Melhorar: Integrar-se mais aos Princípios Passos Mágicos.,2022,5.447999999999995,,,,1.0,2.0,fase_0_7,10.0,0,-1.0,False,True
606,1,2012.0,2022,Pública,Ametista,7.402491667,,,3.0,Avaliador-15,,Avaliador-5,,Avaliador-2,,,,8.5,8.5,7.52,,6.0,4.7,7.2,,,8.223333333,5.0,,,,2023,7.65625,,,,1.0,2.0,fase_0_7,11.0,1,-1.0,False,True
606,1,2012.0,2022,Pública,Agata,6.645260606100001,,,3.0,Avaliador-20,,Avaliador-19,,Avaliador-2,,,,8.502,7.613636363499999,6.885,,3.25,3.5,3.0,,,5.606666667,10.0,,,,2024,8.125,,,EE Donizetti Aparecido Leite Professor,2.0,2.0,fase_0_7,12.0,2,0.0,False,False
607,1,2012.0,2022,Escola Pública,Ágata,6.44,158.0,12.0,3.0,Avaliador-4,Mantido na Fase atual,Avaliador-2,Promovido de Fase,,Mantido na Fase atual,,,6.8,8.1,7.5,Sem limitações,4.0,3.0,5.0,,Não,7.444,5.0,Destaque: A sua boa entrega das lições de casa.,Melhorar: Empenhar-se mais nas aulas e avaliações.,Melhorar: Integrar-se mais aos Princípios Passos Mágicos.,2022,6.012000000000004,,,,1.0,2.0,fase_0_7,10.0,0,-1.0,False,True
607,1,2012.0,2022,Pública,Ametista,7.333075,,,3.0,Avaliador-15,,Avaliador-5,,Avaliador-2,,,,8.0,7.5,7.52,,6.8,4.8,8.7,,,8.17,5.0,,,,2023,7.96875,,,,1.0,2.0,fase_0_7,11.0,1,-1.0,False,True
607,1,2012.0,2022,Pública,Ametista,7.6486021739,,,4.0,Avaliador-17,,Avaliador-19,,Avaliador-25,,Avaliador-2,,8.502,7.4782608695,7.51,,7.0,7.0,7.0,,,7.165,10.0,,,,2024,7.1875,,,EE Helio Luiz Dobrochinski Prof,2.0,2.0,fase_0_7,12.0,2,0.0,False,False
608,1,2012.0,2022,Escola Pública,Ametista,7.216,108.0,9.0,3.0,Avaliador-4,Mantido na Fase atual,Avaliador-2,Promovido de Fase,,Mantido na Fase atual,,,7.8,9.6,7.5,Sem limitações,6.3,3.0,9.5,,Não,7.222,5.0,Destaque: A sua boa entrega das lições de casa.,Melhorar: Empenhar-se mais nas aulas e avaliações.,Melhorar: Integrar-se mais aos Princípios Passos Mágicos.,2022,5.616000000000003,,,,1.0,2.0,fase_0_7,10.0,0,-1.0,False,True
608,1,2012.0,2022,Pública,Ametista,7.401741667,,,3.0,Avaliador-15,,Avaliador-5,,Avaliador-2,,,,10.0,7.5,7.52,,6.2,6.0,6.3,,,8.113333333,5.0,,,,2023,7.96875,,,,1.0,2.0,fase_0_7,11.0,1,-1.0,False,True
608,1,2012.0,2022,Pública,Quartzo,5.778986231800001,,,3.0,Avaliador-20,,Avaliador-19,,Avaliador-2,,,,9.002,3.054347826,6.885,,4.25,5.0,3.5,,,5.053333333,10.0,,,,2024,7.1875,,,EE Donizetti Aparecido Leite Professor,2.0,2.0,fase_0_7,12.0,2,0.0,False,False
609,1,2011.0,2019,Escola Pública,Ágata,6.794,137.0,11.0,3.0,Avaliador-4,Promovido de Fase,Avaliador-2,Promovido de Fase,,Mantido na Fase atual,,,8.5,7.6,7.5,Sem limitações,6.0,6.5,5.5,,Não,7.056,5.0,Destaque: A sua boa entrega das lições de casa.,Melhorar: Empenhar-se mais nas aulas e avaliações.,Melhorar: Integrar-se mais aos Princípios Passos Mágicos.,2022,5.627999999999993,,,,1.0,2.0,fase_0_7,11.0,3,-1.0,False,True
609,1,2011.0,2019,Pública,Agata,6.463033333,,,3.0,Avaliador-32,,Avaliador-5,,Avaliador-2,,,,9.5,6.4,7.52,,5.3,3.2,7.3,,,6.216666667,5.0,,,,2023,6.875,,,,2.0,3.0,fase_0_7,12.0,4,-1.0,False,True
61,1,2007.0,2021,Escola Pública,Ametista,7.533,20.0,8.0,3.0,Avaliador-5,Mantido na Fase atual,Avaliador-27,Mantido na Fase atual,Avaliador-24,Promovido de Fase + Bolsa,Avaliador-31,,9.2,7.4,7.5,Não atendido,5.8,1.7,6.3,9.3,Sim,7.875,10.0,Melhorar: Melhorar a sua entrega de lições de casa.,Melhorar: Empenhar-se mais nas aulas e avaliações.,Destaque: A sua boa integração aos Princípios Passos Mágicos.,2022,6.479999999999997,,,,5.0,5.0,fase_0_7,15.0,1,0.0,False,False
61,1,2007.0,2021,Pública,Ametista,7.382108333,,,4.0,Avaliador-24,,Avaliador-7,,Avaliador-23,,Avaliador-8,,8.3,7.0,6.26,,6.2,6.7,4.3,7.5,,7.4625,10.0,,,,2023,7.96875,,,,6.0,6.0,fase_0_7,16.0,2,0.0,False,False
610,0,2013.0,2022,Escola Pública,Topázio,8.18,21.0,3.0,3.0,Avaliador-4,Mantido na Fase atual,Avaliador-2,Promovido de Fase,,Mantido na Fase atual,,,9.0,9.6,7.5,Sem limitações,6.5,6.0,7.0,,Não,8.5,10.0,Destaque: A sua boa entrega das lições de casa.,Melhorar: Empenhar-se mais nas aulas e avaliações.,Destaque: A sua boa integração aos Princípios Passos Mágicos.,2022,6.099999999999994,,,,1.0,1.0,fase_0_7,9.0,0,0.0,True,False
610,0,2013.0,2022,Pública,Topázio,8.2857,,,3.0,Avaliador-15,,Avaliador-5,,Avaliador-2,,,,10.0,10.0,2.52,,7.0,6.3,7.7,,,8.896666667,10.0,,,,2023,8.541666667,,,,2.0,2.0,fase_0_7,10.0,1,0.0,False,False
610,0,2013.0,2022,Pública,Ametista,7.894888888933334,,,3.0,Avaliador-21,,Avaliador-7,,Avaliador-10,,,,9.585,9.694444444333334,3.76,,6.333333333333333,8.0,5.0,6.0,,8.336666667,10.0,,,,2024,6.875,,,EE Maria André Schunck Dona,3.0,2.0,fase_0_7,11.0,2,1.0,False,False
611,1,2010.0,2021,Escola Pública,Ametista,7.756,54.0,4.0,3.0,Avaliador-7,Promovido de Fase + Bolsa,Avaliador-3,Promovido de Fase,,Promovido de Fase,,,9.5,7.6,7.5,Não atendido,9.5,10.0,9.0,,Sim,7.556,5.0,Destaque: A sua boa entrega das lições de casa.,Destaque: As suas boas notas na Passos Mágicos.,Destaque: A sua boa integração aos Princípios Passos Mágicos.,2022,6.248000000000005,,,,1.0,3.0,fase_0_7,12.0,1,-2.0,False,True
612,0,2012.0,2021,Escola Pública,Ametista,7.594,71.0,6.0,3.0,Avaliador-7,Promovido de Fase,Avaliador-3,Mantido na Fase atual,,Mantido na Fase atual,,,9.0,9.2,7.5,Não atendido,7.9,9.7,6.2,,Não,7.167,5.0,Destaque: A sua boa entrega das lições de casa.,Destaque: As suas boas notas na Passos Mágicos.,Melhorar: Integrar-se mais aos Princípios Passos Mágicos.,2022,5.906000000000002,,,,1.0,2.0,fase_0_7,10.0,1,-1.0,False,True
612,0,2012.0,2021,Privada - Programa de Apadrinhamento,Topázio,8.410783333,,,3.0,Avaliador-15,,Avaliador-5,,Avaliador-2,,,,9.0,9.7,3.77,,9.7,9.3,10.0,,,9.286666667,5.0,,,,2023,9.0625,,,,1.0,2.0,fase_0_7,11.0,2,-1.0,True,True
612,0,2012.0,2021,Privada - Programa de Apadrinhamento,Topázio,9.1340409091,,,3.0,Avaliador-20,,Avaliador-19,,Avaliador-2,,,,8.002,9.5454545455,6.26,,9.75,9.5,10.0,,,9.4,10.0,,,,2024,9.6875,,,Colégio Arco Íris Evolução,2.0,2.0,fase_0_7,12.0,3,0.0,True,False
613,1,2009.0,2020,Escola Pública,Topázio,8.121,23.0,2.0,3.0,Avaliador-7,Promovido de Fase,Avaliador-3,Promovido de Fase,,Promovido de Fase + Bolsa,,,9.0,9.2,7.5,Não atendido,9.2,9.2,9.2,,Sim,8.556,5.0,Destaque: A sua boa entrega das lições de casa.,Destaque: As suas boas notas na Passos Mágicos.,Destaque: A sua boa integração aos Princípios Passos Mágicos.,2022,5.798000000000005,,,,1.0,3.0,fase_0_7,13.0,2,-2.0,True,True
613,1,2009.0,2020,Pública,Agata,6.864508333,,,4.0,Avaliador-21,,Avaliador-6,,Avaliador-34,,Avaliador-8,,9.2,9.4,5.0,,4.8,4.3,6.2,3.8,,7.2125,5.0,,,,2023,6.71875,,,,3.0,4.0,fase_0_7,14.0,3,-1.0,False,True
613,1,2009.0,2021,Pública,Ametista,7.4019,,,2.0,Avaliador-21,,Avaliador-23,,,,,,8.334,9.566666666666666,7.51,,7.333333333333333,8.0,6.0,8.0,,6.25,5.0,,,,2024,6.875,,,EE Donizetti Aparecido Leite Professor,3.0,4.0,fase_0_7,15.0,3,-1.0,False,True
614,1,2010.0,2021,Escola Pública,Topázio,8.339,8.0,1.0,3.0,Avaliador-7,Promovido de Fase + Bolsa,Avaliador-3,Mantido na Fase atual,,Promovido de Fase,,,9.5,9.7,7.5,Não atendido,9.6,9.8,9.3,,Sim,8.278,5.0,Destaque: A sua boa entrega das lições de casa.,Destaque: As suas boas notas na Passos Mágicos.,Destaque: A sua boa integração aos Princípios Passos Mágicos.,2022,6.234000000000002,,,,1.0,3.0,fase_0_7,12.0,1,-2.0,False,True
614,1,2010.0,2021,Pública,Topázio,8.2282,,,3.0,Avaliador-15,,Avaliador-5,,Avaliador-2,,,,9.0,9.1,7.52,,8.6,8.8,8.3,,,8.563333333,5.0,,,,2023,8.333333333,,,,2.0,3.0,fase_0_7,13.0,2,-1.0,False,True
614,1,2010.0,2021,Pública,Ametista,7.8284999999666685,,,3.0,Avaliador-21,,Avaliador-23,,Avaliador-20,,,,9.585,9.7,7.51,,6.833333333333333,8.0,4.5,8.0,,7.603333333,5.0,,,,2024,7.916666667,,,EE Paschoal Carlos Magno,3.0,4.0,fase_0_7,14.0,3,-1.0,False,True
615,0,2013.0,2020,Escola Pública,Topázio,8.086,27.0,3.0,3.0,Avaliador-7,Mantido na Fase atual,Avaliador-3,Mantido na Fase atual,,Promovido de Fase,,,9.5,9.7,7.5,Não atendido,7.3,7.8,6.7,,Não,6.889,10.0,Destaque: A sua boa entrega das lições de casa.,Melhorar: Empenhar-se mais nas aulas e avaliações.,Melhorar: Integrar-se mais aos Princípios Passos Mágicos.,2022,6.082000000000001,,,,1.0,1.0,fase_0_7,9.0,2,0.0,False,False
615,0,2013.0,2020,Pública,Ametista,7.815658333,,,3.0,Avaliador-15,,Avaliador-5,,Avaliador-2,,,,10.0,9.7,3.14,,7.6,6.8,8.3,,,8.616666667,5.0,,,,2023,8.28125,,,,1.0,2.0,fase_0_7,10.0,3,-1.0,False,True
616,1,2010.0,2019,Escola Pública,Ametista,7.303,102.0,8.0,3.0,Avaliador-7,Promovido de Fase,Avaliador-3,Mantido na Fase atual,,Promovido de Fase,,,7.4,7.4,7.5,Não atendido,8.8,9.2,8.5,,Não,7.278,5.0,Melhorar: Melhorar a sua entrega de lições de casa.,Destaque: As suas boas notas na Passos Mágicos.,Melhorar: Integrar-se mais aos Princípios Passos Mágicos.,2022,6.173999999999991,,,,1.0,3.0,fase_0_7,12.0,3,-2.0,False,True
616,1,2010.0,2019,Pública,Quartzo,5.612,,,3.0,Avaliador-15,,Avaliador-5,,Avaliador-2,,,,0.0,6.6,5.02,,6.8,5.5,8.0,,,6.783333333,5.0,,,,2023,5.833333333,,,,2.0,3.0,fase_0_7,13.0,4,-1.0,False,True
616,1,2010.0,2021,Pública,Quartzo,5.457877193033333,,,3.0,Avaliador-21,,Avaliador-23,,Avaliador-20,,,,7.5,3.087719298333333,6.885,,3.8333333333333335,3.0,3.5,5.0,,4.946666667,10.0,,,,2024,6.458333333,,,EE Donizetti Aparecido Leite Professor,3.0,3.0,fase_0_7,14.0,3,0.0,False,False
617,0,2011.0,2021,Escola Pública,Ametista,7.107,115.0,10.0,3.0,Avaliador-7,Mantido na Fase atual,Avaliador-3,Mantido na Fase atual,,Promovido de Fase,,,8.5,8.9,7.5,Não atendido,6.3,4.5,8.0,,Não,6.778,5.0,Destaque: A sua boa entrega das lições de casa.,Melhorar: Empenhar-se mais nas aulas e avaliações.,Melhorar: Integrar-se mais aos Princípios Passos Mágicos.,2022,6.113999999999997,,,,1.0,2.0,fase_0_7,11.0,1,-1.0,False,True
617,0,2011.0,2021,Pública,Agata,6.816166667,,,3.0,Avaliador-19,,Avaliador-4,,Avaliador-2,,,,0.0,9.0,7.52,,6.9,5.5,8.2,,,8.116666667,5.0,,,,2023,7.708333333,,,,1.0,2.0,fase_0_7,12.0,2,-1.0,False,True
618,1,2009.0,2020,Escola Pública,Ametista,7.18,112.0,9.0,3.0,Avaliador-7,Mantido na Fase atual,Avaliador-3,Mantido na Fase atual,,Mantido na Fase atual,,,8.9,8.3,7.5,Não atendido,6.7,6.8,6.5,,Não,7.333,5.0,Destaque: A sua boa entrega das lições de casa.,Melhorar: Empenhar-se mais nas aulas e avaliações.,Melhorar: Integrar-se mais aos Princípios Passos Mágicos.,2022,5.733999999999995,,,,1.0,3.0,fase_0_7,13.0,2,-2.0,False,True
618,1,2009.0,2020,Pública,Agata,6.4745,,,3.0,Avaliador-15,,Avaliador-5,,Avaliador-2,,,,0.0,9.2,5.02,,6.2,4.5,7.8,,,7.95,5.0,,,,2023,8.125,,,,2.0,4.0,fase_0_7,14.0,3,-2.0,False,True
618,1,2009.0,2021,Pública,Agata,6.718348148233334,,,3.0,Avaliador-21,,Avaliador-7,,Avaliador-10,,,,10.002,8.324074074,6.88,,4.166666666666667,5.0,4.5,3.0,,6.826666667,5.0,,,,2024,6.666666667,,,EE Donizetti Aparecido Leite Professor,3.0,5.0,fase_0_7,15.0,3,-2.0,False,True
619,0,2011.0,2021,Escola Pública,Ametista,7.693,62.0,5.0,3.0,Avaliador-7,Mantido na Fase atual,Avaliador-3,Mantido na Fase atual,,Promovido de Fase,,,9.5,8.0,7.5,Não atendido,9.0,9.2,8.8,,Não,7.333,5.0,Destaque: A sua boa entrega das lições de casa.,Destaque: As suas boas notas na Passos Mágicos.,Melhorar: Integrar-se mais aos Princípios Passos Mágicos.,2022,6.264000000000003,,,,1.0,2.0,fase_0_7,11.0,1,-1.0,False,True
619,0,2011.0,2021,Pública,Ametista,7.891366667,,,3.0,Avaliador-15,,Avaliador-5,,Avaliador-2,,,,9.0,7.1,3.77,,9.0,8.5,9.5,,,8.116666667,10.0,,,,2023,7.708333333,,,,2.0,2.0,fase_0_7,12.0,2,0.0,False,False
62,1,2005.0,2022,Escola Pública,Ametista,7.891,11.0,4.0,3.0,Avaliador-5,Promovido de Fase,Avaliador-27,Promovido de Fase + Bolsa,Avaliador-24,Mantido na Fase atual,Avaliador-31,,8.8,9.4,7.5,Não atendido,9.3,8.5,10.0,,Sim,7.25,5.0,Destaque: A sua boa entrega das lições de casa.,Destaque: As suas boas notas na Passos Mágicos.,Melhorar: Integrar-se mais aos Princípios Passos Mágicos.,2022,5.709999999999997,,,,5.0,7.0,fase_0_7,17.0,0,-2.0,False,True
62,0,2005.0,2022,Pública,Ametista,7.610333333,,,4.0,Avaliador-32,,Avaliador-7,,Avaliador-23,,Avaliador-8,,0.0,9.8,6.89,,7.5,9.3,6.8,6.3,,8.215,10.0,,,,2023,8.25,,,,7.0,7.0,fase_0_7,18.0,1,0.0,False,False
62,0,2005.0,2022,Privada *Parcerias com Bolsa 100%,,,,,0.0,,,,,,,,,,,,,,,,,,,10.0,,,,2024,,,,Universidade Estácio de Sá,8.0,8.0,fase_8,19.0,2,0.0,False,False
620,1,2010.0,2021,Escola Pública,Ágata,6.018,173.0,11.0,3.0,Avaliador-7,Promovido de Fase,Avaliador-3,Mantido na Fase atual,,Mantido na Fase atual,,,0.0,7.5,7.5,Não atendido,6.8,8.5,5.0,,Não,6.833,5.0,Destaque: A sua boa entrega das lições de casa.,Melhorar: Empenhar-se mais nas aulas e avaliações.,Melhorar: Integrar-se mais aos Princípios Passos Mágicos.,2022,5.413999999999994,,,,1.0,3.0,fase_0_7,12.0,1,-2.0,False,True
620,1,2010.0,2021,Pública,Ametista,7.043666667,,,3.0,Avaliador-15,,Avaliador-5,,Avaliador-2,,,,6.8,8.4,7.52,,6.2,5.2,7.2,,,7.503333333,5.0,,,,2023,6.875,,,,2.0,3.0,fase_0_7,13.0,2,-1.0,False,True
620,1,2010.0,2021,Pública,Quartzo,5.766892063566667,,,3.0,Avaliador-21,,Avaliador-23,,Avaliador-20,,,,8.334,3.984126984333333,7.51,,2.5,3.5,2.5,1.5,,5.886666667,10.0,,,,2024,7.083333333,,,EE Donizetti Aparecido Leite Professor,3.0,3.0,fase_0_7,14.0,3,0.0,False,False
621,1,2012.0,2020,Escola Pública,Ametista,7.448,89.0,7.0,3.0,Avaliador-7,Mantido na Fase atual,Avaliador-3,Mantido na Fase atual,,Mantido na Fase atual,,,9.5,7.7,7.5,Não atendido,7.5,6.8,8.2,,Não,8.222,5.0,Destaque: A sua boa entrega das lições de casa.,Destaque: As suas boas notas na Passos Mágicos.,Destaque: A sua boa integração aos Princípios Passos Mágicos.,2022,5.636000000000001,,,,1.0,2.0,fase_0_7,10.0,2,-1.0,False,True
622,0,2010.0,2019,Escola Pública,Quartzo,4.934,190.0,10.0,3.0,Avaliador-7,Mantido na Fase atual,Avaliador-3,Mantido na Fase atual,,Mantido na Fase atual,,,3.5,3.8,7.5,Não atendido,3.8,4.8,2.7,,Não,6.0,5.0,Melhorar: Melhorar a sua entrega de lições de casa.,Melhorar: Empenhar-se mais nas aulas e avaliações.,Melhorar: Integrar-se mais aos Princípios Passos Mágicos.,2022,6.139999999999999,,,,1.0,3.0,fase_0_7,12.0,3,-2.0,False,True
623,1,2009.0,2022,Escola Pública,Ametista,7.524,79.0,4.0,3.0,Avaliador-7,Mantido na Fase atual,Avaliador-3,Mantido na Fase atual,,Mantido na Fase atual,,,7.5,9.0,7.5,Não atendido,8.3,9.3,7.2,,Não,7.389,5.0,Destaque: A sua boa entrega das lições de casa.,Destaque: As suas boas notas na Passos Mágicos.,Melhorar: Integrar-se mais aos Princípios Passos Mágicos.,2022,5.861999999999998,,,,1.0,3.0,fase_0_7,13.0,0,-2.0,False,True
623,1,2009.0,2022,Pública,Ametista,7.8307,,,3.0,Avaliador-15,,Avaliador-5,,Avaliador-2,,,,10.0,9.5,7.52,,7.3,5.8,8.8,,,7.446666667,5.0,,,,2023,7.291666667,,,,2.0,4.0,fase_0_7,14.0,1,-2.0,False,True
623,1,2009.0,2022,Pública,Agata,6.357733333300001,,,3.0,Avaliador-21,,Avaliador-23,,Avaliador-20,,,,8.334,7.399999999999999,6.885,,4.0,3.5,2.5,6.0,,7.05,5.0,,,,2024,6.458333333,,,EE Donizetti Aparecido Leite Professor,3.0,4.0,fase_0_7,15.0,2,-1.0,False,True
624,1,2012.0,2022,Escola Pública,Ametista,7.425,91.0,6.0,3.0,Avaliador-7,Mantido na Fase atual,Avaliador-3,Mantido na Fase atual,,Mantido na Fase atual,,,9.0,8.9,7.5,Não atendido,6.8,8.0,5.5,,Não,7.722,5.0,Destaque: A sua boa entrega das lições de casa.,Melhorar: Empenhar-se mais nas aulas e avaliações.,Destaque: A sua boa integração aos Princípios Passos Mágicos.,2022,5.905999999999985,,,,1.0,2.0,fase_0_7,10.0,0,-1.0,False,True
624,1,2012.0,2022,Pública,Topázio,8.270825,,,3.0,Avaliador-15,,Avaliador-5,,Avaliador-2,,,,9.0,9.2,7.52,,8.6,8.3,8.8,,,8.39,5.0,,,,2023,8.90625,,,,1.0,2.0,fase_0_7,11.0,1,-1.0,False,True
624,1,2012.0,2022,Pública,Ametista,7.229425672900001,,,3.0,Avaliador-19,,Avaliador-25,,Avaliador-2,,,,8.002,8.219461698,7.51,,4.0,8.0,0.0,,,7.213333333,10.0,,,,2024,7.916666667,,,EM Cecilia Cristina de Oliveira Rodrigues,2.0,2.0,fase_0_7,12.0,2,0.0,False,False
625,1,2011.0,2022,Escola Pública,Ametista,7.483,82.0,5.0,3.0,Avaliador-7,Mantido na Fase atual,Avaliador-3,Mantido na Fase atual,,Mantido na Fase atual,,,8.0,9.2,7.5,Não atendido,7.8,8.5,7.0,,Não,7.333,5.0,Destaque: A sua boa entrega das lições de casa.,Destaque: As suas boas notas na Passos Mágicos.,Melhorar: Integrar-se mais aos Princípios Passos Mágicos.,2022,5.663999999999989,,,,1.0,2.0,fase_0_7,11.0,0,-1.0,False,True
626,1,2011.0,2021,Escola Pública,Quartzo,5.818,178.0,9.0,3.0,Avaliador-7,Mantido na Fase atual,Avaliador-3,Mantido na Fase atual,,Mantido na Fase atual,,,7.4,7.6,7.5,Não atendido,1.3,2.5,0.0,,Não,7.278,5.0,Destaque: A sua boa entrega das lições de casa.,Melhorar: Empenhar-se mais nas aulas e avaliações.,Melhorar: Integrar-se mais aos Princípios Passos Mágicos.,2022,5.923999999999996,,,,1.0,2.0,fase_0_7,11.0,1,-1.0,False,True
626,1,2011.0,2021,Pública,Ametista,7.231033333,,,3.0,Avaliador-15,,Avaliador-5,,Avaliador-2,,,,9.0,9.2,4.39,,6.5,4.7,8.3,,,7.613333333,5.0,,,,2023,7.291666667,,,,2.0,3.0,fase_0_7,12.0,2,-1.0,False,True
626,1,2011.0,2021,Pública,Agata,6.407590225500001,,,3.0,Avaliador-21,,Avaliador-23,,Avaliador-20,,,,9.585,3.380451127666667,6.885,,5.333333333333333,5.5,3.5,7.0,,6.443333333,10.0,,,,2024,7.291666667,,,EE Donizetti Aparecido Leite Professor,3.0,3.0,fase_0_7,13.0,3,0.0,False,False
627,0,2012.0,2022,Escola Pública,Ágata,6.621,150.0,8.0,3.0,Avaliador-7,Mantido na Fase atual,Avaliador-3,Mantido na Fase atual,,Mantido na Fase atual,,,7.0,6.7,7.5,Não atendido,6.5,6.2,6.8,,Não,7.0,5.0,Melhorar: Melhorar a sua entrega de lições de casa.,Melhorar: Empenhar-se mais nas aulas e avaliações.,Melhorar: Integrar-se mais aos Princípios Passos Mágicos.,2022,6.310000000000002,,,,1.0,2.0,fase_0_7,10.0,0,-1.0,False,True
628,1,2011.0,2022,Escola Pública,Ametista,7.577,76.0,3.0,3.0,Avaliador-7,Mantido na Fase atual,Avaliador-3,Mantido na Fase atual,,Mantido na Fase atual,,,9.5,7.6,7.5,Não atendido,9.2,9.3,9.0,,Não,7.333,5.0,Destaque: A sua boa entrega das lições de casa.,Destaque: As suas boas notas na Passos Mágicos.,Melhorar: Integrar-se mais aos Princípios Passos Mágicos.,2022,5.503999999999998,,,,1.0,2.0,fase_0_7,11.0,0,-1.0,False,True
628,1,2011.0,2022,Pública,Topázio,8.370325,,,3.0,Avaliador-15,,Avaliador-5,,Avaliador-2,,,,9.5,8.9,7.52,,9.4,9.0,9.7,,,8.45,5.0,,,,2023,8.28125,,,,1.0,3.0,fase_0_7,12.0,1,-2.0,False,True
628,1,2011.0,2022,Pública,Topázio,8.2366166666,,,3.0,Avaliador-19,,Avaliador-25,,Avaliador-2,,,,9.002,10.0,7.51,,9.0,8.0,10.0,,,7.833333333,5.0,,,,2024,7.1875,,,EM Alfredo Schunk,2.0,3.0,fase_0_7,13.0,2,-1.0,False,True
629,1,2013.0,2022,Escola Pública,Topázio,8.11,24.0,1.0,3.0,Avaliador-7,Mantido na Fase atual,Avaliador-3,Mantido na Fase atual,,Mantido na Fase atual,,,9.0,10.0,7.5,Não atendido,7.0,5.0,9.0,,Não,7.278,10.0,Destaque: A sua boa entrega das lições de casa.,Melhorar: Empenhar-se mais nas aulas e avaliações.,Melhorar: Integrar-se mais aos Princípios Passos Mágicos.,2022,6.043999999999983,,,,1.0,1.0,fase_0_7,9.0,0,0.0,False,False
629,0,2013.0,2022,Pública,Topázio,8.013866667,,,3.0,Avaliador-19,,Avaliador-4,,Avaliador-2,,,,10.0,9.4,7.52,,7.5,7.0,8.0,,,7.95,5.0,,,,2023,7.916666667,,,,1.0,2.0,fase_0_7,10.0,1,-1.0,False,True
629,0,2013.0,2022,Pública,Topázio,8.061295238200001,,,3.0,Avaliador-19,,Avaliador-25,,Avaliador-2,,,,10.002,9.523809524,7.51,,6.0,6.0,6.0,,,7.276666667,10.0,,,,2024,7.5,,,EM Cecilia Cristina de Oliveira Rodrigues,2.0,2.0,fase_0_7,11.0,2,0.0,False,False
63,1,2006.0,2018,Rede Decisão,Topázio,8.282,8.0,2.0,3.0,Avaliador-5,Promovido de Fase + Bolsa,Avaliador-27,Mantido na Fase atual,Avaliador-24,Promovido de Fase + Bolsa,Avaliador-31,,8.3,9.1,8.8,Sem limitações,8.7,8.2,8.2,9.7,Não,9.417,5.0,Destaque: A sua boa entrega das lições de casa.,Destaque: As suas boas notas na Passos Mágicos.,Destaque: A sua boa integração aos Princípios Passos Mágicos.,2022,6.285999999999996,,,,5.0,6.0,fase_0_7,16.0,4,-1.0,True,True
63,1,2006.0,2018,Pública,Topázio,8.0641,,,4.0,Avaliador-24,,Avaliador-7,,Avaliador-23,,Avaliador-8,,6.7,9.0,6.89,,8.7,9.3,7.3,9.5,,8.9675,5.0,,,,2023,8.75,,,,6.0,7.0,fase_0_7,17.0,5,-1.0,False,True
630,1,2013.0,2022,Escola Pública,Topázio,8.064,30.0,2.0,3.0,Avaliador-7,Mantido na Fase atual,Avaliador-3,Mantido na Fase atual,,Mantido na Fase atual,,,9.5,9.2,7.5,Não atendido,7.3,6.5,8.0,,Não,7.278,10.0,Destaque: A sua boa entrega das lições de casa.,Melhorar: Empenhar-se mais nas aulas e avaliações.,Melhorar: Integrar-se mais aos Princípios Passos Mágicos.,2022,6.083999999999996,,,,1.0,1.0,fase_0_7,9.0,0,0.0,False,False
630,1,2013.0,2022,Pública,Ametista,7.199991667,,,3.0,Avaliador-15,,Avaliador-5,,Avaliador-2,,,,9.0,8.6,3.77,,5.7,4.2,7.2,,,8.673333333,5.0,,,,2023,8.28125,,,,1.0,2.0,fase_0_7,10.0,1,-1.0,False,True
630,1,2013.0,2022,Pública,Agata,6.879985507300001,,,3.0,Avaliador-19,,Avaliador-25,,Avaliador-2,,,,0.0,8.4782608695,7.51,,5.75,6.0,5.5,,,7.666666667,10.0,,,,2024,7.5,,,EE Maria André Schunck Dona,2.0,2.0,fase_0_7,11.0,2,0.0,False,False
631,1,2010.0,2022,Escola Pública,Ágata,6.928,133.0,7.0,3.0,Avaliador-7,Mantido na Fase atual,Avaliador-3,Mantido na Fase atual,,Mantido na Fase atual,,,8.5,6.8,7.5,Não atendido,7.0,7.3,6.7,,Não,7.222,5.0,Melhorar: Melhorar a sua entrega de lições de casa.,Melhorar: Empenhar-se mais nas aulas e avaliações.,Melhorar: Integrar-se mais aos Princípios Passos Mágicos.,2022,6.235999999999997,,,,1.0,3.0,fase_0_7,12.0,0,-2.0,False,True
631,1,2010.0,2022,Pública,Quartzo,5.954666667,,,3.0,Avaliador-15,,Avaliador-5,,Avaliador-2,,,,0.0,6.4,6.27,,7.0,6.0,8.0,,,6.78,5.0,,,,2023,7.916666667,,,,2.0,3.0,fase_0_7,13.0,1,-1.0,False,True
631,1,2010.0,2022,Pública,Agata,6.795673420466667,,,4.0,Avaliador-20,,Avaliador-21,,Avaliador-26,,Avaliador-10,,8.334,7.212200435666666,8.75,,4.166666666666667,7.0,3.5,2.0,,6.245,10.0,,,,2024,5.625,,,EE Maria André Schunck Dona,3.0,3.0,fase_0_7,14.0,2,0.0,False,False
632,0,2012.0,2022,Escola Pública,Ágata,6.996,129.0,9.0,3.0,Avaliador-4,Mantido na Fase atual,Avaliador-2,Promovido de Fase,,Mantido na Fase atual,,,8.5,9.3,6.9,Sem limitações,6.3,5.5,7.2,,Não,6.722,5.0,Destaque: A sua boa entrega das lições de casa.,Melhorar: Empenhar-se mais nas aulas e avaliações.,Melhorar: Integrar-se mais aos Princípios Passos Mágicos.,2022,4.915999999999992,,,,1.0,2.0,fase_0_7,10.0,0,-1.0,False,True
632,0,2012.0,2022,Pública,Ametista,7.8768,,,3.0,Avaliador-32,,Avaliador-5,,Avaliador-2,,,,4.7,9.1,5.64,,7.4,6.8,8.0,,,8.563333333,10.0,,,,2023,8.333333333,,,,2.0,2.0,fase_0_7,11.0,1,0.0,False,False
632,0,2012.0,2022,Pública,Ametista,7.515491249000001,,,4.0,Avaliador-21,,Avaliador-23,,Avaliador-5,,Avaliador-26,,7.917,8.999164578333334,6.875,,4.166666666666667,0.0,6.0,6.5,,7.875,10.0,,,,2024,8.28125,,,EE Maria André Schunck Dona,3.0,3.0,fase_0_7,12.0,2,0.0,False,False
633,0,2011.0,2020,Escola Pública,Ametista,7.476,84.0,5.0,3.0,Avaliador-4,Mantido na Fase atual,Avaliador-2,Promovido de Fase,,Mantido na Fase atual,,,7.3,8.9,7.5,Não atendido,7.7,6.8,8.5,,Não,7.833,5.0,Destaque: A sua boa entrega das lições de casa.,Destaque: As suas boas notas na Passos Mágicos.,Destaque: A sua boa integração aos Princípios Passos Mágicos.,2022,6.093999999999991,,,,1.0,2.0,fase_0_7,11.0,2,-1.0,False,True
633,0,2011.0,2020,Pública,Agata,6.6552,,,3.0,Avaliador-32,,Avaliador-5,,Avaliador-2,,,,1.7,8.1,6.27,,7.2,5.3,9.0,,,7.286666667,5.0,,,,2023,8.541666667,,,,2.0,3.0,fase_0_7,12.0,3,-1.0,False,True
633,0,2011.0,2021,Pública,Quartzo,5.228470175466667,,,4.0,Avaliador-21,,Avaliador-23,,Avaliador-5,,Avaliador-26,,4.584,4.707017544,2.51,,3.333333333333333,4.0,6.0,0.0,,6.1175,10.0,,,,2024,6.875,,,EE Maria André Schunck Dona,3.0,3.0,fase_0_7,13.0,3,0.0,False,False
634,0,2011.0,2022,Escola Pública,Ametista,7.619,69.0,4.0,3.0,Avaliador-4,Promovido de Fase,Avaliador-2,Promovido de Fase,,Mantido na Fase atual,,,9.5,9.4,7.5,Não atendido,6.5,8.0,5.0,,Não,8.222,5.0,Destaque: A sua boa entrega das lições de casa.,Melhorar: Empenhar-se mais nas aulas e avaliações.,Destaque: A sua boa integração aos Princípios Passos Mágicos.,2022,5.945999999999998,,,,1.0,2.0,fase_0_7,11.0,0,-1.0,False,True
635,1,2012.0,2022,Escola Pública,Quartzo,5.313,184.0,14.0,3.0,Avaliador-4,Mantido na Fase atual,Avaliador-2,Mantido na Fase atual,,Mantido na Fase atual,,,10.0,4.9,6.9,Requer avaliação,1.5,0.5,2.5,,Não,6.444,5.0,Melhorar: Melhorar a sua entrega de lições de casa.,Melhorar: Empenhar-se mais nas aulas e avaliações.,Melhorar: Integrar-se mais aos Princípios Passos Mágicos.,2022,5.541999999999989,,,,1.0,2.0,fase_0_7,10.0,0,-1.0,False,True
636,1,2012.0,2022,Escola Pública,Ametista,7.189,110.0,6.0,3.0,Avaliador-4,Mantido na Fase + Bolsa,Avaliador-2,Mantido na Fase atual,,Mantido na Fase atual,,,8.5,8.0,6.9,Requer avaliação,7.3,7.3,7.3,,Sim,7.389,5.0,Destaque: A sua boa entrega das lições de casa.,Melhorar: Empenhar-se mais nas aulas e avaliações.,Melhorar: Integrar-se mais aos Princípios Passos Mágicos.,2022,6.111999999999993,,,,1.0,2.0,fase_0_7,10.0,0,-1.0,False,True
636,1,2012.0,2022,Pública,Agata,6.836666667,,,3.0,Avaliador-15,,Avaliador-5,,Avaliador-2,,,,0.0,8.3,5.64,,9.0,9.2,8.7,,,7.446666667,5.0,,,,2023,8.333333333,,,,1.0,2.0,fase_0_7,11.0,1,-1.0,False,True
636,1,2012.0,2022,Pública,Agata,6.3802279106,,,3.0,Avaliador-20,,Avaliador-19,,Avaliador-2,,,,8.002,4.9043062200000005,7.51,,5.25,4.0,6.5,,,5.553333333,10.0,,,,2024,6.875,,,EE Donizetti Aparecido Leite Professor,2.0,2.0,fase_0_7,12.0,2,0.0,False,False
637,0,2012.0,2021,Escola Pública,Ametista,7.039,124.0,8.0,3.0,Avaliador-4,Mantido na Fase atual,Avaliador-2,Promovido de Fase,,Mantido na Fase atual,,,8.5,9.0,7.5,Não atendido,5.8,4.8,6.8,,Não,7.0,5.0,Destaque: A sua boa entrega das lições de casa.,Melhorar: Empenhar-se mais nas aulas e avaliações.,Melhorar: Integrar-se mais aos Princípios Passos Mágicos.,2022,5.7899999999999885,,,,1.0,2.0,fase_0_7,10.0,1,-1.0,False,True
637,0,2012.0,2021,Pública,Topázio,8.109533333,,,3.0,Avaliador-15,,Avaliador-5,,Avaliador-2,,,,8.0,9.5,7.52,,8.5,8.7,8.2,,,8.17,5.0,,,,2023,8.333333333,,,,1.0,2.0,fase_0_7,11.0,2,-1.0,False,True
637,0,2012.0,2021,Pública,Ametista,7.6853212122,,,3.0,Avaliador-20,,Avaliador-19,,Avaliador-2,,,,7.502,6.2272727275,7.51,,7.75,6.5,9.0,,,7.776666667,10.0,,,,2024,8.333333333,,,EE Donizetti Aparecido Leite Professor,2.0,2.0,fase_0_7,12.0,3,0.0,False,False
638,0,2013.0,2020,Escola Pública,Ametista,7.059,120.0,7.0,3.0,Avaliador-4,Mantido na Fase atual,Avaliador-2,Mantido na Fase atual,,Mantido na Fase atual,,,8.5,9.3,7.5,Não atendido,3.9,2.0,5.8,,Não,6.278,10.0,Destaque: A sua boa entrega das lições de casa.,Melhorar: Empenhar-se mais nas aulas e avaliações.,Melhorar: Integrar-se mais aos Princípios Passos Mágicos.,2022,5.633999999999997,,,,1.0,1.0,fase_0_7,9.0,2,0.0,False,False
638,0,2013.0,2020,Pública,Ametista,7.754866667,,,3.0,Avaliador-15,,Avaliador-5,,Avaliador-2,,,,9.0,9.4,7.52,,6.5,6.8,6.2,,,7.946666667,5.0,,,,2023,8.333333333,,,,1.0,2.0,fase_0_7,10.0,3,-1.0,False,True
638,0,2013.0,2021,Pública,Agata,6.7464878789,,,3.0,Avaliador-20,,Avaliador-19,,Avaliador-2,,,,8.502,5.7272727275,7.51,,5.0,4.0,6.0,,,5.936666667,10.0,,,,2024,8.125,,,EE Donizetti Aparecido Leite Professor,2.0,2.0,fase_0_7,11.0,3,0.0,False,False
639,0,2012.0,2021,Escola Pública,Ágata,6.613,151.0,12.0,3.0,Avaliador-4,Mantido na Fase atual,Avaliador-2,Promovido de Fase,,Mantido na Fase atual,,,8.5,7.4,7.5,Não atendido,5.5,3.2,7.8,,Não,6.611,5.0,Melhorar: Melhorar a sua entrega de lições de casa.,Melhorar: Empenhar-se mais nas aulas e avaliações.,Melhorar: Integrar-se mais aos Princípios Passos Mágicos.,2022,6.108000000000002,,,,1.0,2.0,fase_0_7,10.0,1,-1.0,False,True
639,0,2012.0,2021,Pública,Ametista,7.5853,,,3.0,Avaliador-32,,Avaliador-5,,Avaliador-2,,,,7.4,8.1,6.27,,6.3,4.8,7.8,,,7.62,10.0,,,,2023,8.125,,,,2.0,2.0,fase_0_7,11.0,2,0.0,False,False
639,0,2012.0,2021,Pública,Quartzo,5.7693807644,,,4.0,Avaliador-21,,Avaliador-23,,Avaliador-5,,Avaliador-26,,7.917,5.278195488666667,2.51,,3.8333333333333335,1.0,4.5,6.0,,6.1625,10.0,,,,2024,6.71875,,,EE Maria André Schunck Dona,3.0,3.0,fase_0_7,12.0,3,0.0,False,False
64,1,2006.0,2019,Escola Pública,Ametista,7.368,23.0,9.0,3.0,Avaliador-5,Mantido na Fase atual,Avaliador-27,Mantido na Fase atual,Avaliador-24,Promovido de Fase + Bolsa,Avaliador-31,,7.1,8.1,8.1,Sem limitações,7.5,4.8,8.2,9.4,Sim,8.25,5.0,Destaque: A sua boa entrega das lições de casa.,Melhorar: Empenhar-se mais nas aulas e avaliações.,Destaque: A sua boa integração aos Princípios Passos Mágicos.,2022,5.779999999999994,,,,5.0,6.0,fase_0_7,16.0,3,-1.0,False,True
64,0,2006.0,2019,Privada - Programa de Apadrinhamento,Ametista,7.452541667,,,4.0,Avaliador-24,,Avaliador-7,,Avaliador-23,,Avaliador-8,,7.5,9.2,6.89,,6.7,7.0,6.0,7.2,,7.9625,5.0,,,,2023,7.34375,,,,6.0,7.0,fase_0_7,17.0,4,-1.0,False,True
64,0,2006.0,2021,Privada - Programa de Apadrinhamento,Topázio,8.743607059266667,,,3.0,Avaliador-22,,Avaliador-26,,Avaliador-7,,,,10.002,8.980785296666667,8.135,,8.166666666666666,8.0,6.5,10.0,,8.283333333,10.0,,,,2024,8.4375,,,Colégio Arco Íris Evolução,7.0,7.0,fase_0_7,18.0,3,0.0,False,False
640,0,2011.0,2022,Escola Pública,Ágata,6.73,141.0,11.0,3.0,Avaliador-4,Mantido na Fase atual,Avaliador-2,Promovido de Fase,,Mantido na Fase atual,,,9.0,8.4,7.5,Não atendido,4.8,2.5,7.0,,Não,6.778,5.0,Destaque: A sua boa entrega das lições de casa.,Melhorar: Empenhar-se mais nas aulas e avaliações.,Melhorar: Integrar-se mais aos Princípios Passos Mágicos.,2022,5.844000000000005,,,,1.0,2.0,fase_0_7,11.0,0,-1.0,False,True
640,0,2011.0,2022,Pública,Agata,6.1105,,,3.0,Avaliador-15,,Avaliador-5,,Avaliador-2,,,,0.0,7.3,7.52,,4.9,4.0,5.8,,,8.446666667,5.0,,,,2023,7.291666667,,,,1.0,3.0,fase_0_7,12.0,1,-2.0,False,True
641,0,2013.0,2022,Escola Pública,Ametista,7.776,53.0,2.0,3.0,Avaliador-4,Mantido na Fase atual,Avaliador-2,Promovido de Fase,,Mantido na Fase atual,,,9.0,9.3,7.5,Não atendido,6.5,4.5,8.5,,Não,6.778,10.0,Destaque: A sua boa entrega das lições de casa.,Melhorar: Empenhar-se mais nas aulas e avaliações.,Melhorar: Integrar-se mais aos Princípios Passos Mágicos.,2022,6.103999999999994,,,,1.0,1.0,fase_0_7,9.0,0,0.0,False,False
642,0,2012.0,2021,Escola Pública,Ametista,7.75,55.0,3.0,3.0,Avaliador-4,Mantido na Fase atual,Avaliador-2,Promovido de Fase,,Mantido na Fase atual,,,10.0,9.7,6.9,Sem limitações,7.3,7.0,7.7,,Não,7.778,5.0,Destaque: A sua boa entrega das lições de casa.,Melhorar: Empenhar-se mais nas aulas e avaliações.,Destaque: A sua boa integração aos Princípios Passos Mágicos.,2022,6.043999999999992,,,,1.0,2.0,fase_0_7,10.0,1,-1.0,False,True
642,0,2012.0,2021,Pública,Topázio,8.416866667,,,3.0,Avaliador-32,,Avaliador-5,,Avaliador-2,,,,9.5,9.2,6.27,,6.5,5.7,7.2,,,9.173333333,10.0,,,,2023,8.75,,,,2.0,2.0,fase_0_7,11.0,2,0.0,True,False
642,0,2012.0,2021,Pública,Ametista,7.082591269866667,,,4.0,Avaliador-21,,Avaliador-23,,Avaliador-5,,Avaliador-26,,9.585,9.149206349333332,3.76,,4.0,2.0,5.0,5.0,,6.9975,10.0,,,,2024,7.1875,,,EE Maria André Schunck Dona,3.0,3.0,fase_0_7,12.0,3,0.0,False,False
643,1,2012.0,2022,Escola Pública,Ágata,6.763,139.0,10.0,3.0,Avaliador-4,Mantido na Fase atual,Avaliador-2,Mantido na Fase atual,,Mantido na Fase atual,,,9.0,8.0,7.5,Não atendido,6.2,6.3,6.0,,Não,6.722,5.0,Destaque: A sua boa entrega das lições de casa.,Melhorar: Empenhar-se mais nas aulas e avaliações.,Melhorar: Integrar-se mais aos Princípios Passos Mágicos.,2022,4.285999999999994,,,,1.0,2.0,fase_0_7,10.0,0,-1.0,False,True
643,1,2012.0,2022,Pública,Ametista,7.389033333,,,3.0,Avaliador-15,,Avaliador-5,,Avaliador-2,,,,9.5,8.2,7.52,,7.1,7.0,7.2,,,7.613333333,5.0,,,,2023,6.041666667,,,,1.0,2.0,fase_0_7,11.0,1,-1.0,False,True
643,1,2012.0,2022,Pública,Agata,6.402239075100001,,,3.0,Avaliador-20,,Avaliador-19,,Avaliador-2,,,,9.002,6.8660287085,7.51,,4.5,3.0,6.0,,,5.826666667,5.0,,,,2024,8.125,,,EE Donizetti Aparecido Leite Professor,2.0,3.0,fase_0_7,12.0,2,-1.0,False,True
644,0,2011.0,2021,Escola Pública,Ametista,7.83,45.0,1.0,3.0,Avaliador-4,Promovido de Fase + Bolsa,Avaliador-2,Promovido de Fase,,Mantido na Fase atual,,,9.5,8.0,7.5,Não atendido,8.8,9.7,8.0,,Sim,8.278,5.0,Destaque: A sua boa entrega das lições de casa.,Destaque: As suas boas notas na Passos Mágicos.,Destaque: A sua boa integração aos Princípios Passos Mágicos.,2022,6.143999999999998,,,,1.0,2.0,fase_0_7,11.0,1,-1.0,False,True
644,0,2011.0,2021,Pública,Agata,6.897033333,,,3.0,Avaliador-15,,Avaliador-5,,Avaliador-2,,,,10.0,5.6,7.52,,5.9,4.0,7.7,,,7.503333333,5.0,,,,2023,8.541666667,,,,2.0,3.0,fase_0_7,12.0,2,-1.0,False,True
645,0,2012.0,2022,Escola Pública,Ágata,6.086,170.0,13.0,3.0,Avaliador-4,Mantido na Fase atual,Avaliador-2,Promovido de Fase,,Mantido na Fase atual,,,8.5,8.1,7.5,Requer avaliação,2.0,4.0,0.0,,Não,6.833,5.0,Destaque: A sua boa entrega das lições de casa.,Melhorar: Empenhar-se mais nas aulas e avaliações.,Melhorar: Integrar-se mais aos Princípios Passos Mágicos.,2022,5.9940000000000015,,,,1.0,2.0,fase_0_7,10.0,0,-1.0,False,True
645,0,2012.0,2022,Pública,Ametista,7.613033333,,,3.0,Avaliador-15,,Avaliador-5,,Avaliador-2,,,,9.0,8.5,6.27,,7.3,6.5,8.0,,,8.116666667,5.0,,,,2023,8.125,,,,1.0,2.0,fase_0_7,11.0,1,-1.0,False,True
645,0,2012.0,2022,Pública,Ametista,7.502239394,,,3.0,Avaliador-20,,Avaliador-19,,Avaliador-2,,,,7.418,8.3863636365,7.51,,5.25,3.0,7.5,,,7.556666667,10.0,,,,2024,7.708333333,,,EE Donizetti Aparecido Leite Professor,2.0,2.0,fase_0_7,12.0,2,0.0,False,False
646,1,2009.0,2019,Escola Pública,Topázio,8.181,20.0,1.0,3.0,Avaliador-7,Promovido de Fase + Bolsa,Avaliador-3,Mantido na Fase atual,,Mantido na Fase atual,,,8.5,9.8,8.1,Não atendido,8.4,8.8,8.0,,Sim,8.389,5.0,Destaque: A sua boa entrega das lições de casa.,Destaque: As suas boas notas na Passos Mágicos.,Destaque: A sua boa integração aos Princípios Passos Mágicos.,2022,7.031999999999989,,,,1.0,3.0,fase_0_7,13.0,3,-2.0,True,True
646,1,2009.0,2019,Pública,Topázio,8.3547,,,3.0,Avaliador-15,,Avaliador-5,,Avaliador-2,,,,10.0,8.9,7.52,,8.4,8.2,8.5,,,8.783333333,5.0,,,,2023,8.958333333,,,,2.0,3.0,fase_0_7,14.0,4,-1.0,False,True
646,1,2009.0,2021,Pública,Ametista,7.715491666666668,,,4.0,Avaliador-21,,Avaliador-23,,Avaliador-5,,Avaliador-26,,10.002,9.266666666666667,7.51,,6.166666666666667,9.0,4.5,5.0,,7.7475,5.0,,,,2024,8.28125,,,EE Donizetti Aparecido Leite Professor,3.0,4.0,fase_0_7,15.0,3,-1.0,False,True
647,1,2012.0,2022,Escola Pública,Ágata,6.606,152.0,12.0,3.0,Avaliador-7,Mantido na Fase atual,Avaliador-3,Mantido na Fase atual,,Mantido na Fase atual,,,9.5,8.6,7.5,Não atendido,3.3,1.5,5.2,,Não,7.278,5.0,Destaque: A sua boa entrega das lições de casa.,Melhorar: Empenhar-se mais nas aulas e avaliações.,Melhorar: Integrar-se mais aos Princípios Passos Mágicos.,2022,5.7039999999999935,,,,1.0,2.0,fase_0_7,10.0,0,-1.0,False,True
647,0,2012.0,2022,Privada - Programa de Apadrinhamento,Ametista,7.100566667,,,3.0,Avaliador-15,,Avaliador-5,,Avaliador-2,,,,7.3,8.7,6.27,,5.2,4.7,5.7,,,8.446666667,5.0,,,,2023,7.708333333,,,,1.0,2.0,fase_0_7,11.0,1,-1.0,False,True
648,1,2010.0,2019,Escola Pública,Ágata,6.736,140.0,10.0,3.0,Avaliador-7,Mantido na Fase atual,Avaliador-3,Mantido na Fase atual,,Mantido na Fase atual,,,9.0,7.5,6.9,Sem limitações,5.3,5.0,5.5,,Não,7.5,5.0,Melhorar: Melhorar a sua entrega de lições de casa.,Melhorar: Empenhar-se mais nas aulas e avaliações.,Destaque: A sua boa integração aos Princípios Passos Mágicos.,2022,5.859999999999994,,,,1.0,3.0,fase_0_7,12.0,3,-2.0,False,True
649,0,2010.0,2019,Escola Pública,Ametista,7.302,103.0,8.0,3.0,Avaliador-7,Mantido na Fase atual,Avaliador-3,Promovido de Fase,,Promovido de Fase,,,8.5,8.9,5.6,Requer avaliação,7.4,6.3,8.5,,Não,7.611,5.0,Destaque: A sua boa entrega das lições de casa.,Melhorar: Empenhar-se mais nas aulas e avaliações.,Destaque: A sua boa integração aos Princípios Passos Mágicos.,2022,6.09799999999999,,,,1.0,3.0,fase_0_7,12.0,3,-2.0,False,True
649,0,2010.0,2019,Pública,Ametista,7.579533333,,,3.0,Avaliador-15,,Avaliador-5,,Avaliador-2,,,,9.0,9.3,3.77,,6.5,3.8,9.2,,,8.836666667,5.0,,,,2023,8.75,,,,2.0,3.0,fase_0_7,13.0,4,-1.0,False,True
649,0,2010.0,2021,Pública,Agata,6.985329691766667,,,3.0,Avaliador-20,,Avaliador-21,,Avaliador-23,,,,8.751,6.004481792666667,8.76,,3.6666666666666665,5.5,4.0,1.5,,7.333333333,10.0,,,,2024,8.333333333,,,EE Paschoal Carlos Magno,3.0,3.0,fase_0_7,14.0,3,0.0,False,False
65,0,2005.0,2022,Escola Pública,Ametista,7.712,13.0,6.0,3.0,Avaliador-5,Promovido de Fase + Bolsa,Avaliador-27,Mantido na Fase atual,Avaliador-24,Promovido de Fase + Bolsa,Avaliador-31,,8.3,7.7,7.5,Não atendido,9.3,9.0,9.5,9.5,Sim,7.875,5.0,Destaque: A sua boa entrega das lições de casa.,Destaque: As suas boas notas na Passos Mágicos.,Destaque: A sua boa integração aos Princípios Passos Mágicos.,2022,6.569999999999991,,,,5.0,7.0,fase_0_7,17.0,0,-2.0,False,True
650,0,2011.0,2021,Escola Pública,Ágata,7.004,127.0,9.0,3.0,Avaliador-7,Mantido na Fase atual,Avaliador-3,Mantido na Fase atual,,Promovido de Fase,,,6.9,8.7,5.6,Sem limitações,6.9,5.5,8.3,,Não,7.5,5.0,Destaque: A sua boa entrega das lições de casa.,Melhorar: Empenhar-se mais nas aulas e avaliações.,Destaque: A sua boa integração aos Princípios Passos Mágicos.,2022,6.3399999999999945,,,,1.0,2.0,fase_0_7,11.0,1,-1.0,False,True
651,0,2012.0,2022,Escola Pública,Ametista,7.866,40.0,5.0,3.0,Avaliador-7,Mantido na Fase + Bolsa,Avaliador-3,Mantido na Fase atual,,Promovido de Fase,,,8.5,9.3,7.5,Não atendido,7.8,7.7,7.8,,Sim,8.333,5.0,Destaque: A sua boa entrega das lições de casa.,Destaque: As suas boas notas na Passos Mágicos.,Destaque: A sua boa integração aos Princípios Passos Mágicos.,2022,6.793999999999993,,,,1.0,2.0,fase_0_7,10.0,0,-1.0,False,True
651,0,2012.0,2022,Pública,Ametista,7.332,,,3.0,Avaliador-15,,Avaliador-5,,Avaliador-2,,,,0.0,8.2,3.77,,9.3,9.8,8.7,,,7.95,10.0,,,,2023,8.75,,,,2.0,2.0,fase_0_7,11.0,1,0.0,False,False
651,0,2012.0,2022,Pública,Topázio,8.689300000100001,,,3.0,Avaliador-21,,Avaliador-7,,Avaliador-10,,,,9.168,10.0,7.51,,7.5,10.0,6.0,6.5,,8.336666667,10.0,,,,2024,8.541666667,,,EE Mario Francisco de Amorim,3.0,2.0,fase_0_7,12.0,2,1.0,False,False
652,0,2013.0,2022,Escola Pública,Topázio,8.151,22.0,2.0,3.0,Avaliador-7,Mantido na Fase atual,Avaliador-3,Mantido na Fase atual,,Mantido na Fase atual,,,8.0,9.6,7.5,Não atendido,7.8,7.0,8.5,,Não,7.5,10.0,Destaque: A sua boa entrega das lições de casa.,Destaque: As suas boas notas na Passos Mágicos.,Destaque: A sua boa integração aos Princípios Passos Mágicos.,2022,6.209999999999996,,,,1.0,1.0,fase_0_7,9.0,0,0.0,False,False
652,0,2013.0,2022,Pública,Ametista,7.871033333,,,3.0,Avaliador-15,,Avaliador-5,,Avaliador-2,,,,9.0,9.4,6.89,,7.0,6.2,7.8,,,8.446666667,5.0,,,,2023,8.125,,,,1.0,2.0,fase_0_7,10.0,1,-1.0,False,True
652,0,2013.0,2022,Pública,Ametista,7.361896969700001,,,3.0,Avaliador-20,,Avaliador-19,,Avaliador-2,,,,8.002,6.931818182000001,7.51,,5.5,4.5,6.5,,,7.663333333,10.0,,,,2024,7.916666667,,,EE Donizetti Aparecido Leite Professor,2.0,2.0,fase_0_7,11.0,2,0.0,False,False
653,0,2011.0,2022,Escola Pública,Topázio,8.101,25.0,3.0,3.0,Avaliador-7,Mantido na Fase atual,Avaliador-3,Mantido na Fase atual,,Mantido na Fase atual,,,9.5,9.6,7.5,Não atendido,9.3,9.5,9.0,,Não,7.5,5.0,Destaque: A sua boa entrega das lições de casa.,Destaque: As suas boas notas na Passos Mágicos.,Destaque: A sua boa integração aos Princípios Passos Mágicos.,2022,6.210000000000004,,,,1.0,2.0,fase_0_7,11.0,0,-1.0,False,True
653,0,2011.0,2022,Pública,Ametista,7.385666667,,,3.0,Avaliador-15,,Avaliador-5,,Avaliador-2,,,,0.0,9.8,6.27,,7.9,7.7,8.0,,,9.06,5.0,,,,2023,9.166666667,,,,2.0,3.0,fase_0_7,12.0,1,-1.0,True,True
653,0,2011.0,2022,Pública,Topázio,8.103217647033333,,,3.0,Avaliador-20,,Avaliador-21,,Avaliador-23,,,,8.751,9.537254902,8.76,,5.166666666666667,6.5,4.5,4.5,,7.89,10.0,,,,2024,8.333333333,,,EE Donizetti Aparecido Leite Professor,3.0,3.0,fase_0_7,13.0,2,0.0,False,False
654,0,2010.0,2022,Escola Pública,Ametista,7.308,99.0,7.0,3.0,Avaliador-7,Mantido na Fase atual,Avaliador-3,Mantido na Fase atual,,Mantido na Fase atual,,,8.5,8.6,7.5,Não atendido,6.8,5.5,8.0,,Não,7.556,5.0,Destaque: A sua boa entrega das lições de casa.,Melhorar: Empenhar-se mais nas aulas e avaliações.,Destaque: A sua boa integração aos Princípios Passos Mágicos.,2022,6.167999999999996,,,,1.0,3.0,fase_0_7,12.0,0,-2.0,False,True
655,0,2010.0,2019,Escola Pública,Ametista,7.785,50.0,6.0,3.0,Avaliador-7,Mantido na Fase + Bolsa,Avaliador-3,Mantido na Fase atual,,Promovido de Fase,,,7.5,9.2,7.5,Não atendido,8.3,8.3,8.2,,Sim,8.389,5.0,Destaque: A sua boa entrega das lições de casa.,Destaque: As suas boas notas na Passos Mágicos.,Destaque: A sua boa integração aos Princípios Passos Mágicos.,2022,6.072000000000006,,,,1.0,3.0,fase_0_7,12.0,3,-2.0,True,True
655,0,2010.0,2019,Pública,Topázio,8.3198,,,3.0,Avaliador-15,,Avaliador-5,,Avaliador-2,,,,7.4,9.9,7.52,,8.3,7.2,9.3,,,8.896666667,5.0,,,,2023,9.166666667,,,,2.0,3.0,fase_0_7,13.0,4,-1.0,False,True
655,0,2010.0,2021,Pública,Topázio,8.238600000066668,,,3.0,Avaliador-20,,Avaliador-21,,Avaliador-23,,,,7.501,10.0,8.76,,6.833333333333333,8.0,4.0,8.5,,7.166666667,10.0,,,,2024,8.125,,,EE Donizetti Aparecido Leite Professor,3.0,3.0,fase_0_7,14.0,3,0.0,False,False
656,0,2011.0,2020,Escola Pública,Ágata,6.652,146.0,11.0,3.0,Avaliador-7,Mantido na Fase atual,Avaliador-3,Promovido de Fase,,Promovido de Fase,,,7.4,7.5,5.6,Requer avaliação,6.3,5.0,7.5,,Não,7.5,5.0,Melhorar: Melhorar a sua entrega de lições de casa.,Melhorar: Empenhar-se mais nas aulas e avaliações.,Destaque: A sua boa integração aos Princípios Passos Mágicos.,2022,5.920000000000005,,,,1.0,2.0,fase_0_7,11.0,2,-1.0,False,True
656,0,2011.0,2020,Pública,Agata,6.780833333,,,3.0,Avaliador-15,,Avaliador-5,,Avaliador-2,,,,0.0,8.9,7.52,,7.3,5.8,8.8,,,7.173333333,5.0,,,,2023,8.541666667,,,,2.0,3.0,fase_0_7,12.0,3,-1.0,False,True
656,0,2011.0,2021,Pública,Agata,6.668152941266667,,,3.0,Avaliador-20,,Avaliador-21,,Avaliador-23,,,,9.168,5.978431372666667,7.51,,4.166666666666667,5.0,3.5,4.0,,6.106666667,10.0,,,,2024,7.5,,,EE Donizetti Aparecido Leite Professor,3.0,3.0,fase_0_7,13.0,3,0.0,False,False
657,0,2010.0,2021,Escola Pública,Topázio,8.093,26.0,4.0,3.0,Avaliador-7,Promovido de Fase,Avaliador-3,Mantido na Fase atual,,Promovido de Fase,,,9.5,9.8,7.5,Não atendido,9.0,9.0,9.0,,Não,7.5,5.0,Destaque: A sua boa entrega das lições de casa.,Destaque: As suas boas notas na Passos Mágicos.,Destaque: A sua boa integração aos Princípios Passos Mágicos.,2022,6.33,,,,1.0,3.0,fase_0_7,12.0,1,-2.0,False,True
657,0,2010.0,2021,Pública,Topázio,8.3532,,,3.0,Avaliador-15,,Avaliador-5,,Avaliador-2,,,,8.5,10.0,7.52,,8.2,7.0,9.3,,,8.73,5.0,,,,2023,8.75,,,,2.0,3.0,fase_0_7,13.0,2,-1.0,False,True
657,0,2010.0,2021,Pública,Topázio,8.207433333400001,,,3.0,Avaliador-20,,Avaliador-21,,Avaliador-23,,,,8.751,9.6,6.885,,7.5,8.0,4.5,10.0,,7.056666667,10.0,,,,2024,8.125,,,EE Donizetti Aparecido Leite Professor,3.0,3.0,fase_0_7,14.0,3,0.0,False,False
658,0,2012.0,2022,Escola Pública,Ametista,7.407,93.0,7.0,2.0,Avaliador-5,Promovido de Fase,Avaliador-2,Promovido de Fase,,Não avaliado,,,10.0,9.3,7.5,Não atendido,5.6,4.7,6.5,,Não,7.917,5.0,Destaque: A sua boa entrega das lições de casa.,Melhorar: Empenhar-se mais nas aulas e avaliações.,Destaque: A sua boa integração aos Princípios Passos Mágicos.,2022,5.935999999999995,,,,1.0,2.0,fase_0_7,10.0,0,-1.0,False,True
658,0,2012.0,2022,Pública,Topázio,8.438533333,,,3.0,Avaliador-32,,Avaliador-5,,Avaliador-2,,,,9.5,9.5,7.52,,6.1,5.3,6.8,,,9.173333333,10.0,,,,2023,7.916666667,,,,2.0,2.0,fase_0_7,11.0,1,0.0,True,False
658,0,2012.0,2022,Pública,Ametista,7.507033333333333,,,5.0,Avaliador-20,,Avaliador-21,,Avaliador-17,,Avaliador-26,,8.751,10.0,8.135,,3.6666666666666665,5.5,2.5,3.0,,6.738,10.0,,,,2024,7.375,Avaliador-10,,EM Cecilia Cristina de Oliveira Rodrigues,3.0,2.0,fase_0_7,12.0,2,1.0,False,False
659,0,2012.0,2022,Escola Pública,Ametista,7.783,51.0,3.0,2.0,Avaliador-5,Promovido de Fase,Avaliador-2,Promovido de Fase,,Não avaliado,,,8.0,7.8,7.5,Não atendido,9.3,9.5,9.0,,Não,8.333,5.0,Destaque: A sua boa entrega das lições de casa.,Destaque: As suas boas notas na Passos Mágicos.,Destaque: A sua boa integração aos Princípios Passos Mágicos.,2022,6.463999999999999,,,,1.0,2.0,fase_0_7,10.0,0,-1.0,False,True
66,0,2005.0,2022,Escola Pública,Quartzo,5.665,50.0,15.0,3.0,Avaliador-5,Mantido na Fase atual,Avaliador-27,Mantido na Fase atual,Avaliador-24,Alocado em Fase anterior,Avaliador-31,,7.5,5.6,7.5,Não atendido,4.5,3.0,6.0,,Não,5.917,5.0,Melhorar: Melhorar a sua entrega de lições de casa.,Melhorar: Empenhar-se mais nas aulas e avaliações.,Melhorar: Integrar-se mais aos Princípios Passos Mágicos.,2022,4.616000000000007,,,,5.0,7.0,fase_0_7,17.0,0,-2.0,False,True
660,0,2013.0,2021,Escola Pública,Topázio,8.363,7.0,1.0,2.0,Avaliador-5,Promovido de Fase,Avaliador-2,Promovido de Fase,,Não avaliado,,,9.5,9.0,7.5,Não atendido,6.9,5.8,8.0,,Não,9.083,10.0,Destaque: A sua boa entrega das lições de casa.,Melhorar: Empenhar-se mais nas aulas e avaliações.,Destaque: A sua boa integração aos Princípios Passos Mágicos.,2022,6.663999999999994,,,,1.0,1.0,fase_0_7,9.0,1,0.0,True,False
661,1,2011.0,2022,Escola Pública,Ametista,7.593,72.0,4.0,2.0,Avaliador-5,Mantido na Fase atual,Avaliador-2,Promovido de Fase,,Não avaliado,,,9.0,8.3,7.5,Não atendido,7.8,8.3,7.3,,Não,7.917,5.0,Destaque: A sua boa entrega das lições de casa.,Destaque: As suas boas notas na Passos Mágicos.,Destaque: A sua boa integração aos Princípios Passos Mágicos.,2022,6.395999999999997,,,,1.0,2.0,fase_0_7,11.0,0,-1.0,False,True
661,1,2011.0,2022,Pública,Agata,6.846333333,,,3.0,Avaliador-15,,Avaliador-5,,Avaliador-2,,,,0.0,7.7,6.89,,6.5,4.3,8.7,,,7.836666667,10.0,,,,2023,7.5,,,,2.0,2.0,fase_0_7,12.0,1,0.0,False,False
662,0,2011.0,2022,Escola Pública,Ametista,7.044,122.0,9.0,2.0,Avaliador-5,Mantido na Fase atual,Avaliador-2,Promovido de Fase,,Não avaliado,,,9.0,8.8,7.5,Não atendido,6.8,5.7,7.8,,Não,6.083,5.0,Destaque: A sua boa entrega das lições de casa.,Melhorar: Empenhar-se mais nas aulas e avaliações.,Melhorar: Integrar-se mais aos Princípios Passos Mágicos.,2022,5.573999999999986,,,,1.0,2.0,fase_0_7,11.0,0,-1.0,False,True
662,0,2011.0,2022,Pública,Agata,6.733566667,,,3.0,Avaliador-32,,Avaliador-5,,Avaliador-2,,,,6.8,7.6,6.27,,6.7,4.3,9.0,,,6.72,5.0,,,,2023,7.291666667,,,,2.0,3.0,fase_0_7,12.0,1,-1.0,False,True
662,0,2011.0,2022,Pública,Ametista,7.107477855466668,,,5.0,Avaliador-20,,Avaliador-21,,Avaliador-17,,Avaliador-26,,7.917,7.610722610666666,7.51,,4.166666666666667,4.5,5.0,3.0,,7.234,10.0,,,,2024,7.625,Avaliador-10,,EM Cecilia Cristina de Oliveira Rodrigues,3.0,3.0,fase_0_7,13.0,2,0.0,False,False
663,1,2012.0,2022,Escola Pública,Ágata,6.376,161.0,11.0,2.0,Avaliador-5,Mantido na Fase atual,Avaliador-2,Promovido de Fase,,Não avaliado,,,6.9,8.7,7.5,Não atendido,5.8,5.0,6.5,,Não,5.25,5.0,Destaque: A sua boa entrega das lições de casa.,Melhorar: Empenhar-se mais nas aulas e avaliações.,Melhorar: Integrar-se mais aos Princípios Passos Mágicos.,2022,4.860000000000007,,,,1.0,2.0,fase_0_7,10.0,0,-1.0,False,True
663,1,2012.0,2022,Pública,Agata,6.969133333,,,3.0,Avaliador-19,,Avaliador-4,,Avaliador-2,,,,6.9,7.4,7.52,,7.0,6.7,7.3,,,7.393333333,5.0,,,,2023,6.666666667,,,,1.0,2.0,fase_0_7,11.0,1,-1.0,False,True
663,1,2012.0,2022,Pública,Agata,6.696419461700001,,,3.0,Avaliador-19,,Avaliador-25,,Avaliador-2,,,,8.502,7.0910973085,5.625,,6.5,6.0,7.0,,,6.89,5.0,,,,2024,6.875,,,EE Maria André Schunck Dona,2.0,3.0,fase_0_7,12.0,2,-1.0,False,True
664,0,2012.0,2022,Escola Pública,Ametista,7.277,105.0,8.0,2.0,Avaliador-5,Mantido na Fase atual,Avaliador-2,Mantido na Fase atual,,Não avaliado,,,9.5,8.8,7.5,Não atendido,6.3,5.0,7.5,,Não,7.167,5.0,Destaque: A sua boa entrega das lições de casa.,Melhorar: Empenhar-se mais nas aulas e avaliações.,Melhorar: Integrar-se mais aos Princípios Passos Mágicos.,2022,6.235999999999997,,,,1.0,2.0,fase_0_7,10.0,0,-1.0,False,True
664,0,2012.0,2022,Pública,Topázio,8.0872,,,3.0,Avaliador-19,,Avaliador-4,,Avaliador-2,,,,9.0,9.6,7.52,,8.0,8.0,8.0,,,8.116666667,5.0,,,,2023,7.916666667,,,,1.0,2.0,fase_0_7,11.0,1,-1.0,False,True
664,0,2012.0,2022,Pública,Ametista,7.5017244089,,,3.0,Avaliador-20,,Avaliador-19,,Avaliador-2,,,,9.002,6.7734553775,7.51,,5.75,3.0,8.5,,,7.666666667,10.0,,,,2024,8.125,,,EE Donizetti Aparecido Leite Professor,2.0,2.0,fase_0_7,12.0,2,0.0,False,False
665,0,2011.0,2022,Escola Pública,Ágata,6.996,128.0,10.0,2.0,Avaliador-5,Mantido na Fase atual,Avaliador-2,Promovido de Fase,,Não avaliado,,,9.0,7.4,7.5,Não atendido,6.8,6.5,7.0,,Não,7.25,5.0,Melhorar: Melhorar a sua entrega de lições de casa.,Melhorar: Empenhar-se mais nas aulas e avaliações.,Melhorar: Integrar-se mais aos Princípios Passos Mágicos.,2022,5.5600000000000005,,,,1.0,2.0,fase_0_7,11.0,0,-1.0,False,True
665,0,2011.0,2022,Pública,Agata,6.185658333,,,3.0,Avaliador-15,,Avaliador-5,,Avaliador-2,,,,9.5,4.9,2.52,,5.2,5.0,5.3,,,8.226666667,5.0,,,,2023,8.28125,,,,1.0,2.0,fase_0_7,12.0,1,-1.0,False,True
665,0,2011.0,2022,Pública,Quartzo,5.698703030200001,,,3.0,Avaliador-20,,Avaliador-19,,Avaliador-2,,,,8.334,5.068181818,5.63,,4.75,3.0,6.5,,,5.443333333,5.0,,,,2024,7.5,,,EE Donizetti Aparecido Leite Professor,2.0,3.0,fase_0_7,13.0,2,-1.0,False,True
666,1,2012.0,2022,Escola Pública,Ametista,7.929,39.0,2.0,2.0,Avaliador-5,Mantido na Fase atual,Avaliador-2,Promovido de Fase,,Não avaliado,,,9.5,9.1,7.5,Não atendido,7.8,8.0,7.5,,Não,8.833,5.0,Destaque: A sua boa entrega das lições de casa.,Destaque: As suas boas notas na Passos Mágicos.,Destaque: A sua boa integração aos Princípios Passos Mágicos.,2022,5.823999999999998,,,,1.0,2.0,fase_0_7,10.0,0,-1.0,True,True
666,1,2012.0,2022,Pública,Topázio,8.720366667,,,3.0,Avaliador-32,,Avaliador-5,,Avaliador-2,,,,9.5,9.1,7.52,,7.1,6.7,7.5,,,9.62,10.0,,,,2023,8.541666667,,,,2.0,2.0,fase_0_7,11.0,1,0.0,True,False
666,1,2012.0,2022,Pública,Topázio,8.185838802933334,,,4.0,Avaliador-20,,Avaliador-21,,Avaliador-26,,Avaliador-10,,10.002,7.881527348,7.51,,7.166666666666667,10.0,5.5,6.0,,8.375,10.0,,,,2024,7.5,,,EE Maria André Schunck Dona,3.0,3.0,fase_0_7,12.0,2,0.0,False,False
667,1,2011.0,2021,Escola Pública,Quartzo,5.844,177.0,12.0,2.0,Avaliador-5,Mantido na Fase atual,Avaliador-2,Promovido de Fase,,Não avaliado,,,8.5,5.6,7.5,Não atendido,4.5,3.7,5.3,,Não,5.833,5.0,Melhorar: Melhorar a sua entrega de lições de casa.,Melhorar: Empenhar-se mais nas aulas e avaliações.,Melhorar: Integrar-se mais aos Princípios Passos Mágicos.,2022,5.574000000000012,,,,1.0,2.0,fase_0_7,11.0,1,-1.0,False,True
667,1,2011.0,2021,Pública,Agata,6.774866667,,,3.0,Avaliador-32,,Avaliador-5,,Avaliador-2,,,,9.0,6.9,6.89,,5.2,3.0,7.3,,,7.836666667,5.0,,,,2023,7.083333333,,,,2.0,3.0,fase_0_7,12.0,2,-1.0,False,True
667,1,2011.0,2021,Pública,Ametista,7.177130604266668,,,5.0,Avaliador-20,,Avaliador-21,,Avaliador-17,,Avaliador-26,,9.168,7.038986354666666,7.51,,4.666666666666667,5.5,4.5,4.0,,6.966,10.0,,,,2024,7.75,Avaliador-10,,EM Cecilia Cristina de Oliveira Rodrigues,3.0,3.0,fase_0_7,13.0,3,0.0,False,False
668,1,2011.0,2022,Escola Pública,Quartzo,4.365,192.0,13.0,2.0,Avaliador-5,Mantido na Fase atual,Avaliador-2,Mantido na Fase atual,,Não avaliado,,,6.9,3.3,7.5,Não atendido,2.8,2.8,2.8,,Não,3.75,5.0,Melhorar: Melhorar a sua entrega de lições de casa.,Melhorar: Empenhar-se mais nas aulas e avaliações.,Melhorar: Integrar-se mais aos Princípios Passos Mágicos.,2022,4.550000000000001,,,,1.0,2.0,fase_0_7,11.0,0,-1.0,False,True
668,1,2011.0,2022,Pública,Agata,6.017933333,,,3.0,Avaliador-15,,Avaliador-5,,Avaliador-2,,,,6.3,6.3,7.52,,3.4,2.7,4.0,,,7.616666667,5.0,,,,2023,6.875,,,,2.0,3.0,fase_0_7,12.0,1,-1.0,False,True
669,1,2011.0,2022,Escola Pública,Ametista,7.475,85.0,5.0,2.0,Avaliador-5,Mantido na Fase atual,Avaliador-2,Mantido na Fase atual,,Não avaliado,,,9.0,9.7,7.5,Não atendido,6.0,5.0,7.0,,Não,7.833,5.0,Destaque: A sua boa entrega das lições de casa.,Melhorar: Empenhar-se mais nas aulas e avaliações.,Destaque: A sua boa integração aos Princípios Passos Mágicos.,2022,6.183999999999994,,,,1.0,2.0,fase_0_7,11.0,0,-1.0,False,True
669,1,2011.0,2022,Pública,Ametista,7.345033333,,,3.0,Avaliador-32,,Avaliador-5,,Avaliador-2,,,,8.5,7.8,7.52,,5.0,3.3,6.7,,,7.06,10.0,,,,2023,7.708333333,,,,2.0,2.0,fase_0_7,12.0,1,0.0,False,False
669,1,2011.0,2022,Pública,Agata,6.6438703703,,,3.0,Avaliador-21,,Avaliador-7,,Avaliador-10,,,,7.5,4.851851851666666,7.51,,5.333333333333333,5.0,6.0,5.0,,6.883333333,10.0,,,,2024,7.291666667,,,EE Maria André Schunck Dona,3.0,3.0,fase_0_7,13.0,2,0.0,False,False
67,0,2006.0,2019,Escola Pública,Quartzo,5.195,56.0,6.0,4.0,Avaliador-6,Promovido de Fase,Avaliador-27,Mantido na Fase atual,Avaliador-28,Promovido de Fase,Avaliador-31,Mantido na Fase atual,5.8,3.0,7.5,Não atendido,3.6,3.0,4.2,3.5,Não,6.889,5.0,Melhorar: Melhorar a sua entrega de lições de casa.,Melhorar: Empenhar-se mais nas aulas e avaliações.,Melhorar: Integrar-se mais aos Princípios Passos Mágicos.,2022,6.6719999999999935,,,,5.0,6.0,fase_0_7,16.0,3,-1.0,False,True
670,0,2012.0,2022,Escola Pública,Ametista,7.451,88.0,6.0,2.0,Avaliador-5,Promovido de Fase,Avaliador-2,Promovido de Fase,,Não avaliado,,,8.0,8.8,7.5,Não atendido,6.9,6.5,7.3,,Não,8.167,5.0,Destaque: A sua boa entrega das lições de casa.,Melhorar: Empenhar-se mais nas aulas e avaliações.,Destaque: A sua boa integração aos Princípios Passos Mágicos.,2022,6.275999999999993,,,,1.0,2.0,fase_0_7,10.0,0,-1.0,False,True
670,0,2012.0,2022,Pública,Topázio,8.6067,,,3.0,Avaliador-32,,Avaliador-5,,Avaliador-2,,,,9.5,8.7,7.52,,7.0,5.8,8.2,,,9.343333333,10.0,,,,2023,8.958333333,,,,2.0,2.0,fase_0_7,11.0,1,0.0,True,False
670,0,2012.0,2022,Privada - Programa de Apadrinhamento,Topázio,8.8602539683,,,3.0,Avaliador-21,,Avaliador-23,,Avaliador-20,,,,9.585,9.441269841333334,7.51,,8.666666666666666,9.0,7.0,10.0,,8.166666667,10.0,,,,2024,8.958333333,,,Colégio Arco Íris Evolução,3.0,2.0,fase_0_7,12.0,2,1.0,False,False
671,1,2013.0,2021,Escola Pública,Ametista,7.617,75.0,4.0,2.0,Avaliador-11,Promovido de Fase,Avaliador-3,Mantido na Fase atual,,Não avaliado,,,8.5,8.2,8.1,Sem limitações,8.8,8.8,8.8,,Não,7.417,5.0,Destaque: A sua boa entrega das lições de casa.,Destaque: As suas boas notas na Passos Mágicos.,Melhorar: Integrar-se mais aos Princípios Passos Mágicos.,2022,5.735999999999999,,,,0.0,1.0,fase_0_7,9.0,1,-1.0,False,True
671,1,2013.0,2021,Pública,Agata,6.5143,,,2.0,Avaliador-13,,Avaliador-3,,,,,,7.9,8.3,3.14,,7.8,8.0,7.5,,,5.68,5.0,,,,2023,5.625,,,,0.0,2.0,fase_0_7,10.0,2,-2.0,False,True
672,0,2013.0,2021,Escola Pública,Ametista,7.48,96.0,6.0,2.0,Avaliador-11,Mantido na Fase atual,Avaliador-3,Mantido na Fase atual,,Não avaliado,,,8.5,8.5,8.1,Não atendido,8.8,8.5,9.1,,Não,6.75,5.0,Destaque: A sua boa entrega das lições de casa.,Destaque: As suas boas notas na Passos Mágicos.,Melhorar: Integrar-se mais aos Princípios Passos Mágicos.,2022,5.099999999999998,,,,0.0,1.0,fase_0_7,9.0,1,-1.0,False,True
672,0,2013.0,2021,Pública,Agata,6.5623,,,2.0,Avaliador-13,,Avaliador-3,,,,,,7.9,9.5,2.52,,6.4,6.0,6.7,,,6.43,5.0,,,,2023,5.625,,,,0.0,2.0,fase_0_7,10.0,2,-2.0,False,True
672,0,2013.0,2021,Pública,Quartzo,4.2118138341,,,3.0,Avaliador-3,,Avaliador-16,,Avaliador-15,,,,7.918,3.95256917,6.26,,0.0,0.0,0.0,,,4.496666667,5.0,,,,2024,6.041666667,,,EM Etelvina Delfim Simões,1.0,2.0,fase_0_7,11.0,3,-1.0,False,True
673,0,2014.0,2022,Escola Pública,Topázio,8.65,2.0,1.0,2.0,Avaliador-11,Promovido de Fase + Bolsa,Avaliador-3,Mantido na Fase atual,,Não avaliado,,,8.5,9.2,8.1,Não atendido,9.2,9.4,8.9,,Sim,8.583,10.0,Destaque: A sua boa entrega das lições de casa.,Destaque: As suas boas notas na Passos Mágicos.,Destaque: A sua boa integração aos Princípios Passos Mágicos.,2022,5.934000000000008,,,,0.0,0.0,fase_0_7,8.0,0,0.0,True,False
674,1,2014.0,2022,Escola Pública,Ametista,7.862,50.0,3.0,2.0,Avaliador-11,Mantido na Fase atual,Avaliador-3,Mantido na Fase atual,,Não avaliado,,,9.5,8.7,8.1,Sem limitações,8.0,8.9,7.0,,Não,6.333,10.0,Destaque: A sua boa entrega das lições de casa.,Destaque: As suas boas notas na Passos Mágicos.,Melhorar: Integrar-se mais aos Princípios Passos Mágicos.,2022,4.954000000000001,,,,0.0,0.0,fase_0_7,8.0,0,0.0,False,False
674,1,2014.0,2022,Pública,Agata,6.6328,,,2.0,Avaliador-13,,Avaliador-3,,,,,,7.9,8.5,3.77,,5.2,5.3,5.0,,,8.67,5.0,,,,2023,5.0,,,,0.0,1.0,fase_0_7,9.0,1,-1.0,False,True
675,1,2014.0,2022,Escola Pública,Ametista,7.576,79.0,5.0,2.0,Avaliador-11,Mantido na Fase + Bolsa,Avaliador-3,Mantido na Fase atual,,Não avaliado,,,10.0,6.6,8.1,Não atendido,7.4,8.8,5.9,,Sim,7.083,10.0,Melhorar: Melhorar a sua entrega de lições de casa.,Melhorar: Empenhar-se mais nas aulas e avaliações.,Melhorar: Integrar-se mais aos Princípios Passos Mágicos.,2022,5.493999999999986,,,,0.0,0.0,fase_0_7,8.0,0,0.0,False,False
675,1,2014.0,2022,Pública,Topázio,8.3577,,,2.0,Avaliador-13,,Avaliador-3,,,,,,10.0,8.0,7.52,,8.3,8.5,8.0,,,8.34,10.0,,,,2023,6.875,,,,0.0,0.0,fase_0_7,9.0,1,0.0,False,False
676,1,2013.0,2021,Escola Pública,Ametista,7.911,44.0,2.0,2.0,Avaliador-11,Promovido de Fase + Bolsa,Avaliador-3,Mantido na Fase atual,,Não avaliado,,,8.5,8.6,8.1,Não atendido,9.3,9.5,9.1,,Sim,8.167,5.0,Destaque: A sua boa entrega das lições de casa.,Destaque: As suas boas notas na Passos Mágicos.,Destaque: A sua boa integração aos Princípios Passos Mágicos.,2022,5.375999999999994,,,,0.0,1.0,fase_0_7,9.0,1,-1.0,False,True
677,0,2014.0,2021,Escola Pública,Topázio,8.358,13.0,1.0,2.0,Avaliador-13,Mantido na Fase atual,Avaliador-3,Mantido na Fase atual,,Não avaliado,,,10.0,9.4,7.5,Não atendido,7.3,7.7,6.8,,Não,8.583,10.0,Destaque: A sua boa entrega das lições de casa.,Melhorar: Empenhar-se mais nas aulas e avaliações.,Destaque: A sua boa integração aos Princípios Passos Mágicos.,2022,5.51400000000001,,,,0.0,0.0,fase_0_7,8.0,1,0.0,True,False
677,0,2014.0,2021,Pública,Topázio,8.5257,,,2.0,Avaliador-13,,Avaliador-3,,,,,,10.0,8.2,10.0,,8.7,9.0,8.3,,,9.84,5.0,,,,2023,6.875,,,,0.0,1.0,fase_0_7,9.0,2,-1.0,True,True
678,1,2013.0,2022,Escola Pública,Ametista,8.0,40.0,2.0,2.0,Avaliador-13,Mantido na Fase atual,Avaliador-3,Mantido na Fase atual,,Não avaliado,,,9.0,10.0,6.9,Sem limitações,7.3,7.5,7.0,,Não,9.5,5.0,Destaque: A sua boa entrega das lições de casa.,Melhorar: Empenhar-se mais nas aulas e avaliações.,Destaque: A sua boa integração aos Princípios Passos Mágicos.,2022,5.499999999999989,,,,0.0,1.0,fase_0_7,9.0,0,-1.0,True,True
678,1,2013.0,2022,Pública,Ametista,7.570158333,,,3.0,Avaliador-15,,Avaliador-4,,Avaliador-3,,,,8.0,8.8,6.27,,7.3,6.8,7.7,,,8.336666667,5.0,,,,2023,7.65625,,,,1.0,2.0,fase_0_7,10.0,1,-1.0,False,True
679,1,2012.0,2020,Escola Pública,Ametista,7.172,129.0,6.0,2.0,Avaliador-13,Mantido na Fase atual,Avaliador-3,Mantido na Fase atual,,Não avaliado,,,9.0,8.2,7.5,Sem limitações,6.3,6.7,5.8,,Não,7.833,5.0,Destaque: A sua boa entrega das lições de casa.,Melhorar: Empenhar-se mais nas aulas e avaliações.,Destaque: A sua boa integração aos Princípios Passos Mágicos.,2022,5.553999999999997,,,,0.0,2.0,fase_0_7,10.0,2,-2.0,False,True
679,1,2012.0,2020,Pública,Agata,6.138366667,,,3.0,Avaliador-19,,Avaliador-4,,Avaliador-2,,,,7.5,7.5,5.02,,3.6,2.0,5.2,,,7.393333333,5.0,,,,2023,6.875,,,,1.0,2.0,fase_0_7,11.0,3,-1.0,False,True
68,1,2006.0,2019,Escola Pública,Ágata,6.438,40.0,2.0,4.0,Avaliador-6,Promovido de Fase,Avaliador-27,Mantido na Fase atual,Avaliador-28,Promovido de Fase,Avaliador-31,Promovido de Fase + Bolsa,8.3,6.0,7.5,Não atendido,4.0,4.7,4.8,2.7,Sim,7.944,5.0,Melhorar: Melhorar a sua entrega de lições de casa.,Melhorar: Empenhar-se mais nas aulas e avaliações.,Destaque: A sua boa integração aos Princípios Passos Mágicos.,2022,7.691999999999997,,,,5.0,6.0,fase_0_7,16.0,3,-1.0,False,True
680,0,2012.0,2019,Escola Pública,Ametista,7.518,85.0,4.0,2.0,Avaliador-13,Mantido na Fase atual,Avaliador-3,Mantido na Fase atual,,Não avaliado,,,9.5,8.8,7.5,Não atendido,7.4,8.0,6.8,,Não,7.75,5.0,Destaque: A sua boa entrega das lições de casa.,Melhorar: Empenhar-se mais nas aulas e avaliações.,Destaque: A sua boa integração aos Princípios Passos Mágicos.,2022,5.279999999999996,,,,0.0,2.0,fase_0_7,10.0,3,-2.0,False,True
680,0,2012.0,2019,Pública,Agata,6.5855,,,3.0,Avaliador-15,,Avaliador-4,,Avaliador-3,,,,0.0,9.1,7.52,,6.4,5.2,7.5,,,7.78,5.0,,,,2023,6.875,,,,1.0,2.0,fase_0_7,11.0,4,-1.0,False,True
680,0,2012.0,2021,Pública,Quartzo,4.9800714287000005,,,3.0,Avaliador-19,,Avaliador-5,,Avaliador-2,,,,0.0,6.6428571430000005,5.635,,3.0,2.5,3.5,,,6.606666667,5.0,,,,2024,6.666666667,,,EE Leonice de Aquino Oliveira,2.0,3.0,fase_0_7,12.0,3,-1.0,False,True
681,1,2012.0,2022,Escola Pública,Ametista,7.204,128.0,5.0,2.0,Avaliador-13,Mantido na Fase atual,Avaliador-3,Mantido na Fase atual,,Não avaliado,,,8.5,8.5,6.9,Requer avaliação,6.5,6.5,6.5,,Não,8.0,5.0,Destaque: A sua boa entrega das lições de casa.,Melhorar: Empenhar-se mais nas aulas e avaliações.,Destaque: A sua boa integração aos Princípios Passos Mágicos.,2022,5.639999999999992,,,,0.0,2.0,fase_0_7,10.0,0,-2.0,False,True
681,1,2012.0,2022,Pública,Agata,6.2955,,,2.0,Avaliador-13,,Avaliador-3,,,,,,0.0,7.8,3.77,,8.3,8.8,7.8,,,8.18,5.0,,,,2023,5.625,,,,0.0,2.0,fase_0_7,11.0,1,-2.0,False,True
681,1,2012.0,2022,Privada,Agata,6.0398818182000005,,,2.0,Avaliador-3,,Avaliador-15,,,,,,9.502,7.840909091,6.26,,2.5,5.0,0.0,,,6.665,5.0,,,,2024,5.625,,,João Friaza Colégio,1.0,2.0,fase_0_7,12.0,2,-1.0,False,True
682,1,2011.0,2022,Escola Pública,Ametista,7.625,74.0,3.0,2.0,Avaliador-13,Mantido na Fase atual,Avaliador-3,Mantido na Fase atual,,Não avaliado,,,9.5,9.1,7.5,Não atendido,7.0,7.0,7.0,,Não,8.083,5.0,Destaque: A sua boa entrega das lições de casa.,Melhorar: Empenhar-se mais nas aulas e avaliações.,Destaque: A sua boa integração aos Princípios Passos Mágicos.,2022,5.884,,,,0.0,2.0,fase_0_7,11.0,0,-2.0,False,True
683,1,2012.0,2022,Escola Pública,Ágata,6.011,180.0,3.0,2.0,Avaliador-11,Mantido na Fase atual,Avaliador-3,Mantido na Fase atual,,Não avaliado,,,7.9,5.0,7.5,Não atendido,4.0,8.0,0.0,,Não,8.083,5.0,Melhorar: Melhorar a sua entrega de lições de casa.,Melhorar: Empenhar-se mais nas aulas e avaliações.,Destaque: A sua boa integração aos Princípios Passos Mágicos.,2022,5.544000000000002,,,,0.0,2.0,fase_0_7,10.0,0,-2.0,False,True
684,1,2015.0,2022,Escola Pública,Topázio,8.26,19.0,1.0,2.0,Avaliador-11,Mantido na Fase atual,Avaliador-3,Mantido na Fase atual,,Não avaliado,,,9.5,7.5,8.1,Não atendido,9.3,9.0,9.6,,Não,7.917,10.0,Melhorar: Melhorar a sua entrega de lições de casa.,Destaque: As suas boas notas na Passos Mágicos.,Destaque: A sua boa integração aos Princípios Passos Mágicos.,2022,5.5659999999999865,,,,0.0,0.0,fase_0_7,7.0,0,0.0,False,False
684,1,2015.0,2022,Privada,Ametista,7.4277,,,2.0,Avaliador-13,,Avaliador-3,,,,,,9.0,8.1,7.52,,6.5,8.3,4.7,,,5.84,10.0,,,,2023,6.875,,,,0.0,0.0,fase_0_7,8.0,1,0.0,False,False
684,1,2015.0,2022,Privada,Ametista,7.769381818200001,,,2.0,Avaliador-3,,Avaliador-15,,,,,,10.002,9.090909091,7.51,,4.25,2.5,6.0,,,8.0,10.0,,,,2024,7.5,,,Recanto Betânia Centro Educacional,1.0,1.0,fase_0_7,9.0,2,0.0,False,False
685,1,2013.0,2022,Escola Pública,Ágata,6.864,152.0,2.0,2.0,Avaliador-11,Mantido na Fase atual,Avaliador-3,Mantido na Fase atual,,Não avaliado,,,9.0,6.2,5.0,Não indicado,8.0,8.0,8.0,,Não,7.833,5.0,Melhorar: Melhorar a sua entrega de lições de casa.,Destaque: As suas boas notas na Passos Mágicos.,Destaque: A sua boa integração aos Princípios Passos Mágicos.,2022,5.5739999999999945,,,,0.0,1.0,fase_0_7,9.0,0,-1.0,False,True
686,0,2013.0,2022,Escola Pública,Ametista,7.729,62.0,5.0,2.0,Avaliador-13,Promovido de Fase,Avaliador-3,Promovido de Fase,,Não avaliado,,,7.5,8.6,8.1,Sem limitações,8.8,9.2,8.5,,Não,8.083,5.0,Destaque: A sua boa entrega das lições de casa.,Destaque: As suas boas notas na Passos Mágicos.,Destaque: A sua boa integração aos Princípios Passos Mágicos.,2022,5.723999999999991,,,,0.0,1.0,fase_0_7,9.0,0,-1.0,False,True
686,0,2013.0,2022,Pública,Ametista,7.9642,,,3.0,Avaliador-19,,Avaliador-4,,Avaliador-3,,,,8.5,9.0,7.52,,8.0,7.3,8.7,,,8.56,5.0,,,,2023,7.5,,,,1.0,2.0,fase_0_7,10.0,1,-1.0,False,True
686,0,2013.0,2022,Pública,Topázio,8.040259523700001,,,3.0,Avaliador-19,,Avaliador-5,,Avaliador-2,,,,8.002,8.7857142855,6.885,,7.25,5.0,9.5,,,7.503333333,10.0,,,,2024,8.4375,,,EE Joaquim Mendes Feliz,2.0,2.0,fase_0_7,11.0,2,0.0,False,False
687,1,2013.0,2022,Escola Pública,Ametista,7.703,63.0,6.0,2.0,Avaliador-13,Promovido de Fase,Avaliador-3,Promovido de Fase,,Não avaliado,,,8.5,9.0,8.1,Sem limitações,8.3,9.0,7.5,,Não,8.0,5.0,Destaque: A sua boa entrega das lições de casa.,Destaque: As suas boas notas na Passos Mágicos.,Destaque: A sua boa integração aos Princípios Passos Mágicos.,2022,4.8299999999999965,,,,0.0,1.0,fase_0_7,9.0,0,-1.0,False,True
687,1,2013.0,2022,Pública,Ametista,7.617533333,,,3.0,Avaliador-19,,Avaliador-4,,Avaliador-3,,,,8.0,9.0,7.52,,6.9,6.7,7.0,,,8.226666667,5.0,,,,2023,7.5,,,,1.0,2.0,fase_0_7,10.0,1,-1.0,False,True
687,1,2013.0,2022,Pública,Topázio,8.2739844611,,,3.0,Avaliador-20,,Avaliador-19,,Avaliador-2,,,,7.502,9.2355889725,7.51,,7.25,6.5,8.0,,,8.003333333,10.0,,,,2024,8.75,,,EE Paschoal Carlos Magno,2.0,2.0,fase_0_7,11.0,2,0.0,False,False
688,1,2013.0,2022,Escola Pública,Ametista,7.771,56.0,4.0,2.0,Avaliador-13,Mantido na Fase atual,Avaliador-3,Mantido na Fase atual,,Não avaliado,,,8.5,9.7,7.5,Sem limitações,7.9,8.0,7.8,,Não,7.917,5.0,Destaque: A sua boa entrega das lições de casa.,Destaque: As suas boas notas na Passos Mágicos.,Destaque: A sua boa integração aos Princípios Passos Mágicos.,2022,5.6760000000000055,,,,0.0,1.0,fase_0_7,9.0,0,-1.0,False,True
688,1,2013.0,2022,Pública,Topázio,8.0442,,,3.0,Avaliador-19,,Avaliador-4,,Avaliador-3,,,,8.5,9.3,7.52,,8.6,8.2,9.0,,,8.06,5.0,,,,2023,7.5,,,,1.0,2.0,fase_0_7,10.0,1,-1.0,False,True
688,1,2013.0,2022,Pública,Topázio,8.986533333300002,,,3.0,Avaliador-19,,Avaliador-5,,Avaliador-2,,,,9.502,10.0,8.13,,7.5,6.0,9.0,,,9.45,10.0,,,,2024,8.333333333,,,EE Dom Pedro Villas Boas de Souza,2.0,2.0,fase_0_7,11.0,2,0.0,True,False
689,0,2013.0,2022,Escola Pública,Ágata,6.433,172.0,9.0,2.0,Avaliador-13,Mantido na Fase atual,Avaliador-3,Mantido na Fase atual,,Não avaliado,,,7.4,7.9,5.6,Requer avaliação,5.8,6.0,5.5,,Não,6.667,5.0,Destaque: A sua boa entrega das lições de casa.,Melhorar: Empenhar-se mais nas aulas e avaliações.,Melhorar: Integrar-se mais aos Princípios Passos Mágicos.,2022,5.5959999999999965,,,,0.0,1.0,fase_0_7,9.0,0,-1.0,False,True
69,1,2006.0,2018,Escola Pública,Quartzo,5.718,47.0,3.0,4.0,Avaliador-6,Promovido de Fase,Avaliador-27,Mantido na Fase atual,Avaliador-28,Alocado em Fase anterior,Avaliador-31,Alocado em Fase anterior,8.3,6.1,7.5,Sem limitações,2.5,4.7,2.6,0.3,Não,6.167,5.0,Melhorar: Melhorar a sua entrega de lições de casa.,Melhorar: Empenhar-se mais nas aulas e avaliações.,Melhorar: Integrar-se mais aos Princípios Passos Mágicos.,2022,6.8459999999999965,,,,5.0,6.0,fase_0_7,16.0,4,-1.0,False,True
690,0,2013.0,2022,Escola Pública,Ametista,7.541,83.0,8.0,2.0,Avaliador-13,Mantido na Fase atual,Avaliador-3,Mantido na Fase atual,,Não avaliado,,,9.5,9.5,7.5,Requer avaliação,7.0,7.2,6.8,,Não,7.417,5.0,Destaque: A sua boa entrega das lições de casa.,Melhorar: Empenhar-se mais nas aulas e avaliações.,Melhorar: Integrar-se mais aos Princípios Passos Mágicos.,2022,5.576000000000008,,,,0.0,1.0,fase_0_7,9.0,0,-1.0,False,True
690,0,2013.0,2022,Pública,Topázio,8.6112,,,2.0,Avaliador-13,,Avaliador-3,,,,,,9.0,9.8,6.89,,9.1,9.3,8.8,,,10.01,5.0,,,,2023,7.5,,,,0.0,2.0,fase_0_7,10.0,1,-2.0,True,True
690,0,2013.0,2022,Pública,Ametista,7.3853681818,,,2.0,Avaliador-15,,Avaliador-2,,,,,,7.918,8.409090909,7.51,,6.25,7.5,5.0,,,7.835,5.0,,,,2024,8.4375,,,EE Dom Pedro Villas Boas de Souza,1.0,2.0,fase_0_7,11.0,2,-1.0,False,True
691,0,2014.0,2022,Escola Pública,Topázio,8.68,1.0,1.0,2.0,Avaliador-13,Mantido na Fase atual,Avaliador-3,Mantido na Fase atual,,Não avaliado,,,10.0,9.2,8.1,Sem limitações,9.4,9.6,9.3,,Não,7.917,10.0,Destaque: A sua boa entrega das lições de casa.,Destaque: As suas boas notas na Passos Mágicos.,Destaque: A sua boa integração aos Princípios Passos Mágicos.,2022,5.666000000000011,,,,0.0,0.0,fase_0_7,8.0,0,0.0,False,False
692,0,2013.0,2021,Escola Pública,Ametista,7.569,80.0,7.0,2.0,Avaliador-13,Promovido de Fase,Avaliador-3,Promovido de Fase,,Não avaliado,,,9.5,8.9,8.1,Sem limitações,6.9,7.0,6.8,,Não,7.917,5.0,Destaque: A sua boa entrega das lições de casa.,Melhorar: Empenhar-se mais nas aulas e avaliações.,Destaque: A sua boa integração aos Princípios Passos Mágicos.,2022,5.655999999999999,,,,0.0,1.0,fase_0_7,9.0,1,-1.0,False,True
692,0,2013.0,2021,Privada,Agata,6.588466667,,,3.0,Avaliador-19,,Avaliador-4,,Avaliador-3,,,,7.4,7.7,7.52,,4.6,2.8,6.3,,,7.39,5.0,,,,2023,6.666666667,,,,1.0,2.0,fase_0_7,10.0,2,-1.0,False,True
693,0,2015.0,2022,Escola Pública,Ametista,7.944,43.0,3.0,2.0,Avaliador-13,Mantido na Fase atual,Avaliador-3,Mantido na Fase atual,,Não avaliado,,,9.5,9.8,8.1,Sem limitações,5.7,5.0,6.3,,Não,7.667,10.0,Destaque: A sua boa entrega das lições de casa.,Melhorar: Empenhar-se mais nas aulas e avaliações.,Destaque: A sua boa integração aos Princípios Passos Mágicos.,2022,5.505999999999984,,,,0.0,0.0,fase_0_7,7.0,0,0.0,False,False
693,0,2015.0,2022,Pública,Topázio,9.0112,,,2.0,Avaliador-13,,Avaliador-3,,,,,,10.0,9.4,6.89,,8.5,8.2,8.7,,,10.01,10.0,,,,2023,7.5,,,,0.0,0.0,fase_0_7,8.0,1,0.0,True,False
693,0,2015.0,2022,Pública,Topázio,8.9079954545,,,2.0,Avaliador-3,,Avaliador-15,,,,,,10.002,9.5227272725,9.38,,8.0,8.0,8.0,,,8.42,10.0,,,,2024,7.8125,,,EE Dom Pedro Villas Boas de Souza,1.0,1.0,fase_0_7,9.0,2,0.0,True,False
694,1,2014.0,2022,Escola Pública,Topázio,8.378,11.0,2.0,2.0,Avaliador-13,Mantido na Fase atual,Avaliador-3,Mantido na Fase atual,,Não avaliado,,,10.0,9.0,8.1,Sem limitações,8.1,8.2,8.0,,Não,7.917,10.0,Destaque: A sua boa entrega das lições de casa.,Destaque: As suas boas notas na Passos Mágicos.,Destaque: A sua boa integração aos Princípios Passos Mágicos.,2022,5.645999999999996,,,,0.0,0.0,fase_0_7,8.0,0,0.0,False,False
695,0,2014.0,2021,Escola Pública,Quartzo,4.28,189.0,5.0,2.0,Avaliador-13,Não avaliado,Avaliador-2,Não avaliado,,Não avaliado,,,9.0,3.1,7.5,Sem limitações,2.5,2.2,2.8,,Não,2.5,10.0,Melhorar: Melhorar a sua entrega de lições de casa.,Melhorar: Empenhar-se mais nas aulas e avaliações.,Melhorar: Integrar-se mais aos Princípios Passos Mágicos.,2022,0.1000000000000067,,,,0.0,0.0,fase_0_7,8.0,1,0.0,False,False
696,0,2013.0,2021,Escola Pública,Ametista,7.441,98.0,2.0,2.0,Avaliador-13,Promovido de Fase,Avaliador-2,Promovido de Fase,,Não avaliado,,,8.5,9.0,7.5,Sem limitações,6.6,6.5,6.7,,Não,8.167,5.0,Destaque: A sua boa entrega das lições de casa.,Melhorar: Empenhar-se mais nas aulas e avaliações.,Destaque: A sua boa integração aos Princípios Passos Mágicos.,2022,5.875999999999992,,,,0.0,1.0,fase_0_7,9.0,1,-1.0,False,True
696,0,2013.0,2021,Pública,Ametista,7.172666667,,,3.0,Avaliador-19,,Avaliador-4,,Avaliador-3,,,,0.0,9.4,5.02,,6.7,5.2,8.2,,,8.503333333,10.0,,,,2023,7.5,,,,1.0,1.0,fase_0_7,10.0,2,0.0,False,False
696,0,2013.0,2021,Pública,Ametista,7.482680952299999,,,3.0,Avaliador-19,,Avaliador-5,,Avaliador-2,,,,7.418,7.845238095,7.51,,5.25,5.0,5.5,,,8.0,10.0,,,,2024,7.708333333,,,EE Dom Pedro Villas Boas de Souza,2.0,2.0,fase_0_7,11.0,3,0.0,False,False
697,1,2011.0,2021,Escola Pública,Ametista,7.675,67.0,1.0,2.0,Avaliador-13,Promovido de Fase,Avaliador-2,Promovido de Fase,,Não avaliado,,,7.0,9.3,7.5,Sem limitações,8.4,8.8,8.0,,Não,8.083,5.0,Destaque: A sua boa entrega das lições de casa.,Destaque: As suas boas notas na Passos Mágicos.,Destaque: A sua boa integração aos Princípios Passos Mágicos.,2022,5.683999999999987,,,,0.0,2.0,fase_0_7,11.0,1,-2.0,False,True
698,1,2013.0,2021,Escola Pública,Ametista,7.44,99.0,3.0,2.0,Avaliador-13,Promovido de Fase,Avaliador-2,Promovido de Fase,,Não avaliado,,,9.0,9.8,2.5,Requer avaliação,8.1,8.0,8.2,,Não,8.083,5.0,Destaque: A sua boa entrega das lições de casa.,Destaque: As suas boas notas na Passos Mágicos.,Destaque: A sua boa integração aos Princípios Passos Mágicos.,2022,5.933999999999999,,,,0.0,1.0,fase_0_7,9.0,1,-1.0,False,True
698,1,2013.0,2021,Pública,Ametista,7.553616667,,,3.0,Avaliador-15,,Avaliador-4,,Avaliador-3,,,,8.5,9.9,2.52,,5.7,4.3,7.0,,,8.113333333,10.0,,,,2023,7.1875,,,,1.0,1.0,fase_0_7,10.0,2,0.0,False,False
698,1,2013.0,2021,Pública,Ametista,7.3363190476,,,3.0,Avaliador-19,,Avaliador-5,,Avaliador-2,,,,9.002,8.3214285715,6.88,,4.5,3.0,6.0,,,7.273333333,10.0,,,,2024,7.291666667,,,EE Dom Pedro Villas Boas de Souza,2.0,2.0,fase_0_7,11.0,3,0.0,False,False
699,1,2013.0,2022,Escola Pública,Ágata,6.658,165.0,4.0,2.0,Avaliador-13,Promovido de Fase,Avaliador-2,Promovido de Fase,,Não avaliado,,,5.2,9.2,7.5,Sem limitações,7.1,7.5,6.7,,Não,6.0,5.0,Destaque: A sua boa entrega das lições de casa.,Melhorar: Empenhar-se mais nas aulas e avaliações.,Melhorar: Integrar-se mais aos Princípios Passos Mágicos.,2022,4.280000000000008,,,,0.0,1.0,fase_0_7,9.0,0,-1.0,False,True
699,1,2013.0,2022,Pública,Agata,6.389991667,,,3.0,Avaliador-19,,Avaliador-4,,Avaliador-3,,,,8.5,8.3,3.77,,6.0,5.7,6.2,,,6.173333333,5.0,,,,2023,5.78125,,,,1.0,2.0,fase_0_7,10.0,1,-1.0,False,True
699,1,2013.0,2022,Pública,Agata,6.427771212000001,,,3.0,Avaliador-14,,Avaliador-3,,Avaliador-15,,,,6.334,7.727272727000001,6.26,,6.5,7.0,6.0,,,5.833333333,5.0,,,,2024,6.5625,,,EE Dom Pedro Villas Boas de Souza,1.0,2.0,fase_0_7,11.0,2,-1.0,False,True
7,1,2004.0,2017,Rede Decisão,Ágata,6.818,11.0,5.0,4.0,Avaliador-5,Promovido de Fase,Avaliador-27,Promovido de Fase + Bolsa,Avaliador-28,Promovido de Fase + Bolsa,Avaliador-31,Mantido na Fase atual,0.0,8.4,7.5,Sem limitações,7.6,8.2,5.7,9.0,Não,7.667,5.0,Destaque: A sua boa entrega das lições de casa.,Destaque: As suas boas notas na Passos Mágicos.,Destaque: A sua boa integração aos Princípios Passos Mágicos.,2022,8.345999999999991,,,,7.0,8.0,fase_0_7,18.0,5,-1.0,False,True
7,1,2004.0,2017,Privada *Parcerias com Bolsa 100%,,,,,,,,,,,,,,,,,,,,,,,,10.0,,,,2023,,,,,8.0,8.0,fase_8,19.0,6,0.0,False,False
7,1,2004.0,2021,Privada *Parcerias com Bolsa 100%,,,,,0.0,,,,,,,,,,,,,,,,,,,10.0,,,,2024,,,,Universidade Santo Amaro (UNISA),8.0,8.0,fase_8,20.0,3,0.0,False,False
70,0,2006.0,2017,Escola Pública,Quartzo,5.712,48.0,4.0,4.0,Avaliador-6,Promovido de Fase,Avaliador-27,Mantido na Fase atual,Avaliador-28,Mantido na Fase atual,Avaliador-31,Promovido de Fase,8.8,6.6,5.0,Sem limitações,2.9,5.7,2.9,0.2,Não,6.111,5.0,Melhorar: Melhorar a sua entrega de lições de casa.,Melhorar: Empenhar-se mais nas aulas e avaliações.,Melhorar: Integrar-se mais aos Princípios Passos Mágicos.,2022,7.097999999999995,,,,5.0,6.0,fase_0_7,16.0,5,-1.0,False,True
70,0,2006.0,2017,Pública,Agata,6.869133333,,,4.0,Avaliador-32,,Avaliador-5,,Avaliador-23,,Avaliador-8,,9.2,9.2,5.0,,4.3,3.0,3.5,6.3,,7.545,5.0,,,,2023,7.5,,,,5.0,7.0,fase_0_7,17.0,6,-2.0,False,True
700,0,2013.0,2022,Escola Pública,Ametista,7.738,60.0,2.0,2.0,Avaliador-11,Promovido de Fase,Avaliador-3,Mantido na Fase atual,,Não avaliado,,,9.0,8.7,7.5,Não atendido,9.2,9.2,9.2,,Não,7.083,5.0,Destaque: A sua boa entrega das lições de casa.,Destaque: As suas boas notas na Passos Mágicos.,Melhorar: Integrar-se mais aos Princípios Passos Mágicos.,2022,5.9140000000000015,,,,0.0,1.0,fase_0_7,9.0,0,-1.0,False,True
700,0,2013.0,2022,Pública,Topázio,8.2852,,,2.0,Avaliador-13,,Avaliador-3,,,,,,9.5,9.7,7.52,,7.8,7.5,8.0,,,9.84,5.0,,,,2023,6.25,,,,0.0,1.0,fase_0_7,10.0,1,-1.0,True,True
700,0,2013.0,2022,Pública,Ametista,7.005745454500001,,,3.0,Avaliador-16,,Avaliador-3,,Avaliador-15,,,,8.502,9.564393939,5.635,,5.25,5.0,5.5,,,7.0,5.0,,,,2024,7.291666667,,,EM Maria Ignez Concelles Irma Ines,1.0,2.0,fase_0_7,11.0,2,-1.0,False,True
701,1,2012.0,2021,Escola Pública,Ametista,7.755,57.0,1.0,2.0,Avaliador-11,Promovido de Fase,Avaliador-3,Mantido na Fase atual,,Não avaliado,,,9.0,9.3,7.5,Não indicado,8.7,8.7,8.7,,Não,7.417,5.0,Destaque: A sua boa entrega das lições de casa.,Destaque: As suas boas notas na Passos Mágicos.,Melhorar: Integrar-se mais aos Princípios Passos Mágicos.,2022,5.215999999999985,,,,0.0,2.0,fase_0_7,10.0,1,-2.0,False,True
701,1,2012.0,2021,Pública,Ametista,7.3982,,,2.0,Avaliador-13,,Avaliador-3,,,,,,9.5,9.9,3.77,,7.2,7.3,7.0,,,7.68,5.0,,,,2023,6.25,,,,0.0,2.0,fase_0_7,11.0,2,-2.0,False,True
702,0,2014.0,2022,Escola Pública,Ametista,7.387,110.0,5.0,2.0,Avaliador-11,Mantido na Fase atual,Avaliador-3,Mantido na Fase atual,,Não avaliado,,,10.0,8.6,5.0,Não indicado,6.8,7.0,6.7,,Não,7.0,10.0,Destaque: A sua boa entrega das lições de casa.,Melhorar: Empenhar-se mais nas aulas e avaliações.,Melhorar: Integrar-se mais aos Princípios Passos Mágicos.,2022,4.069999999999991,,,,0.0,0.0,fase_0_7,8.0,0,0.0,False,False
702,0,2014.0,2022,Pública,Topázio,8.239866667,,,2.0,Avaliador-11,,Avaliador-2,,,,,,10.0,10.0,5.63,,9.3,9.3,9.3,,,7.833333333,5.0,,,,2023,7.5,,,,0.0,1.0,fase_0_7,9.0,1,-1.0,False,True
702,0,2014.0,2022,Pública,Ametista,7.665116666600001,,,3.0,Avaliador-3,,Avaliador-13,,Avaliador-9,,,,9.002,9.75,2.51,,9.25,10.0,8.5,,,7.163333333,5.0,,,,2024,7.8125,,,EM Maria Ignez Concelles Irma Ines,0.0,2.0,fase_0_7,10.0,2,-2.0,False,True
703,1,2012.0,2021,Escola Pública,Ágata,6.099,177.0,9.0,2.0,Avaliador-11,Mantido na Fase atual,Avaliador-3,Mantido na Fase atual,,Não avaliado,,,7.5,7.4,5.0,Não indicado,5.1,5.3,4.8,,Não,6.833,5.0,Melhorar: Melhorar a sua entrega de lições de casa.,Melhorar: Empenhar-se mais nas aulas e avaliações.,Melhorar: Integrar-se mais aos Princípios Passos Mágicos.,2022,4.824000000000002,,,,0.0,2.0,fase_0_7,10.0,1,-2.0,False,True
703,1,2012.0,2021,Pública,Agata,6.2737,,,2.0,Avaliador-13,,Avaliador-3,,,,,,9.5,8.4,3.14,,4.6,4.8,4.3,,,6.16,5.0,,,,2023,6.875,,,,0.0,2.0,fase_0_7,11.0,2,-2.0,False,True
704,1,2012.0,2022,Escola Pública,Ágata,6.741,160.0,7.0,2.0,Avaliador-11,Mantido na Fase atual,Avaliador-3,Mantido na Fase atual,,Não avaliado,,,9.0,8.6,5.0,Não atendido,7.2,7.7,6.6,,Não,6.583,5.0,Destaque: A sua boa entrega das lições de casa.,Melhorar: Empenhar-se mais nas aulas e avaliações.,Melhorar: Integrar-se mais aos Princípios Passos Mágicos.,2022,3.6439999999999895,,,,0.0,2.0,fase_0_7,10.0,0,-2.0,False,True
704,1,2012.0,2022,Pública,Agata,6.8297,,,2.0,Avaliador-13,,Avaliador-3,,,,,,10.0,9.9,3.14,,6.1,6.5,5.7,,,6.265,5.0,,,,2023,5.625,,,,0.0,2.0,fase_0_7,11.0,1,-2.0,False,True
704,1,2012.0,2022,Pública,Agata,6.8121156785000005,,,3.0,Avaliador-3,,Avaliador-16,,Avaliador-15,,,,7.502,8.646245059,5.635,,6.5,6.0,7.0,,,6.616666667,5.0,,,,2024,6.458333333,,,EE João Ortiz Rodrigues,1.0,2.0,fase_0_7,12.0,2,-1.0,False,True
705,1,2012.0,2022,Escola Pública,Ágata,6.634,168.0,8.0,2.0,Avaliador-11,Mantido na Fase atual,Avaliador-3,Mantido na Fase atual,,Não avaliado,,,9.5,6.2,7.5,Não atendido,7.1,7.0,7.2,,Não,6.333,5.0,Melhorar: Melhorar a sua entrega de lições de casa.,Melhorar: Empenhar-se mais nas aulas e avaliações.,Melhorar: Integrar-se mais aos Princípios Passos Mágicos.,2022,5.073999999999996,,,,0.0,2.0,fase_0_7,10.0,0,-2.0,False,True
705,1,2012.0,2022,Pública,Agata,6.982,,,2.0,Avaliador-11,,Avaliador-2,,,,,,0.0,8.3,6.89,,8.8,8.9,8.6,,,8.165,5.0,,,,2023,7.5,,,,0.0,2.0,fase_0_7,11.0,1,-2.0,False,True
705,1,2012.0,2022,Pública,Quartzo,5.294247619100001,,,3.0,Avaliador-3,,Avaliador-16,,Avaliador-15,,,,9.002,6.4285714285,5.005,,3.5,2.0,5.0,,,4.226666667,5.0,,,,2024,5.625,,,EE João Ortiz Rodrigues,1.0,2.0,fase_0_7,12.0,2,-1.0,False,True
706,0,2012.0,2021,Escola Pública,Ametista,7.659,69.0,4.0,2.0,Avaliador-11,Promovido de Fase,Avaliador-3,Mantido na Fase atual,,Não avaliado,,,9.5,6.7,7.5,Não atendido,9.1,9.1,9.1,,Não,8.417,5.0,Melhorar: Melhorar a sua entrega de lições de casa.,Destaque: As suas boas notas na Passos Mágicos.,Destaque: A sua boa integração aos Princípios Passos Mágicos.,2022,6.155999999999997,,,,0.0,2.0,fase_0_7,10.0,1,-2.0,True,True
706,0,2012.0,2021,Pública,Ametista,7.1527,,,2.0,Avaliador-13,,Avaliador-3,,,,,,9.0,7.8,4.39,,7.3,6.7,7.8,,,8.08,5.0,,,,2023,6.875,,,,0.0,2.0,fase_0_7,11.0,2,-2.0,False,True
706,0,2012.0,2021,Pública,Quartzo,5.8701964286,,,4.0,Avaliador-19,,Avaliador-16,,Avaliador-25,,Avaliador-2,,0.0,7.1428571430000005,6.26,,3.25,3.0,3.5,,,7.0,10.0,,,,2024,7.65625,,,EE João Ortiz Rodrigues,2.0,2.0,fase_0_7,12.0,3,0.0,False,False
707,0,2012.0,2020,Escola Pública,Ametista,7.679,64.0,3.0,2.0,Avaliador-11,Promovido de Fase,Avaliador-3,Mantido na Fase atual,,Não avaliado,,,10.0,8.1,6.9,Não atendido,8.5,8.8,8.2,,Não,8.083,5.0,Destaque: A sua boa entrega das lições de casa.,Destaque: As suas boas notas na Passos Mágicos.,Destaque: A sua boa integração aos Princípios Passos Mágicos.,2022,5.523999999999996,,,,0.0,2.0,fase_0_7,10.0,2,-2.0,False,True
707,0,2012.0,2020,Pública,Agata,6.518,,,3.0,Avaliador-15,,Avaliador-4,,Avaliador-3,,,,0.0,9.8,3.77,,6.5,5.5,7.5,,,7.946666667,5.0,,,,2023,7.916666667,,,,1.0,2.0,fase_0_7,11.0,3,-1.0,False,True
707,0,2012.0,2021,Pública,Agata,6.4975618421000005,,,4.0,Avaliador-19,,Avaliador-16,,Avaliador-25,,Avaliador-2,,7.917,7.7236842105,4.375,,6.5,7.0,6.0,,,6.415,5.0,,,,2024,6.40625,,,EE João Ortiz Rodrigues,2.0,3.0,fase_0_7,12.0,3,-1.0,False,True
708,1,2013.0,2022,Escola Pública,Ametista,7.282,117.0,6.0,2.0,Avaliador-11,Promovido de Fase,Avaliador-3,Mantido na Fase atual,,Não avaliado,,,8.0,8.4,7.5,Não atendido,7.3,7.1,7.6,,Não,7.583,5.0,Destaque: A sua boa entrega das lições de casa.,Melhorar: Empenhar-se mais nas aulas e avaliações.,Destaque: A sua boa integração aos Princípios Passos Mágicos.,2022,5.7539999999999925,,,,0.0,1.0,fase_0_7,9.0,0,-1.0,False,True
708,1,2013.0,2022,Pública,Ametista,7.5105,,,2.0,Avaliador-11,,Avaliador-2,,,,,,0.0,9.8,7.52,,9.2,8.8,9.5,,,8.28,5.0,,,,2023,8.125,,,,0.0,1.0,fase_0_7,10.0,1,-1.0,False,True
709,0,2012.0,2022,Escola Pública,Quartzo,5.313,186.0,10.0,2.0,Avaliador-11,Mantido na Fase atual,Avaliador-3,Mantido na Fase atual,,Não avaliado,,,9.5,3.5,7.5,Não atendido,2.3,2.3,2.3,,Não,7.083,5.0,Melhorar: Melhorar a sua entrega de lições de casa.,Melhorar: Empenhar-se mais nas aulas e avaliações.,Melhorar: Integrar-se mais aos Princípios Passos Mágicos.,2022,5.363999999999995,,,,0.0,2.0,fase_0_7,10.0,0,-2.0,False,True
709,0,2012.0,2022,Pública,Agata,6.6927,,,2.0,Avaliador-13,,Avaliador-3,,,,,,10.0,7.9,7.52,,4.9,5.5,4.3,,,6.59,5.0,,,,2023,5.625,,,,0.0,2.0,fase_0_7,11.0,1,-2.0,False,True
709,0,2012.0,2022,Pública,Agata,6.833780895800001,,,3.0,Avaliador-3,,Avaliador-16,,Avaliador-15,,,,7.418,7.994071146,7.51,,6.0,6.0,6.0,,,6.773333333,5.0,,,,2024,6.875,,,EE João Ortiz Rodrigues,1.0,2.0,fase_0_7,12.0,2,-1.0,False,True
71,0,2005.0,2019,Escola Pública,Quartzo,4.332,58.0,8.0,4.0,Avaliador-6,Promovido de Fase,Avaliador-27,Mantido na Fase atual,Avaliador-28,Mantido na Fase atual,Avaliador-31,Alocado em Fase anterior,7.9,2.0,7.5,Não atendido,1.2,1.3,2.2,0.0,Não,5.833,5.0,Melhorar: Melhorar a sua entrega de lições de casa.,Melhorar: Empenhar-se mais nas aulas e avaliações.,Melhorar: Integrar-se mais aos Princípios Passos Mágicos.,2022,4.853999999999994,,,,5.0,7.0,fase_0_7,17.0,3,-2.0,False,True
71,0,2005.0,2019,Pública,Ametista,7.3651,,,4.0,Avaliador-24,,Avaliador-7,,Avaliador-23,,Avaliador-8,,6.7,9.8,6.26,,6.6,7.3,5.5,7.0,,7.7125,5.0,,,,2023,7.5,,,,6.0,8.0,fase_0_7,18.0,4,-2.0,False,True
710,1,2012.0,2020,Escola Pública,Ametista,7.285,116.0,5.0,2.0,Avaliador-13,Mantido na Fase atual,Avaliador-3,Mantido na Fase atual,,Não avaliado,,,9.5,8.9,5.0,Não atendido,6.9,7.0,6.8,,Não,8.0,5.0,Destaque: A sua boa entrega das lições de casa.,Melhorar: Empenhar-se mais nas aulas e avaliações.,Destaque: A sua boa integração aos Princípios Passos Mágicos.,2022,5.749999999999993,,,,0.0,2.0,fase_0_7,10.0,2,-2.0,False,True
710,1,2012.0,2020,Pública,Ametista,7.0582,,,3.0,Avaliador-19,,Avaliador-4,,Avaliador-2,,,,9.5,9.0,3.77,,6.5,5.7,7.3,,,7.113333333,5.0,,,,2023,7.083333333,,,,1.0,2.0,fase_0_7,11.0,3,-1.0,False,True
710,1,2012.0,2021,Pública,Ametista,7.0366241342,,,4.0,Avaliador-19,,Avaliador-16,,Avaliador-25,,Avaliador-2,,9.168,8.170995671,5.625,,6.75,8.0,5.5,,,6.5375,5.0,,,,2024,7.65625,,,EE João Ortiz Rodrigues,2.0,3.0,fase_0_7,12.0,3,-1.0,False,True
711,1,2013.0,2022,Escola Pública,Ágata,6.04,178.0,11.0,2.0,Avaliador-13,Mantido na Fase atual,Avaliador-3,Mantido na Fase atual,,Não avaliado,,,9.0,7.9,6.3,Não atendido,3.5,4.0,3.0,,Não,6.0,5.0,Destaque: A sua boa entrega das lições de casa.,Melhorar: Empenhar-se mais nas aulas e avaliações.,Melhorar: Integrar-se mais aos Princípios Passos Mágicos.,2022,5.299999999999994,,,,0.0,1.0,fase_0_7,9.0,0,-1.0,False,True
712,1,2011.0,2019,Escola Pública,Ágata,6.026,179.0,12.0,2.0,Avaliador-13,Promovido de Fase,Avaliador-3,Mantido na Fase atual,,Não avaliado,,,8.0,5.1,5.0,Não indicado,8.0,8.7,7.3,,Não,5.833,5.0,Melhorar: Melhorar a sua entrega de lições de casa.,Destaque: As suas boas notas na Passos Mágicos.,Melhorar: Integrar-se mais aos Princípios Passos Mágicos.,2022,4.394,,,,0.0,2.0,fase_0_7,11.0,3,-2.0,False,True
712,1,2011.0,2019,Pública,Agata,6.331533333,,,3.0,Avaliador-19,,Avaliador-4,,Avaliador-2,,,,9.5,5.6,3.14,,6.7,5.5,7.8,,,6.836666667,5.0,,,,2023,7.5,,,,1.0,3.0,fase_0_7,12.0,4,-2.0,False,True
712,1,2011.0,2021,Pública,Agata,6.2236373706000006,,,4.0,Avaliador-19,,Avaliador-17,,Avaliador-25,,Avaliador-2,,7.502,5.983436853,5.625,,6.75,7.0,6.5,,,6.04,5.0,,,,2024,6.5625,,,EE João Ortiz Rodrigues,2.0,3.0,fase_0_7,13.0,3,-1.0,False,True
713,1,2013.0,2021,Escola Pública,Ametista,7.42,102.0,3.0,2.0,Avaliador-13,Mantido na Fase atual,Avaliador-3,Mantido na Fase atual,,Não avaliado,,,10.0,8.7,7.5,Não atendido,7.8,8.0,7.7,,Não,7.25,5.0,Destaque: A sua boa entrega das lições de casa.,Destaque: As suas boas notas na Passos Mágicos.,Melhorar: Integrar-se mais aos Princípios Passos Mágicos.,2022,4.199999999999999,,,,0.0,1.0,fase_0_7,9.0,1,-1.0,False,True
713,1,2013.0,2021,Pública,Ametista,7.408033333,,,3.0,Avaliador-15,,Avaliador-4,,Avaliador-3,,,,8.0,9.6,3.77,,7.5,6.7,8.2,,,8.166666667,5.0,,,,2023,6.875,,,,1.0,2.0,fase_0_7,10.0,2,-1.0,False,True
713,1,2013.0,2021,Pública,Ametista,7.467500983400001,,,4.0,Avaliador-19,,Avaliador-17,,Avaliador-25,,Avaliador-2,,8.002,7.525879916999999,7.51,,6.75,6.0,7.5,,,6.79,10.0,,,,2024,7.03125,,,EE João Ortiz Rodrigues,2.0,2.0,fase_0_7,11.0,3,0.0,False,False
714,1,2011.0,2019,Escola Pública,Ágata,6.953,144.0,6.0,2.0,Avaliador-13,Promovido de Fase,Avaliador-3,Promovido de Fase,,Não avaliado,,,9.0,6.9,5.6,Não indicado,8.0,8.5,7.5,,Não,7.25,5.0,Melhorar: Melhorar a sua entrega de lições de casa.,Destaque: As suas boas notas na Passos Mágicos.,Melhorar: Integrar-se mais aos Princípios Passos Mágicos.,2022,5.629999999999997,,,,0.0,2.0,fase_0_7,11.0,3,-2.0,False,True
714,1,2011.0,2019,Pública,Agata,6.078666667,,,3.0,Avaliador-19,,Avaliador-4,,Avaliador-2,,,,0.0,8.0,3.14,,7.4,6.7,8.0,,,7.223333333,5.0,,,,2023,7.5,,,,1.0,3.0,fase_0_7,12.0,4,-2.0,False,True
714,1,2011.0,2021,Pública,Quartzo,5.4653662008,,,4.0,Avaliador-19,,Avaliador-17,,Avaliador-25,,Avaliador-2,,0.0,6.873706004,6.255,,4.0,8.0,0.0,,,6.9975,5.0,,,,2024,7.65625,,,EE João Ortiz Rodrigues,2.0,3.0,fase_0_7,13.0,3,-1.0,False,True
715,0,2013.0,2022,Escola Pública,Ágata,6.656,166.0,9.0,2.0,Avaliador-13,Mantido na Fase atual,Avaliador-3,Mantido na Fase atual,,Não avaliado,,,8.5,8.7,4.4,Não indicado,4.9,4.8,5.0,,Não,7.917,5.0,Destaque: A sua boa entrega das lições de casa.,Melhorar: Empenhar-se mais nas aulas e avaliações.,Destaque: A sua boa integração aos Princípios Passos Mágicos.,2022,5.625999999999989,,,,0.0,1.0,fase_0_7,9.0,0,-1.0,False,True
715,0,2013.0,2022,Pública,Quartzo,5.8915,,,2.0,Avaliador-13,,Avaliador-3,,,,,,0.0,9.5,3.14,,5.4,4.5,6.3,,,7.675,5.0,,,,2023,5.625,,,,0.0,2.0,fase_0_7,10.0,1,-2.0,False,True
715,0,2013.0,2022,Pública,Quartzo,5.3098253133,,,3.0,Avaliador-19,,Avaliador-17,,Avaliador-2,,,,9.002,5.250626566499999,3.755,,2.75,2.0,3.5,,,4.67,10.0,,,,2024,5.0,,,EM Maria Ignez Concelles Irma Ines,2.0,2.0,fase_0_7,11.0,2,0.0,False,False
716,1,2013.0,2022,Escola Pública,Ágata,6.525,171.0,10.0,2.0,Avaliador-13,Mantido na Fase atual,Avaliador-3,Mantido na Fase atual,,Não avaliado,,,8.9,8.1,7.5,Não atendido,6.7,7.3,6.0,,Não,5.417,5.0,Destaque: A sua boa entrega das lições de casa.,Melhorar: Empenhar-se mais nas aulas e avaliações.,Melhorar: Integrar-se mais aos Princípios Passos Mágicos.,2022,3.4160000000000057,,,,0.0,1.0,fase_0_7,9.0,0,-1.0,False,True
716,1,2013.0,2022,Pública,Agata,6.813366667,,,3.0,Avaliador-15,,Avaliador-4,,Avaliador-3,,,,9.0,8.7,3.77,,5.6,5.0,6.2,,,7.443333333,5.0,,,,2023,6.875,,,,1.0,2.0,fase_0_7,10.0,1,-1.0,False,True
716,1,2013.0,2022,Pública,Agata,6.2372943675000005,,,4.0,Avaliador-16,,Avaliador-18,,Avaliador-15,,Avaliador-2,,9.002,5.5335968375,7.51,,5.75,5.5,6.0,,,5.7875,5.0,,,,2024,6.71875,,,EE João Ortiz Rodrigues,1.0,2.0,fase_0_7,11.0,2,-1.0,False,True
717,0,2012.0,2021,Escola Pública,Ágata,6.832,155.0,7.0,2.0,Avaliador-13,Promovido de Fase,Avaliador-3,Promovido de Fase,,Não avaliado,,,9.0,7.3,7.5,Não atendido,5.4,5.0,5.8,,Não,7.917,5.0,Melhorar: Melhorar a sua entrega de lições de casa.,Melhorar: Empenhar-se mais nas aulas e avaliações.,Destaque: A sua boa integração aos Princípios Passos Mágicos.,2022,5.586000000000002,,,,0.0,2.0,fase_0_7,10.0,1,-2.0,False,True
717,0,2012.0,2021,Pública,Agata,6.633833333,,,3.0,Avaliador-15,,Avaliador-4,,Avaliador-3,,,,0.0,8.5,7.52,,5.9,5.5,6.3,,,8.446666667,5.0,,,,2023,8.125,,,,1.0,2.0,fase_0_7,11.0,2,-1.0,False,True
718,0,2014.0,2022,Escola Pública,Topázio,8.093,33.0,1.0,2.0,Avaliador-13,Mantido na Fase atual,Avaliador-3,Mantido na Fase atual,,Não avaliado,,,8.0,8.9,6.3,Sem limitações,9.2,9.2,9.2,,Não,7.417,10.0,Destaque: A sua boa entrega das lições de casa.,Destaque: As suas boas notas na Passos Mágicos.,Melhorar: Integrar-se mais aos Princípios Passos Mágicos.,2022,5.5959999999999965,,,,0.0,0.0,fase_0_7,8.0,0,0.0,False,False
718,0,2014.0,2022,Pública,Topázio,8.166866667,,,3.0,Avaliador-15,,Avaliador-4,,Avaliador-3,,,,9.5,9.1,3.77,,7.8,6.3,9.2,,,8.39,10.0,,,,2023,7.916666667,,,,1.0,1.0,fase_0_7,9.0,1,0.0,False,False
718,0,2014.0,2022,Pública,Topázio,8.705811111100001,,,3.0,Avaliador-19,,Avaliador-17,,Avaliador-2,,,,10.002,9.5138888885,5.635,,9.5,9.0,10.0,,,7.946666667,10.0,,,,2024,7.5,,,EE Joaquim Mendes Feliz,2.0,1.0,fase_0_7,10.0,2,1.0,False,False
719,0,2012.0,2021,Escola Pública,Quartzo,5.552,185.0,13.0,2.0,Avaliador-13,Mantido na Fase atual,Avaliador-3,Mantido na Fase atual,,Não avaliado,,,9.0,4.6,7.5,Não atendido,4.2,5.0,3.3,,Não,6.083,5.0,Melhorar: Melhorar a sua entrega de lições de casa.,Melhorar: Empenhar-se mais nas aulas e avaliações.,Melhorar: Integrar-se mais aos Princípios Passos Mágicos.,2022,4.253999999999998,,,,0.0,2.0,fase_0_7,10.0,1,-2.0,False,True
719,1,2012.0,2021,Pública,Agata,6.4137,,,2.0,Avaliador-13,,Avaliador-3,,,,,,9.5,5.3,7.52,,5.9,7.0,4.7,,,7.095,5.0,,,,2023,5.625,,,,0.0,2.0,fase_0_7,11.0,2,-2.0,False,True
719,1,2012.0,2021,Pública,Ametista,7.1193969697,,,4.0,Avaliador-16,,Avaliador-18,,Avaliador-15,,Avaliador-2,,10.002,7.3484848485,7.51,,6.5,5.0,8.0,,,6.7425,5.0,,,,2024,7.5,,,EE João Ortiz Rodrigues,1.0,2.0,fase_0_7,12.0,3,-1.0,False,True
72,0,2005.0,2022,Escola Pública,Ametista,7.64,16.0,1.0,4.0,Avaliador-6,Promovido de Fase + Bolsa,Avaliador-27,Mantido na Fase atual,Avaliador-28,Promovido de Fase + Bolsa,Avaliador-31,Promovido de Fase,8.3,7.5,7.5,Não atendido,7.8,7.5,7.8,8.0,Sim,8.667,5.0,Destaque: A sua boa entrega das lições de casa.,Destaque: As suas boas notas na Passos Mágicos.,Destaque: A sua boa integração aos Princípios Passos Mágicos.,2022,7.665999999999995,,,,5.0,7.0,fase_0_7,17.0,0,-2.0,True,True
720,0,2013.0,2021,Escola Pública,Ágata,6.731,161.0,8.0,2.0,Avaliador-13,Mantido na Fase atual,Avaliador-3,Mantido na Fase atual,,Não avaliado,,,8.0,5.9,7.5,Não atendido,7.6,7.3,7.8,,Não,7.083,5.0,Melhorar: Melhorar a sua entrega de lições de casa.,Destaque: As suas boas notas na Passos Mágicos.,Melhorar: Integrar-se mais aos Princípios Passos Mágicos.,2022,5.644,,,,0.0,1.0,fase_0_7,9.0,1,-1.0,False,True
721,0,2014.0,2021,Escola Pública,Ametista,7.973,41.0,2.0,2.0,Avaliador-13,Mantido na Fase atual,Avaliador-3,Mantido na Fase atual,,Não avaliado,,,9.5,8.1,7.5,Não atendido,7.6,8.2,7.0,,Não,7.917,10.0,Destaque: A sua boa entrega das lições de casa.,Destaque: As suas boas notas na Passos Mágicos.,Destaque: A sua boa integração aos Princípios Passos Mágicos.,2022,5.49599999999999,,,,0.0,0.0,fase_0_7,8.0,1,0.0,False,False
721,0,2014.0,2021,Pública,Topázio,8.683366667,,,3.0,Avaliador-15,,Avaliador-4,,Avaliador-3,,,,8.5,9.5,7.52,,8.4,7.5,9.3,,,8.443333333,10.0,,,,2023,8.125,,,,1.0,1.0,fase_0_7,9.0,2,0.0,False,False
721,0,2014.0,2021,Pública,Topázio,8.8986026915,,,4.0,Avaliador-19,,Avaliador-16,,Avaliador-25,,Avaliador-2,,9.002,9.5445134575,8.135,,8.25,9.0,7.5,,,8.755,10.0,,,,2024,8.75,,,EE Dom Pedro Villas Boas de Souza,2.0,2.0,fase_0_7,10.0,3,0.0,True,False
722,0,2013.0,2021,Escola Pública,Ametista,7.41,106.0,4.0,2.0,Avaliador-13,Promovido de Fase,Avaliador-3,Promovido de Fase,,Não avaliado,,,10.0,8.1,4.4,Sem limitações,8.1,7.8,8.3,,Não,8.333,5.0,Destaque: A sua boa entrega das lições de casa.,Destaque: As suas boas notas na Passos Mágicos.,Destaque: A sua boa integração aos Princípios Passos Mágicos.,2022,5.633999999999997,,,,0.0,1.0,fase_0_7,9.0,1,-1.0,False,True
722,0,2013.0,2021,Pública,Ametista,7.3387,,,3.0,Avaliador-15,,Avaliador-5,,Avaliador-2,,,,8.5,9.6,2.52,,6.4,4.5,8.2,,,8.67,5.0,,,,2023,8.125,,,,1.0,2.0,fase_0_7,10.0,2,-1.0,False,True
723,0,2014.0,2022,Escola Pública,Ametista,7.426,101.0,4.0,2.0,Avaliador-11,Promovido de Fase,Avaliador-3,Mantido na Fase atual,,Não avaliado,,,10.0,6.6,8.1,Não atendido,5.5,5.3,5.7,,Não,8.167,10.0,Melhorar: Melhorar a sua entrega de lições de casa.,Melhorar: Empenhar-se mais nas aulas e avaliações.,Destaque: A sua boa integração aos Princípios Passos Mágicos.,2022,5.625999999999998,,,,0.0,0.0,fase_0_7,8.0,0,0.0,False,False
724,0,2014.0,2022,Escola Pública,Ágata,6.931,146.0,6.0,2.0,Avaliador-11,Promovido de Fase,Avaliador-3,Mantido na Fase atual,,Não avaliado,,,9.5,5.9,5.6,Sem limitações,5.6,2.9,8.3,,Não,8.0,10.0,Melhorar: Melhorar a sua entrega de lições de casa.,Melhorar: Empenhar-se mais nas aulas e avaliações.,Destaque: A sua boa integração aos Princípios Passos Mágicos.,2022,5.209999999999999,,,,0.0,0.0,fase_0_7,8.0,0,0.0,False,False
725,1,2014.0,2022,Escola Pública,Ágata,6.33,175.0,7.0,2.0,Avaliador-11,Mantido na Fase atual,Avaliador-3,Mantido na Fase atual,,Não avaliado,,,8.0,5.9,8.1,Não atendido,5.0,4.0,6.0,,Não,5.5,10.0,Melhorar: Melhorar a sua entrega de lições de casa.,Melhorar: Empenhar-se mais nas aulas e avaliações.,Melhorar: Integrar-se mais aos Princípios Passos Mágicos.,2022,4.399999999999995,,,,0.0,0.0,fase_0_7,8.0,0,0.0,False,False
725,1,2014.0,2022,Pública,Topázio,8.117366667,,,2.0,Avaliador-11,,Avaliador-2,,,,,,9.5,9.0,7.52,,8.4,8.1,8.7,,,8.113333333,5.0,,,,2023,8.125,,,,0.0,1.0,fase_0_7,9.0,1,-1.0,False,True
725,1,2014.0,2022,Pública,Ametista,7.0900771929,,,3.0,Avaliador-3,,Avaliador-13,,Avaliador-9,,,,7.502,7.6710526315,7.51,,7.25,7.0,7.5,,,6.773333333,5.0,,,,2024,7.5,,,EM Maria Ignez Concelles Irma Ines,0.0,1.0,fase_0_7,10.0,2,-1.0,False,True
726,0,2015.0,2022,Escola Pública,Ágata,6.985,140.0,5.0,2.0,Avaliador-11,Mantido na Fase atual,Avaliador-3,Mantido na Fase atual,,Não avaliado,,,10.0,7.5,7.5,Não atendido,4.4,5.8,3.0,,Não,6.583,10.0,Destaque: A sua boa entrega das lições de casa.,Melhorar: Empenhar-se mais nas aulas e avaliações.,Melhorar: Integrar-se mais aos Princípios Passos Mágicos.,2022,5.384000000000002,,,,0.0,0.0,fase_0_7,7.0,0,0.0,False,False
726,0,2015.0,2022,Pública,Ametista,7.3687,,,2.0,Avaliador-11,,Avaliador-3,,,,,,10.0,6.1,7.52,,6.0,6.2,5.8,,,8.17,10.0,,,,2023,5.625,,,,0.0,0.0,fase_0_7,8.0,1,0.0,False,False
727,1,2014.0,2022,Escola Pública,Ametista,7.736,61.0,3.0,2.0,Avaliador-11,Promovido de Fase,Avaliador-3,Mantido na Fase atual,,Não avaliado,,,9.0,7.7,8.1,Não atendido,8.4,9.3,7.4,,Não,6.75,10.0,Destaque: A sua boa entrega das lições de casa.,Destaque: As suas boas notas na Passos Mágicos.,Melhorar: Integrar-se mais aos Princípios Passos Mágicos.,2022,4.559999999999986,,,,0.0,0.0,fase_0_7,8.0,0,0.0,False,False
727,1,2014.0,2022,Pública,Ametista,7.6802,,,2.0,Avaliador-13,,Avaliador-3,,,,,,9.5,8.8,2.52,,8.0,8.3,7.7,,,9.34,5.0,,,,2023,7.5,,,,0.0,1.0,fase_0_7,9.0,1,-1.0,True,True
727,1,2014.0,2022,Pública,Topázio,8.447003030300001,,,3.0,Avaliador-16,,Avaliador-3,,Avaliador-15,,,,10.002,8.4848484845,6.26,,8.5,10.0,7.0,,,8.056666667,10.0,,,,2024,8.125,,,EE Dom Pedro Villas Boas de Souza,1.0,1.0,fase_0_7,10.0,2,0.0,False,False
728,0,2014.0,2022,Escola Pública,Topázio,8.244,20.0,1.0,2.0,Avaliador-11,Promovido de Fase,Avaliador-3,Mantido na Fase atual,,Não avaliado,,,9.5,7.3,8.1,Não atendido,9.1,9.3,8.9,,Não,8.167,10.0,Melhorar: Melhorar a sua entrega de lições de casa.,Destaque: As suas boas notas na Passos Mágicos.,Destaque: A sua boa integração aos Princípios Passos Mágicos.,2022,5.705999999999989,,,,0.0,0.0,fase_0_7,8.0,0,0.0,False,False
729,0,2014.0,2022,Escola Pública,Topázio,8.155,26.0,2.0,2.0,Avaliador-11,Mantido na Fase atual,Avaliador-3,Mantido na Fase atual,,Não avaliado,,,10.0,8.7,8.1,Não atendido,8.1,8.5,7.8,,Não,7.25,10.0,Destaque: A sua boa entrega das lições de casa.,Destaque: As suas boas notas na Passos Mágicos.,Melhorar: Integrar-se mais aos Princípios Passos Mágicos.,2022,5.3499999999999925,,,,0.0,0.0,fase_0_7,8.0,0,0.0,False,False
729,0,2014.0,2022,Pública,Ametista,7.26545,,,2.0,Avaliador-11,,Avaliador-2,,,,,,8.0,9.1,3.77,,8.6,8.2,8.9,,,7.01,5.0,,,,2023,6.5625,,,,0.0,1.0,fase_0_7,9.0,1,-1.0,False,True
729,0,2014.0,2022,Pública,Agata,6.684533333300001,,,2.0,Avaliador-3,,Avaliador-13,,,,,,8.002,8.4166666665,2.51,,6.0,6.0,6.0,,,7.5,5.0,,,,2024,7.5,,,EM Maria Ignez Concelles Irma Ines,0.0,1.0,fase_0_7,10.0,2,-1.0,False,True
73,0,2005.0,2022,Escola Pública,Quartzo,5.271,55.0,5.0,4.0,Avaliador-6,Promovido de Fase + Bolsa,Avaliador-27,Mantido na Fase atual,Avaliador-28,Mantido na Fase atual,Avaliador-31,Alocado em Fase anterior,7.1,3.0,7.5,Não atendido,3.3,4.5,3.0,2.3,Sim,7.278,5.0,Melhorar: Melhorar a sua entrega de lições de casa.,Melhorar: Empenhar-se mais nas aulas e avaliações.,Melhorar: Integrar-se mais aos Princípios Passos Mágicos.,2022,5.953999999999997,,,,5.0,7.0,fase_0_7,17.0,0,-2.0,False,True
730,0,2012.0,2021,Escola Pública,Ametista,7.902,46.0,1.0,2.0,Avaliador-13,Promovido de Fase,Avaliador-3,Promovido de Fase,,Não avaliado,,,10.0,8.2,8.8,Não atendido,8.3,8.7,8.0,,Não,8.25,5.0,Destaque: A sua boa entrega das lições de casa.,Destaque: As suas boas notas na Passos Mágicos.,Destaque: A sua boa integração aos Princípios Passos Mágicos.,2022,5.720000000000001,,,,0.0,2.0,fase_0_7,10.0,1,-2.0,False,True
730,0,2012.0,2021,Privada,Ametista,7.979325,,,3.0,Avaliador-15,,Avaliador-5,,Avaliador-2,,,,10.0,8.7,5.02,,7.8,7.8,7.7,,,8.67,5.0,,,,2023,9.53125,,,,1.0,2.0,fase_0_7,11.0,2,-1.0,False,True
730,0,2012.0,2021,Pública,Topázio,8.469255555700002,,,3.0,Avaliador-19,,Avaliador-17,,Avaliador-2,,,,8.002,7.152777778,6.885,,9.5,10.0,9.0,,,8.666666667,10.0,,,,2024,9.166666667,,,EE Joaquim Mendes Feliz,2.0,2.0,fase_0_7,12.0,3,0.0,True,False
731,0,2012.0,2019,Escola Pública,Ametista,7.151,130.0,3.0,2.0,Avaliador-13,Promovido de Fase,Avaliador-3,Promovido de Fase,,Não avaliado,,,9.0,8.5,6.9,Requer avaliação,7.3,7.3,7.2,,Não,7.083,5.0,Destaque: A sua boa entrega das lições de casa.,Melhorar: Empenhar-se mais nas aulas e avaliações.,Melhorar: Integrar-se mais aos Princípios Passos Mágicos.,2022,4.843999999999991,,,,0.0,2.0,fase_0_7,10.0,3,-2.0,False,True
731,0,2012.0,2019,Pública,Agata,6.7742,,,3.0,Avaliador-19,,Avaliador-4,,Avaliador-2,,,,8.5,7.6,3.14,,6.8,6.2,7.3,,,7.45,5.0,,,,2023,7.5,,,,1.0,2.0,fase_0_7,11.0,4,-1.0,False,True
731,0,2012.0,2021,Pública,Quartzo,4.7704873377000006,,,4.0,Avaliador-19,,Avaliador-16,,Avaliador-25,,Avaliador-2,,9.502,4.188311688500001,4.375,,2.5,0.0,5.0,,,4.835,5.0,,,,2024,5.78125,,,EE João Ortiz Rodrigues,2.0,3.0,fase_0_7,12.0,3,-1.0,False,True
732,1,2013.0,2022,Escola Pública,Ametista,7.347,113.0,2.0,2.0,Avaliador-13,Mantido na Fase atual,Avaliador-3,Mantido na Fase atual,,Não avaliado,,,9.0,7.9,8.8,Não atendido,7.2,7.5,6.8,,Não,7.5,5.0,Destaque: A sua boa entrega das lições de casa.,Melhorar: Empenhar-se mais nas aulas e avaliações.,Destaque: A sua boa integração aos Princípios Passos Mágicos.,2022,5.469999999999997,,,,0.0,1.0,fase_0_7,9.0,0,-1.0,False,True
733,0,2013.0,2022,Escola Pública,Ágata,6.684,163.0,13.0,2.0,Avaliador-13,Mantido na Fase atual,Avaliador-3,Mantido na Fase atual,,Não avaliado,,,9.5,8.5,5.6,Sem limitações,5.1,6.0,4.2,,Não,6.917,5.0,Destaque: A sua boa entrega das lições de casa.,Melhorar: Empenhar-se mais nas aulas e avaliações.,Melhorar: Integrar-se mais aos Princípios Passos Mágicos.,2022,5.706000000000007,,,,0.0,1.0,fase_0_7,9.0,0,-1.0,False,True
733,0,2013.0,2022,Pública,Topázio,8.3342,,,3.0,Avaliador-15,,Avaliador-4,,Avaliador-3,,,,10.0,8.7,7.52,,6.2,4.3,8.0,,,8.893333333,10.0,,,,2023,8.333333333,,,,1.0,1.0,fase_0_7,10.0,1,0.0,False,False
733,0,2013.0,2022,Pública,Topázio,8.808825,,,4.0,Avaliador-16,,Avaliador-18,,Avaliador-15,,Avaliador-2,,10.002,10.0,7.51,,9.25,9.0,9.5,,,9.085,5.0,,,,2024,8.90625,,,EM Pedro Antonio de Almeida,1.0,2.0,fase_0_7,11.0,2,-1.0,True,True
734,0,2012.0,2022,Escola Pública,Ágata,6.952,145.0,9.0,2.0,Avaliador-13,Promovido de Fase,Avaliador-3,Promovido de Fase,,Não avaliado,,,9.5,7.2,5.6,Sem limitações,7.3,8.0,6.5,,Não,7.417,5.0,Melhorar: Melhorar a sua entrega de lições de casa.,Melhorar: Empenhar-se mais nas aulas e avaliações.,Melhorar: Integrar-se mais aos Princípios Passos Mágicos.,2022,5.586000000000002,,,,0.0,2.0,fase_0_7,10.0,0,-2.0,False,True
734,0,2012.0,2022,Pública,Ametista,7.305908333,,,3.0,Avaliador-19,,Avaliador-4,,Avaliador-3,,,,8.5,8.0,7.52,,6.9,6.8,7.0,,,7.446666667,5.0,,,,2023,7.34375,,,,1.0,2.0,fase_0_7,11.0,1,-1.0,False,True
735,0,2012.0,2021,Escola Pública,Ametista,7.485,92.0,4.0,2.0,Avaliador-13,Promovido de Fase,Avaliador-3,Promovido de Fase,,Não avaliado,,,9.0,9.0,5.6,Sem limitações,7.3,7.8,6.7,,Não,8.583,5.0,Destaque: A sua boa entrega das lições de casa.,Melhorar: Empenhar-se mais nas aulas e avaliações.,Destaque: A sua boa integração aos Princípios Passos Mágicos.,2022,5.484,,,,0.0,2.0,fase_0_7,10.0,1,-2.0,True,True
735,0,2012.0,2021,Pública,Ametista,7.184,,,3.0,Avaliador-19,,Avaliador-4,,Avaliador-2,,,,0.0,9.0,7.52,,8.1,7.7,8.5,,,8.393333333,5.0,,,,2023,8.333333333,,,,1.0,2.0,fase_0_7,11.0,2,-1.0,False,True
735,0,2012.0,2021,Pública,Ametista,7.7888467391,,,4.0,Avaliador-19,,Avaliador-17,,Avaliador-25,,Avaliador-2,,8.002,9.7826086955,6.255,,8.0,8.0,8.0,,,7.705,5.0,,,,2024,7.65625,,,EE João Ortiz Rodrigues,2.0,3.0,fase_0_7,12.0,3,-1.0,False,True
736,1,2012.0,2022,Escola Pública,Ágata,6.707,162.0,12.0,2.0,Avaliador-13,Mantido na Fase atual,Avaliador-3,Mantido na Fase atual,,Não avaliado,,,9.0,8.5,5.6,Sem limitações,5.4,4.7,6.2,,Não,7.0,5.0,Destaque: A sua boa entrega das lições de casa.,Melhorar: Empenhar-se mais nas aulas e avaliações.,Melhorar: Integrar-se mais aos Princípios Passos Mágicos.,2022,5.669999999999993,,,,0.0,2.0,fase_0_7,10.0,0,-2.0,False,True
736,1,2012.0,2022,Pública,Ametista,7.600033333,,,3.0,Avaliador-15,,Avaliador-4,,Avaliador-3,,,,8.5,9.5,6.27,,6.7,4.8,8.5,,,8.11,5.0,,,,2023,7.708333333,,,,1.0,2.0,fase_0_7,11.0,1,-1.0,False,True
737,0,2013.0,2022,Escola Pública,Ametista,8.058,37.0,1.0,2.0,Avaliador-13,Promovido de Fase,Avaliador-3,Promovido de Fase,,Não avaliado,,,9.5,9.2,5.6,Sem limitações,9.0,8.5,9.5,,Não,9.167,5.0,Destaque: A sua boa entrega das lições de casa.,Destaque: As suas boas notas na Passos Mágicos.,Destaque: A sua boa integração aos Princípios Passos Mágicos.,2022,5.746000000000002,,,,0.0,1.0,fase_0_7,9.0,0,-1.0,True,True
737,0,2013.0,2022,Pública,Topázio,8.048033333,,,3.0,Avaliador-19,,Avaliador-4,,Avaliador-2,,,,9.5,7.8,7.52,,7.5,7.0,8.0,,,7.783333333,10.0,,,,2023,7.291666667,,,,1.0,1.0,fase_0_7,10.0,1,0.0,False,False
737,0,2013.0,2022,Pública,Topázio,8.4695488613,,,4.0,Avaliador-19,,Avaliador-17,,Avaliador-25,,Avaliador-2,,8.502,8.6542443065,6.885,,9.25,9.0,9.5,,,8.0,10.0,,,,2024,7.5,,,EE Dom Pedro Villas Boas de Souza,2.0,2.0,fase_0_7,11.0,2,0.0,False,False
738,0,2014.0,2022,Escola Pública,Ametista,7.227,124.0,6.0,2.0,Avaliador-13,Mantido na Fase atual,Avaliador-3,Mantido na Fase atual,,Não avaliado,,,8.5,8.1,5.6,Sem limitações,5.7,7.7,3.7,,Não,7.5,10.0,Destaque: A sua boa entrega das lições de casa.,Melhorar: Empenhar-se mais nas aulas e avaliações.,Melhorar: Integrar-se mais aos Princípios Passos Mágicos.,2022,5.570000000000004,,,,0.0,0.0,fase_0_7,8.0,0,0.0,False,False
738,0,2014.0,2022,Pública,Topázio,8.123283333,,,3.0,Avaliador-15,,Avaliador-5,,Avaliador-2,,,,8.0,9.3,7.52,,6.0,4.2,7.8,,,8.336666667,10.0,,,,2023,8.4375,,,,1.0,1.0,fase_0_7,9.0,1,0.0,False,False
738,0,2014.0,2022,Pública,Ametista,7.2626980238,,,3.0,Avaliador-3,,Avaliador-16,,Avaliador-15,,,,10.002,7.292490119,6.885,,7.25,7.5,7.0,,,7.39,5.0,,,,2024,6.875,,,EM Maria Ignez Concelles Irma Ines,1.0,2.0,fase_0_7,10.0,2,-1.0,False,True
739,1,2014.0,2022,Escola Pública,Ágata,6.82,156.0,11.0,2.0,Avaliador-13,Mantido na Fase atual,Avaliador-3,Mantido na Fase atual,,Não avaliado,,,6.4,7.3,5.6,Sem limitações,5.9,6.0,5.8,,Não,7.083,10.0,Melhorar: Melhorar a sua entrega de lições de casa.,Melhorar: Empenhar-se mais nas aulas e avaliações.,Melhorar: Integrar-se mais aos Princípios Passos Mágicos.,2022,5.634000000000006,,,,0.0,0.0,fase_0_7,8.0,0,0.0,False,False
739,1,2014.0,2022,Pública,Ametista,7.5972,,,2.0,Avaliador-13,,Avaliador-3,,,,,,9.0,8.3,7.52,,7.6,7.3,7.8,,,8.25,5.0,,,,2023,6.25,,,,0.0,1.0,fase_0_7,9.0,1,-1.0,False,True
74,1,2006.0,2022,Escola Pública,Quartzo,4.989,57.0,7.0,4.0,Avaliador-6,Mantido na Fase atual,Avaliador-27,Mantido na Fase atual,Avaliador-28,Mantido na Fase atual,Avaliador-31,Alocado em Fase anterior,9.6,3.3,7.5,Não atendido,2.0,6.0,0.0,0.0,Não,5.833,5.0,Melhorar: Melhorar a sua entrega de lições de casa.,Melhorar: Empenhar-se mais nas aulas e avaliações.,Melhorar: Integrar-se mais aos Princípios Passos Mágicos.,2022,5.523999999999996,,,,5.0,6.0,fase_0_7,16.0,0,-1.0,False,True
740,0,2013.0,2022,Escola Pública,Ametista,7.218,125.0,7.0,2.0,Avaliador-13,Mantido na Fase atual,Avaliador-3,Mantido na Fase atual,,Não avaliado,,,8.5,9.0,5.6,Sem limitações,7.2,7.3,7.0,,Não,7.5,5.0,Destaque: A sua boa entrega das lições de casa.,Melhorar: Empenhar-se mais nas aulas e avaliações.,Melhorar: Integrar-se mais aos Princípios Passos Mágicos.,2022,5.680000000000005,,,,0.0,1.0,fase_0_7,9.0,0,-1.0,False,True
740,0,2013.0,2022,Privada,Ametista,7.2845,,,2.0,Avaliador-13,,Avaliador-3,,,,,,0.0,8.7,7.52,,9.1,9.0,9.2,,,8.925,5.0,,,,2023,6.875,,,,0.0,2.0,fase_0_7,10.0,1,-2.0,False,True
740,0,2013.0,2022,Privada,Topázio,8.1611005269,,,3.0,Avaliador-3,,Avaliador-16,,Avaliador-15,,,,9.002,9.555335968,7.51,,8.0,8.0,8.0,,,8.223333333,5.0,,,,2024,8.541666667,,,Escola João Paulo II,1.0,2.0,fase_0_7,11.0,2,-1.0,False,True
741,0,2012.0,2022,Escola Pública,Ágata,6.896,150.0,10.0,2.0,Avaliador-13,Mantido na Fase atual,Avaliador-3,Mantido na Fase atual,,Não avaliado,,,9.5,8.4,5.6,Sem limitações,6.3,7.3,5.2,,Não,7.417,5.0,Destaque: A sua boa entrega das lições de casa.,Melhorar: Empenhar-se mais nas aulas e avaliações.,Melhorar: Integrar-se mais aos Princípios Passos Mágicos.,2022,4.625999999999992,,,,0.0,2.0,fase_0_7,10.0,0,-2.0,False,True
741,0,2012.0,2022,Pública,Agata,6.2707,,,2.0,Avaliador-13,,Avaliador-3,,,,,,9.5,6.9,4.39,,5.1,4.2,6.0,,,7.095,5.0,,,,2023,5.625,,,,0.0,2.0,fase_0_7,11.0,1,-2.0,False,True
741,0,2012.0,2022,Pública,Quartzo,5.0795885374,,,3.0,Avaliador-3,,Avaliador-16,,Avaliador-15,,,,8.418,5.2964426875,5.005,,3.75,3.5,4.0,,,4.223333333,5.0,,,,2024,5.833333333,,,EE João Ortiz Rodrigues,1.0,2.0,fase_0_7,12.0,2,-1.0,False,True
742,0,2013.0,2022,Escola Pública,Ametista,7.097,132.0,8.0,2.0,Avaliador-13,Mantido na Fase atual,Avaliador-3,Mantido na Fase atual,,Não avaliado,,,8.5,8.7,5.0,Sem limitações,7.3,8.3,6.2,,Não,7.5,5.0,Destaque: A sua boa entrega das lições de casa.,Melhorar: Empenhar-se mais nas aulas e avaliações.,Melhorar: Integrar-se mais aos Princípios Passos Mágicos.,2022,5.469999999999997,,,,0.0,1.0,fase_0_7,9.0,0,-1.0,False,True
742,0,2013.0,2022,Pública,Ametista,7.024,,,2.0,Avaliador-13,,Avaliador-3,,,,,,0.0,7.6,7.52,,7.5,6.2,8.8,,,10.01,5.0,,,,2023,7.5,,,,0.0,2.0,fase_0_7,10.0,1,-2.0,True,True
743,0,2013.0,2022,Escola Pública,Ágata,6.672,164.0,14.0,2.0,Avaliador-13,Mantido na Fase atual,Avaliador-3,Mantido na Fase atual,,Não avaliado,,,10.0,7.9,5.6,Sem limitações,4.8,4.8,4.8,,Não,7.5,5.0,Destaque: A sua boa entrega das lições de casa.,Melhorar: Empenhar-se mais nas aulas e avaliações.,Melhorar: Integrar-se mais aos Princípios Passos Mágicos.,2022,5.720000000000001,,,,0.0,1.0,fase_0_7,9.0,0,-1.0,False,True
743,0,2013.0,2022,Pública,Agata,6.659,,,2.0,Avaliador-13,,Avaliador-3,,,,,,0.0,9.1,3.77,,7.1,7.3,6.8,,,9.01,5.0,,,,2023,7.5,,,,0.0,2.0,fase_0_7,10.0,1,-2.0,True,True
743,0,2013.0,2022,Pública,Ametista,7.655745454500001,,,2.0,Avaliador-3,,Avaliador-15,,,,,,9.002,9.2727272725,7.51,,7.0,6.5,7.5,,,7.5,5.0,,,,2024,7.5,,,EE Dom Pedro Villas Boas de Souza,1.0,2.0,fase_0_7,11.0,2,-1.0,False,True
744,0,2014.0,2022,Escola Pública,Ametista,7.742,58.0,2.0,2.0,Avaliador-13,Mantido na Fase atual,Avaliador-3,Mantido na Fase atual,,Não avaliado,,,9.5,9.7,5.6,Sem limitações,6.2,6.0,6.3,,Não,7.5,10.0,Destaque: A sua boa entrega das lições de casa.,Melhorar: Empenhar-se mais nas aulas e avaliações.,Melhorar: Integrar-se mais aos Princípios Passos Mágicos.,2022,5.520000000000005,,,,0.0,0.0,fase_0_7,8.0,0,0.0,False,False
745,1,2013.0,2021,Rede Decisão,Ametista,7.382,111.0,5.0,2.0,Avaliador-13,Promovido de Fase,Avaliador-3,Promovido de Fase,,Não avaliado,,,9.0,8.5,5.6,Sem limitações,8.1,8.5,7.7,,Não,7.75,5.0,Destaque: A sua boa entrega das lições de casa.,Destaque: As suas boas notas na Passos Mágicos.,Destaque: A sua boa integração aos Princípios Passos Mágicos.,2022,5.519999999999996,,,,0.0,1.0,fase_0_7,9.0,1,-1.0,False,True
745,1,2013.0,2021,Privada - Programa de Apadrinhamento,Ametista,7.668366667,,,3.0,Avaliador-15,,Avaliador-4,,Avaliador-3,,,,9.5,9.3,3.77,,7.0,5.7,8.2,,,8.893333333,5.0,,,,2023,8.125,,,,1.0,2.0,fase_0_7,10.0,2,-1.0,False,True
745,1,2013.0,2021,Privada - Programa de Apadrinhamento,Topázio,8.6102,,,3.0,Avaliador-19,,Avaliador-17,,Avaliador-2,,,,9.002,10.0,6.26,,8.5,8.0,9.0,,,8.17,10.0,,,,2024,7.5,,,Colégio Arco Íris Evolução,2.0,2.0,fase_0_7,11.0,3,0.0,False,False
746,1,2014.0,2022,Escola Pública,Ametista,7.656,70.0,3.0,2.0,Avaliador-13,Mantido na Fase atual,Avaliador-3,Mantido na Fase atual,,Não avaliado,,,8.0,9.1,5.6,Sem limitações,7.2,7.7,6.7,,Não,7.417,10.0,Destaque: A sua boa entrega das lições de casa.,Melhorar: Empenhar-se mais nas aulas e avaliações.,Melhorar: Integrar-se mais aos Princípios Passos Mágicos.,2022,5.525999999999991,,,,0.0,0.0,fase_0_7,8.0,0,0.0,False,False
746,1,2014.0,2022,Pública,Agata,6.517166667,,,3.0,Avaliador-15,,Avaliador-4,,Avaliador-3,,,,0.0,8.0,3.77,,7.2,6.0,8.3,,,7.113333333,10.0,,,,2023,6.875,,,,1.0,1.0,fase_0_7,9.0,1,0.0,False,False
746,1,2014.0,2022,Pública,Ametista,7.903311111100001,,,3.0,Avaliador-19,,Avaliador-17,,Avaliador-2,,,,8.502,7.4305555555,7.51,,8.0,8.0,8.0,,,7.33,10.0,,,,2024,7.5,,,EM Maria Ignez Concelles Irma Ines,2.0,2.0,fase_0_7,10.0,2,0.0,False,False
747,0,2011.0,2022,Escola Pública,Ametista,7.676,66.0,6.0,2.0,Avaliador-11,Mantido na Fase + Bolsa,Avaliador-3,Mantido na Fase atual,,Não avaliado,,,10.0,7.6,7.5,Não atendido,8.8,8.2,9.4,,Sim,7.917,5.0,Destaque: A sua boa entrega das lições de casa.,Destaque: As suas boas notas na Passos Mágicos.,Destaque: A sua boa integração aos Princípios Passos Mágicos.,2022,5.625999999999998,,,,0.0,2.0,fase_0_7,11.0,0,-2.0,False,True
747,0,2011.0,2022,Pública,Agata,6.026366667,,,3.0,Avaliador-19,,Avaliador-4,,Avaliador-2,,,,10.0,8.0,3.14,,3.1,1.2,5.0,,,6.94,5.0,,,,2023,6.041666667,,,,1.0,2.0,fase_0_7,12.0,1,-1.0,False,True
747,0,2011.0,2022,Pública,Quartzo,5.8450809523,,,2.0,Avaliador-15,,Avaliador-2,,,,,,10.002,8.095238095,5.005,,2.25,4.5,0.0,,,5.335,5.0,,,,2024,7.083333333,,,EM Cecilia Cristina de Oliveira Rodrigues,1.0,3.0,fase_0_7,13.0,2,-2.0,False,True
748,1,2013.0,2022,Escola Pública,Topázio,8.084,34.0,5.0,2.0,Avaliador-11,Promovido de Fase + Bolsa,Avaliador-3,Mantido na Fase atual,,Não avaliado,,,10.0,9.0,7.5,Não atendido,9.1,9.6,8.6,,Sim,8.25,5.0,Destaque: A sua boa entrega das lições de casa.,Destaque: As suas boas notas na Passos Mágicos.,Destaque: A sua boa integração aos Princípios Passos Mágicos.,2022,5.639999999999992,,,,0.0,1.0,fase_0_7,9.0,0,-1.0,False,True
748,1,2013.0,2022,Pública,Topázio,8.7142,,,2.0,Avaliador-13,,Avaliador-3,,,,,,9.5,9.7,7.52,,9.1,9.0,9.2,,,10.01,5.0,,,,2023,7.5,,,,0.0,2.0,fase_0_7,10.0,1,-2.0,True,True
748,1,2013.0,2021,Pública,Topázio,8.2272,,,2.0,Avaliador-15,,Avaliador-2,,,,,,9.502,10.0,7.51,,7.75,7.5,8.0,,,8.005,5.0,,,,2024,8.75,,,EE Maria André Schunck Dona,1.0,2.0,fase_0_7,11.0,3,-1.0,False,True
749,1,2013.0,2022,Escola Pública,Ametista,7.484,94.0,7.0,2.0,Avaliador-11,Promovido de Fase,Avaliador-3,Mantido na Fase atual,,Não avaliado,,,9.5,7.7,7.5,Não atendido,8.8,9.5,8.1,,Não,7.25,5.0,Destaque: A sua boa entrega das lições de casa.,Destaque: As suas boas notas na Passos Mágicos.,Melhorar: Integrar-se mais aos Princípios Passos Mágicos.,2022,5.339999999999998,,,,0.0,1.0,fase_0_7,9.0,0,-1.0,False,True
749,1,2013.0,2022,Pública,Ametista,7.7597,,,2.0,Avaliador-13,,Avaliador-3,,,,,,10.0,9.0,7.52,,7.3,7.3,7.3,,,8.425,5.0,,,,2023,5.625,,,,0.0,1.0,fase_0_7,10.0,1,-1.0,False,True
749,1,2013.0,2022,Pública,Topázio,8.3373184211,,,2.0,Avaliador-12,,Avaliador-13,,,,,,9.502,9.7368421055,8.13,,8.75,10.0,7.5,,,7.665,5.0,,,,2024,8.4375,,,EM Amanda Consuelo da Cunha,0.0,2.0,fase_0_7,11.0,2,-2.0,False,True
75,0,2006.0,2022,Escola Pública,Quartzo,3.915,59.0,4.0,4.0,Avaliador-5,Mantido na Fase atual,Avaliador-27,Mantido na Fase atual,Avaliador-24,Promovido de Fase,Avaliador-31,Alocado em Fase anterior,5.4,3.8,6.3,Sem limitações,0.0,0.0,0.0,,Não,4.625,5.0,Melhorar: Melhorar a sua entrega de lições de casa.,Melhorar: Empenhar-se mais nas aulas e avaliações.,Melhorar: Integrar-se mais aos Princípios Passos Mágicos.,2022,5.599999999999996,,,,5.0,6.0,fase_0_7,16.0,0,-1.0,False,True
750,1,2012.0,2019,Escola Pública,Ágata,6.344,173.0,10.0,2.0,Avaliador-11,Mantido na Fase atual,Avaliador-3,Mantido na Fase atual,,Não avaliado,,,9.5,8.9,4.4,Não indicado,6.8,7.1,6.4,,Não,5.167,5.0,Destaque: A sua boa entrega das lições de casa.,Melhorar: Empenhar-se mais nas aulas e avaliações.,Melhorar: Integrar-se mais aos Princípios Passos Mágicos.,2022,2.8059999999999885,,,,0.0,2.0,fase_0_7,10.0,3,-2.0,False,True
750,1,2012.0,2019,Pública,Quartzo,5.6857,,,2.0,Avaliador-13,,Avaliador-3,,,,,,9.5,7.7,3.14,,3.4,3.3,3.5,,,6.32,5.0,,,,2023,4.375,,,,0.0,2.0,fase_0_7,11.0,4,-2.0,False,True
750,1,2012.0,2021,Pública,Quartzo,4.542230369,,,3.0,Avaliador-14,,Avaliador-3,,Avaliador-15,,,,6.249,5.938735178,4.38,,3.75,0.5,7.0,,,3.176666667,5.0,,,,2024,4.0625,,,EE Mario Francisco de Amorim,1.0,3.0,fase_0_7,12.0,3,-2.0,False,True
751,1,2011.0,2022,Escola Pública,Quartzo,5.246,187.0,11.0,2.0,Avaliador-11,Não avaliado,Avaliador-3,Não avaliado,,Não avaliado,,,8.5,5.8,7.5,Não atendido,3.8,2.7,4.9,,Não,6.167,5.0,Melhorar: Melhorar a sua entrega de lições de casa.,Melhorar: Empenhar-se mais nas aulas e avaliações.,Melhorar: Integrar-se mais aos Princípios Passos Mágicos.,2022,-0.0739999999999874,,,,0.0,2.0,fase_0_7,11.0,0,-2.0,False,True
752,0,2011.0,2022,Escola Pública,Topázio,8.197,22.0,4.0,2.0,Avaliador-11,Promovido de Fase + Bolsa,Avaliador-3,Mantido na Fase atual,,Não avaliado,,,10.0,9.0,7.5,Não atendido,9.5,9.6,9.4,,Sim,8.417,5.0,Destaque: A sua boa entrega das lições de casa.,Destaque: As suas boas notas na Passos Mágicos.,Destaque: A sua boa integração aos Princípios Passos Mágicos.,2022,5.635999999999992,,,,0.0,2.0,fase_0_7,11.0,0,-2.0,True,True
752,0,2011.0,2022,Pública,Topázio,8.073825,,,3.0,Avaliador-15,,Avaliador-5,,Avaliador-2,,,,9.5,9.9,7.52,,6.4,4.8,8.0,,,9.23,5.0,,,,2023,7.65625,,,,1.0,2.0,fase_0_7,12.0,1,-1.0,True,True
752,0,2011.0,2022,Pública,Agata,6.57279265,,,3.0,Avaliador-19,,Avaliador-25,,Avaliador-2,,,,9.502,7.525879916999999,7.51,,5.75,7.0,4.5,,,5.613333333,5.0,,,,2024,5.9375,,,EE Donizetti Aparecido Leite Professor,2.0,3.0,fase_0_7,13.0,2,-1.0,False,True
753,0,2014.0,2022,Escola Pública,Topázio,8.481,8.0,2.0,2.0,Avaliador-11,Promovido de Fase + Bolsa,Avaliador-3,Mantido na Fase atual,,Não avaliado,,,9.5,8.6,7.5,Não atendido,9.1,9.4,8.8,,Sim,8.417,10.0,Destaque: A sua boa entrega das lições de casa.,Destaque: As suas boas notas na Passos Mágicos.,Destaque: A sua boa integração aos Princípios Passos Mágicos.,2022,5.575999999999999,,,,0.0,0.0,fase_0_7,8.0,0,0.0,True,False
753,0,2014.0,2022,Pública,Topázio,8.6672,,,2.0,Avaliador-13,,Avaliador-3,,,,,,9.0,9.9,7.52,,9.0,9.0,9.0,,,9.925,5.0,,,,2023,7.5,,,,0.0,1.0,fase_0_7,9.0,1,-1.0,True,True
753,0,2014.0,2022,Pública,Topázio,8.2450571429,,,2.0,Avaliador-15,,Avaliador-2,,,,,,10.002,9.047619048,7.51,,8.5,9.0,8.0,,,8.255,5.0,,,,2024,8.333333333,,,EE Jardim Campestre,1.0,2.0,fase_0_7,10.0,2,-1.0,False,True
754,1,2013.0,2022,Escola Pública,Ágata,6.602,169.0,9.0,2.0,Avaliador-11,Mantido na Fase atual,Avaliador-3,Mantido na Fase atual,,Não avaliado,,,10.0,5.8,4.4,Não indicado,7.9,7.8,8.1,,Não,6.917,5.0,Melhorar: Melhorar a sua entrega de lições de casa.,Destaque: As suas boas notas na Passos Mágicos.,Melhorar: Integrar-se mais aos Princípios Passos Mágicos.,2022,5.3859999999999975,,,,0.0,1.0,fase_0_7,9.0,0,-1.0,False,True
754,1,2013.0,2022,Pública,Agata,6.0537,,,2.0,Avaliador-11,,Avaliador-3,,,,,,9.5,6.1,2.52,,5.6,5.7,5.4,,,6.67,5.0,,,,2023,6.875,,,,0.0,2.0,fase_0_7,10.0,1,-2.0,False,True
754,1,2013.0,2022,Pública,Quartzo,5.6127,,,2.0,Avaliador-12,,Avaliador-13,,,,,,8.502,6.25,5.625,,6.25,6.0,6.5,,,4.75,5.0,,,,2024,2.5,,,EM Cecilia Cristina de Oliveira Rodrigues,0.0,2.0,fase_0_7,11.0,2,-2.0,False,True
755,1,2014.0,2022,Escola Pública,Topázio,8.566,4.0,1.0,2.0,Avaliador-11,Promovido de Fase + Bolsa,Avaliador-3,Mantido na Fase atual,,Não avaliado,,,9.5,9.2,6.9,Não atendido,9.5,9.8,9.3,,Sim,8.083,10.0,Destaque: A sua boa entrega das lições de casa.,Destaque: As suas boas notas na Passos Mágicos.,Destaque: A sua boa integração aos Princípios Passos Mágicos.,2022,5.693999999999999,,,,0.0,0.0,fase_0_7,8.0,0,0.0,False,False
755,1,2014.0,2022,Pública,Topázio,8.7442,,,2.0,Avaliador-13,,Avaliador-3,,,,,,10.0,9.5,7.52,,9.2,9.2,9.2,,,10.01,5.0,,,,2023,7.5,,,,0.0,1.0,fase_0_7,9.0,1,-1.0,True,True
755,1,2014.0,2022,Pública,Topázio,8.925450000000001,,,2.0,Avaliador-17,,Avaliador-2,,,,,,10.002,10.0,7.51,,9.75,10.0,9.5,,,9.09,5.0,,,,2024,9.0625,,,EE Jardim Campestre,1.0,2.0,fase_0_7,10.0,2,-1.0,True,True
756,1,2013.0,2022,Escola Pública,Ágata,6.976,142.0,8.0,2.0,Avaliador-11,Mantido na Fase atual,Avaliador-3,Mantido na Fase atual,,Não avaliado,,,10.0,7.9,7.5,Não atendido,5.7,5.6,5.8,,Não,7.25,5.0,Destaque: A sua boa entrega das lições de casa.,Melhorar: Empenhar-se mais nas aulas e avaliações.,Melhorar: Integrar-se mais aos Princípios Passos Mágicos.,2022,5.559999999999992,,,,0.0,1.0,fase_0_7,9.0,0,-1.0,False,True
756,1,2013.0,2022,Pública,Ametista,7.0927,,,2.0,Avaliador-11,,Avaliador-3,,,,,,10.0,8.7,7.52,,6.1,5.4,6.8,,,6.59,5.0,,,,2023,5.625,,,,0.0,2.0,fase_0_7,10.0,1,-2.0,False,True
756,1,2013.0,2022,Pública,Ametista,7.361700000000001,,,2.0,Avaliador-12,,Avaliador-13,,,,,,10.002,8.75,7.51,,5.5,10.0,1.0,,,7.24,5.0,,,,2024,8.125,,,EM Amanda Consuelo da Cunha,0.0,2.0,fase_0_7,11.0,2,-2.0,False,True
757,0,2013.0,2022,Escola Pública,Topázio,8.26,18.0,3.0,2.0,Avaliador-11,Promovido de Fase + Bolsa,Avaliador-3,Mantido na Fase atual,,Não avaliado,,,9.5,9.3,7.5,Não atendido,9.7,9.9,9.6,,Sim,8.5,5.0,Destaque: A sua boa entrega das lições de casa.,Destaque: As suas boas notas na Passos Mágicos.,Destaque: A sua boa integração aos Princípios Passos Mágicos.,2022,5.599999999999987,,,,0.0,1.0,fase_0_7,9.0,0,-1.0,True,True
757,0,2013.0,2022,Pública,Topázio,8.6742,,,2.0,Avaliador-13,,Avaliador-3,,,,,,9.0,9.6,7.52,,9.3,9.5,9.0,,,10.01,5.0,,,,2023,7.5,,,,0.0,2.0,fase_0_7,10.0,1,-2.0,True,True
757,0,2013.0,2022,Pública,Ametista,7.938842857200001,,,2.0,Avaliador-15,,Avaliador-2,,,,,,9.502,9.285714286,7.51,,7.0,6.5,7.5,,,8.34,5.0,,,,2024,8.125,,,EE Maria André Schunck Dona,1.0,2.0,fase_0_7,11.0,2,-1.0,False,True
758,1,2013.0,2022,Escola Pública,Ametista,7.911,45.0,5.0,2.0,Avaliador-13,Promovido de Fase,Avaliador-3,Promovido de Fase,,Não avaliado,,,9.0,9.1,7.5,Não atendido,8.1,8.0,8.2,,Não,8.333,5.0,Destaque: A sua boa entrega das lições de casa.,Destaque: As suas boas notas na Passos Mágicos.,Destaque: A sua boa integração aos Princípios Passos Mágicos.,2022,6.54399999999999,,,,0.0,1.0,fase_0_7,9.0,0,-1.0,False,True
759,0,2012.0,2021,Escola Pública,Ametista,7.563,81.0,7.0,2.0,Avaliador-13,Mantido na Fase atual,Avaliador-3,Mantido na Fase atual,,Não avaliado,,,9.0,8.6,7.5,Não atendido,7.5,8.3,6.7,,Não,7.833,5.0,Destaque: A sua boa entrega das lições de casa.,Destaque: As suas boas notas na Passos Mágicos.,Destaque: A sua boa integração aos Princípios Passos Mágicos.,2022,6.263999999999994,,,,0.0,2.0,fase_0_7,10.0,1,-2.0,False,True
76,0,2007.0,2017,Rede Decisão,Topázio,9.105,3.0,1.0,4.0,Avaliador-5,Promovido de Fase + Bolsa,Avaliador-27,Mantido na Fase atual,Avaliador-24,Promovido de Fase + Bolsa,Avaliador-31,Promovido de Fase + Bolsa,10.0,9.1,8.1,Sem limitações,8.7,9.3,8.3,8.4,Não,9.292,10.0,Destaque: A sua boa entrega das lições de casa.,Destaque: As suas boas notas na Passos Mágicos.,Destaque: A sua boa integração aos Princípios Passos Mágicos.,2022,8.765999999999998,,,,5.0,5.0,fase_0_7,15.0,5,0.0,True,False
76,0,2007.0,2017,Privada *Parcerias com Bolsa 100%,,,,,,,,,,,,,,10.0,,2.52,,,,,,,,10.0,,,,2023,,,,,7.0,5.0,fase_0_7,16.0,6,2.0,False,False
76,0,2007.0,2021,Privada *Parcerias com Bolsa 100%,Topázio,8.152033333333334,,,0.0,,,,,,,,,10.002,9.0,6.885,,7.066666666666666,7.3,7.8,6.1,,7.5,10.0,,,,2024,7.5,,,Colégio Poliedro - SP,7.0,5.0,fase_0_7,17.0,3,2.0,False,False
760,1,2011.0,2021,Escola Pública,Topázio,8.172,25.0,2.0,2.0,Avaliador-13,Promovido de Fase,Avaliador-3,Promovido de Fase,,Não avaliado,,,9.0,9.2,7.5,Não atendido,8.8,9.3,8.2,,Não,8.917,5.0,Destaque: A sua boa entrega das lições de casa.,Destaque: As suas boas notas na Passos Mágicos.,Destaque: A sua boa integração aos Princípios Passos Mágicos.,2022,6.386000000000003,,,,0.0,2.0,fase_0_7,11.0,1,-2.0,True,True
760,1,2011.0,2021,Pública,Agata,6.548333333,,,3.0,Avaliador-32,,Avaliador-5,,Avaliador-2,,,,0.0,8.8,7.52,,6.3,5.8,6.8,,,7.84,5.0,,,,2023,7.083333333,,,,2.0,3.0,fase_0_7,12.0,2,-1.0,False,True
760,1,2011.0,2021,Pública,Agata,6.942581818200001,,,5.0,Avaliador-20,,Avaliador-21,,Avaliador-17,,Avaliador-26,,9.168,7.090909091,7.51,,5.0,2.5,3.5,9.0,,6.158,10.0,,,,2024,6.25,Avaliador-10,,EM Cecilia Cristina de Oliveira Rodrigues,3.0,3.0,fase_0_7,13.0,3,0.0,False,False
761,1,2013.0,2022,Escola Pública,Topázio,8.06,36.0,3.0,2.0,Avaliador-13,Promovido de Fase,Avaliador-3,Promovido de Fase,,Não avaliado,,,10.0,9.4,7.5,Não atendido,8.2,8.8,7.5,,Não,8.25,5.0,Destaque: A sua boa entrega das lições de casa.,Destaque: As suas boas notas na Passos Mágicos.,Destaque: A sua boa integração aos Princípios Passos Mágicos.,2022,6.400000000000006,,,,0.0,1.0,fase_0_7,9.0,0,-1.0,False,True
761,1,2013.0,2022,Pública,Topázio,8.219533333,,,3.0,Avaliador-19,,Avaliador-4,,Avaliador-2,,,,9.0,9.7,7.52,,8.4,8.7,8.0,,,8.12,5.0,,,,2023,8.333333333,,,,1.0,2.0,fase_0_7,10.0,1,-1.0,False,True
761,1,2013.0,2022,Pública,Topázio,8.174593939300001,,,3.0,Avaliador-20,,Avaliador-19,,Avaliador-2,,,,8.502,8.8636363635,6.26,,7.25,8.0,6.5,,,8.003333333,10.0,,,,2024,8.75,,,EE Donizetti Aparecido Leite Professor,2.0,2.0,fase_0_7,11.0,2,0.0,False,False
762,1,2010.0,2022,Escola Pública,Ametista,7.28,118.0,10.0,2.0,Avaliador-13,Mantido na Fase atual,Avaliador-3,Mantido na Fase atual,,Não avaliado,,,10.0,9.7,7.5,Não atendido,6.7,7.3,6.0,,Não,7.083,2.5,Destaque: A sua boa entrega das lições de casa.,Melhorar: Empenhar-se mais nas aulas e avaliações.,Melhorar: Integrar-se mais aos Princípios Passos Mágicos.,2022,5.834000000000001,,,,0.0,3.0,fase_0_7,12.0,0,-3.0,False,True
762,1,2010.0,2022,Pública,Ametista,7.09945,,,3.0,Avaliador-15,,Avaliador-5,,Avaliador-2,,,,10.0,9.1,3.14,,5.8,6.2,5.3,,,7.67,5.0,,,,2023,7.8125,,,,1.0,3.0,fase_0_7,13.0,1,-2.0,False,True
762,1,2010.0,2022,Pública,Quartzo,5.9677326087,,,4.0,Avaliador-17,,Avaliador-19,,Avaliador-25,,Avaliador-2,,10.002,6.4239130435,6.26,,3.75,4.0,3.5,,,5.7525,5.0,,,,2024,6.5625,,,EM Cecilia Cristina de Oliveira Rodrigues,2.0,4.0,fase_0_7,14.0,2,-2.0,False,True
763,0,2012.0,2021,Escola Pública,Ametista,7.402,109.0,9.0,2.0,Avaliador-13,Mantido na Fase atual,Avaliador-3,Mantido na Fase atual,,Não avaliado,,,9.5,9.7,7.5,Não atendido,6.5,6.3,6.7,,Não,7.167,5.0,Destaque: A sua boa entrega das lições de casa.,Melhorar: Empenhar-se mais nas aulas e avaliações.,Melhorar: Integrar-se mais aos Princípios Passos Mágicos.,2022,5.286,,,,0.0,2.0,fase_0_7,10.0,1,-2.0,False,True
763,0,2012.0,2021,Pública,Agata,6.7215,,,2.0,Avaliador-13,,Avaliador-3,,,,,,0.0,9.2,3.14,,7.9,7.8,8.0,,,9.0,5.0,,,,2023,6.875,,,,0.0,2.0,fase_0_7,11.0,2,-2.0,True,True
763,0,2012.0,2021,Pública,Agata,6.984760606,,,2.0,Avaliador-15,,Avaliador-2,,,,,,9.002,8.8636363635,6.26,,5.25,6.5,4.0,,,6.825,5.0,,,,2024,7.708333333,,,EE Donizetti Aparecido Leite Professor,1.0,2.0,fase_0_7,12.0,3,-1.0,False,True
764,1,2014.0,2022,Escola Pública,Ametista,8.004,38.0,4.0,2.0,Avaliador-13,Mantido na Fase atual,Avaliador-3,Mantido na Fase atual,,Não avaliado,,,9.0,8.8,7.5,Não atendido,7.5,7.2,7.8,,Não,7.667,10.0,Destaque: A sua boa entrega das lições de casa.,Destaque: As suas boas notas na Passos Mágicos.,Destaque: A sua boa integração aos Princípios Passos Mágicos.,2022,5.605999999999991,,,,0.0,0.0,fase_0_7,8.0,0,0.0,False,False
764,1,2014.0,2022,Pública,Ametista,7.682125,,,3.0,Avaliador-15,,Avaliador-5,,Avaliador-2,,,,0.0,9.2,7.52,,7.8,6.0,9.5,,,8.56,10.0,,,,2023,8.28125,,,,1.0,1.0,fase_0_7,9.0,1,0.0,False,False
764,1,2014.0,2022,Privada,Ametista,7.838370289900001,,,3.0,Avaliador-20,,Avaliador-19,,Avaliador-2,,,,8.002,7.8804347825,7.51,,6.0,3.0,9.0,,,8.336666667,10.0,,,,2024,8.4375,,,Colégio Franciscano Santa Clara,2.0,2.0,fase_0_7,10.0,2,0.0,False,False
765,1,2013.0,2022,Escola Pública,Ágata,6.902,149.0,11.0,2.0,Avaliador-13,Mantido na Fase atual,Avaliador-3,Mantido na Fase atual,,Não avaliado,,,8.5,9.3,7.5,Não atendido,4.3,5.0,3.7,,Não,7.417,5.0,Destaque: A sua boa entrega das lições de casa.,Melhorar: Empenhar-se mais nas aulas e avaliações.,Melhorar: Integrar-se mais aos Princípios Passos Mágicos.,2022,5.986000000000002,,,,0.0,1.0,fase_0_7,9.0,0,-1.0,False,True
766,0,2011.0,2020,Escola Pública,Topázio,8.185,23.0,1.0,2.0,Avaliador-13,Promovido de Fase,Avaliador-3,Promovido de Fase,,Não avaliado,,,10.0,9.5,7.5,Não atendido,8.7,8.5,8.8,,Não,8.333,5.0,Destaque: A sua boa entrega das lições de casa.,Destaque: As suas boas notas na Passos Mágicos.,Destaque: A sua boa integração aos Princípios Passos Mágicos.,2022,6.284000000000001,,,,0.0,2.0,fase_0_7,11.0,2,-2.0,False,True
766,0,2012.0,2020,Pública,Topázio,8.008408333,,,3.0,Avaliador-15,,Avaliador-5,,Avaliador-2,,,,10.0,8.7,4.39,,8.7,9.2,8.2,,,8.336666667,5.0,,,,2023,9.21875,,,,1.0,2.0,fase_0_7,11.0,3,-1.0,False,True
767,1,2012.0,2021,Escola Pública,Ametista,7.511,87.0,8.0,2.0,Avaliador-13,Mantido na Fase atual,Avaliador-3,Mantido na Fase atual,,Não avaliado,,,9.5,9.0,7.5,Não atendido,7.0,7.3,6.7,,Não,7.583,5.0,Destaque: A sua boa entrega das lições de casa.,Melhorar: Empenhar-se mais nas aulas e avaliações.,Destaque: A sua boa integração aos Princípios Passos Mágicos.,2022,5.943999999999994,,,,0.0,2.0,fase_0_7,10.0,1,-2.0,False,True
767,1,2012.0,2021,Pública,Ametista,7.3807,,,3.0,Avaliador-19,,Avaliador-4,,Avaliador-2,,,,10.0,8.3,7.52,,6.3,6.5,6.0,,,7.446666667,5.0,,,,2023,7.291666667,,,,1.0,2.0,fase_0_7,11.0,2,-1.0,False,True
767,1,2012.0,2021,Pública,Topázio,8.131890476200002,,,2.0,Avaliador-15,,Avaliador-2,,,,,,9.502,9.0476190475,7.51,,8.25,8.5,8.0,,,8.085,5.0,,,,2024,8.541666667,,,EM Cecilia Cristina de Oliveira Rodrigues,1.0,3.0,fase_0_7,12.0,3,-2.0,False,True
768,0,2012.0,2021,Escola Pública,Ametista,7.646,71.0,6.0,2.0,Avaliador-13,Mantido na Fase atual,Avaliador-3,Mantido na Fase atual,,Não avaliado,,,9.0,10.0,7.5,Não atendido,7.1,7.0,7.2,,Não,7.583,5.0,Destaque: A sua boa entrega das lições de casa.,Melhorar: Empenhar-se mais nas aulas e avaliações.,Destaque: A sua boa integração aos Princípios Passos Mágicos.,2022,5.593999999999992,,,,0.0,2.0,fase_0_7,10.0,1,-2.0,False,True
768,0,2012.0,2021,Pública,Topázio,8.4042,,,2.0,Avaliador-13,,Avaliador-3,,,,,,10.0,9.1,7.52,,7.9,8.0,7.8,,,10.01,5.0,,,,2023,7.5,,,,0.0,2.0,fase_0_7,11.0,2,-2.0,True,True
768,0,2012.0,2021,Pública,Ametista,7.0345379447,,,2.0,Avaliador-15,,Avaliador-2,,,,,,9.002,7.9841897235,6.26,,5.5,6.0,5.0,,,7.495,5.0,,,,2024,8.125,,,EE Donizetti Aparecido Leite Professor,1.0,2.0,fase_0_7,12.0,3,-1.0,False,True
769,0,2013.0,2022,Escola Pública,Ametista,7.598,76.0,3.0,2.0,Avaliador-11,Promovido de Fase + Bolsa,Avaliador-3,Mantido na Fase atual,,Não avaliado,,,10.0,7.5,7.5,Não avaliado,7.9,9.6,6.2,,Sim,8.5,5.0,Destaque: A sua boa entrega das lições de casa.,Destaque: As suas boas notas na Passos Mágicos.,Destaque: A sua boa integração aos Princípios Passos Mágicos.,2022,5.679999999999996,,,,0.0,1.0,fase_0_7,9.0,0,-1.0,True,True
769,0,2013.0,2022,Pública,Ametista,7.85345,,,2.0,Avaliador-13,,Avaliador-2,,,,,,10.0,9.3,3.77,,8.0,8.2,7.8,,,8.675,5.0,,,,2023,7.8125,,,,0.0,2.0,fase_0_7,10.0,1,-2.0,False,True
769,0,2013.0,2022,Pública,Ametista,7.099342857200002,,,2.0,Avaliador-15,,Avaliador-2,,,,,,10.002,5.9523809525,7.51,,6.0,6.0,6.0,,,8.33,5.0,,,,2024,7.916666667,,,EM Cecilia Cristina de Oliveira Rodrigues,1.0,2.0,fase_0_7,11.0,2,-1.0,False,True
77,1,2006.0,2019,Escola Pública,Quartzo,3.846,60.0,5.0,4.0,Avaliador-5,Mantido na Fase atual,Avaliador-27,Mantido na Fase atual,Avaliador-24,Promovido de Fase,Avaliador-31,Alocado em Fase anterior,7.1,2.7,5.0,Não indicado,0.7,0.3,1.8,0.0,Não,4.625,5.0,Melhorar: Melhorar a sua entrega de lições de casa.,Melhorar: Empenhar-se mais nas aulas e avaliações.,Melhorar: Integrar-se mais aos Princípios Passos Mágicos.,2022,5.309999999999997,,,,5.0,6.0,fase_0_7,16.0,3,-1.0,False,True
770,1,2015.0,2022,Escola Pública,Topázio,8.143,28.0,1.0,2.0,Avaliador-11,Promovido de Fase,Avaliador-3,Mantido na Fase atual,,Não avaliado,,,9.5,8.9,7.5,Não avaliado,8.3,8.5,8.1,,Não,7.333,10.0,Destaque: A sua boa entrega das lições de casa.,Destaque: As suas boas notas na Passos Mágicos.,Melhorar: Integrar-se mais aos Princípios Passos Mágicos.,2022,5.364000000000004,,,,0.0,0.0,fase_0_7,7.0,0,0.0,False,False
770,1,2015.0,2022,Pública,Agata,6.6785,,,2.0,Avaliador-13,,Avaliador-3,,,,,,0.0,8.3,3.77,,5.9,6.0,5.7,,,8.92,10.0,,,,2023,6.875,,,,0.0,0.0,fase_0_7,8.0,1,0.0,False,False
770,1,2015.0,2022,Pública,Ametista,7.3057112782,,,2.0,Avaliador-3,,Avaliador-13,,,,,,10.002,9.022556391,7.51,,5.0,4.0,6.0,,,7.5,5.0,,,,2024,7.5,,,EE Luiz Schunck,0.0,1.0,fase_0_7,9.0,2,-1.0,False,True
771,0,2015.0,2022,Escola Pública,Ametista,7.873,49.0,2.0,2.0,Avaliador-11,Mantido na Fase atual,Avaliador-3,Mantido na Fase atual,,Não avaliado,,,10.0,8.3,7.5,Não avaliado,7.0,7.2,6.9,,Não,7.5,10.0,Destaque: A sua boa entrega das lições de casa.,Melhorar: Empenhar-se mais nas aulas e avaliações.,Destaque: A sua boa integração aos Princípios Passos Mágicos.,2022,5.629999999999997,,,,0.0,0.0,fase_0_7,7.0,0,0.0,False,False
771,0,2015.0,2022,Pública,Ametista,7.056,,,2.0,Avaliador-13,,Avaliador-3,,,,,,0.0,8.8,3.14,,8.2,8.2,8.2,,,8.585,10.0,,,,2023,6.25,,,,0.0,0.0,fase_0_7,8.0,1,0.0,False,False
771,0,2015.0,2022,Pública,Agata,6.066009523800001,,,2.0,Avaliador-13,,Avaliador-2,,,,,,8.502,6.619047619,3.135,,6.5,6.5,6.5,,,6.08,5.0,,,,2024,5.625,,,EM Cecilia Cristina de Oliveira Rodrigues,0.0,1.0,fase_0_7,9.0,2,-1.0,False,True
772,1,2011.0,2021,Escola Pública,Ágata,6.994,139.0,5.0,2.0,Avaliador-11,Promovido de Fase,Avaliador-3,Mantido na Fase atual,,Não avaliado,,,9.0,5.4,7.5,Não avaliado,9.2,9.3,9.2,,Não,7.25,5.0,Melhorar: Melhorar a sua entrega de lições de casa.,Destaque: As suas boas notas na Passos Mágicos.,Melhorar: Integrar-se mais aos Princípios Passos Mágicos.,2022,4.739999999999993,,,,0.0,2.0,fase_0_7,11.0,1,-2.0,False,True
772,1,2011.0,2021,Pública,Quartzo,5.930166667,,,3.0,Avaliador-15,,Avaliador-5,,Avaliador-2,,,,0.0,7.2,7.52,,4.8,5.2,4.3,,,8.003333333,5.0,,,,2023,6.875,,,,1.0,3.0,fase_0_7,12.0,2,-2.0,False,True
773,0,2013.0,2022,Escola Pública,Ágata,6.922,147.0,6.0,2.0,Avaliador-11,Mantido na Fase atual,Avaliador-3,Mantido na Fase atual,,Não avaliado,,,10.0,6.8,5.0,Não indicado,8.1,9.3,6.8,,Não,7.083,5.0,Melhorar: Melhorar a sua entrega de lições de casa.,Destaque: As suas boas notas na Passos Mágicos.,Melhorar: Integrar-se mais aos Princípios Passos Mágicos.,2022,5.253999999999994,,,,0.0,1.0,fase_0_7,9.0,0,-1.0,False,True
773,0,2013.0,2022,Pública,Agata,6.9287,,,2.0,Avaliador-11,,Avaliador-3,,,,,,10.0,7.5,2.52,,7.9,8.0,7.8,,,7.67,5.0,,,,2023,5.625,,,,0.0,1.0,fase_0_7,10.0,1,-1.0,False,True
773,0,2013.0,2022,Pública,Agata,6.566200000000001,,,2.0,Avaliador-12,,Avaliador-13,,,,,,10.002,8.75,2.51,,5.0,8.0,2.0,,,6.575,5.0,,,,2024,7.5,,,EM Cecilia Cristina de Oliveira Rodrigues,0.0,2.0,fase_0_7,11.0,2,-2.0,False,True
774,0,2014.0,2022,Escola Pública,Ametista,7.587,78.0,4.0,2.0,Avaliador-11,Mantido na Fase atual,Avaliador-3,Mantido na Fase atual,,Não avaliado,,,10.0,7.8,7.5,Não avaliado,6.1,7.8,4.4,,Não,7.417,10.0,Destaque: A sua boa entrega das lições de casa.,Melhorar: Empenhar-se mais nas aulas e avaliações.,Melhorar: Integrar-se mais aos Princípios Passos Mágicos.,2022,5.736000000000008,,,,0.0,0.0,fase_0_7,8.0,0,0.0,False,False
774,0,2014.0,2022,Pública,Quartzo,5.852,,,2.0,Avaliador-13,,Avaliador-2,,,,,,0.0,9.5,3.14,,6.9,7.7,6.0,,,6.34,5.0,,,,2023,5.0,,,,0.0,1.0,fase_0_7,9.0,1,-1.0,False,True
774,0,2014.0,2022,Pública,Quartzo,5.685771428600001,,,2.0,Avaliador-13,,Avaliador-2,,,,,,10.002,6.3928571430000005,2.51,,3.75,2.0,5.5,,,6.405,5.0,,,,2024,6.25,,,EM Cecilia Cristina de Oliveira Rodrigues,0.0,1.0,fase_0_7,10.0,2,-1.0,False,True
775,1,2012.0,2021,Escola Pública,Quartzo,5.79,182.0,7.0,2.0,Avaliador-13,Mantido na Fase atual,Avaliador-3,Mantido na Fase atual,,Não avaliado,,,7.9,5.7,4.4,Não indicado,5.7,5.5,5.8,,Não,6.417,5.0,Melhorar: Melhorar a sua entrega de lições de casa.,Melhorar: Empenhar-se mais nas aulas e avaliações.,Melhorar: Integrar-se mais aos Princípios Passos Mágicos.,2022,4.96599999999999,,,,0.0,2.0,fase_0_7,10.0,1,-2.0,False,True
776,0,2013.0,2022,Escola Pública,Quartzo,3.898,190.0,9.0,2.0,Avaliador-13,Mantido na Fase atual,Avaliador-3,Mantido na Fase atual,,Não avaliado,,,0.0,4.3,4.4,Requer avaliação,1.7,0.0,3.3,,Não,6.333,5.0,Melhorar: Melhorar a sua entrega de lições de casa.,Melhorar: Empenhar-se mais nas aulas e avaliações.,Melhorar: Integrar-se mais aos Princípios Passos Mágicos.,2022,4.914000000000001,,,,0.0,1.0,fase_0_7,9.0,0,-1.0,False,True
776,0,2013.0,2022,Privada - Programa de Apadrinhamento,Quartzo,5.567916667,,,3.0,Avaliador-15,,Avaliador-5,,Avaliador-2,,,,0.0,7.0,7.52,,3.5,4.2,2.7,,,7.223333333,5.0,,,,2023,7.8125,,,,1.0,2.0,fase_0_7,10.0,1,-1.0,False,True
776,0,2013.0,2022,Pública,Quartzo,5.178509523800001,,,2.0,Avaliador-15,,Avaliador-2,,,,,,7.917,5.9523809525,5.63,,0.0,0.0,0.0,,,6.5,5.0,,,,2024,8.333333333,,,EM Cecilia Cristina de Oliveira Rodrigues,1.0,2.0,fase_0_7,11.0,2,-1.0,False,True
777,1,2014.0,2022,Escola Pública,Ametista,7.096,133.0,4.0,2.0,Avaliador-13,Mantido na Fase atual,Avaliador-3,Mantido na Fase atual,,Não avaliado,,,8.0,7.7,7.5,Não atendido,5.3,6.5,4.0,,Não,7.0,10.0,Destaque: A sua boa entrega das lições de casa.,Melhorar: Empenhar-se mais nas aulas e avaliações.,Melhorar: Integrar-se mais aos Princípios Passos Mágicos.,2022,5.459999999999994,,,,0.0,0.0,fase_0_7,8.0,0,0.0,False,False
777,0,2014.0,2022,Pública,Ametista,7.468125,,,3.0,Avaliador-15,,Avaliador-5,,Avaliador-2,,,,0.0,9.3,7.52,,6.3,5.3,7.3,,,8.84,10.0,,,,2023,8.28125,,,,1.0,1.0,fase_0_7,9.0,1,0.0,False,False
777,0,2014.0,2022,Pública,Ametista,7.563515408100001,,,3.0,Avaliador-20,,Avaliador-19,,Avaliador-2,,,,8.002,8.7757437075,7.51,,4.5,3.5,5.5,,,7.723333333,10.0,,,,2024,8.125,,,EE Helio Luiz Dobrochinski Prof,2.0,2.0,fase_0_7,10.0,2,0.0,False,False
778,0,2013.0,2021,Escola Pública,Ametista,7.432,100.0,3.0,2.0,Avaliador-13,Promovido de Fase,Avaliador-3,Mantido na Fase atual,,Não avaliado,,,10.0,6.7,7.5,Não atendido,7.1,6.0,8.2,,Não,8.833,5.0,Melhorar: Melhorar a sua entrega de lições de casa.,Melhorar: Empenhar-se mais nas aulas e avaliações.,Destaque: A sua boa integração aos Princípios Passos Mágicos.,2022,6.554000000000002,,,,0.0,1.0,fase_0_7,9.0,1,-1.0,True,True
778,0,2013.0,2021,Pública,Ametista,7.926825,,,3.0,Avaliador-15,,Avaliador-5,,Avaliador-2,,,,8.5,7.9,7.52,,8.2,7.3,9.0,,,8.62,5.0,,,,2023,8.90625,,,,1.0,2.0,fase_0_7,10.0,2,-1.0,False,True
778,0,2013.0,2021,Pública,Topázio,8.0754139589,,,4.0,Avaliador-17,,Avaliador-19,,Avaliador-25,,Avaliador-2,,10.002,8.1235697945,7.51,,7.0,5.0,9.0,,,7.7475,10.0,,,,2024,7.5,,,Estuda em outra cidade,2.0,2.0,fase_0_7,11.0,3,0.0,False,False
779,1,2012.0,2022,Escola Pública,Quartzo,5.702,183.0,8.0,2.0,Avaliador-13,Mantido na Fase atual,Avaliador-3,Mantido na Fase atual,,Não avaliado,,,9.5,5.0,7.5,Não atendido,2.6,2.2,3.0,,Não,7.083,5.0,Melhorar: Melhorar a sua entrega de lições de casa.,Melhorar: Empenhar-se mais nas aulas e avaliações.,Melhorar: Integrar-se mais aos Princípios Passos Mágicos.,2022,5.653999999999995,,,,0.0,2.0,fase_0_7,10.0,0,-2.0,False,True
78,1,2005.0,2018,Rede Decisão,Ametista,7.04,29.0,2.0,4.0,Avaliador-5,Promovido de Fase + Bolsa,Avaliador-27,Mantido na Fase atual,Avaliador-24,Mantido na Fase + Bolsa,Avaliador-31,Promovido de Fase,8.3,6.6,5.6,Requer avaliação,7.2,8.7,5.7,7.3,Não,8.0,5.0,Melhorar: Melhorar a sua entrega de lições de casa.,Melhorar: Empenhar-se mais nas aulas e avaliações.,Destaque: A sua boa integração aos Princípios Passos Mágicos.,2022,7.9,,,,5.0,7.0,fase_0_7,17.0,4,-2.0,False,True
78,0,2005.0,2018,Privada - Programa de Apadrinhamento,Agata,6.434625,,,4.0,Avaliador-24,,Avaliador-7,,Avaliador-23,,Avaliador-8,,0.0,7.7,6.26,,6.7,8.5,4.8,6.8,,8.0025,5.0,,,,2023,8.28125,,,,6.0,8.0,fase_0_7,18.0,5,-2.0,False,True
78,0,2005.0,2021,Privada - Programa de Apadrinhamento,Topázio,8.1780308688,,,3.0,Avaliador-22,,Avaliador-26,,Avaliador-7,,,,8.751,8.028404344,8.755,,7.5,6.5,6.0,10.0,,7.39,10.0,,,,2024,8.4375,,,Colégio Arco Íris Evolução,7.0,7.0,fase_0_7,19.0,3,0.0,False,False
780,0,2013.0,2022,Escola Pública,Ágata,6.955,143.0,6.0,2.0,Avaliador-13,Mantido na Fase atual,Avaliador-3,Mantido na Fase atual,,Não avaliado,,,8.0,7.6,7.5,Não atendido,6.9,6.3,7.5,,Não,7.167,5.0,Destaque: A sua boa entrega das lições de casa.,Melhorar: Empenhar-se mais nas aulas e avaliações.,Melhorar: Integrar-se mais aos Princípios Passos Mágicos.,2022,5.716000000000001,,,,0.0,1.0,fase_0_7,9.0,0,-1.0,False,True
780,0,2013.0,2022,Pública,Ametista,7.7842,,,2.0,Avaliador-13,,Avaliador-2,,,,,,9.5,8.8,3.14,,8.3,8.0,8.5,,,8.675,5.0,,,,2023,8.75,,,,0.0,2.0,fase_0_7,10.0,1,-2.0,False,True
780,0,2013.0,2022,Pública,Ametista,7.7430333333,,,2.0,Avaliador-15,,Avaliador-2,,,,,,9.502,10.0,5.63,,6.0,6.0,6.0,,,8.17,5.0,,,,2024,8.958333333,,,EM Cecilia Cristina de Oliveira Rodrigues,1.0,2.0,fase_0_7,11.0,2,-1.0,False,True
781,0,2013.0,2021,Escola Pública,Ametista,7.786,54.0,1.0,2.0,Avaliador-13,Mantido na Fase atual,Avaliador-3,Mantido na Fase atual,,Não avaliado,,,10.0,8.9,7.5,Não atendido,8.3,8.0,8.5,,Não,7.75,5.0,Destaque: A sua boa entrega das lições de casa.,Destaque: As suas boas notas na Passos Mágicos.,Destaque: A sua boa integração aos Princípios Passos Mágicos.,2022,5.459999999999994,,,,0.0,1.0,fase_0_7,9.0,1,-1.0,False,True
781,0,2013.0,2021,Pública,Topázio,8.209283333,,,3.0,Avaliador-15,,Avaliador-5,,Avaliador-2,,,,7.5,9.8,7.52,,7.9,7.0,8.8,,,9.116666667,5.0,,,,2023,8.4375,,,,1.0,2.0,fase_0_7,10.0,2,-1.0,True,True
781,0,2013.0,2021,Pública,Topázio,8.496283333400001,,,3.0,Avaliador-20,,Avaliador-19,,Avaliador-2,,,,8.002,9.75,7.51,,7.25,5.0,9.5,,,8.506666667,10.0,,,,2024,8.4375,,,EE Helio Luiz Dobrochinski Prof,2.0,2.0,fase_0_7,11.0,3,0.0,True,False
782,1,2014.0,2022,Escola Pública,Ametista,7.485,93.0,2.0,2.0,Avaliador-13,Mantido na Fase atual,Avaliador-3,Mantido na Fase atual,,Não avaliado,,,9.5,8.4,7.5,Não atendido,6.0,5.7,6.3,,Não,7.0,10.0,Destaque: A sua boa entrega das lições de casa.,Melhorar: Empenhar-se mais nas aulas e avaliações.,Melhorar: Integrar-se mais aos Princípios Passos Mágicos.,2022,5.049999999999999,,,,0.0,0.0,fase_0_7,8.0,0,0.0,False,False
782,1,2014.0,2022,Pública,Ametista,7.6812,,,2.0,Avaliador-13,,Avaliador-3,,,,,,8.5,9.8,2.52,,7.5,8.3,6.7,,,9.345,5.0,,,,2023,7.5,,,,0.0,1.0,fase_0_7,9.0,1,-1.0,True,True
782,1,2014.0,2022,Pública,Topázio,8.1896285714,,,2.0,Avaliador-15,,Avaliador-2,,,,,,9.502,7.857142856999999,7.51,,7.75,7.5,8.0,,,8.085,10.0,,,,2024,7.5,,,EM Amanda Consuelo da Cunha,1.0,1.0,fase_0_7,10.0,2,0.0,False,False
783,1,2014.0,2021,Escola Pública,Ágata,6.996,138.0,5.0,2.0,Avaliador-13,Mantido na Fase atual,Avaliador-3,Mantido na Fase atual,,Não avaliado,,,9.5,5.8,7.5,Não atendido,6.0,4.7,7.3,,Não,6.917,10.0,Melhorar: Melhorar a sua entrega de lições de casa.,Melhorar: Empenhar-se mais nas aulas e avaliações.,Melhorar: Integrar-se mais aos Princípios Passos Mágicos.,2022,5.526,,,,0.0,0.0,fase_0_7,8.0,1,0.0,False,False
783,1,2014.0,2021,Pública,Ametista,7.2922,,,2.0,Avaliador-13,,Avaliador-2,,,,,,9.5,6.8,3.77,,8.9,9.0,8.7,,,7.925,5.0,,,,2023,7.5,,,,0.0,1.0,fase_0_7,9.0,2,-1.0,False,True
784,1,2013.0,2022,Escola Pública,Topázio,8.34,14.0,1.0,2.0,Avaliador-13,Promovido de Fase,Avaliador-3,Promovido de Fase,,Não avaliado,,,9.5,10.0,7.5,Não atendido,8.2,7.8,8.5,,Não,9.25,5.0,Destaque: A sua boa entrega das lições de casa.,Destaque: As suas boas notas na Passos Mágicos.,Destaque: A sua boa integração aos Princípios Passos Mágicos.,2022,6.500000000000004,,,,0.0,1.0,fase_0_7,9.0,0,-1.0,True,True
784,0,2013.0,2022,Pública,Topázio,8.171366667,,,3.0,Avaliador-19,,Avaliador-4,,Avaliador-2,,,,10.0,9.5,7.52,,7.3,6.5,8.0,,,8.783333333,5.0,,,,2023,8.125,,,,1.0,2.0,fase_0_7,10.0,1,-1.0,False,True
784,0,2013.0,2022,Privada - Programa de Apadrinhamento,Topázio,8.8857454545,,,3.0,Avaliador-20,,Avaliador-19,,Avaliador-2,,,,8.002,9.7727272725,5.635,,8.75,8.0,9.5,,,9.4,10.0,,,,2024,9.375,,,Colégio Arco Íris Evolução,2.0,2.0,fase_0_7,11.0,2,0.0,True,False
785,0,2013.0,2022,Escola Pública,Ametista,7.642,72.0,4.0,2.0,Avaliador-13,Mantido na Fase atual,Avaliador-3,Mantido na Fase atual,,Não avaliado,,,9.0,8.6,7.5,Não atendido,8.4,8.8,8.0,,Não,7.667,5.0,Destaque: A sua boa entrega das lições de casa.,Destaque: As suas boas notas na Passos Mágicos.,Destaque: A sua boa integração aos Princípios Passos Mágicos.,2022,5.585999999999993,,,,0.0,1.0,fase_0_7,9.0,0,-1.0,False,True
785,0,2013.0,2022,Pública,Topázio,8.137866667,,,3.0,Avaliador-19,,Avaliador-4,,Avaliador-2,,,,9.0,8.5,7.52,,8.8,8.2,9.4,,,8.67,5.0,,,,2023,7.916666667,,,,1.0,2.0,fase_0_7,10.0,1,-1.0,False,True
785,0,2013.0,2022,Pública,Topázio,9.1548666666,,,3.0,Avaliador-19,,Avaliador-25,,Avaliador-2,,,,9.502,10.0,7.51,,9.0,8.0,10.0,,,8.893333333,10.0,,,,2024,8.75,,,EE Helio Luiz Dobrochinski Prof,2.0,2.0,fase_0_7,11.0,2,0.0,True,False
786,1,2011.0,2019,Escola Pública,Ágata,7.004,137.0,11.0,2.0,Avaliador-13,Mantido na Fase atual,Avaliador-3,Mantido na Fase atual,,Não avaliado,,,9.0,9.5,5.6,Não indicado,6.1,6.3,5.8,,Não,7.167,5.0,Destaque: A sua boa entrega das lições de casa.,Melhorar: Empenhar-se mais nas aulas e avaliações.,Melhorar: Integrar-se mais aos Princípios Passos Mágicos.,2022,4.905999999999997,,,,0.0,2.0,fase_0_7,11.0,3,-2.0,False,True
787,1,2014.0,2022,Escola Pública,Ametista,7.205,127.0,9.0,2.0,Avaliador-13,Mantido na Fase atual,Avaliador-3,Mantido na Fase atual,,Não avaliado,,,8.5,9.5,7.5,Não atendido,3.4,4.2,2.7,,Não,7.25,10.0,Destaque: A sua boa entrega das lições de casa.,Melhorar: Empenhar-se mais nas aulas e avaliações.,Melhorar: Integrar-se mais aos Princípios Passos Mágicos.,2022,5.750000000000002,,,,0.0,0.0,fase_0_7,8.0,0,0.0,False,False
787,1,2014.0,2022,Pública,Ametista,7.5227,,,2.0,Avaliador-13,,Avaliador-3,,,,,,9.0,9.8,7.52,,5.9,6.0,5.8,,,8.34,5.0,,,,2023,5.625,,,,0.0,1.0,fase_0_7,9.0,1,-1.0,False,True
787,1,2014.0,2022,Pública,Ametista,7.73495,,,2.0,Avaliador-12,,Avaliador-13,,,,,,9.002,9.75,7.51,,7.25,10.0,4.5,,,7.325,5.0,,,,2024,7.1875,,,EE Helio Luiz Dobrochinski Prof,0.0,1.0,fase_0_7,10.0,2,-1.0,False,True
788,1,2014.0,2021,Rede Decisão,Topázio,8.264,17.0,2.0,2.0,Avaliador-13,Promovido de Fase,Avaliador-3,Promovido de Fase,,Não avaliado,,,10.0,9.3,5.6,Requer avaliação,8.0,7.8,8.2,,Não,8.667,10.0,Destaque: A sua boa entrega das lições de casa.,Destaque: As suas boas notas na Passos Mágicos.,Destaque: A sua boa integração aos Princípios Passos Mágicos.,2022,5.105999999999984,,,,0.0,0.0,fase_0_7,8.0,1,0.0,True,False
788,1,2014.0,2021,Pública,Ametista,7.806091667,,,3.0,Avaliador-15,,Avaliador-5,,Avaliador-2,,,,7.9,9.8,2.52,,6.9,6.0,7.8,,,8.283333333,10.0,,,,2023,7.65625,,,,1.0,1.0,fase_0_7,9.0,2,0.0,False,False
788,1,2014.0,2021,Privada - Programa de Apadrinhamento,Ametista,7.9221068268,,,3.0,Avaliador-20,,Avaliador-19,,Avaliador-2,,,,8.418,9.519450801,6.26,,5.75,4.0,7.5,,,7.783333333,10.0,,,,2024,8.4375,,,Colégio Arco Íris Evolução,2.0,2.0,fase_0_7,10.0,3,0.0,False,False
789,0,2015.0,2022,Escola Pública,Ametista,7.405,108.0,7.0,2.0,Avaliador-13,Mantido na Fase atual,Avaliador-3,Mantido na Fase atual,,Não avaliado,,,9.0,9.4,7.5,Não atendido,4.2,3.7,4.7,,Não,7.417,10.0,Destaque: A sua boa entrega das lições de casa.,Melhorar: Empenhar-se mais nas aulas e avaliações.,Melhorar: Integrar-se mais aos Princípios Passos Mágicos.,2022,5.5159999999999965,,,,0.0,0.0,fase_0_7,7.0,0,0.0,False,False
789,0,2015.0,2022,Pública,Ametista,7.974,,,2.0,Avaliador-13,,Avaliador-3,,,,,,0.0,9.5,7.52,,7.9,8.5,7.2,,,10.01,10.0,,,,2023,7.5,,,,0.0,0.0,fase_0_7,8.0,1,0.0,True,False
789,0,2015.0,2022,Pública,Topázio,8.0443904763,,,2.0,Avaliador-15,,Avaliador-2,,,,,,9.002,9.047619048,7.51,,5.25,5.5,5.0,,,8.085,10.0,,,,2024,9.166666667,,,EE Helio Luiz Dobrochinski Prof,1.0,1.0,fase_0_7,9.0,2,0.0,False,False
79,0,2006.0,2018,Rede Decisão,Ágata,6.847,31.0,3.0,4.0,Avaliador-5,Promovido de Fase + Bolsa,Avaliador-27,Mantido na Fase atual,Avaliador-24,Promovido de Fase + Bolsa,Avaliador-31,Promovido de Fase,5.4,6.3,5.6,Requer avaliação,8.9,9.5,7.7,9.5,Não,7.292,5.0,Melhorar: Melhorar a sua entrega de lições de casa.,Destaque: As suas boas notas na Passos Mágicos.,Melhorar: Integrar-se mais aos Princípios Passos Mágicos.,2022,7.486000000000006,,,,5.0,6.0,fase_0_7,16.0,4,-1.0,False,True
79,0,2006.0,2018,Privada - Programa de Apadrinhamento,Agata,6.635883333,,,4.0,Avaliador-24,,Avaliador-7,,Avaliador-23,,Avaliador-8,,5.8,6.2,5.0,,7.6,6.0,7.7,9.0,,7.59,5.0,,,,2023,7.8125,,,,6.0,7.0,fase_0_7,17.0,5,-1.0,False,True
790,0,2011.0,2022,Escola Pública,Ametista,7.504,89.0,6.0,2.0,Avaliador-13,Mantido na Fase atual,Avaliador-3,Mantido na Fase atual,,Não avaliado,,,9.0,8.9,7.5,Não atendido,7.8,8.5,7.2,,Não,7.417,5.0,Destaque: A sua boa entrega das lições de casa.,Destaque: As suas boas notas na Passos Mágicos.,Melhorar: Integrar-se mais aos Princípios Passos Mágicos.,2022,5.305999999999997,,,,0.0,2.0,fase_0_7,11.0,0,-2.0,False,True
790,1,2011.0,2022,Pública,Agata,6.707666667,,,3.0,Avaliador-19,,Avaliador-4,,Avaliador-2,,,,0.0,8.1,7.52,,7.4,7.2,7.5,,,8.286666667,5.0,,,,2023,7.083333333,,,,1.0,3.0,fase_0_7,12.0,1,-2.0,False,True
790,1,2011.0,2022,Pública,Agata,6.8089355072,,,3.0,Avaliador-19,,Avaliador-25,,Avaliador-2,,,,7.502,6.811594203,7.51,,6.75,4.0,9.5,,,6.883333333,5.0,,,,2024,7.1875,,,EM Cecilia Cristina de Oliveira Rodrigues,2.0,3.0,fase_0_7,13.0,2,-1.0,False,True
791,0,2011.0,2022,Escola Pública,Ametista,7.507,88.0,5.0,2.0,Avaliador-13,Promovido de Fase,Avaliador-3,Promovido de Fase,,Não avaliado,,,9.5,8.7,7.5,Não atendido,6.5,6.3,6.7,,Não,8.5,5.0,Destaque: A sua boa entrega das lições de casa.,Melhorar: Empenhar-se mais nas aulas e avaliações.,Destaque: A sua boa integração aos Princípios Passos Mágicos.,2022,5.669999999999993,,,,0.0,2.0,fase_0_7,11.0,0,-2.0,True,True
791,0,2011.0,2022,Pública,Agata,6.247916667,,,3.0,Avaliador-15,,Avaliador-5,,Avaliador-2,,,,0.0,8.1,7.52,,5.3,6.0,4.5,,,7.723333333,5.0,,,,2023,7.8125,,,,1.0,3.0,fase_0_7,12.0,1,-2.0,False,True
792,0,2013.0,2022,Escola Pública,Ágata,7.025,136.0,10.0,2.0,Avaliador-13,Mantido na Fase atual,Avaliador-3,Mantido na Fase atual,,Não avaliado,,,9.5,8.0,7.5,Não atendido,6.2,6.5,5.8,,Não,7.167,5.0,Destaque: A sua boa entrega das lições de casa.,Melhorar: Empenhar-se mais nas aulas e avaliações.,Melhorar: Integrar-se mais aos Princípios Passos Mágicos.,2022,5.516000000000005,,,,0.0,1.0,fase_0_7,9.0,0,-1.0,False,True
792,0,2013.0,2022,Pública,Ametista,7.6267,,,2.0,Avaliador-13,,Avaliador-3,,,,,,9.0,7.7,7.52,,7.2,6.8,7.5,,,9.085,5.0,,,,2023,6.875,,,,0.0,2.0,fase_0_7,10.0,1,-2.0,True,True
792,0,2013.0,2022,Pública,Agata,6.036012253,,,2.0,Avaliador-15,,Avaliador-2,,,,,,8.502,5.2865612650000005,7.51,,3.25,6.5,0.0,,,7.075,5.0,,,,2024,8.125,,,EE Donizetti Aparecido Leite Professor,1.0,2.0,fase_0_7,11.0,2,-1.0,False,True
793,1,2012.0,2022,Escola Pública,Ágata,6.894,151.0,12.0,2.0,Avaliador-13,Mantido na Fase atual,Avaliador-3,Mantido na Fase atual,,Não avaliado,,,9.5,7.6,7.5,Não atendido,6.0,6.0,6.0,,Não,7.333,5.0,Destaque: A sua boa entrega das lições de casa.,Melhorar: Empenhar-se mais nas aulas e avaliações.,Melhorar: Integrar-se mais aos Princípios Passos Mágicos.,2022,5.074000000000005,,,,0.0,2.0,fase_0_7,10.0,0,-2.0,False,True
794,0,2014.0,2022,Escola Pública,Ametista,7.335,114.0,8.0,2.0,Avaliador-13,Mantido na Fase atual,Avaliador-3,Mantido na Fase atual,,Não avaliado,,,9.5,8.9,7.5,Não atendido,4.1,3.7,4.5,,Não,7.333,10.0,Destaque: A sua boa entrega das lições de casa.,Melhorar: Empenhar-se mais nas aulas e avaliações.,Melhorar: Integrar-se mais aos Princípios Passos Mágicos.,2022,5.683999999999996,,,,0.0,0.0,fase_0_7,8.0,0,0.0,False,False
794,0,2014.0,2022,Pública,Ametista,7.9842,,,2.0,Avaliador-13,,Avaliador-3,,,,,,9.0,9.2,7.52,,6.2,5.2,7.2,,,10.01,5.0,,,,2023,7.5,,,,0.0,1.0,fase_0_7,9.0,1,-1.0,True,True
794,0,2014.0,2022,Pública,Ametista,7.145652380900001,,,2.0,Avaliador-15,,Avaliador-2,,,,,,9.502,6.9047619045,7.51,,3.0,6.0,0.0,,,8.255,10.0,,,,2024,8.125,,,EE Helio Luiz Dobrochinski Prof,1.0,1.0,fase_0_7,10.0,2,0.0,False,False
795,0,2014.0,2022,Escola Pública,Topázio,8.064,35.0,3.0,2.0,Avaliador-13,Mantido na Fase atual,Avaliador-3,Mantido na Fase atual,,Não avaliado,,,9.0,9.7,7.5,Não atendido,7.3,8.0,6.5,,Não,7.333,10.0,Destaque: A sua boa entrega das lições de casa.,Melhorar: Empenhar-se mais nas aulas e avaliações.,Melhorar: Integrar-se mais aos Princípios Passos Mágicos.,2022,5.473999999999997,,,,0.0,0.0,fase_0_7,8.0,0,0.0,False,False
795,0,2014.0,2022,Pública,Topázio,8.4642,,,2.0,Avaliador-13,,Avaliador-3,,,,,,9.0,9.6,7.52,,8.2,8.7,7.7,,,10.01,5.0,,,,2023,7.5,,,,0.0,1.0,fase_0_7,9.0,1,-1.0,True,True
795,0,2014.0,2022,Pública,Topázio,8.441414285700002,,,2.0,Avaliador-15,,Avaliador-2,,,,,,9.502,9.761904762,6.26,,9.5,10.0,9.0,,,8.085,5.0,,,,2024,8.958333333,,,EE Helio Luiz Dobrochinski Prof,1.0,2.0,fase_0_7,10.0,2,-1.0,False,True
796,0,2012.0,2022,Escola Pública,Ametista,7.232,123.0,3.0,2.0,Avaliador-13,Mantido na Fase atual,Avaliador-3,Mantido na Fase atual,,Não avaliado,,,9.5,9.3,7.5,Não atendido,5.4,5.8,5.0,,Não,7.667,5.0,Destaque: A sua boa entrega das lições de casa.,Melhorar: Empenhar-se mais nas aulas e avaliações.,Destaque: A sua boa integração aos Princípios Passos Mágicos.,2022,5.585999999999993,,,,0.0,2.0,fase_0_7,10.0,0,-2.0,False,True
796,0,2012.0,2022,Pública,Ametista,7.462866667,,,3.0,Avaliador-15,,Avaliador-5,,Avaliador-2,,,,9.0,9.8,6.27,,5.5,5.0,6.0,,,8.336666667,5.0,,,,2023,7.083333333,,,,1.0,2.0,fase_0_7,11.0,1,-1.0,False,True
796,0,2012.0,2022,Pública,Ametista,7.052457703200001,,,3.0,Avaliador-20,,Avaliador-19,,Avaliador-2,,,,8.502,8.2212885155,7.51,,5.25,3.0,7.5,,,7.326666667,5.0,,,,2024,7.916666667,,,EE Donizetti Aparecido Leite Professor,2.0,3.0,fase_0_7,12.0,2,-1.0,False,True
797,1,2012.0,2021,Escola Pública,Ametista,7.217,126.0,4.0,2.0,Avaliador-13,Promovido de Fase,Avaliador-3,Promovido de Fase,,Não avaliado,,,9.0,8.5,7.5,Não atendido,7.3,8.2,6.5,,Não,7.5,5.0,Destaque: A sua boa entrega das lições de casa.,Melhorar: Empenhar-se mais nas aulas e avaliações.,Destaque: A sua boa integração aos Princípios Passos Mágicos.,2022,4.069999999999991,,,,0.0,2.0,fase_0_7,10.0,1,-2.0,False,True
797,1,2012.0,2021,Pública,Ametista,7.373033333,,,3.0,Avaliador-15,,Avaliador-5,,Avaliador-2,,,,8.5,8.6,7.52,,7.5,7.0,8.0,,,7.233333333,5.0,,,,2023,6.041666667,,,,1.0,2.0,fase_0_7,11.0,2,-1.0,False,True
797,1,2012.0,2021,Pública,Agata,6.597315151500001,,,3.0,Avaliador-20,,Avaliador-19,,Avaliador-2,,,,9.168,4.840909091,7.51,,7.25,8.0,6.5,,,6.723333333,5.0,,,,2024,6.666666667,,,EE Donizetti Aparecido Leite Professor,2.0,3.0,fase_0_7,12.0,3,-1.0,False,True
798,1,2012.0,2022,Escola Pública,Ametista,7.049,135.0,5.0,2.0,Avaliador-13,Mantido na Fase atual,Avaliador-3,Mantido na Fase atual,,Não avaliado,,,8.0,8.3,7.5,Não atendido,6.3,7.0,5.7,,Não,7.667,5.0,Destaque: A sua boa entrega das lições de casa.,Melhorar: Empenhar-se mais nas aulas e avaliações.,Destaque: A sua boa integração aos Princípios Passos Mágicos.,2022,5.456000000000003,,,,0.0,2.0,fase_0_7,10.0,0,-2.0,False,True
798,1,2012.0,2022,Privada - Programa de Apadrinhamento,Ametista,7.018033333,,,3.0,Avaliador-15,,Avaliador-5,,Avaliador-2,,,,9.0,8.1,7.52,,6.1,4.3,7.8,,,6.95,5.0,,,,2023,6.458333333,,,,1.0,2.0,fase_0_7,11.0,1,-1.0,False,True
798,1,2012.0,2022,Pública,Quartzo,4.6743653679,,,3.0,Avaliador-19,,Avaliador-25,,Avaliador-2,,,,6.834,3.5064935065,7.51,,4.75,4.0,5.5,,,2.943333333,5.0,,,,2024,5.0,,,EE Maria André Schunck Dona,2.0,3.0,fase_0_7,12.0,2,-1.0,False,True
799,0,2012.0,2022,Escola Pública,Ametista,7.676,65.0,2.0,2.0,Avaliador-13,Promovido de Fase,Avaliador-3,Mantido na Fase atual,,Não avaliado,,,8.0,9.6,7.5,Não atendido,7.8,8.5,7.2,,Não,7.917,5.0,Destaque: A sua boa entrega das lições de casa.,Destaque: As suas boas notas na Passos Mágicos.,Destaque: A sua boa integração aos Princípios Passos Mágicos.,2022,5.625999999999998,,,,0.0,2.0,fase_0_7,10.0,0,-2.0,False,True
799,0,2012.0,2022,Pública,Topázio,8.061533333,,,3.0,Avaliador-15,,Avaliador-5,,Avaliador-2,,,,9.5,9.6,5.64,,8.3,7.8,8.8,,,8.17,5.0,,,,2023,8.333333333,,,,1.0,2.0,fase_0_7,11.0,1,-1.0,False,True
799,0,2012.0,2022,Pública,Ametista,7.702648484900001,,,3.0,Avaliador-20,,Avaliador-19,,Avaliador-2,,,,7.918,9.090909091,7.51,,5.25,5.0,5.5,,,7.5,10.0,,,,2024,7.916666667,,,EE Maria André Schunck Dona,2.0,2.0,fase_0_7,12.0,2,0.0,False,False
8,0,2002.0,2018,Escola Pública,Quartzo,4.786,21.0,13.0,4.0,Avaliador-5,Mantido na Fase atual,Avaliador-27,Mantido na Fase atual,Avaliador-28,Mantido na Fase atual,Avaliador-31,Mantido na Fase atual,7.1,4.6,6.3,Requer avaliação,1.6,1.2,0.7,2.9,Não,6.278,5.0,Melhorar: Melhorar a sua entrega de lições de casa.,Melhorar: Empenhar-se mais nas aulas e avaliações.,Melhorar: Integrar-se mais aos Princípios Passos Mágicos.,2022,4.5039999999999925,,,,7.0,8.0,fase_0_7,20.0,4,-1.0,False,True
80,0,2006.0,2017,Rede Decisão,Ametista,7.29,26.0,6.0,4.0,Avaliador-6,Promovido de Fase + Bolsa,Avaliador-27,Mantido na Fase atual,Avaliador-24,Promovido de Fase + Bolsa,Avaliador-31,Promovido de Fase,9.2,8.3,5.0,Requer avaliação,7.1,6.5,7.7,7.3,Não,7.625,5.0,Destaque: A sua boa entrega das lições de casa.,Melhorar: Empenhar-se mais nas aulas e avaliações.,Destaque: A sua boa integração aos Princípios Passos Mágicos.,2022,7.649999999999997,,,,5.0,6.0,fase_0_7,16.0,5,-1.0,False,True
80,0,2006.0,2017,Privada - Programa de Apadrinhamento,Ametista,7.252275,,,4.0,Avaliador-24,,Avaliador-7,,Avaliador-23,,Avaliador-8,,8.3,8.4,6.89,,6.3,8.2,5.7,5.0,,7.465,5.0,,,,2023,7.96875,,,,6.0,7.0,fase_0_7,17.0,6,-1.0,False,True
80,0,2006.0,2021,Privada - Programa de Apadrinhamento,Topázio,8.131659175733333,,,3.0,Avaliador-22,,Avaliador-26,,Avaliador-7,,,,8.751,7.8961292116666675,8.13,,7.0,5.0,6.0,10.0,,7.946666667,10.0,,,,2024,8.75,,,Colégio Arco Íris Evolução,7.0,7.0,fase_0_7,18.0,3,0.0,False,False
800,1,2014.0,2022,Escola Pública,Ágata,6.818,157.0,8.0,2.0,Avaliador-13,Mantido na Fase atual,Avaliador-3,Mantido na Fase atual,,Não avaliado,,,8.0,5.4,7.5,Não atendido,6.1,6.3,5.8,,Não,7.5,10.0,Melhorar: Melhorar a sua entrega de lições de casa.,Melhorar: Empenhar-se mais nas aulas e avaliações.,Melhorar: Integrar-se mais aos Princípios Passos Mágicos.,2022,4.68,,,,0.0,0.0,fase_0_7,8.0,0,0.0,False,False
801,1,2013.0,2022,Escola Pública,Ágata,6.644,167.0,9.0,2.0,Avaliador-13,Mantido na Fase atual,Avaliador-3,Mantido na Fase atual,,Não avaliado,,,7.0,6.6,7.5,Não atendido,6.8,7.2,6.3,,Não,7.5,5.0,Melhorar: Melhorar a sua entrega de lições de casa.,Melhorar: Empenhar-se mais nas aulas e avaliações.,Melhorar: Integrar-se mais aos Princípios Passos Mágicos.,2022,5.1399999999999935,,,,0.0,1.0,fase_0_7,9.0,0,-1.0,False,True
801,1,2013.0,2022,Pública,Agata,6.8735,,,3.0,Avaliador-15,,Avaliador-5,,Avaliador-2,,,,0.0,7.5,7.52,,7.6,6.8,8.3,,,7.12,10.0,,,,2023,6.875,,,,1.0,1.0,fase_0_7,10.0,1,0.0,False,False
801,1,2013.0,2022,Pública,Agata,6.6752,,,4.0,Avaliador-18,,Avaliador-17,,Avaliador-15,,Avaliador-2,,9.002,5.75,7.51,,8.0,7.0,9.0,,,5.745,5.0,,,,2024,6.25,,,EE Luiz Schunck,1.0,2.0,fase_0_7,11.0,2,-1.0,False,True
802,1,2013.0,2021,Escola Pública,Ametista,7.831,51.0,1.0,2.0,Avaliador-13,Promovido de Fase,Avaliador-3,Promovido de Fase,,Não avaliado,,,9.0,9.0,7.5,Não atendido,8.3,9.0,7.5,,Não,8.333,5.0,Destaque: A sua boa entrega das lições de casa.,Destaque: As suas boas notas na Passos Mágicos.,Destaque: A sua boa integração aos Princípios Passos Mágicos.,2022,5.544000000000002,,,,0.0,1.0,fase_0_7,9.0,1,-1.0,False,True
802,1,2013.0,2021,Pública,Topázio,8.126866667,,,3.0,Avaliador-15,,Avaliador-5,,Avaliador-2,,,,8.0,9.3,7.52,,9.4,9.3,9.5,,,7.506666667,5.0,,,,2023,8.333333333,,,,1.0,2.0,fase_0_7,10.0,2,-1.0,False,True
802,1,2013.0,2021,Pública,Ametista,7.831797402499999,,,3.0,Avaliador-19,,Avaliador-25,,Avaliador-2,,,,7.502,7.012987013,7.51,,8.75,9.0,8.5,,,6.723333333,10.0,,,,2024,8.333333333,,,EE Maria André Schunck Dona,2.0,2.0,fase_0_7,11.0,3,0.0,False,False
803,0,2012.0,2022,Escola Pública,Ágata,6.98,141.0,6.0,2.0,Avaliador-13,Mantido na Fase atual,Avaliador-3,Mantido na Fase atual,,Não avaliado,,,10.0,7.2,7.5,Sem limitações,6.3,6.5,6.0,,Não,7.417,5.0,Melhorar: Melhorar a sua entrega de lições de casa.,Melhorar: Empenhar-se mais nas aulas e avaliações.,Melhorar: Integrar-se mais aos Princípios Passos Mágicos.,2022,5.4659999999999975,,,,0.0,2.0,fase_0_7,10.0,0,-2.0,False,True
804,1,2012.0,2022,Escola Pública,Ágata,6.848,153.0,7.0,2.0,Avaliador-13,Mantido na Fase atual,Avaliador-3,Mantido na Fase atual,,Não avaliado,,,10.0,8.4,6.3,Não atendido,4.8,5.5,4.0,,Não,7.667,5.0,Destaque: A sua boa entrega das lições de casa.,Melhorar: Empenhar-se mais nas aulas e avaliações.,Destaque: A sua boa integração aos Princípios Passos Mágicos.,2022,5.445999999999991,,,,0.0,2.0,fase_0_7,10.0,0,-2.0,False,True
804,1,2012.0,2022,Pública,Ametista,7.2352,,,3.0,Avaliador-15,,Avaliador-5,,Avaliador-2,,,,10.0,8.6,6.27,,6.9,6.2,7.5,,,7.173333333,5.0,,,,2023,5.833333333,,,,1.0,2.0,fase_0_7,11.0,1,-1.0,False,True
805,1,2014.0,2021,Escola Pública,Topázio,8.279,16.0,2.0,2.0,Avaliador-11,Promovido de Fase,Avaliador-3,Mantido na Fase atual,,Não avaliado,,,9.5,9.0,7.5,Sem limitações,8.8,8.7,8.9,,Não,7.333,10.0,Destaque: A sua boa entrega das lições de casa.,Destaque: As suas boas notas na Passos Mágicos.,Melhorar: Integrar-se mais aos Princípios Passos Mágicos.,2022,5.523999999999987,,,,0.0,0.0,fase_0_7,8.0,1,0.0,False,False
805,1,2014.0,2021,Pública,Agata,6.492,,,2.0,Avaliador-13,,Avaliador-3,,,,,,0.0,9.1,7.52,,6.8,6.8,6.8,,,7.175,5.0,,,,2023,6.25,,,,0.0,1.0,fase_0_7,9.0,2,-1.0,False,True
805,1,2014.0,2021,Pública,Agata,6.9375869048,,,4.0,Avaliador-18,,Avaliador-17,,Avaliador-15,,Avaliador-2,,8.502,9.523809524,4.38,,6.0,7.0,5.0,,,6.7075,5.0,,,,2024,7.03125,,,EE Luiz Schunck,1.0,2.0,fase_0_7,10.0,3,-1.0,False,True
806,1,2014.0,2022,Escola Pública,Ametista,7.561,82.0,5.0,2.0,Avaliador-11,Mantido na Fase atual,Avaliador-3,Mantido na Fase atual,,Não avaliado,,,9.5,7.3,7.5,Sem limitações,6.6,5.0,8.2,,Não,7.917,10.0,Melhorar: Melhorar a sua entrega de lições de casa.,Melhorar: Empenhar-se mais nas aulas e avaliações.,Destaque: A sua boa integração aos Princípios Passos Mágicos.,2022,4.975999999999994,,,,0.0,0.0,fase_0_7,8.0,0,0.0,False,False
806,1,2014.0,2022,Pública,Ametista,7.2937,,,2.0,Avaliador-13,,Avaliador-3,,,,,,8.5,8.3,6.27,,7.8,7.8,7.7,,,7.095,5.0,,,,2023,6.875,,,,0.0,1.0,fase_0_7,9.0,1,-1.0,False,True
806,1,2014.0,2022,Pública,Agata,6.972777380900001,,,4.0,Avaliador-18,,Avaliador-17,,Avaliador-15,,Avaliador-2,,8.502,6.9047619045,7.51,,6.75,6.5,7.0,,,6.875,5.0,,,,2024,7.65625,,,EE Luiz Schunck,1.0,2.0,fase_0_7,10.0,2,-1.0,False,True
807,1,2014.0,2022,Escola Pública,Topázio,8.121,31.0,3.0,2.0,Avaliador-11,Promovido de Fase,Avaliador-3,Mantido na Fase atual,,Não avaliado,,,9.5,8.7,6.3,Sem limitações,9.0,9.5,8.6,,Não,7.5,10.0,Destaque: A sua boa entrega das lições de casa.,Destaque: As suas boas notas na Passos Mágicos.,Destaque: A sua boa integração aos Princípios Passos Mágicos.,2022,5.010000000000003,,,,0.0,0.0,fase_0_7,8.0,0,0.0,False,False
807,1,2014.0,2022,Pública,Ametista,7.8632,,,2.0,Avaliador-13,,Avaliador-3,,,,,,9.5,9.1,7.52,,8.0,8.3,7.7,,,8.08,5.0,,,,2023,6.25,,,,0.0,1.0,fase_0_7,9.0,1,-1.0,False,True
807,1,2014.0,2022,Pública,Ametista,7.797628571400001,,,4.0,Avaliador-18,,Avaliador-17,,Avaliador-15,,Avaliador-2,,9.002,7.857142856999999,7.51,,7.0,6.0,8.0,,,7.125,10.0,,,,2024,7.5,,,EE Luiz Schunck,1.0,1.0,fase_0_7,10.0,2,0.0,False,False
808,1,2014.0,2022,Escola Pública,Topázio,8.361,12.0,1.0,2.0,Avaliador-11,Promovido de Fase,Avaliador-3,Mantido na Fase atual,,Não avaliado,,,10.0,9.1,6.3,Sem limitações,9.3,9.7,8.8,,Não,8.0,10.0,Destaque: A sua boa entrega das lições de casa.,Destaque: As suas boas notas na Passos Mágicos.,Destaque: A sua boa integração aos Princípios Passos Mágicos.,2022,4.510000000000005,,,,0.0,0.0,fase_0_7,8.0,0,0.0,False,False
808,1,2014.0,2022,Pública,Topázio,8.1932,,,2.0,Avaliador-13,,Avaliador-3,,,,,,10.0,10.0,2.52,,8.7,8.7,8.7,,,9.755,5.0,,,,2023,7.5,,,,0.0,1.0,fase_0_7,9.0,1,-1.0,True,True
808,1,2014.0,2022,Pública,Topázio,8.7897,,,4.0,Avaliador-18,,Avaliador-17,,Avaliador-15,,Avaliador-2,,9.002,10.0,7.51,,8.75,7.5,10.0,,,7.88,10.0,,,,2024,8.125,,,EE Luiz Schunck,1.0,1.0,fase_0_7,10.0,2,0.0,False,False
809,1,2015.0,2022,Escola Pública,Ametista,7.259,120.0,7.0,2.0,Avaliador-11,Mantido na Fase atual,Avaliador-3,Mantido na Fase atual,,Não avaliado,,,10.0,6.6,6.3,Sem limitações,6.3,5.5,7.1,,Não,7.417,10.0,Melhorar: Melhorar a sua entrega de lições de casa.,Melhorar: Empenhar-se mais nas aulas e avaliações.,Melhorar: Integrar-se mais aos Princípios Passos Mágicos.,2022,5.655999999999999,,,,0.0,0.0,fase_0_7,7.0,0,0.0,False,False
81,0,2008.0,2017,Rede Decisão,Ametista,7.675,14.0,2.0,4.0,Avaliador-6,Promovido de Fase + Bolsa,Avaliador-27,Mantido na Fase atual,Avaliador-24,Mantido na Fase + Bolsa,Avaliador-31,Promovido de Fase + Bolsa,9.2,9.2,5.0,Requer avaliação,6.0,5.5,5.2,7.3,Não,7.458,10.0,Destaque: A sua boa entrega das lições de casa.,Melhorar: Empenhar-se mais nas aulas e avaliações.,Melhorar: Integrar-se mais aos Princípios Passos Mágicos.,2022,7.233999999999998,,,,5.0,4.0,fase_0_7,14.0,5,1.0,False,False
81,0,2008.0,2017,Privada - Programa de Apadrinhamento,Ametista,7.45425,,,4.0,Avaliador-24,,Avaliador-7,,Avaliador-23,,Avaliador-8,,9.6,8.8,2.52,,6.3,8.7,4.7,5.5,,7.2125,10.0,,,,2023,7.8125,,,,5.0,5.0,fase_0_7,15.0,6,0.0,False,False
81,0,2008.0,2021,Privada - Programa de Apadrinhamento,Topázio,8.256566666666668,,,5.0,Avaliador-23,,Avaliador-24,,Avaliador-26,,Avaliador-1,,9.168,9.333333333333334,6.26,,7.5,9.0,6.5,7.0,,7.798,10.0,,,,2024,7.875,Avaliador-7,,Colégio Arco Íris Evolução,6.0,6.0,fase_0_7,16.0,3,0.0,False,False
810,1,2014.0,2021,Escola Pública,Ametista,7.887,47.0,4.0,2.0,Avaliador-11,Promovido de Fase,Avaliador-3,Mantido na Fase atual,,Não avaliado,,,8.5,9.1,5.0,Não indicado,9.6,9.7,9.5,,Não,7.25,10.0,Destaque: A sua boa entrega das lições de casa.,Destaque: As suas boas notas na Passos Mágicos.,Melhorar: Integrar-se mais aos Princípios Passos Mágicos.,2022,3.469999999999996,,,,0.0,0.0,fase_0_7,8.0,1,0.0,False,False
810,1,2014.0,2021,Pública,Ametista,7.782866667,,,3.0,Avaliador-15,,Avaliador-5,,Avaliador-2,,,,8.0,8.5,7.52,,6.9,6.3,7.5,,,7.836666667,10.0,,,,2023,5.833333333,,,,1.0,1.0,fase_0_7,9.0,2,0.0,False,False
810,1,2014.0,2021,Pública,Ametista,7.704770175400001,,,4.0,Avaliador-3,,Avaliador-18,,Avaliador-17,,Avaliador-15,,7.502,9.4736842105,5.635,,9.0,8.0,10.0,,,7.7525,5.0,,,,2024,6.458333333,,,EE Helio Luiz Dobrochinski Prof,1.0,2.0,fase_0_7,10.0,3,-1.0,False,True
811,0,2013.0,2021,Escola Pública,Ágata,6.575,170.0,8.0,2.0,Avaliador-11,Promovido de Fase,Avaliador-3,Mantido na Fase atual,,Não avaliado,,,8.9,5.7,5.6,Sem limitações,7.3,8.9,5.7,,Não,7.667,5.0,Melhorar: Melhorar a sua entrega de lições de casa.,Melhorar: Empenhar-se mais nas aulas e avaliações.,Destaque: A sua boa integração aos Princípios Passos Mágicos.,2022,4.916,,,,0.0,1.0,fase_0_7,9.0,1,-1.0,False,True
812,1,2014.0,2022,Escola Pública,Ametista,7.497,90.0,6.0,2.0,Avaliador-11,Mantido na Fase atual,Avaliador-3,Mantido na Fase atual,,Não avaliado,,,9.0,8.1,5.6,Sem limitações,7.4,8.3,6.6,,Não,7.333,10.0,Destaque: A sua boa entrega das lições de casa.,Melhorar: Empenhar-se mais nas aulas e avaliações.,Melhorar: Integrar-se mais aos Princípios Passos Mágicos.,2022,4.703999999999997,,,,0.0,0.0,fase_0_7,8.0,0,0.0,False,False
812,1,2014.0,2022,Pública,Topázio,8.0357,,,2.0,Avaliador-13,,Avaliador-3,,,,,,9.5,9.1,7.52,,5.8,6.3,5.3,,,8.33,10.0,,,,2023,6.875,,,,0.0,0.0,fase_0_7,9.0,1,0.0,False,False
813,1,2014.0,2022,Escola Pública,Ametista,7.093,134.0,6.0,2.0,Avaliador-13,Mantido na Fase atual,Avaliador-3,Mantido na Fase atual,,Não avaliado,,,9.5,6.5,6.9,Sem limitações,6.0,6.7,5.3,,Não,7.417,10.0,Melhorar: Melhorar a sua entrega de lições de casa.,Melhorar: Empenhar-se mais nas aulas e avaliações.,Melhorar: Integrar-se mais aos Princípios Passos Mágicos.,2022,4.695999999999998,,,,0.0,0.0,fase_0_7,8.0,0,0.0,False,False
813,1,2014.0,2022,Pública,Ametista,7.5867,,,3.0,Avaliador-15,,Avaliador-5,,Avaliador-2,,,,9.5,8.4,7.52,,3.9,2.3,5.5,,,8.06,10.0,,,,2023,8.125,,,,1.0,1.0,fase_0_7,9.0,1,0.0,False,False
814,1,2013.0,2022,Escola Pública,Ametista,7.592,77.0,4.0,2.0,Avaliador-13,Promovido de Fase,Avaliador-3,Promovido de Fase,,Não avaliado,,,8.9,9.0,6.9,Requer avaliação,7.5,7.8,7.2,,Não,8.417,5.0,Destaque: A sua boa entrega das lições de casa.,Destaque: As suas boas notas na Passos Mágicos.,Destaque: A sua boa integração aos Princípios Passos Mágicos.,2022,5.286,,,,0.0,1.0,fase_0_7,9.0,0,-1.0,True,True
814,1,2013.0,2022,Pública,Topázio,8.367866667,,,3.0,Avaliador-15,,Avaliador-5,,Avaliador-2,,,,9.5,9.6,6.89,,8.2,7.8,8.5,,,9.226666667,5.0,,,,2023,8.333333333,,,,1.0,2.0,fase_0_7,10.0,1,-1.0,True,True
814,1,2013.0,2022,Pública,Ametista,7.971648484800001,,,3.0,Avaliador-20,,Avaliador-19,,Avaliador-2,,,,7.418,9.090909091,7.51,,7.5,8.0,7.0,,,7.053333333,10.0,,,,2024,7.5,,,EE Donizetti Aparecido Leite Professor,2.0,2.0,fase_0_7,11.0,2,0.0,False,False
815,1,2013.0,2022,Escola Pública,Ágata,6.81,158.0,7.0,2.0,Avaliador-13,Mantido na Fase atual,Avaliador-3,Mantido na Fase atual,,Não avaliado,,,10.0,7.9,5.6,Requer avaliação,6.5,7.7,5.3,,Não,7.0,5.0,Destaque: A sua boa entrega das lições de casa.,Melhorar: Empenhar-se mais nas aulas e avaliações.,Melhorar: Integrar-se mais aos Princípios Passos Mágicos.,2022,4.6999999999999975,,,,0.0,1.0,fase_0_7,9.0,0,-1.0,False,True
815,1,2013.0,2022,Pública,Agata,6.122166667,,,3.0,Avaliador-15,,Avaliador-5,,Avaliador-2,,,,0.0,8.6,5.02,,6.5,7.0,6.0,,,7.063333333,5.0,,,,2023,6.875,,,,1.0,2.0,fase_0_7,10.0,1,-1.0,False,True
816,0,2013.0,2022,Escola Pública,Topázio,8.513,6.0,1.0,2.0,Avaliador-13,Promovido de Fase + Bolsa,Avaliador-3,Promovido de Fase,,Não avaliado,,,10.0,9.3,7.5,Sem limitações,9.6,9.5,9.7,,Sim,9.417,5.0,Destaque: A sua boa entrega das lições de casa.,Destaque: As suas boas notas na Passos Mágicos.,Destaque: A sua boa integração aos Princípios Passos Mágicos.,2022,5.995999999999997,,,,0.0,1.0,fase_0_7,9.0,0,-1.0,True,True
816,0,2013.0,2022,Pública,Topázio,8.5572,,,3.0,Avaliador-15,,Avaliador-5,,Avaliador-2,,,,7.5,9.8,7.52,,8.9,7.8,10.0,,,9.283333333,5.0,,,,2023,9.583333333,,,,1.0,2.0,fase_0_7,10.0,1,-1.0,True,True
816,0,2013.0,2022,Privada - Programa de Apadrinhamento,Topázio,8.929745454599999,,,3.0,Avaliador-20,,Avaliador-19,,Avaliador-2,,,,7.002,9.7727272725,7.51,,9.25,8.5,10.0,,,8.786666667,10.0,,,,2024,9.166666667,,,Colégio Arco Íris Evolução,2.0,2.0,fase_0_7,11.0,2,0.0,True,False
817,0,2014.0,2022,Escola Pública,Ametista,7.819,52.0,2.0,2.0,Avaliador-13,Mantido na Fase atual,Avaliador-3,Mantido na Fase atual,,Não avaliado,,,10.0,8.7,6.3,Requer avaliação,7.1,7.7,6.5,,Não,7.417,10.0,Destaque: A sua boa entrega das lições de casa.,Melhorar: Empenhar-se mais nas aulas e avaliações.,Melhorar: Integrar-se mais aos Princípios Passos Mágicos.,2022,5.455999999999994,,,,0.0,0.0,fase_0_7,8.0,0,0.0,False,False
817,0,2014.0,2022,Pública,Ametista,7.8597,,,3.0,Avaliador-15,,Avaliador-5,,Avaliador-2,,,,9.5,8.8,6.89,,5.4,5.0,5.7,,,7.89,10.0,,,,2023,8.125,,,,1.0,1.0,fase_0_7,9.0,1,0.0,False,False
818,1,2015.0,2022,Escola Pública,Ametista,7.483,95.0,5.0,2.0,Avaliador-13,Mantido na Fase atual,Avaliador-3,Mantido na Fase atual,,Não avaliado,,,9.5,7.3,7.5,Sem limitações,6.2,6.5,5.8,,Não,7.5,10.0,Melhorar: Melhorar a sua entrega de lições de casa.,Melhorar: Empenhar-se mais nas aulas e avaliações.,Melhorar: Integrar-se mais aos Princípios Passos Mágicos.,2022,5.829999999999993,,,,0.0,0.0,fase_0_7,7.0,0,0.0,False,False
818,1,2015.0,2022,Pública,Ametista,7.997366667,,,3.0,Avaliador-15,,Avaliador-5,,Avaliador-2,,,,10.0,8.4,7.52,,6.2,5.5,6.8,,,7.613333333,10.0,,,,2023,8.125,,,,1.0,0.0,fase_0_7,8.0,1,1.0,False,False
819,1,2014.0,2022,Escola Pública,Ametista,7.741,59.0,3.0,2.0,Avaliador-13,Mantido na Fase atual,Avaliador-3,Mantido na Fase atual,,Não avaliado,,,10.0,7.9,7.5,Sem limitações,7.3,8.0,6.5,,Não,7.333,10.0,Destaque: A sua boa entrega das lições de casa.,Melhorar: Empenhar-se mais nas aulas e avaliações.,Melhorar: Integrar-se mais aos Princípios Passos Mágicos.,2022,4.843999999999991,,,,0.0,0.0,fase_0_7,8.0,0,0.0,False,False
819,1,2014.0,2022,Pública,Ametista,7.944833333,,,3.0,Avaliador-15,,Avaliador-5,,Avaliador-2,,,,0.0,8.3,7.52,,9.5,9.7,9.3,,,8.893333333,10.0,,,,2023,8.541666667,,,,1.0,1.0,fase_0_7,9.0,1,0.0,False,False
819,1,2014.0,2022,Pública,Topázio,8.652552484400001,,,3.0,Avaliador-19,,Avaliador-25,,Avaliador-2,,,,10.002,7.784679089,7.51,,9.0,8.0,10.0,,,8.503333333,10.0,,,,2024,8.4375,,,Estuda em outra cidade,2.0,1.0,fase_0_7,10.0,2,1.0,True,False
82,0,2005.0,2022,Escola Pública,Ágata,6.596,37.0,9.0,4.0,Avaliador-6,Promovido de Fase,Avaliador-27,Mantido na Fase atual,Avaliador-24,Promovido de Fase + Bolsa,Avaliador-31,Mantido na Fase atual,8.8,6.8,7.5,Não atendido,5.5,6.0,5.0,,Sim,6.417,5.0,Melhorar: Melhorar a sua entrega de lições de casa.,Melhorar: Empenhar-se mais nas aulas e avaliações.,Melhorar: Integrar-se mais aos Princípios Passos Mágicos.,2022,7.225999999999999,,,,5.0,7.0,fase_0_7,17.0,0,-2.0,False,True
820,1,2013.0,2022,Escola Pública,Ametista,7.417,103.0,1.0,2.0,Avaliador-13,Mantido na Fase atual,Avaliador-3,Mantido na Fase atual,,Não avaliado,,,9.5,10.0,6.9,Sem limitações,6.0,7.7,4.3,,Não,7.583,5.0,Destaque: A sua boa entrega das lições de casa.,Melhorar: Empenhar-se mais nas aulas e avaliações.,Destaque: A sua boa integração aos Princípios Passos Mágicos.,2022,5.603999999999987,,,,0.0,1.0,fase_0_7,9.0,0,-1.0,False,True
820,1,2013.0,2022,Pública,Ametista,7.85605,,,3.0,Avaliador-15,,Avaliador-5,,Avaliador-2,,,,7.9,7.4,7.52,,8.9,9.2,8.5,,,8.28,5.0,,,,2023,9.0625,,,,1.0,2.0,fase_0_7,10.0,1,-1.0,False,True
820,1,2013.0,2022,Pública,Ametista,7.426572549100001,,,3.0,Avaliador-19,,Avaliador-17,,Avaliador-2,,,,10.002,6.573529412,7.51,,6.25,6.0,6.5,,,6.386666667,10.0,,,,2024,8.333333333,,,EE Dom Pedro Villas Boas de Souza,2.0,2.0,fase_0_7,11.0,2,0.0,False,False
821,1,2012.0,2022,Escola Pública,Ágata,6.342,174.0,5.0,2.0,Avaliador-13,Mantido na Fase atual,Avaliador-3,Mantido na Fase atual,,Não avaliado,,,9.0,7.0,7.5,Não atendido,4.6,5.2,4.0,,Não,6.917,5.0,Melhorar: Melhorar a sua entrega de lições de casa.,Melhorar: Empenhar-se mais nas aulas e avaliações.,Melhorar: Integrar-se mais aos Princípios Passos Mágicos.,2022,4.88599999999999,,,,0.0,2.0,fase_0_7,10.0,0,-2.0,False,True
821,1,2012.0,2022,Pública,Agata,6.643866666600001,,,3.0,Avaliador-19,,Avaliador-5,,Avaliador-2,,,,8.502,5.9166666665,7.51,,4.25,4.5,4.0,,,6.713333333,10.0,,,,2024,6.666666667,,,EE Mario Francisco de Amorim,2.0,2.0,fase_0_7,12.0,2,0.0,False,False
822,1,2012.0,2022,Escola Pública,Ágata,6.922,148.0,3.0,2.0,Avaliador-13,Mantido na Fase atual,Avaliador-3,Mantido na Fase atual,,Não avaliado,,,8.0,8.4,7.5,Não atendido,6.1,6.5,5.7,,Não,7.083,5.0,Destaque: A sua boa entrega das lições de casa.,Melhorar: Empenhar-se mais nas aulas e avaliações.,Melhorar: Integrar-se mais aos Princípios Passos Mágicos.,2022,5.553999999999997,,,,0.0,2.0,fase_0_7,10.0,0,-2.0,False,True
822,1,2012.0,2022,Pública,Agata,6.4497,,,2.0,Avaliador-13,,Avaliador-3,,,,,,8.5,8.4,2.52,,7.1,8.0,6.2,,,5.925,5.0,,,,2023,5.625,,,,0.0,2.0,fase_0_7,11.0,1,-2.0,False,True
822,1,2012.0,2022,Pública,Quartzo,5.2645678524,,,3.0,Avaliador-3,,Avaliador-16,,Avaliador-15,,,,0.0,4.6245059285,5.01,,6.75,7.5,6.0,,,6.61,5.0,,,,2024,6.666666667,,,EE João Ortiz Rodrigues,1.0,3.0,fase_0_7,12.0,2,-2.0,False,True
823,0,2012.0,2021,Escola Pública,Quartzo,5.989,181.0,6.0,2.0,Avaliador-13,Mantido na Fase atual,Avaliador-3,Mantido na Fase atual,,Não avaliado,,,10.0,6.0,7.5,Não atendido,2.8,4.0,1.7,,Não,7.167,5.0,Melhorar: Melhorar a sua entrega de lições de casa.,Melhorar: Empenhar-se mais nas aulas e avaliações.,Melhorar: Integrar-se mais aos Princípios Passos Mágicos.,2022,5.456000000000003,,,,0.0,2.0,fase_0_7,10.0,1,-2.0,False,True
824,1,2014.0,2022,Escola Pública,Ágata,6.799,159.0,4.0,2.0,Avaliador-13,Mantido na Fase atual,Avaliador-3,Mantido na Fase atual,,Não avaliado,,,10.0,4.4,6.9,Sem limitações,6.0,7.0,5.0,,Não,7.333,10.0,Melhorar: Melhorar a sua entrega de lições de casa.,Melhorar: Empenhar-se mais nas aulas e avaliações.,Melhorar: Integrar-se mais aos Princípios Passos Mágicos.,2022,5.6239999999999934,,,,0.0,0.0,fase_0_7,8.0,0,0.0,False,False
825,0,2013.0,2021,Escola Pública,Ametista,7.25,121.0,2.0,2.0,Avaliador-13,Promovido de Fase,Avaliador-3,Promovido de Fase,,Não avaliado,,,7.5,8.2,6.9,Sem limitações,7.6,8.3,6.8,,Não,7.917,5.0,Destaque: A sua boa entrega das lições de casa.,Destaque: As suas boas notas na Passos Mágicos.,Destaque: A sua boa integração aos Princípios Passos Mágicos.,2022,5.665999999999993,,,,0.0,1.0,fase_0_7,9.0,1,-1.0,False,True
826,1,2014.0,2022,Escola Pública,Ametista,7.776,55.0,5.0,2.0,Avaliador-13,Mantido na Fase atual,Avaliador-3,Mantido na Fase atual,,Não avaliado,,,9.5,9.6,7.5,Não atendido,5.4,4.3,6.5,,Não,7.5,10.0,Destaque: A sua boa entrega das lições de casa.,Melhorar: Empenhar-se mais nas aulas e avaliações.,Melhorar: Integrar-se mais aos Princípios Passos Mágicos.,2022,5.759999999999996,,,,0.0,0.0,fase_0_7,8.0,0,0.0,False,False
826,1,2014.0,2022,Pública,Ametista,7.77645,,,2.0,Avaliador-13,,Avaliador-2,,,,,,10.0,10.0,3.77,,7.3,7.0,7.5,,,8.34,5.0,,,,2023,7.8125,,,,0.0,1.0,fase_0_7,9.0,1,-1.0,False,True
826,1,2014.0,2022,Pública,Ametista,7.9442,,,2.0,Avaliador-15,,Avaliador-2,,,,,,10.002,10.0,6.26,,6.75,5.5,8.0,,,8.59,5.0,,,,2024,7.5,,,EM Cecilia Cristina de Oliveira Rodrigues,1.0,2.0,fase_0_7,10.0,2,-1.0,True,True
827,0,2012.0,2022,Escola Pública,Ametista,7.412,104.0,6.0,2.0,Avaliador-13,Promovido de Fase,Avaliador-3,Promovido de Fase,,Não avaliado,,,9.5,7.0,7.5,Não atendido,7.6,7.7,7.5,,Não,8.667,5.0,Melhorar: Melhorar a sua entrega de lições de casa.,Destaque: As suas boas notas na Passos Mágicos.,Destaque: A sua boa integração aos Princípios Passos Mágicos.,2022,5.585999999999993,,,,0.0,2.0,fase_0_7,10.0,0,-2.0,True,True
827,0,2012.0,2022,Pública,Ametista,7.419925,,,3.0,Avaliador-15,,Avaliador-5,,Avaliador-2,,,,7.9,8.1,3.14,,8.1,7.7,8.5,,,8.73,5.0,,,,2023,8.28125,,,,1.0,2.0,fase_0_7,11.0,1,-1.0,False,True
827,0,2012.0,2022,Pública,Topázio,8.2483467391,,,4.0,Avaliador-17,,Avaliador-19,,Avaliador-25,,Avaliador-2,,10.002,9.7826086955,5.01,,7.25,6.0,8.5,,,7.875,10.0,,,,2024,7.65625,,,EE Maria André Schunck Dona,2.0,2.0,fase_0_7,12.0,2,0.0,False,False
828,0,2013.0,2022,Escola Pública,Ametista,7.139,131.0,9.0,2.0,Avaliador-13,Mantido na Fase atual,Avaliador-3,Mantido na Fase atual,,Não avaliado,,,9.5,7.1,7.5,Não atendido,6.9,7.3,6.5,,Não,7.833,5.0,Melhorar: Melhorar a sua entrega de lições de casa.,Melhorar: Empenhar-se mais nas aulas e avaliações.,Destaque: A sua boa integração aos Princípios Passos Mágicos.,2022,5.724,,,,0.0,1.0,fase_0_7,9.0,0,-1.0,False,True
829,0,2014.0,2022,Escola Pública,Ametista,8.003,39.0,3.0,2.0,Avaliador-13,Mantido na Fase atual,Avaliador-3,Mantido na Fase atual,,Não avaliado,,,9.0,8.6,7.5,Não atendido,7.8,8.2,7.5,,Não,7.5,10.0,Destaque: A sua boa entrega das lições de casa.,Destaque: As suas boas notas na Passos Mágicos.,Melhorar: Integrar-se mais aos Princípios Passos Mágicos.,2022,5.729999999999995,,,,0.0,0.0,fase_0_7,8.0,0,0.0,False,False
829,0,2014.0,2022,Pública,Topázio,8.532075,,,3.0,Avaliador-15,,Avaliador-5,,Avaliador-2,,,,9.0,9.4,3.14,,8.4,7.5,9.2,,,9.23,10.0,,,,2023,9.21875,,,,1.0,1.0,fase_0_7,9.0,1,0.0,True,False
829,0,2014.0,2022,Privada - Programa de Apadrinhamento,Topázio,9.171825000000002,,,4.0,Avaliador-17,,Avaliador-19,,Avaliador-25,,Avaliador-2,,9.502,9.75,9.38,,8.0,6.0,10.0,,,9.215,10.0,,,,2024,8.90625,,,Colégio Arco Íris Evolução,2.0,1.0,fase_0_7,10.0,2,1.0,True,False
83,0,2005.0,2022,Escola Pública,Ágata,6.671,35.0,8.0,4.0,Avaliador-6,Promovido de Fase,Avaliador-27,Mantido na Fase atual,Avaliador-24,Promovido de Fase + Bolsa,Avaliador-31,Mantido na Fase atual,7.9,6.8,7.5,Não atendido,6.8,6.0,7.5,,Sim,5.958,5.0,Melhorar: Melhorar a sua entrega de lições de casa.,Melhorar: Empenhar-se mais nas aulas e avaliações.,Melhorar: Integrar-se mais aos Princípios Passos Mágicos.,2022,7.194000000000003,,,,5.0,7.0,fase_0_7,17.0,0,-2.0,False,True
830,0,2013.0,2022,Escola Pública,Ametista,7.234,122.0,8.0,2.0,Avaliador-13,Mantido na Fase atual,Avaliador-3,Mantido na Fase atual,,Não avaliado,,,10.0,8.6,7.5,Não atendido,6.0,5.8,6.2,,Não,7.5,5.0,Destaque: A sua boa entrega das lições de casa.,Melhorar: Empenhar-se mais nas aulas e avaliações.,Melhorar: Integrar-se mais aos Princípios Passos Mágicos.,2022,5.640000000000001,,,,0.0,1.0,fase_0_7,9.0,0,-1.0,False,True
830,0,2013.0,2022,Pública,Agata,6.78,,,2.0,Avaliador-13,,Avaliador-3,,,,,,0.0,8.9,3.14,,8.3,8.3,8.3,,,9.505,5.0,,,,2023,6.25,,,,0.0,1.0,fase_0_7,10.0,1,-1.0,True,True
830,0,2013.0,2022,Pública,Ametista,7.1373428571,,,2.0,Avaliador-15,,Avaliador-2,,,,,,9.002,7.619047619,5.63,,6.75,6.5,7.0,,,7.335,5.0,,,,2024,8.333333333,,,EM Cecilia Cristina de Oliveira Rodrigues,1.0,2.0,fase_0_7,11.0,2,-1.0,False,True
831,1,2013.0,2022,Escola Pública,Ametista,7.41,107.0,7.0,2.0,Avaliador-13,Mantido na Fase atual,Avaliador-3,Mantido na Fase atual,,Não avaliado,,,9.5,9.2,7.5,Não atendido,7.2,7.3,7.0,,Não,7.167,5.0,Destaque: A sua boa entrega das lições de casa.,Melhorar: Empenhar-se mais nas aulas e avaliações.,Melhorar: Integrar-se mais aos Princípios Passos Mágicos.,2022,4.965999999999999,,,,0.0,1.0,fase_0_7,9.0,0,-1.0,False,True
831,1,2013.0,2022,Pública,Ametista,7.71645,,,2.0,Avaliador-13,,Avaliador-2,,,,,,8.0,9.4,3.77,,8.3,8.8,7.8,,,8.59,5.0,,,,2023,7.8125,,,,0.0,1.0,fase_0_7,10.0,1,-1.0,False,True
831,1,2013.0,2022,Pública,Topázio,8.0066285715,,,2.0,Avaliador-15,,Avaliador-2,,,,,,10.002,9.523809524,6.26,,7.75,6.5,9.0,,,8.17,5.0,,,,2024,7.916666667,,,EM Cecilia Cristina de Oliveira Rodrigues,1.0,2.0,fase_0_7,11.0,2,-1.0,False,True
832,1,2013.0,2022,Escola Pública,Topázio,8.179,24.0,1.0,2.0,Avaliador-13,Promovido de Fase,Avaliador-3,Promovido de Fase,,Não avaliado,,,10.0,9.2,7.5,Não atendido,8.8,8.8,8.8,,Não,8.833,5.0,Destaque: A sua boa entrega das lições de casa.,Destaque: As suas boas notas na Passos Mágicos.,Destaque: A sua boa integração aos Princípios Passos Mágicos.,2022,5.624000000000002,,,,0.0,1.0,fase_0_7,9.0,0,-1.0,True,True
832,1,2013.0,2022,Pública,Topázio,8.2697,,,3.0,Avaliador-19,,Avaliador-4,,Avaliador-2,,,,10.0,9.5,7.52,,8.5,9.2,7.7,,,8.283333333,5.0,,,,2023,7.708333333,,,,1.0,2.0,fase_0_7,10.0,1,-1.0,False,True
832,1,2013.0,2022,Pública,Topázio,8.2403304348,,,3.0,Avaliador-19,,Avaliador-25,,Avaliador-2,,,,9.002,8.695652174,7.51,,8.0,7.0,9.0,,,7.5,10.0,,,,2024,7.5,,,EE Helio Luiz Dobrochinski Prof,2.0,2.0,fase_0_7,11.0,2,0.0,False,False
833,1,2013.0,2022,Escola Pública,Ametista,7.791,53.0,4.0,2.0,Avaliador-13,Mantido na Fase atual,Avaliador-3,Mantido na Fase atual,,Não avaliado,,,10.0,9.5,7.5,Não atendido,7.8,8.2,7.5,,Não,7.583,5.0,Destaque: A sua boa entrega das lições de casa.,Destaque: As suas boas notas na Passos Mágicos.,Destaque: A sua boa integração aos Princípios Passos Mágicos.,2022,5.644,,,,0.0,1.0,fase_0_7,9.0,0,-1.0,False,True
833,1,2013.0,2022,Pública,Ametista,7.81295,,,3.0,Avaliador-15,,Avaliador-5,,Avaliador-2,,,,10.0,9.5,3.77,,7.4,7.3,7.5,,,8.56,5.0,,,,2023,8.4375,,,,1.0,2.0,fase_0_7,10.0,1,-1.0,False,True
833,1,2013.0,2022,Pública,Topázio,8.5184577641,,,3.0,Avaliador-19,,Avaliador-25,,Avaliador-2,,,,9.002,9.3271221535,7.51,,8.0,9.0,7.0,,,7.946666667,10.0,,,,2024,8.125,,,EM Cecilia Cristina de Oliveira Rodrigues,2.0,2.0,fase_0_7,11.0,2,0.0,False,False
834,1,2013.0,2022,Escola Pública,Topázio,8.136,30.0,2.0,2.0,Avaliador-13,Promovido de Fase,Avaliador-3,Promovido de Fase,,Não avaliado,,,9.0,9.0,7.5,Não atendido,9.0,9.2,8.8,,Não,9.083,5.0,Destaque: A sua boa entrega das lições de casa.,Destaque: As suas boas notas na Passos Mágicos.,Destaque: A sua boa integração aos Princípios Passos Mágicos.,2022,5.69399999999999,,,,0.0,1.0,fase_0_7,9.0,0,-1.0,True,True
834,1,2013.0,2022,Pública,Topázio,8.662616667,,,3.0,Avaliador-15,,Avaliador-5,,Avaliador-2,,,,9.0,9.9,6.27,,9.2,9.0,9.3,,,9.283333333,5.0,,,,2023,9.6875,,,,1.0,2.0,fase_0_7,10.0,1,-1.0,True,True
834,1,2013.0,2022,Pública,Topázio,8.513646169700001,,,3.0,Avaliador-19,,Avaliador-25,,Avaliador-2,,,,8.002,9.109730849,6.26,,8.75,9.0,8.5,,,8.723333333,10.0,,,,2024,7.708333333,,,EE Maria André Schunck Dona,2.0,2.0,fase_0_7,11.0,2,0.0,True,False
835,1,2014.0,2022,Escola Pública,Ametista,7.263,119.0,6.0,2.0,Avaliador-11,Mantido na Fase atual,Avaliador-3,Mantido na Fase atual,,Não avaliado,,,6.9,7.3,7.5,Não atendido,7.5,7.6,7.3,,Não,6.667,10.0,Melhorar: Melhorar a sua entrega de lições de casa.,Melhorar: Empenhar-se mais nas aulas e avaliações.,Melhorar: Integrar-se mais aos Princípios Passos Mágicos.,2022,5.295999999999994,,,,0.0,0.0,fase_0_7,8.0,0,0.0,False,False
835,1,2014.0,2022,Pública,Topázio,8.2467,,,2.0,Avaliador-11,,Avaliador-2,,,,,,8.0,8.5,7.52,,8.7,8.5,8.9,,,7.835,10.0,,,,2023,6.875,,,,0.0,0.0,fase_0_7,9.0,1,0.0,False,False
836,1,2013.0,2022,Escola Pública,Ametista,7.665,68.0,3.0,2.0,Avaliador-11,Promovido de Fase,Avaliador-3,Mantido na Fase atual,,Não avaliado,,,8.5,8.3,7.5,Não atendido,9.2,9.0,9.3,,Não,7.583,5.0,Destaque: A sua boa entrega das lições de casa.,Destaque: As suas boas notas na Passos Mágicos.,Destaque: A sua boa integração aos Princípios Passos Mágicos.,2022,5.484,,,,0.0,1.0,fase_0_7,9.0,0,-1.0,False,True
836,1,2013.0,2022,Pública,Ametista,7.6417,,,2.0,Avaliador-13,,Avaliador-3,,,,,,9.5,9.6,6.27,,6.7,6.7,6.7,,,8.085,5.0,,,,2023,6.875,,,,0.0,2.0,fase_0_7,10.0,1,-2.0,False,True
836,1,2013.0,2022,Pública,Agata,6.0234537878,,,4.0,Avaliador-16,,Avaliador-18,,Avaliador-15,,Avaliador-2,,9.502,6.439393939,7.51,,2.75,5.5,0.0,,,6.25,5.0,,,,2024,7.34375,,,EE João Ortiz Rodrigues,1.0,2.0,fase_0_7,11.0,2,-1.0,False,True
837,1,2014.0,2022,Escola Pública,Topázio,8.207,21.0,1.0,2.0,Avaliador-11,Promovido de Fase,Avaliador-3,Mantido na Fase atual,,Não avaliado,,,8.5,9.0,7.5,Não atendido,8.8,9.2,8.3,,Não,7.5,10.0,Destaque: A sua boa entrega das lições de casa.,Destaque: As suas boas notas na Passos Mágicos.,Destaque: A sua boa integração aos Princípios Passos Mágicos.,2022,5.470000000000006,,,,0.0,0.0,fase_0_7,8.0,0,0.0,False,False
837,1,2014.0,2022,Pública,Topázio,8.2712,,,3.0,Avaliador-15,,Avaliador-4,,Avaliador-3,,,,9.0,9.3,7.52,,7.0,6.3,7.7,,,7.836666667,10.0,,,,2023,7.916666667,,,,1.0,1.0,fase_0_7,9.0,1,0.0,False,False
837,1,2014.0,2022,Pública,Ametista,7.9648467391,,,4.0,Avaliador-19,,Avaliador-16,,Avaliador-25,,Avaliador-2,,7.502,9.7826086955,6.885,,6.75,6.0,7.5,,,7.5825,10.0,,,,2024,7.03125,,,EM Maria Ignez Concelles Irma Ines,2.0,2.0,fase_0_7,10.0,2,0.0,False,False
838,1,2013.0,2022,Escola Pública,Ametista,7.461,97.0,4.0,2.0,Avaliador-11,Promovido de Fase + Bolsa,Avaliador-3,Mantido na Fase atual,,Não avaliado,,,10.0,7.4,7.5,Não atendido,6.3,6.6,5.9,,Sim,9.417,5.0,Melhorar: Melhorar a sua entrega de lições de casa.,Melhorar: Empenhar-se mais nas aulas e avaliações.,Destaque: A sua boa integração aos Princípios Passos Mágicos.,2022,5.876000000000001,,,,0.0,1.0,fase_0_7,9.0,0,-1.0,True,True
839,0,2013.0,2022,Escola Pública,Quartzo,5.198,188.0,7.0,2.0,Avaliador-11,Mantido na Fase atual,Avaliador-3,Mantido na Fase atual,,Não avaliado,,,0.0,5.1,7.5,Não atendido,5.4,5.8,5.0,,Não,6.583,5.0,Melhorar: Melhorar a sua entrega de lições de casa.,Melhorar: Empenhar-se mais nas aulas e avaliações.,Melhorar: Integrar-se mais aos Princípios Passos Mágicos.,2022,5.3139999999999965,,,,0.0,1.0,fase_0_7,9.0,0,-1.0,False,True
84,0,2005.0,2018,Rede Decisão,Ágata,6.682,34.0,7.0,4.0,Avaliador-6,Promovido de Fase + Bolsa,Avaliador-27,Mantido na Fase atual,Avaliador-24,Promovido de Fase + Bolsa,Avaliador-31,Promovido de Fase,7.1,8.8,5.0,Requer avaliação,5.8,5.7,6.5,5.2,Não,6.75,5.0,Destaque: A sua boa entrega das lições de casa.,Melhorar: Empenhar-se mais nas aulas e avaliações.,Melhorar: Integrar-se mais aos Princípios Passos Mágicos.,2022,7.02,,,,5.0,7.0,fase_0_7,17.0,4,-2.0,False,True
84,0,2005.0,2018,Privada - Programa de Apadrinhamento,Agata,6.034416667,,,4.0,Avaliador-24,,Avaliador-7,,Avaliador-23,,Avaliador-8,,0.0,8.8,2.52,,6.0,6.8,5.8,5.5,,7.6725,5.0,,,,2023,7.8125,,,,6.0,8.0,fase_0_7,18.0,5,-2.0,False,True
840,1,2014.0,2022,Escola Pública,Ametista,7.875,48.0,2.0,2.0,Avaliador-11,Promovido de Fase,Avaliador-3,Mantido na Fase atual,,Não avaliado,,,9.0,8.2,7.5,Não atendido,7.8,9.6,5.9,,Não,7.5,10.0,Destaque: A sua boa entrega das lições de casa.,Destaque: As suas boas notas na Passos Mágicos.,Destaque: A sua boa integração aos Princípios Passos Mágicos.,2022,5.249999999999995,,,,0.0,0.0,fase_0_7,8.0,0,0.0,False,False
840,1,2014.0,2022,Pública,Ametista,7.7862,,,2.0,Avaliador-13,,Avaliador-3,,,,,,9.5,9.0,4.38,,8.2,8.3,8.0,,,8.59,5.0,,,,2023,7.5,,,,0.0,1.0,fase_0_7,9.0,1,-1.0,False,True
840,1,2014.0,2022,Pública,Topázio,8.5912909091,,,3.0,Avaliador-16,,Avaliador-3,,Avaliador-15,,,,9.502,9.337121212,7.51,,8.0,7.0,9.0,,,7.946666667,10.0,,,,2024,8.333333333,,,EM Maria Ignez Concelles Irma Ines,1.0,1.0,fase_0_7,10.0,2,0.0,False,False
841,1,2011.0,2022,Escola Pública,Ametista,7.3,115.0,5.0,2.0,Avaliador-11,Promovido de Fase,Avaliador-3,Mantido na Fase atual,,Não avaliado,,,8.5,8.5,7.5,Não atendido,7.2,8.6,5.8,,Não,7.5,5.0,Destaque: A sua boa entrega das lições de casa.,Melhorar: Empenhar-se mais nas aulas e avaliações.,Destaque: A sua boa integração aos Princípios Passos Mágicos.,2022,5.599999999999996,,,,0.0,2.0,fase_0_7,11.0,0,-2.0,False,True
841,1,2011.0,2022,Pública,Agata,6.78,,,2.0,Avaliador-13,,Avaliador-3,,,,,,0.0,7.2,7.52,,6.9,6.7,7.0,,,9.84,5.0,,,,2023,7.5,,,,0.0,2.0,fase_0_7,12.0,1,-2.0,True,True
841,1,2011.0,2022,Pública,Agata,6.035771224300001,,,4.0,Avaliador-19,,Avaliador-17,,Avaliador-25,,Avaliador-2,,10.002,6.3272311215000006,7.51,,3.25,4.0,2.5,,,5.83,5.0,,,,2024,7.03125,,,EE João Ortiz Rodrigues,2.0,3.0,fase_0_7,13.0,2,-1.0,False,True
842,0,2014.0,2022,Escola Pública,Ametista,7.952,42.0,3.0,2.0,Avaliador-11,Promovido de Fase,Avaliador-3,Mantido na Fase atual,,Não avaliado,,,7.5,8.3,7.5,Não atendido,9.1,9.1,9.1,,Não,8.25,10.0,Destaque: A sua boa entrega das lições de casa.,Destaque: As suas boas notas na Passos Mágicos.,Destaque: A sua boa integração aos Princípios Passos Mágicos.,2022,3.219999999999992,,,,0.0,0.0,fase_0_7,8.0,0,0.0,False,False
842,0,2014.0,2022,Pública,Ametista,7.2117,,,2.0,Avaliador-13,,Avaliador-3,,,,,,9.0,8.5,3.77,,7.9,8.2,7.5,,,8.01,5.0,,,,2023,5.625,,,,0.0,1.0,fase_0_7,9.0,1,-1.0,False,True
842,0,2014.0,2022,Pública,Ametista,7.072914756400001,,,3.0,Avaliador-16,,Avaliador-3,,Avaliador-15,,,,8.502,7.549407115,6.26,,7.5,6.0,9.0,,,6.996666667,5.0,,,,2024,6.875,,,EM Etelvina Delfim Simões,1.0,2.0,fase_0_7,10.0,2,-1.0,False,True
843,0,2014.0,2022,Escola Pública,Topázio,8.538,5.0,1.0,2.0,Avaliador-11,Promovido de Fase + Bolsa,Avaliador-3,Mantido na Fase atual,,Não avaliado,,,8.5,9.0,7.5,Não atendido,9.2,9.8,8.5,,Sim,8.417,10.0,Destaque: A sua boa entrega das lições de casa.,Destaque: As suas boas notas na Passos Mágicos.,Destaque: A sua boa integração aos Princípios Passos Mágicos.,2022,6.146000000000003,,,,0.0,0.0,fase_0_7,8.0,0,0.0,True,False
844,1,2014.0,2022,Escola Pública,Ágata,6.253,176.0,10.0,2.0,Avaliador-11,Promovido de Fase + Bolsa,Avaliador-3,Mantido na Fase atual,,Não avaliado,,,0.0,5.0,8.1,Não atendido,5.9,6.0,5.8,,Sim,8.333,10.0,Melhorar: Melhorar a sua entrega de lições de casa.,Melhorar: Empenhar-se mais nas aulas e avaliações.,Destaque: A sua boa integração aos Princípios Passos Mágicos.,2022,5.964,,,,0.0,0.0,fase_0_7,8.0,0,0.0,False,False
845,0,2014.0,2022,Escola Pública,Topázio,8.491,7.0,2.0,2.0,Avaliador-11,Mantido na Fase atual,Avaliador-3,Mantido na Fase atual,,Não avaliado,,,10.0,8.8,7.5,Não atendido,8.7,9.1,8.3,,Não,8.417,10.0,Destaque: A sua boa entrega das lições de casa.,Destaque: As suas boas notas na Passos Mágicos.,Destaque: A sua boa integração aos Princípios Passos Mágicos.,2022,5.575999999999999,,,,0.0,0.0,fase_0_7,8.0,0,0.0,True,False
846,0,2015.0,2022,Escola Pública,Ametista,7.412,105.0,7.0,2.0,Avaliador-11,Mantido na Fase atual,Avaliador-3,Mantido na Fase atual,,Não avaliado,,,9.0,7.2,7.5,Não atendido,5.9,7.7,4.0,,Não,7.917,10.0,Melhorar: Melhorar a sua entrega de lições de casa.,Melhorar: Empenhar-se mais nas aulas e avaliações.,Destaque: A sua boa integração aos Princípios Passos Mágicos.,2022,5.585999999999993,,,,0.0,0.0,fase_0_7,7.0,0,0.0,False,False
846,0,2015.0,2022,Pública,Ametista,7.4637,,,2.0,Avaliador-13,,Avaliador-3,,,,,,9.5,8.2,3.77,,6.0,6.3,5.7,,,8.67,10.0,,,,2023,5.625,,,,0.0,0.0,fase_0_7,8.0,1,0.0,False,False
847,1,2013.0,2022,Escola Pública,Ágata,6.839,154.0,9.0,2.0,Avaliador-11,Mantido na Fase atual,Avaliador-3,Mantido na Fase atual,,Não avaliado,,,7.9,8.2,4.4,Sem limitações,7.7,7.8,7.6,,Não,7.417,5.0,Destaque: A sua boa entrega das lições de casa.,Destaque: As suas boas notas na Passos Mágicos.,Melhorar: Integrar-se mais aos Princípios Passos Mágicos.,2022,4.456000000000007,,,,0.0,1.0,fase_0_7,9.0,0,-1.0,False,True
847,1,2013.0,2022,Pública,Agata,6.5418,,,2.0,Avaliador-13,,Avaliador-3,,,,,,7.9,9.1,2.52,,7.6,7.5,7.6,,,5.84,5.0,,,,2023,5.0,,,,0.0,2.0,fase_0_7,10.0,1,-2.0,False,True
847,1,2013.0,2022,Pública,Quartzo,5.009290909100001,,,2.0,Avaliador-3,,Avaliador-15,,,,,,9.002,4.5454545455,5.01,,1.0,0.0,2.0,,,6.245,5.0,,,,2024,7.5,,,EE Paschoal Carlos Magno,1.0,2.0,fase_0_7,11.0,2,-1.0,False,True
848,1,2013.0,2022,Escola Pública,Ametista,7.488,91.0,6.0,2.0,Avaliador-11,Promovido de Fase,Avaliador-3,Mantido na Fase atual,,Não avaliado,,,9.5,7.0,7.5,Não atendido,9.0,9.8,8.1,,Não,7.833,5.0,Melhorar: Melhorar a sua entrega de lições de casa.,Destaque: As suas boas notas na Passos Mágicos.,Destaque: A sua boa integração aos Princípios Passos Mágicos.,2022,5.213999999999999,,,,0.0,1.0,fase_0_7,9.0,0,-1.0,False,True
849,1,2013.0,2022,Escola Pública,Ametista,7.369,112.0,8.0,2.0,Avaliador-11,Promovido de Fase,Avaliador-3,Mantido na Fase atual,,Não avaliado,,,8.5,8.3,7.5,Não atendido,9.1,9.8,8.3,,Não,7.417,5.0,Destaque: A sua boa entrega das lições de casa.,Destaque: As suas boas notas na Passos Mágicos.,Melhorar: Integrar-se mais aos Princípios Passos Mágicos.,2022,3.056000000000001,,,,0.0,1.0,fase_0_7,9.0,0,-1.0,False,True
85,1,2007.0,2022,Escola Pública,Ágata,6.243,43.0,10.0,4.0,Avaliador-6,Promovido de Fase,Avaliador-27,Mantido na Fase atual,Avaliador-24,Promovido de Fase,Avaliador-31,Mantido na Fase atual,6.7,7.3,5.0,Requer avaliação,4.3,5.0,3.5,,Não,5.833,10.0,Melhorar: Melhorar a sua entrega de lições de casa.,Melhorar: Empenhar-se mais nas aulas e avaliações.,Melhorar: Integrar-se mais aos Princípios Passos Mágicos.,2022,5.8640000000000025,,,,5.0,5.0,fase_0_7,15.0,0,0.0,False,False
85,1,2007.0,2022,Pública,Ametista,7.08435,,,4.0,Avaliador-32,,Avaliador-5,,Avaliador-23,,Avaliador-8,,8.8,8.9,6.27,,5.7,5.8,3.8,7.5,,7.8425,5.0,,,,2023,5.9375,,,,5.0,6.0,fase_0_7,16.0,1,-1.0,False,True
85,1,2007.0,2022,Pública,Agata,6.999509385733333,,,3.0,Avaliador-23,,Avaliador-22,,Avaliador-1,,,,8.334,8.668046928999999,3.755,,7.666666666666667,9.0,4.5,9.5,,6.993333333,5.0,,,,2024,6.25,,,EE Maria André Schunck Dona,5.0,7.0,fase_0_7,17.0,2,-2.0,False,True
850,1,2014.0,2022,Escola Pública,Ametista,7.641,73.0,4.0,2.0,Avaliador-11,Promovido de Fase,Avaliador-3,Mantido na Fase atual,,Não avaliado,,,10.0,7.3,7.5,Não atendido,8.5,8.1,8.8,,Não,7.167,10.0,Melhorar: Melhorar a sua entrega de lições de casa.,Destaque: As suas boas notas na Passos Mágicos.,Melhorar: Integrar-se mais aos Princípios Passos Mágicos.,2022,2.976000000000001,,,,0.0,0.0,fase_0_7,8.0,0,0.0,False,False
850,1,2014.0,2022,Pública,Agata,6.06525,,,2.0,Avaliador-13,,Avaliador-3,,,,,,0.0,7.9,6.26,,7.3,6.8,7.7,,,6.265,5.0,,,,2023,6.5625,,,,0.0,1.0,fase_0_7,9.0,1,-1.0,False,True
850,1,2014.0,2022,Pública,Ametista,7.864245454500001,,,2.0,Avaliador-3,,Avaliador-15,,,,,,10.002,9.2727272725,6.255,,7.75,6.0,9.5,,,7.92,5.0,,,,2024,7.5,,,EE Chácara Florida II,1.0,2.0,fase_0_7,10.0,2,-1.0,False,True
851,1,2014.0,2022,Escola Pública,Ametista,7.515,86.0,5.0,2.0,Avaliador-11,Promovido de Fase,Avaliador-3,Mantido na Fase atual,,Não avaliado,,,9.0,7.9,7.5,Não atendido,8.3,7.9,8.7,,Não,6.583,10.0,Destaque: A sua boa entrega das lições de casa.,Destaque: As suas boas notas na Passos Mágicos.,Melhorar: Integrar-se mais aos Princípios Passos Mágicos.,2022,3.083999999999989,,,,0.0,0.0,fase_0_7,8.0,0,0.0,False,False
851,1,2014.0,2022,Pública,Agata,6.1683,,,2.0,Avaliador-13,,Avaliador-3,,,,,,8.4,7.5,2.52,,6.6,6.8,6.3,,,6.01,5.0,,,,2023,5.625,,,,0.0,1.0,fase_0_7,9.0,1,-1.0,False,True
851,1,2014.0,2022,Pública,Agata,6.2114602109,,,3.0,Avaliador-14,,Avaliador-3,,Avaliador-15,,,,9.002,7.3221343875,5.63,,6.0,5.0,7.0,,,5.106666667,5.0,,,,2024,5.625,,,EM Eurides José Amorim,1.0,2.0,fase_0_7,10.0,2,-1.0,False,True
852,0,2015.0,2022,Escola Pública,Quartzo,5.666,184.0,9.0,2.0,Avaliador-11,Mantido na Fase atual,Avaliador-3,Mantido na Fase atual,,Não avaliado,,,9.0,6.8,5.0,Não indicado,2.1,2.5,1.8,,Não,5.5,10.0,Melhorar: Melhorar a sua entrega de lições de casa.,Melhorar: Empenhar-se mais nas aulas e avaliações.,Melhorar: Integrar-se mais aos Princípios Passos Mágicos.,2022,3.86000000000001,,,,0.0,0.0,fase_0_7,7.0,0,0.0,False,False
853,0,2014.0,2022,Escola Pública,Topázio,8.616,3.0,1.0,2.0,Avaliador-11,Promovido de Fase,Avaliador-3,Mantido na Fase atual,,Não avaliado,,,10.0,9.6,7.5,Não atendido,8.5,8.8,8.2,,Não,8.5,10.0,Destaque: A sua boa entrega das lições de casa.,Destaque: As suas boas notas na Passos Mágicos.,Destaque: A sua boa integração aos Princípios Passos Mágicos.,2022,5.459999999999994,,,,0.0,0.0,fase_0_7,8.0,0,0.0,True,False
853,0,2014.0,2022,Pública,Ametista,7.8402,,,2.0,Avaliador-13,,Avaliador-3,,,,,,10.0,9.5,3.77,,7.4,7.2,7.5,,,9.84,5.0,,,,2023,6.25,,,,0.0,1.0,fase_0_7,9.0,1,-1.0,True,True
853,0,2014.0,2022,Pública,Ametista,7.986866666600001,,,3.0,Avaliador-16,,Avaliador-3,,Avaliador-15,,,,8.502,9.5833333335,6.26,,6.25,6.5,6.0,,,7.553333333,10.0,,,,2024,8.333333333,,,EM Maria Ignez Concelles Irma Ines,1.0,1.0,fase_0_7,10.0,2,0.0,False,False
854,0,2014.0,2022,Escola Pública,Topázio,8.098,32.0,7.0,2.0,Avaliador-11,Promovido de Fase,Avaliador-3,Mantido na Fase atual,,Não avaliado,,,8.0,9.0,7.5,Não atendido,9.3,9.5,9.0,,Não,7.167,10.0,Destaque: A sua boa entrega das lições de casa.,Destaque: As suas boas notas na Passos Mágicos.,Melhorar: Integrar-se mais aos Princípios Passos Mágicos.,2022,4.54600000000001,,,,0.0,0.0,fase_0_7,8.0,0,0.0,False,False
854,0,2014.0,2022,Pública,Agata,6.6415,,,2.0,Avaliador-13,,Avaliador-3,,,,,,0.0,9.5,3.77,,6.0,7.5,4.5,,,8.01,10.0,,,,2023,5.625,,,,0.0,0.0,fase_0_7,9.0,1,0.0,False,False
854,0,2014.0,2022,Pública,Ametista,7.826199999900001,,,3.0,Avaliador-16,,Avaliador-3,,Avaliador-15,,,,9.502,10.0,6.26,,7.0,7.0,7.0,,,6.333333333,10.0,,,,2024,5.833333333,,,EM Maria Ignez Concelles Irma Ines,1.0,1.0,fase_0_7,10.0,2,0.0,False,False
855,0,2013.0,2022,Escola Pública,Topázio,8.453,9.0,2.0,2.0,Avaliador-11,Promovido de Fase,Avaliador-3,Mantido na Fase atual,,Não avaliado,,,10.0,9.6,7.5,Não atendido,9.7,9.7,9.6,,Não,9.0,5.0,Destaque: A sua boa entrega das lições de casa.,Destaque: As suas boas notas na Passos Mágicos.,Destaque: A sua boa integração aos Princípios Passos Mágicos.,2022,5.4300000000000015,,,,0.0,1.0,fase_0_7,9.0,0,-1.0,True,True
855,0,2013.0,2022,Pública,Topázio,8.62995,,,3.0,Avaliador-15,,Avaliador-5,,Avaliador-2,,,,9.5,10.0,7.52,,6.8,5.2,8.3,,,8.67,10.0,,,,2023,8.4375,,,,1.0,1.0,fase_0_7,10.0,1,0.0,False,False
855,0,2013.0,2022,Pública,Topázio,8.578533333400001,,,3.0,Avaliador-19,,Avaliador-17,,Avaliador-2,,,,9.002,10.0,7.51,,8.5,9.0,8.0,,,7.386666667,10.0,,,,2024,7.5,,,EE Dom Pedro Villas Boas de Souza,2.0,2.0,fase_0_7,11.0,2,0.0,False,False
856,1,2015.0,2022,Escola Pública,Topázio,8.398,10.0,3.0,2.0,Avaliador-11,Promovido de Fase,Avaliador-3,Mantido na Fase atual,,Não avaliado,,,10.0,9.1,7.5,Não atendido,8.4,8.5,8.2,,Não,8.0,10.0,Destaque: A sua boa entrega das lições de casa.,Destaque: As suas boas notas na Passos Mágicos.,Destaque: A sua boa integração aos Princípios Passos Mágicos.,2022,5.48,,,,0.0,0.0,fase_0_7,7.0,0,0.0,False,False
856,1,2015.0,2022,Pública,Ametista,7.3355,,,2.0,Avaliador-13,,Avaliador-3,,,,,,0.0,9.6,7.52,,7.3,7.5,7.0,,,8.255,10.0,,,,2023,5.625,,,,0.0,0.0,fase_0_7,8.0,1,0.0,False,False
857,0,2013.0,2022,Escola Pública,Topázio,8.154,27.0,5.0,2.0,Avaliador-11,Promovido de Fase,Avaliador-3,Mantido na Fase atual,,Não avaliado,,,8.5,8.9,7.5,Não atendido,9.5,9.6,9.3,,Não,9.083,5.0,Destaque: A sua boa entrega das lições de casa.,Destaque: As suas boas notas na Passos Mágicos.,Destaque: A sua boa integração aos Princípios Passos Mágicos.,2022,5.573999999999986,,,,0.0,1.0,fase_0_7,9.0,0,-1.0,True,True
857,0,2013.0,2022,Pública,Topázio,8.1442,,,2.0,Avaliador-13,,Avaliador-3,,,,,,8.5,9.0,7.52,,8.5,8.7,8.2,,,9.01,5.0,,,,2023,7.5,,,,0.0,1.0,fase_0_7,10.0,1,-1.0,True,True
858,1,2015.0,2022,Escola Pública,Ametista,7.523,84.0,8.0,2.0,Avaliador-11,Mantido na Fase atual,Avaliador-3,Mantido na Fase atual,,Não avaliado,,,10.0,7.1,5.6,Requer avaliação,7.7,8.4,6.9,,Não,7.333,10.0,Melhorar: Melhorar a sua entrega de lições de casa.,Destaque: As suas boas notas na Passos Mágicos.,Melhorar: Integrar-se mais aos Princípios Passos Mágicos.,2022,5.364000000000004,,,,0.0,0.0,fase_0_7,7.0,0,0.0,False,False
858,1,2015.0,2022,Pública,Ametista,7.248833333,,,2.0,Avaliador-11,,Avaliador-2,,,,,,0.0,8.1,3.77,,9.3,9.3,9.2,,,7.946666667,10.0,,,,2023,8.125,,,,0.0,0.0,fase_0_7,8.0,1,0.0,False,False
858,1,2015.0,2022,Pública,Agata,6.917866666700001,,,2.0,Avaliador-3,,Avaliador-13,,,,,,9.002,6.833333333500001,2.51,,8.25,10.0,6.5,,,7.5,5.0,,,,2024,7.5,,,EE Dom Pedro Villas Boas de Souza,0.0,1.0,fase_0_7,9.0,2,-1.0,False,True
859,0,2015.0,2022,Escola Pública,Topázio,8.325,15.0,4.0,2.0,Avaliador-11,Promovido de Fase,Avaliador-3,Mantido na Fase atual,,Não avaliado,,,8.5,8.7,7.5,Não atendido,8.9,9.4,8.4,,Não,8.25,10.0,Destaque: A sua boa entrega das lições de casa.,Destaque: As suas boas notas na Passos Mágicos.,Destaque: A sua boa integração aos Princípios Passos Mágicos.,2022,5.549999999999979,,,,0.0,0.0,fase_0_7,7.0,0,0.0,False,False
859,0,2015.0,2022,Pública,Topázio,8.6042,,,2.0,Avaliador-13,,Avaliador-3,,,,,,8.0,9.2,7.52,,7.3,6.8,7.8,,,10.01,10.0,,,,2023,7.5,,,,0.0,0.0,fase_0_7,8.0,1,0.0,True,False
859,0,2015.0,2022,Pública,Topázio,8.5817909091,,,3.0,Avaliador-16,,Avaliador-3,,Avaliador-15,,,,8.002,9.337121212,7.51,,8.0,8.0,8.0,,,8.336666667,10.0,,,,2024,8.958333333,,,EM Maria Ignez Concelles Irma Ines,1.0,1.0,fase_0_7,9.0,2,0.0,False,False
86,1,2006.0,2016,Rede Decisão,Ametista,7.566,18.0,3.0,4.0,Avaliador-6,Promovido de Fase + Bolsa,Avaliador-27,Mantido na Fase atual,Avaliador-24,Promovido de Fase + Bolsa,Avaliador-31,Mantido na Fase + Bolsa,7.5,9.6,5.6,Sem limitações,6.7,6.2,7.2,6.9,Não,8.458,5.0,Destaque: A sua boa entrega das lições de casa.,Melhorar: Empenhar-se mais nas aulas e avaliações.,Destaque: A sua boa integração aos Princípios Passos Mágicos.,2022,8.044000000000002,,,,5.0,6.0,fase_0_7,16.0,6,-1.0,True,True
86,1,2006.0,2016,Privada *Parcerias com Bolsa 100%,,,,,,,,,,,,,,8.3,,6.89,,,,,,,,10.0,,,,2023,,,,,7.0,7.0,fase_0_7,17.0,7,0.0,False,False
86,1,2006.0,2021,Privada *Parcerias com Bolsa 100%,Ametista,7.611233333266666,,,0.0,,,,,,,,,6.667,9.704333333,6.57,,5.483333333333333,6.35,6.3,3.8,,7.5,10.0,,,,2024,7.5,,,FIAP School - SP,7.0,7.0,fase_0_7,18.0,3,0.0,False,False
860,1,2015.0,2022,Escola Pública,Topázio,8.136,29.0,6.0,2.0,Avaliador-11,Mantido na Fase atual,Avaliador-3,Mantido na Fase atual,,Não avaliado,,,9.5,8.5,7.5,Não atendido,8.1,8.9,7.2,,Não,7.75,10.0,Destaque: A sua boa entrega das lições de casa.,Destaque: As suas boas notas na Passos Mágicos.,Destaque: A sua boa integração aos Princípios Passos Mágicos.,2022,5.6599999999999895,,,,0.0,0.0,fase_0_7,7.0,0,0.0,False,False
860,1,2015.0,2022,Pública,Topázio,8.2372,,,2.0,Avaliador-13,,Avaliador-3,,,,,,7.0,9.8,6.89,,7.4,7.2,7.5,,,8.34,10.0,,,,2023,7.5,,,,0.0,0.0,fase_0_7,8.0,1,0.0,False,False
860,1,2015.0,2022,Pública,Topázio,8.7738666667,,,3.0,Avaliador-16,,Avaliador-3,,Avaliador-15,,,,9.002,9.7916666665,7.51,,8.5,8.0,9.0,,,7.946666667,10.0,,,,2024,8.75,,,EM Maria Ignez Concelles Irma Ines,1.0,1.0,fase_0_7,9.0,2,0.0,False,False
861,0,2015.0,2023,Pública,Topázio,9.31095,,,2.0,Avaliador-11,,Avaliador-2,,,,,,9.5,10.0,8.13,,9.6,9.8,9.4,,,8.92,10.0,,,,2023,8.4375,,,,0.0,0.0,fase_0_7,8.0,0,0.0,False,False
861,0,2015.0,2023,Pública,Topázio,8.959700000000002,,,3.0,Avaliador-3,,Avaliador-13,,Avaliador-9,,,,9.502,10.0,7.51,,10.0,10.0,10.0,,,9.73,5.0,,,,2024,8.125,,,EE Dom Pedro Villas Boas de Souza,0.0,1.0,fase_0_7,9.0,1,-1.0,True,True
862,1,2014.0,2023,Pública,Topázio,8.2212,,,2.0,Avaliador-11,,Avaliador-2,,,,,,8.5,9.1,8.14,,8.9,8.5,9.2,,,8.585,5.0,,,,2023,7.5,,,,0.0,1.0,fase_0_7,9.0,0,-1.0,False,True
862,1,2014.0,2023,Pública,Ametista,7.346677272700001,,,3.0,Avaliador-3,,Avaliador-13,,Avaliador-9,,,,9.002,8.6136363635,7.51,,7.5,10.0,5.0,,,6.27,5.0,,,,2024,7.1875,,,EE Dom Pedro Villas Boas de Souza,0.0,2.0,fase_0_7,10.0,1,-2.0,False,True
863,1,2016.0,2023,Pública,Quartzo,5.92975,,,2.0,Avaliador-11,,Avaliador-2,,,,,,0.0,7.6,3.14,,6.3,7.0,5.5,,,6.26,10.0,,,,2023,5.9375,,,,0.0,0.0,fase_0_7,7.0,0,0.0,False,False
863,1,2016.0,2023,Pública,Quartzo,4.6684348484,,,3.0,Avaliador-3,,Avaliador-13,,Avaliador-9,,,,8.502,3.159090909,2.51,,5.5,10.0,1.0,,,4.333333333,5.0,,,,2024,4.6875,,,EE Dom Pedro Villas Boas de Souza,0.0,1.0,fase_0_7,8.0,1,-1.0,False,True
864,0,2015.0,2023,Pública,Ametista,7.034,,,2.0,Avaliador-11,,Avaliador-2,,,,,,0.0,7.6,8.14,,6.3,7.0,5.5,,,8.5,10.0,,,,2023,7.5,,,,0.0,0.0,fase_0_7,8.0,0,0.0,False,False
865,1,2014.0,2023,Pública,Topázio,8.1552,,,2.0,Avaliador-11,,Avaliador-2,,,,,,8.5,8.7,7.52,,7.4,7.3,7.5,,,7.915,10.0,,,,2023,7.5,,,,0.0,0.0,fase_0_7,9.0,0,0.0,False,False
866,0,2016.0,2023,Pública,Ametista,7.679,,,2.0,Avaliador-11,,Avaliador-2,,,,,,0.0,8.3,8.76,,8.6,8.2,8.9,,,8.415,10.0,,,,2023,7.5,,,,0.0,0.0,fase_0_7,7.0,0,0.0,False,False
867,1,2015.0,2023,Pública,Topázio,8.6992,,,2.0,Avaliador-11,,Avaliador-2,,,,,,9.0,8.6,8.76,,8.9,8.7,9.0,,,8.415,10.0,,,,2023,7.5,,,,0.0,0.0,fase_0_7,8.0,0,0.0,False,False
867,1,2015.0,2023,Pública,Ametista,7.583018181800001,,,3.0,Avaliador-3,,Avaliador-13,,Avaliador-9,,,,9.002,7.409090909,7.51,,8.5,10.0,7.0,,,7.5,5.0,,,,2024,7.5,,,EE Dom Pedro Villas Boas de Souza,0.0,1.0,fase_0_7,9.0,1,-1.0,False,True
868,1,2015.0,2023,Pública,Topázio,8.63895,,,2.0,Avaliador-11,,Avaliador-2,,,,,,10.0,9.5,8.76,,7.1,7.8,6.3,,,8.67,10.0,,,,2023,7.1875,,,,0.0,0.0,fase_0_7,8.0,0,0.0,False,False
868,1,2015.0,2023,Pública,Ametista,7.156366666600001,,,3.0,Avaliador-11,,Avaliador-2,,Avaliador-9,,,,8.002,9.75,3.76,,7.0,8.0,6.0,,,7.213333333,5.0,,,,2024,6.875,,,EE Chácara Florida II,0.0,1.0,fase_0_7,9.0,1,-1.0,False,True
869,0,2015.0,2023,Pública,Topázio,9.2587,,,2.0,Avaliador-11,,Avaliador-2,,,,,,9.0,10.0,8.76,,9.6,9.8,9.4,,,8.75,10.0,,,,2023,8.125,,,,0.0,0.0,fase_0_7,8.0,0,0.0,False,False
87,1,2007.0,2021,Rede Decisão,Topázio,8.712,6.0,1.0,4.0,Avaliador-6,Promovido de Fase + Bolsa,Avaliador-27,Mantido na Fase atual,Avaliador-24,Promovido de Fase + Bolsa,Avaliador-31,Promovido de Fase + Bolsa,8.3,9.6,7.5,Não atendido,8.8,8.3,8.0,10.0,Não,8.5,10.0,Destaque: A sua boa entrega das lições de casa.,Destaque: As suas boas notas na Passos Mágicos.,Destaque: A sua boa integração aos Princípios Passos Mágicos.,2022,7.519999999999998,,,,5.0,5.0,fase_0_7,15.0,1,0.0,True,False
87,1,2007.0,2021,Privada - Programa de Apadrinhamento,Topázio,8.6625,,,4.0,Avaliador-24,,Avaliador-7,,Avaliador-23,,Avaliador-8,,7.5,10.0,5.63,,9.3,9.5,8.7,9.7,,8.385,10.0,,,,2023,8.125,,,,6.0,6.0,fase_0_7,16.0,2,0.0,False,False
87,1,2007.0,2021,Privada - Programa de Apadrinhamento,Topázio,9.437924561333332,,,3.0,Avaliador-22,,Avaliador-26,,Avaliador-7,,,,8.751,9.649122807,9.375,,9.166666666666666,10.0,7.5,10.0,,9.623333333,10.0,,,,2024,9.375,,,Colégio Arco Íris Evolução,7.0,6.0,fase_0_7,17.0,3,1.0,True,False
870,0,2014.0,2023,Pública,Quartzo,4.909,,,2.0,Avaliador-11,,Avaliador-2,,,,,,0.0,8.5,8.76,,1.5,2.0,1.0,,,5.165,5.0,,,,2023,5.0,,,,0.0,1.0,fase_0_7,9.0,0,-1.0,False,True
871,1,2014.0,2023,Pública,Agata,6.8617,,,2.0,Avaliador-13,,Avaliador-3,,,,,,9.0,9.5,3.76,,6.9,6.8,7.0,,,6.84,5.0,,,,2023,4.375,,,,0.0,1.0,fase_0_7,9.0,0,-1.0,False,True
871,1,2014.0,2023,Pública,Ametista,7.291729314799999,,,3.0,Avaliador-14,,Avaliador-3,,Avaliador-15,,,,8.502,9.328063241,4.38,,7.25,6.0,8.5,,,5.783333333,10.0,,,,2024,5.3125,,,EE Chácara Florida II,1.0,1.0,fase_0_7,10.0,1,0.0,False,False
872,0,2013.0,2023,Pública,Quartzo,5.267,,,2.0,Avaliador-13,,Avaliador-3,,,,,,0.0,6.7,2.52,,4.3,5.5,3.0,,,8.5,5.0,,,,2023,6.25,,,,0.0,2.0,fase_0_7,10.0,0,-2.0,False,True
873,0,2012.0,2023,Pública,Ametista,7.8012,,,2.0,Avaliador-13,,Avaliador-3,,,,,,8.5,9.7,7.52,,7.0,7.2,6.8,,,8.67,5.0,,,,2023,6.25,,,,0.0,2.0,fase_0_7,11.0,0,-2.0,False,True
873,0,2012.0,2023,Pública,Ametista,7.61095,,,3.0,Avaliador-14,,Avaliador-3,,Avaliador-15,,,,8.002,10.0,6.88,,6.75,7.0,6.5,,,7.77,5.0,,,,2024,7.1875,,,EE Olivia de Faria Nogueira,1.0,3.0,fase_0_7,12.0,1,-2.0,False,True
874,1,2013.0,2023,Pública,Quartzo,5.811,,,2.0,Avaliador-13,,Avaliador-3,,,,,,0.0,8.2,7.52,,4.8,6.3,3.3,,,6.67,5.0,,,,2023,6.25,,,,0.0,1.0,fase_0_7,10.0,0,-1.0,False,True
874,1,2013.0,2023,Pública,Ametista,7.0235939394,,,2.0,Avaliador-15,,Avaliador-2,,,,,,9.502,4.696969697,6.26,,7.75,6.0,9.5,,,7.915,5.0,,,,2024,8.75,,,EE Chácara Florida II,1.0,2.0,fase_0_7,11.0,1,-1.0,False,True
875,1,2014.0,2023,Pública,Topázio,8.2712,,,2.0,Avaliador-13,,Avaliador-3,,,,,,9.5,9.5,7.52,,7.3,7.0,7.5,,,9.845,5.0,,,,2023,7.5,,,,0.0,1.0,fase_0_7,9.0,0,-1.0,True,True
876,1,2015.0,2023,Pública,Topázio,8.6492,,,2.0,Avaliador-13,,Avaliador-3,,,,,,10.0,9.4,7.52,,7.5,7.3,7.7,,,8.835,10.0,,,,2023,7.5,,,,0.0,0.0,fase_0_7,8.0,0,0.0,False,False
876,1,2015.0,2023,Pública,Ametista,7.612057142800001,,,2.0,Avaliador-15,,Avaliador-2,,,,,,8.502,9.0476190475,7.51,,3.75,7.5,0.0,,,8.09,10.0,,,,2024,8.333333333,,,EM Etelvina Delfim Simões,1.0,1.0,fase_0_7,9.0,1,0.0,False,False
877,1,2014.0,2023,Pública,Ametista,7.4722,,,2.0,Avaliador-13,,Avaliador-3,,,,,,9.5,9.5,7.52,,6.9,7.5,6.2,,,7.5,5.0,,,,2023,5.0,,,,0.0,1.0,fase_0_7,9.0,0,-1.0,False,True
878,1,2013.0,2023,Pública,Agata,6.24,,,2.0,Avaliador-13,,Avaliador-3,,,,,,0.0,9.5,2.52,,8.1,8.0,8.2,,,7.34,5.0,,,,2023,5.0,,,,0.0,2.0,fase_0_7,10.0,0,-2.0,False,True
878,1,2013.0,2023,Pública,Agata,6.5335560606000005,,,3.0,Avaliador-14,,Avaliador-3,,Avaliador-15,,,,9.002,6.1363636360000005,4.38,,6.75,6.0,7.5,,,6.996666667,5.0,,,,2024,7.1875,,,EE Chácara Florida II,1.0,2.0,fase_0_7,11.0,1,-1.0,False,True
879,0,2014.0,2023,Pública,Agata,6.8225,,,2.0,Avaliador-13,,Avaliador-3,,,,,,0.0,9.8,2.52,,8.2,8.2,8.2,,,8.915,5.0,,,,2023,6.875,,,,0.0,1.0,fase_0_7,9.0,0,-1.0,False,True
879,0,2014.0,2023,Pública,Topázio,8.1096318182,,,3.0,Avaliador-14,,Avaliador-3,,Avaliador-15,,,,9.502,9.090909091,6.26,,8.5,8.0,9.0,,,8.67,5.0,,,,2024,7.8125,,,EM Etelvina Delfim Simões,1.0,2.0,fase_0_7,10.0,1,-1.0,True,True
88,1,2005.0,2021,Escola Pública,Ametista,7.498,21.0,4.0,4.0,Avaliador-6,Promovido de Fase + Bolsa,Avaliador-27,Mantido na Fase atual,Avaliador-24,Promovido de Fase,Avaliador-31,Promovido de Fase + Bolsa,7.1,9.2,5.6,Sem limitações,6.5,6.8,6.2,6.4,Sim,9.208,5.0,Destaque: A sua boa entrega das lições de casa.,Melhorar: Empenhar-se mais nas aulas e avaliações.,Destaque: A sua boa integração aos Princípios Passos Mágicos.,2022,7.464000000000004,,,,5.0,7.0,fase_0_7,17.0,1,-2.0,True,True
88,1,2005.0,2021,Privada - Pagamento por *Empresa Parceira,,,,,,,,,,,,,,,,,,,,,,,,10.0,,,,2023,,,,,8.0,8.0,fase_8,18.0,2,0.0,False,False
88,1,2005.0,2021,Privada *Parcerias com Bolsa 100%,,,,,0.0,,,,,,,,,,,,,,,,,,,10.0,,,,2024,,,,Faculdade FIAP,8.0,8.0,fase_8,19.0,3,0.0,False,False
880,0,2015.0,2023,Pública,Agata,6.724,,,2.0,Avaliador-13,,Avaliador-3,,,,,,0.0,9.4,2.52,,6.3,6.3,6.2,,,8.585,10.0,,,,2023,6.25,,,,0.0,0.0,fase_0_7,8.0,0,0.0,False,False
880,0,2015.0,2023,Pública,Agata,6.853080434800001,,,3.0,Avaliador-3,,Avaliador-13,,Avaliador-9,,,,9.502,8.445652174,2.51,,6.5,7.5,5.5,,,7.22,5.0,,,,2024,7.1875,,,EE Chácara Florida II,0.0,1.0,fase_0_7,9.0,1,-1.0,False,True
881,1,2015.0,2023,Pública,Ametista,7.7322,,,2.0,Avaliador-13,,Avaliador-3,,,,,,10.0,8.9,7.52,,7.3,7.5,7.0,,,6.25,10.0,,,,2023,5.0,,,,0.0,0.0,fase_0_7,8.0,0,0.0,False,False
882,0,2015.0,2023,Pública,Agata,6.0092,,,2.0,Avaliador-11,,Avaliador-3,,,,,,9.0,8.6,2.52,,4.7,4.8,4.5,,,4.16,10.0,,,,2023,3.75,,,,0.0,0.0,fase_0_7,8.0,0,0.0,False,False
883,0,2015.0,2023,Pública,Topázio,8.5082,,,2.0,Avaliador-11,,Avaliador-3,,,,,,9.5,9.7,6.89,,8.4,8.0,8.7,,,8.17,10.0,,,,2023,6.25,,,,0.0,0.0,fase_0_7,8.0,0,0.0,False,False
884,0,2015.0,2023,Pública,Topázio,8.4587,,,2.0,Avaliador-11,,Avaliador-3,,,,,,9.0,9.7,4.39,,8.8,8.4,9.2,,,8.66,10.0,,,,2023,6.875,,,,0.0,0.0,fase_0_7,8.0,0,0.0,False,False
884,0,2015.0,2023,Pública,Topázio,8.0345030302,,,3.0,Avaliador-3,,Avaliador-13,,Avaliador-9,,,,10.002,8.818181818,6.26,,8.75,10.0,7.5,,,8.223333333,5.0,,,,2024,7.5,,,EM Pedro Antonio de Almeida,0.0,1.0,fase_0_7,9.0,1,-1.0,False,True
885,1,2015.0,2023,Pública,Topázio,8.8252,,,2.0,Avaliador-11,,Avaliador-3,,,,,,9.0,9.8,7.52,,8.7,8.5,8.8,,,8.665,10.0,,,,2023,7.5,,,,0.0,0.0,fase_0_7,8.0,0,0.0,False,False
885,1,2015.0,2023,Pública,Topázio,8.2072,,,3.0,Avaliador-3,,Avaliador-13,,Avaliador-9,,,,8.502,10.0,7.51,,8.5,10.0,7.0,,,8.28,5.0,,,,2024,7.5,,,EE Dom Pedro Villas Boas de Souza,0.0,1.0,fase_0_7,9.0,1,-1.0,False,True
886,0,2016.0,2023,Pública,Topázio,8.6422,,,2.0,Avaliador-11,,Avaliador-3,,,,,,8.5,9.4,7.52,,8.1,7.6,8.5,,,9.0,10.0,,,,2023,7.5,,,,0.0,0.0,fase_0_7,7.0,0,0.0,True,False
886,0,2016.0,2023,Pública,Topázio,8.419200000000002,,,3.0,Avaliador-3,,Avaliador-13,,Avaliador-9,,,,9.502,10.0,8.13,,8.75,9.0,8.5,,,8.28,5.0,,,,2024,7.5,,,EM Etelvina Delfim Simões,0.0,1.0,fase_0_7,8.0,1,-1.0,False,True
887,1,2015.0,2023,Pública,Topázio,8.6718,,,2.0,Avaliador-11,,Avaliador-3,,,,,,8.9,8.9,7.52,,8.4,7.8,9.0,,,9.09,10.0,,,,2023,7.5,,,,0.0,0.0,fase_0_7,8.0,0,0.0,True,False
888,1,2016.0,2023,Pública,Topázio,8.9182,,,2.0,Avaliador-11,,Avaliador-3,,,,,,9.0,10.0,7.52,,8.8,8.2,9.3,,,8.83,10.0,,,,2023,7.5,,,,0.0,0.0,fase_0_7,7.0,0,0.0,False,False
888,1,2016.0,2023,Pública,Topázio,8.1942,,,3.0,Avaliador-3,,Avaliador-13,,Avaliador-9,,,,9.002,10.0,6.88,,8.5,9.0,8.0,,,8.28,5.0,,,,2024,7.5,,,EE Dom Pedro Villas Boas de Souza,0.0,1.0,fase_0_7,8.0,1,-1.0,False,True
889,1,2015.0,2023,Pública,Topázio,8.8092,,,2.0,Avaliador-11,,Avaliador-3,,,,,,8.5,9.5,6.89,,9.1,8.7,9.5,,,9.0,10.0,,,,2023,7.5,,,,0.0,0.0,fase_0_7,8.0,0,0.0,True,False
889,1,2015.0,2023,Pública,Topázio,8.191290909100001,,,3.0,Avaliador-3,,Avaliador-13,,Avaliador-9,,,,8.502,9.2954545455,6.26,,9.75,10.0,9.5,,,8.28,5.0,,,,2024,7.5,,,EM Maria Ignez Concelles Irma Ines,0.0,1.0,fase_0_7,9.0,1,-1.0,False,True
89,1,2006.0,2021,Escola Pública,Ametista,7.323,24.0,5.0,4.0,Avaliador-6,Promovido de Fase + Bolsa,Avaliador-27,Mantido na Fase atual,Avaliador-24,Mantido na Fase atual,Avaliador-31,Promovido de Fase + Bolsa,9.6,7.8,7.5,Não atendido,5.9,7.5,5.7,4.7,Sim,8.0,5.0,Destaque: A sua boa entrega das lições de casa.,Melhorar: Empenhar-se mais nas aulas e avaliações.,Destaque: A sua boa integração aos Princípios Passos Mágicos.,2022,7.729999999999997,,,,5.0,6.0,fase_0_7,16.0,1,-1.0,False,True
89,1,2006.0,2021,Pública,Agata,6.700775,,,4.0,Avaliador-24,,Avaliador-7,,Avaliador-23,,Avaliador-8,,8.3,8.1,5.0,,5.1,6.3,2.3,6.7,,7.465,5.0,,,,2023,7.34375,,,,6.0,7.0,fase_0_7,17.0,2,-1.0,False,True
890,1,2015.0,2023,Pública,Agata,6.989,,,2.0,Avaliador-11,,Avaliador-3,,,,,,0.0,9.1,2.52,,8.3,8.0,8.6,,,8.16,10.0,,,,2023,6.25,,,,0.0,0.0,fase_0_7,8.0,0,0.0,False,False
891,0,2014.0,2023,Pública,Ametista,7.8882,,,2.0,Avaliador-11,,Avaliador-3,,,,,,9.5,9.5,6.89,,7.5,6.2,8.8,,,7.995,5.0,,,,2023,7.5,,,,0.0,1.0,fase_0_7,9.0,0,-1.0,False,True
891,0,2014.0,2023,Pública,Topázio,8.035957575700001,,,3.0,Avaliador-3,,Avaliador-13,,Avaliador-9,,,,10.002,9.0454545455,6.26,,8.75,10.0,7.5,,,8.003333333,5.0,,,,2024,7.5,,,EE Chácara Florida II,0.0,1.0,fase_0_7,10.0,1,-1.0,False,True
892,1,2015.0,2023,Pública,Topázio,8.8112,,,2.0,Avaliador-13,,Avaliador-3,,,,,,8.0,9.6,6.89,,8.3,8.5,8.0,,,10.01,10.0,,,,2023,7.5,,,,0.0,0.0,fase_0_7,8.0,0,0.0,True,False
892,1,2015.0,2023,Pública,Topázio,8.697700000000001,,,2.0,Avaliador-3,,Avaliador-15,,,,,,8.002,10.0,7.51,,8.75,10.0,7.5,,,7.92,10.0,,,,2024,8.125,,,EE Dom Pedro Villas Boas de Souza,1.0,1.0,fase_0_7,9.0,1,0.0,False,False
893,1,2014.0,2023,Pública,Topázio,8.8042,,,2.0,Avaliador-13,,Avaliador-3,,,,,,9.5,10.0,7.52,,9.3,9.5,9.0,,,10.01,5.0,,,,2023,7.5,,,,0.0,1.0,fase_0_7,9.0,0,-1.0,True,True
893,1,2014.0,2023,Pública,Topázio,8.8910333334,,,3.0,Avaliador-14,,Avaliador-3,,Avaliador-15,,,,9.002,10.0,7.51,,9.25,10.0,8.5,,,7.886666667,10.0,,,,2024,8.125,,,EE Chácara Florida II,1.0,1.0,fase_0_7,10.0,1,0.0,False,False
894,0,2014.0,2023,Pública,Topázio,8.8142,,,2.0,Avaliador-13,,Avaliador-3,,,,,,9.5,9.9,7.52,,9.4,9.3,9.5,,,10.01,5.0,,,,2023,7.5,,,,0.0,1.0,fase_0_7,9.0,0,-1.0,True,True
894,0,2014.0,2023,Pública,Topázio,8.67895,,,2.0,Avaliador-3,,Avaliador-15,,,,,,10.002,10.0,7.51,,9.5,9.0,10.0,,,8.42,5.0,,,,2024,8.4375,,,EE Dom Pedro Villas Boas de Souza,1.0,2.0,fase_0_7,10.0,1,-1.0,True,True
895,0,2015.0,2023,Pública,Topázio,8.5397,,,2.0,Avaliador-13,,Avaliador-3,,,,,,9.5,9.5,7.52,,6.8,6.8,6.7,,,9.5,10.0,,,,2023,6.875,,,,0.0,0.0,fase_0_7,8.0,0,0.0,True,False
895,0,2015.0,2023,Pública,Topázio,8.2579575757,,,3.0,Avaliador-3,,Avaliador-13,,Avaliador-9,,,,9.502,9.5454545455,6.26,,9.5,10.0,9.0,,,8.113333333,5.0,,,,2024,7.5,,,EE Dom Pedro Villas Boas de Souza,0.0,1.0,fase_0_7,9.0,1,-1.0,False,True
896,1,2015.0,2023,Pública,Topázio,9.0912,,,2.0,Avaliador-13,,Avaliador-3,,,,,,9.5,10.0,6.89,,8.5,9.0,8.0,,,10.01,10.0,,,,2023,7.5,,,,0.0,0.0,fase_0_7,8.0,0,0.0,True,False
896,1,2015.0,2023,Pública,Topázio,8.2852454545,,,2.0,Avaliador-3,,Avaliador-15,,,,,,8.502,9.7727272725,7.51,,6.5,6.5,6.5,,,8.085,10.0,,,,2024,8.125,,,EE Dom Pedro Villas Boas de Souza,1.0,1.0,fase_0_7,9.0,1,0.0,False,False
897,1,2014.0,2023,Pública,Quartzo,5.48225,,,2.0,Avaliador-13,,Avaliador-3,,,,,,0.0,8.1,7.52,,6.5,7.2,5.7,,,3.32,5.0,,,,2023,6.5625,,,,0.0,1.0,fase_0_7,9.0,0,-1.0,False,True
897,1,2014.0,2023,Pública,Quartzo,5.2212050505,,,2.0,Avaliador-3,,Avaliador-13,,,,,,7.002,2.7525252525,2.51,,6.0,5.5,6.5,,,6.66,5.0,,,,2024,6.875,,,EE Francisco de Paula Teixeira,0.0,1.0,fase_0_7,10.0,1,-1.0,False,True
898,1,2014.0,2023,Pública,Topázio,8.4217,,,2.0,Avaliador-13,,Avaliador-3,,,,,,9.0,9.8,3.77,,9.4,9.7,9.0,,,10.01,5.0,,,,2023,8.125,,,,0.0,1.0,fase_0_7,9.0,0,-1.0,True,True
898,1,2014.0,2023,Pública,Ametista,7.8661333334,,,3.0,Avaliador-14,,Avaliador-3,,Avaliador-15,,,,6.418,10.0,7.51,,7.5,9.0,6.0,,,8.616666667,5.0,,,,2024,7.5,,,EE Dom Pedro Villas Boas de Souza,1.0,2.0,fase_0_7,10.0,1,-1.0,True,True
899,1,2015.0,2023,Pública,Topázio,8.8452,,,2.0,Avaliador-13,,Avaliador-3,,,,,,10.0,9.8,3.77,,9.5,9.3,9.6,,,9.34,10.0,,,,2023,7.5,,,,0.0,0.0,fase_0_7,8.0,0,0.0,True,False
899,1,2015.0,2023,Pública,Topázio,8.425024769300002,,,3.0,Avaliador-14,,Avaliador-3,,Avaliador-15,,,,10.002,9.1007905135,5.635,,8.25,8.0,8.5,,,7.893333333,10.0,,,,2024,8.125,,,EE Chácara Florida II,1.0,1.0,fase_0_7,9.0,1,0.0,False,False
9,0,2004.0,2019,Escola Pública,Topázio,8.109,1.0,1.0,4.0,Avaliador-5,Promovido de Fase,Avaliador-27,Mantido na Fase atual,Avaliador-28,Promovido de Fase + Bolsa,Avaliador-31,Mantido na Fase + Bolsa,8.8,9.5,7.5,Sem limitações,6.7,5.5,6.0,8.7,Sim,9.5,5.0,Destaque: A sua boa entrega das lições de casa.,Melhorar: Empenhar-se mais nas aulas e avaliações.,Destaque: A sua boa integração aos Princípios Passos Mágicos.,2022,8.389999999999995,,,,7.0,8.0,fase_0_7,18.0,3,-1.0,True,True
90,0,2009.0,2019,Rede Decisão,Topázio,9.442,1.0,1.0,4.0,Avaliador-5,Promovido de Fase,Avaliador-27,Mantido na Fase atual,Avaliador-24,Mantido na Fase + Bolsa,Avaliador-31,Promovido de Fase + Bolsa,10.0,9.7,9.4,Sem limitações,8.5,7.7,8.0,9.8,Não,9.75,10.0,Destaque: A sua boa entrega das lições de casa.,Destaque: As suas boas notas na Passos Mágicos.,Destaque: A sua boa integração aos Princípios Passos Mágicos.,2022,9.11999999999999,,,,5.0,3.0,fase_0_7,13.0,3,2.0,True,False
90,0,2009.0,2019,Privada - Programa de Apadrinhamento,Topázio,8.699408333,,,4.0,Avaliador-24,,Avaliador-7,,Avaliador-23,,Avaliador-8,,10.0,9.6,7.52,,7.7,6.7,6.8,9.5,,8.1725,10.0,,,,2023,8.59375,,,,5.0,4.0,fase_0_7,14.0,4,1.0,False,False
90,0,2009.0,2021,Privada *Parcerias com Bolsa 100%,Topázio,8.352033333333335,,,0.0,,,,,,,,,10.002,9.0,6.885,,8.066666666666666,7.7,8.3,8.2,,7.5,10.0,,,,2024,7.5,,,Colégio Poliedro - SP,7.0,5.0,fase_0_7,15.0,3,2.0,False,False
900,0,2015.0,2023,Pública,Topázio,8.8947,,,2.0,Avaliador-13,,Avaliador-3,,,,,,9.0,9.8,9.38,,7.8,8.0,7.5,,,8.67,10.0,,,,2023,8.125,,,,0.0,0.0,fase_0_7,8.0,0,0.0,False,False
900,0,2015.0,2023,Pública,Topázio,8.802003030200002,,,3.0,Avaliador-14,,Avaliador-3,,Avaliador-15,,,,9.002,9.318181818,8.13,,8.5,8.0,9.0,,,8.563333333,10.0,,,,2024,8.125,,,EE Dom Pedro Villas Boas de Souza,1.0,1.0,fase_0_7,9.0,1,0.0,True,False
901,1,2012.0,2023,Pública,Ametista,7.3112,,,2.0,Avaliador-13,,Avaliador-3,,,,,,8.5,8.7,3.77,,7.5,7.7,7.3,,,8.595,5.0,,,,2023,6.25,,,,0.0,2.0,fase_0_7,11.0,0,-2.0,False,True
902,1,2011.0,2023,Pública,Quartzo,5.97345,,,2.0,Avaliador-13,,Avaliador-3,,,,,,10.0,9.3,2.52,,3.9,4.5,3.3,,,6.5,2.5,,,,2023,5.3125,,,,0.0,3.0,fase_0_7,12.0,0,-3.0,False,True
903,0,2015.0,2023,Pública,Topázio,8.5242,,,2.0,Avaliador-13,,Avaliador-3,,,,,,10.0,9.6,5.02,,7.8,7.7,7.8,,,9.01,10.0,,,,2023,7.5,,,,0.0,0.0,fase_0_7,8.0,0,0.0,True,False
903,0,2015.0,2023,Pública,Topázio,8.0758287879,,,3.0,Avaliador-14,,Avaliador-3,,Avaliador-15,,,,10.002,9.7727272725,7.505,,5.0,6.0,4.0,,,7.946666667,10.0,,,,2024,7.8125,,,EE Dom Pedro Villas Boas de Souza,1.0,1.0,fase_0_7,9.0,1,0.0,False,False
904,0,2016.0,2023,Pública,Topázio,8.140783333,,,2.0,Avaliador-11,,Avaliador-2,,,,,,9.0,9.3,7.52,,6.4,6.0,6.8,,,7.836666667,10.0,,,,2023,7.8125,,,,0.0,0.0,fase_0_7,7.0,0,0.0,False,False
904,0,2016.0,2023,Pública,Ametista,7.6352,,,3.0,Avaliador-11,,Avaliador-2,,Avaliador-9,,,,9.502,8.75,7.51,,6.0,6.0,6.0,,,8.67,5.0,,,,2024,7.5,,,EE Chácara Florida II,0.0,1.0,fase_0_7,8.0,1,-1.0,True,True
905,1,2013.0,2023,Pública,Ametista,7.831033333,,,2.0,Avaliador-11,,Avaliador-2,,,,,,9.5,9.4,7.52,,8.3,7.5,9.0,,,7.056666667,5.0,,,,2023,6.875,,,,0.0,1.0,fase_0_7,10.0,0,-1.0,False,True
905,1,2013.0,2023,Pública,Agata,6.3925823529,,,2.0,Avaliador-3,,Avaliador-13,,,,,,9.002,7.7794117645,7.51,,3.0,2.0,4.0,,,6.99,5.0,,,,2024,6.875,,,EM Pedro Antonio de Almeida,0.0,2.0,fase_0_7,11.0,1,-2.0,False,True
906,1,2015.0,2023,Pública,Topázio,8.1922,,,2.0,Avaliador-11,,Avaliador-2,,,,,,7.5,9.2,7.52,,8.6,7.7,9.4,,,6.95,10.0,,,,2023,7.5,,,,0.0,0.0,fase_0_7,8.0,0,0.0,False,False
907,0,2015.0,2023,Privada,Topázio,8.962033333,,,2.0,Avaliador-11,,Avaliador-2,,,,,,9.5,9.6,7.52,,9.3,9.2,9.4,,,8.336666667,10.0,,,,2023,8.125,,,,0.0,0.0,fase_0_7,8.0,0,0.0,False,False
907,0,2015.0,2023,Privada,Ametista,7.9400888889,,,2.0,Avaliador-3,,Avaliador-13,,,,,,9.002,8.9444444445,7.51,,8.75,10.0,7.5,,,7.5,5.0,,,,2024,7.5,,,EE Dom Pedro Villas Boas de Souza,0.0,1.0,fase_0_7,9.0,1,-1.0,False,True
908,0,2015.0,2023,Pública,Topázio,8.479366667,,,2.0,Avaliador-11,,Avaliador-2,,,,,,9.0,9.0,7.52,,7.9,6.7,9.0,,,8.223333333,10.0,,,,2023,8.125,,,,0.0,0.0,fase_0_7,8.0,0,0.0,False,False
908,0,2015.0,2023,Pública,Agata,6.764292246,,,2.0,Avaliador-3,,Avaliador-13,,,,,,8.502,8.14171123,7.51,,4.75,3.0,6.5,,,6.83,5.0,,,,2024,7.1875,,,EE Joaquim Mendes Feliz,0.0,1.0,fase_0_7,9.0,1,-1.0,False,True
909,0,2013.0,2023,Pública,Topázio,8.486033333,,,2.0,Avaliador-11,,Avaliador-2,,,,,,10.0,9.9,7.52,,9.2,9.1,9.2,,,8.056666667,5.0,,,,2023,8.125,,,,0.0,2.0,fase_0_7,10.0,0,-2.0,False,True
909,0,2013.0,2023,Pública,Ametista,7.722033333300001,,,2.0,Avaliador-3,,Avaliador-13,,,,,,10.002,8.1666666665,7.51,,8.25,10.0,6.5,,,7.5,5.0,,,,2024,6.875,,,EE Dom Pedro Villas Boas de Souza,0.0,2.0,fase_0_7,11.0,1,-2.0,False,True
91,0,2006.0,2016,Rede Decisão,Ágata,6.645,36.0,8.0,4.0,Avaliador-5,Promovido de Fase,Avaliador-27,Mantido na Fase atual,Avaliador-24,Promovido de Fase + Bolsa,Avaliador-31,Promovido de Fase + Bolsa,9.2,5.7,5.6,Requer avaliação,6.6,5.5,5.7,8.5,Não,7.125,5.0,Melhorar: Melhorar a sua entrega de lições de casa.,Melhorar: Empenhar-se mais nas aulas e avaliações.,Melhorar: Integrar-se mais aos Princípios Passos Mágicos.,2022,7.800000000000002,,,,5.0,6.0,fase_0_7,16.0,6,-1.0,False,True
91,0,2006.0,2016,Privada - Programa de Apadrinhamento,Ametista,7.42395,,,4.0,Avaliador-24,,Avaliador-7,,Avaliador-23,,Avaliador-8,,10.0,7.4,6.89,,7.4,9.5,5.0,7.7,,7.4675,5.0,,,,2023,7.8125,,,,6.0,7.0,fase_0_7,17.0,7,-1.0,False,True
91,0,2006.0,2021,Privada - Programa de Apadrinhamento,Ametista,7.426704761933335,,,5.0,Avaliador-23,,Avaliador-24,,Avaliador-26,,Avaliador-1,,10.002,7.476190476333334,5.635,,7.333333333333333,9.0,4.0,9.0,,8.068,5.0,,,,2024,7.875,Avaliador-7,,Colégio Arco Íris Evolução,6.0,7.0,fase_0_7,18.0,3,-1.0,False,True
910,1,2015.0,2023,Pública,Ametista,7.801,,,2.0,Avaliador-11,,Avaliador-2,,,,,,0.0,8.8,7.52,,8.9,8.8,9.0,,,8.17,10.0,,,,2023,8.75,,,,0.0,0.0,fase_0_7,8.0,0,0.0,False,False
910,1,2015.0,2023,Pública,Topázio,8.1163818182,,,3.0,Avaliador-16,,Avaliador-3,,Avaliador-15,,,,8.502,8.674242424500001,7.51,,7.5,9.0,6.0,,,7.443333333,10.0,,,,2024,7.916666667,,,EM Etelvina Delfim Simões,1.0,1.0,fase_0_7,9.0,1,0.0,False,False
911,1,2012.0,2023,Pública,Quartzo,5.59545,,,2.0,Avaliador-13,,Avaliador-3,,,,,,9.0,6.7,2.52,,3.4,3.7,3.0,,,7.01,5.0,,,,2023,5.3125,,,,0.0,2.0,fase_0_7,11.0,0,-2.0,False,True
911,1,2012.0,2023,Pública,Quartzo,5.4552454547,,,3.0,Avaliador-16,,Avaliador-3,,Avaliador-15,,,,8.002,4.772727273,7.51,,4.5,5.0,4.0,,,4.726666667,5.0,,,,2024,6.041666667,,,EE Leonice de Aquino Oliveira,1.0,3.0,fase_0_7,12.0,1,-2.0,False,True
912,0,2014.0,2023,Pública,Ametista,7.0797,,,2.0,Avaliador-13,,Avaliador-3,,,,,,7.0,9.4,7.52,,6.3,6.2,6.3,,,7.175,5.0,,,,2023,5.625,,,,0.0,1.0,fase_0_7,9.0,0,-1.0,False,True
912,0,2014.0,2023,Pública,Ametista,7.697103508700001,,,3.0,Avaliador-3,,Avaliador-13,,Avaliador-9,,,,9.002,9.4736842105,7.51,,7.25,7.0,7.5,,,6.943333333,5.0,,,,2024,8.125,,,EM Maria Ignez Concelles Irma Ines,0.0,2.0,fase_0_7,10.0,1,-2.0,False,True
913,0,2013.0,2023,Pública,Ametista,7.7432,,,2.0,Avaliador-11,,Avaliador-3,,,,,,8.0,8.5,6.89,,7.9,9.5,6.3,,,9.245,5.0,,,,2023,6.25,,,,0.0,2.0,fase_0_7,10.0,0,-2.0,True,True
914,0,2015.0,2023,Pública,Topázio,8.6912,,,2.0,Avaliador-11,,Avaliador-3,,,,,,10.0,9.2,7.52,,8.7,9.0,8.4,,,8.67,10.0,,,,2023,6.25,,,,0.0,0.0,fase_0_7,8.0,0,0.0,False,False
915,0,2015.0,2023,Pública,Topázio,8.5962,,,2.0,Avaliador-11,,Avaliador-3,,,,,,10.0,8.4,7.52,,8.4,8.1,8.7,,,8.67,10.0,,,,2023,7.5,,,,0.0,0.0,fase_0_7,8.0,0,0.0,False,False
916,0,2014.0,2023,Pública,Ametista,7.3882,,,2.0,Avaliador-11,,Avaliador-3,,,,,,9.5,9.7,2.52,,6.6,7.7,5.5,,,9.005,5.0,,,,2023,6.25,,,,0.0,1.0,fase_0_7,9.0,0,-1.0,True,True
916,0,2014.0,2023,Pública,Quartzo,5.5058531621,,,2.0,Avaliador-3,,Avaliador-13,,,,,,8.502,7.3320158105,2.51,,2.75,3.5,2.0,,,6.16,5.0,,,,2024,6.5625,,,EM Maria Ignez Concelles Irma Ines,0.0,2.0,fase_0_7,10.0,1,-2.0,False,True
917,0,2015.0,2023,Pública,Quartzo,5.987,,,2.0,Avaliador-11,,Avaliador-3,,,,,,0.0,7.2,2.52,,7.0,5.3,8.7,,,6.35,10.0,,,,2023,6.25,,,,0.0,0.0,fase_0_7,8.0,0,0.0,False,False
918,0,2016.0,2023,Pública,Ametista,7.4967,,,2.0,Avaliador-11,,Avaliador-3,,,,,,10.0,8.7,2.52,,7.7,7.1,8.3,,,7.01,10.0,,,,2023,5.625,,,,0.0,0.0,fase_0_7,7.0,0,0.0,False,False
918,0,2016.0,2023,Pública,Quartzo,5.657357017600001,,,3.0,Avaliador-3,,Avaliador-13,,Avaliador-9,,,,7.918,8.697368421,2.51,,2.75,1.0,4.5,,,6.156666667,5.0,,,,2024,5.9375,,,EM Maria Ignez Concelles Irma Ines,0.0,1.0,fase_0_7,8.0,1,-1.0,False,True
919,1,2014.0,2023,Pública,Agata,6.225,,,2.0,Avaliador-11,,Avaliador-3,,,,,,0.0,8.4,7.52,,5.3,5.5,5.0,,,8.09,5.0,,,,2023,6.25,,,,0.0,1.0,fase_0_7,9.0,0,-1.0,False,True
919,1,2014.0,2023,Pública,Quartzo,5.799702673800001,,,2.0,Avaliador-3,,Avaliador-13,,,,,,7.002,4.692513369,6.255,,5.25,6.5,4.0,,,6.49,5.0,,,,2024,6.875,,,EM Maria Ignez Concelles Irma Ines,0.0,2.0,fase_0_7,10.0,1,-2.0,False,True
92,0,2006.0,2016,Rede Decisão,Ágata,6.957,30.0,7.0,4.0,Avaliador-5,Promovido de Fase,Avaliador-27,Mantido na Fase atual,Avaliador-24,Promovido de Fase + Bolsa,Avaliador-31,Promovido de Fase + Bolsa,9.2,7.1,5.0,Requer avaliação,7.4,7.8,5.5,8.8,Não,6.667,5.0,Melhorar: Melhorar a sua entrega de lições de casa.,Melhorar: Empenhar-se mais nas aulas e avaliações.,Melhorar: Integrar-se mais aos Princípios Passos Mágicos.,2022,8.035999999999994,,,,5.0,6.0,fase_0_7,16.0,6,-1.0,False,True
92,0,2006.0,2016,Privada - Programa de Apadrinhamento,Ametista,7.375916667,,,4.0,Avaliador-24,,Avaliador-7,,Avaliador-23,,Avaliador-8,,9.6,9.4,5.63,,6.7,8.7,4.8,6.7,,7.045,5.0,,,,2023,7.1875,,,,6.0,7.0,fase_0_7,17.0,7,-1.0,False,True
92,0,2006.0,2021,Privada - Programa de Apadrinhamento,Topázio,8.052279017,,,3.0,Avaliador-22,,Avaliador-26,,Avaliador-7,,,,10.002,8.769145085,7.51,,7.5,8.0,5.0,9.5,,6.33,10.0,,,,2024,7.8125,,,Colégio Arco Íris Evolução,7.0,7.0,fase_0_7,18.0,3,0.0,False,False
920,0,2015.0,2023,Pública,Agata,6.9647,,,2.0,Avaliador-11,,Avaliador-3,,,,,,9.0,6.3,7.52,,6.1,6.0,6.2,,,6.35,10.0,,,,2023,5.625,,,,0.0,0.0,fase_0_7,8.0,0,0.0,False,False
920,0,2015.0,2023,Pública,Ametista,7.7494938597,,,3.0,Avaliador-3,,Avaliador-13,,Avaliador-9,,,,9.502,7.6710526315,7.51,,8.25,9.0,7.5,,,8.226666667,5.0,,,,2024,7.1875,,,EM Maria Ignez Concelles Irma Ines,0.0,1.0,fase_0_7,9.0,1,-1.0,False,True
921,0,2016.0,2023,Pública,Ametista,7.7407,,,2.0,Avaliador-13,,Avaliador-3,,,,,,9.0,9.7,7.52,,6.3,6.5,6.0,,,6.68,10.0,,,,2023,5.625,,,,0.0,0.0,fase_0_7,7.0,0,0.0,False,False
921,0,2016.0,2023,Pública,Ametista,7.2838203209,,,2.0,Avaliador-3,,Avaliador-13,,,,,,8.502,8.6631016045,7.51,,6.0,5.0,7.0,,,7.5,5.0,,,,2024,7.5,,,EE Dom Pedro Villas Boas de Souza,0.0,1.0,fase_0_7,8.0,1,-1.0,False,True
922,0,2014.0,2023,Pública,Topázio,8.5262,,,2.0,Avaliador-13,,Avaliador-3,,,,,,8.5,9.7,3.14,,8.4,8.5,8.2,,,10.01,10.0,,,,2023,7.5,,,,0.0,0.0,fase_0_7,9.0,0,0.0,True,False
922,0,2014.0,2023,Pública,Topázio,8.5209954545,,,2.0,Avaliador-3,,Avaliador-15,,,,,,9.002,9.5227272725,7.51,,7.75,7.5,8.0,,,8.17,10.0,,,,2024,7.8125,,,EE Francisco de Paula Teixeira,1.0,1.0,fase_0_7,10.0,1,0.0,False,False
923,0,2015.0,2023,Pública,Topázio,8.8842,,,2.0,Avaliador-13,,Avaliador-3,,,,,,9.5,9.9,7.52,,7.3,7.5,7.0,,,10.01,10.0,,,,2023,7.5,,,,0.0,0.0,fase_0_7,8.0,0,0.0,True,False
923,0,2015.0,2023,Pública,Ametista,7.688609090900001,,,2.0,Avaliador-3,,Avaliador-15,,,,,,8.002,7.9545454545,7.51,,5.5,5.0,6.0,,,8.17,10.0,,,,2024,8.125,,,EE Dom Pedro Villas Boas de Souza,1.0,1.0,fase_0_7,9.0,1,0.0,False,False
924,1,2015.0,2023,Pública,Agata,6.5207,,,2.0,Avaliador-13,,Avaliador-3,,,,,,9.0,5.6,7.52,,5.0,5.0,5.0,,,5.93,10.0,,,,2023,5.625,,,,0.0,0.0,fase_0_7,8.0,0,0.0,False,False
924,1,2015.0,2023,Pública,Agata,6.4727360962,,,2.0,Avaliador-3,,Avaliador-13,,,,,,7.002,4.598930481,7.51,,7.0,7.5,6.5,,,7.415,5.0,,,,2024,7.1875,,,EE Dom Pedro Villas Boas de Souza,0.0,1.0,fase_0_7,9.0,1,-1.0,False,True
925,1,2015.0,2023,Pública,Ametista,7.1837,,,2.0,Avaliador-13,,Avaliador-3,,,,,,9.0,8.9,7.52,,5.4,5.2,5.5,,,5.595,10.0,,,,2023,5.625,,,,0.0,0.0,fase_0_7,8.0,0,0.0,False,False
925,1,2015.0,2023,Pública,Agata,6.587019518800001,,,2.0,Avaliador-3,,Avaliador-13,,,,,,8.002,7.005347594,7.51,,4.75,3.0,6.5,,,7.33,5.0,,,,2024,7.1875,,,EE Dom Pedro Villas Boas de Souza,0.0,1.0,fase_0_7,9.0,1,-1.0,False,True
926,0,2014.0,2023,Pública,Ametista,7.7792,,,2.0,Avaliador-13,,Avaliador-3,,,,,,9.0,10.0,3.77,,6.8,6.5,7.0,,,9.51,5.0,,,,2023,7.5,,,,0.0,1.0,fase_0_7,9.0,0,-1.0,True,True
926,0,2014.0,2023,Pública,Ametista,7.7830787878,,,3.0,Avaliador-16,,Avaliador-3,,Avaliador-15,,,,9.002,9.7727272725,7.51,,7.0,7.0,7.0,,,7.22,5.0,,,,2024,8.333333333,,,EM Maria Ignez Concelles Irma Ines,1.0,2.0,fase_0_7,10.0,1,-1.0,False,True
927,0,2014.0,2023,Pública,Ametista,7.5982,,,2.0,Avaliador-13,,Avaliador-3,,,,,,9.0,9.7,3.77,,6.4,7.0,5.8,,,9.255,5.0,,,,2023,7.5,,,,0.0,1.0,fase_0_7,9.0,0,-1.0,True,True
927,0,2014.0,2023,Pública,Ametista,7.9921696969,,,3.0,Avaliador-16,,Avaliador-3,,Avaliador-15,,,,8.002,9.318181818,7.51,,6.5,7.0,6.0,,,7.22,10.0,,,,2024,8.333333333,,,EM Maria Ignez Concelles Irma Ines,1.0,1.0,fase_0_7,10.0,1,0.0,False,False
928,0,2015.0,2023,Pública,Topázio,9.3712,,,2.0,Avaliador-11,,Avaliador-3,,,,,,8.5,10.0,7.52,,9.8,9.8,9.8,,,9.67,10.0,,,,2023,8.75,,,,0.0,0.0,fase_0_7,8.0,0,0.0,True,False
928,0,2015.0,2023,Pública,Topázio,8.8733666667,,,2.0,Avaliador-15,,Avaliador-2,,,,,,8.002,10.0,7.51,,8.75,8.5,9.0,,,8.59,10.0,,,,2024,8.541666667,,,EM Amanda Consuelo da Cunha,1.0,1.0,fase_0_7,9.0,1,0.0,True,False
929,0,2015.0,2023,Pública,Topázio,9.1312,,,2.0,Avaliador-11,,Avaliador-3,,,,,,8.5,9.8,7.52,,8.8,8.7,8.9,,,9.67,10.0,,,,2023,8.75,,,,0.0,0.0,fase_0_7,8.0,0,0.0,True,False
929,0,2015.0,2023,Pública,Ametista,7.7244368421,,,2.0,Avaliador-12,,Avaliador-13,,,,,,9.002,9.4736842105,7.51,,6.75,7.0,6.5,,,7.58,5.0,,,,2024,8.125,,,EM Amanda Consuelo da Cunha,0.0,1.0,fase_0_7,9.0,1,-1.0,False,True
93,0,2007.0,2016,Rede Decisão,Topázio,8.941,4.0,3.0,4.0,Avaliador-5,Promovido de Fase,Avaliador-27,Mantido na Fase atual,Avaliador-24,Mantido na Fase + Bolsa,Avaliador-31,Promovido de Fase + Bolsa,8.3,9.7,8.1,Sem limitações,8.5,8.8,8.3,8.4,Não,9.083,10.0,Destaque: A sua boa entrega das lições de casa.,Destaque: As suas boas notas na Passos Mágicos.,Destaque: A sua boa integração aos Princípios Passos Mágicos.,2022,8.443999999999985,,,,5.0,5.0,fase_0_7,15.0,6,0.0,True,False
93,0,2007.0,2016,Privada - Programa de Apadrinhamento,,,,,,,,,,,,,,7.9,,3.14,,,,,,,,10.0,,,,2023,,,,,7.0,6.0,fase_0_7,16.0,7,1.0,False,False
93,0,2007.0,2021,Privada - Programa de Apadrinhamento,Topázio,8.275550000066668,,,0.0,,,,,,,,,9.168,9.931666667,6.2575,,7.483333333333333,6.75,7.2,8.5,,7.5,10.0,,,,2024,7.5,,,Colégio Albert Einstein - SP,7.0,6.0,fase_0_7,17.0,3,1.0,False,False
930,1,2015.0,2023,Pública,Topázio,8.8872,,,2.0,Avaliador-11,,Avaliador-3,,,,,,9.0,8.8,7.52,,9.0,8.7,9.3,,,9.0,10.0,,,,2023,8.75,,,,0.0,0.0,fase_0_7,8.0,0,0.0,True,False
930,1,2015.0,2023,Pública,Ametista,7.9298184211,,,2.0,Avaliador-12,,Avaliador-13,,,,,,8.502,9.7368421055,7.51,,8.0,8.0,8.0,,,7.5,5.0,,,,2024,7.8125,,,EE Jardim Campestre,0.0,1.0,fase_0_7,9.0,1,-1.0,False,True
931,1,2015.0,2023,Pública,Ametista,7.3747,,,2.0,Avaliador-11,,Avaliador-3,,,,,,8.5,8.2,2.52,,7.8,7.0,8.5,,,7.6,10.0,,,,2023,5.625,,,,0.0,0.0,fase_0_7,8.0,0,0.0,False,False
931,1,2015.0,2023,Pública,Ametista,7.075466666700001,,,2.0,Avaliador-12,,Avaliador-11,,,,,,7.918,8.5833333335,2.51,,8.5,8.0,9.0,,,6.83,5.0,,,,2024,7.5,,,EM Amanda Consuelo da Cunha,0.0,1.0,fase_0_7,9.0,1,-1.0,False,True
932,0,2015.0,2023,Pública,Topázio,8.3847,,,2.0,Avaliador-11,,Avaliador-3,,,,,,9.5,7.9,7.52,,7.5,6.5,8.4,,,9.0,10.0,,,,2023,8.125,,,,0.0,0.0,fase_0_7,8.0,0,0.0,True,False
933,0,2015.0,2023,Pública,Topázio,8.6712,,,2.0,Avaliador-11,,Avaliador-3,,,,,,9.0,8.4,7.52,,7.7,8.0,7.3,,,9.67,10.0,,,,2023,8.75,,,,0.0,0.0,fase_0_7,8.0,0,0.0,True,False
934,0,2015.0,2023,Pública,Topázio,9.1737,,,2.0,Avaliador-11,,Avaliador-3,,,,,,9.0,9.6,7.52,,8.7,8.3,9.0,,,9.67,10.0,,,,2023,9.375,,,,0.0,0.0,fase_0_7,8.0,0,0.0,True,False
934,0,2015.0,2023,Pública,Topázio,8.338700000000001,,,2.0,Avaliador-12,,Avaliador-13,,,,,,9.502,9.75,7.51,,8.5,10.0,7.0,,,7.75,5.0,,,,2024,9.375,,,EM Amanda Consuelo da Cunha,0.0,1.0,fase_0_7,9.0,1,-1.0,False,True
935,1,2014.0,2023,Pública,Ametista,7.9535,,,2.0,Avaliador-11,,Avaliador-3,,,,,,0.0,9.8,7.52,,9.4,9.2,9.5,,,9.67,5.0,,,,2023,9.375,,,,0.0,1.0,fase_0_7,9.0,0,-1.0,True,True
935,1,2014.0,2023,Pública,Topázio,8.3422,,,2.0,Avaliador-12,,Avaliador-13,,,,,,9.502,10.0,7.51,,8.5,10.0,7.0,,,7.83,5.0,,,,2024,8.75,,,EE Jardim Campestre,0.0,1.0,fase_0_7,10.0,1,-1.0,False,True
936,0,2015.0,2023,Pública,Topázio,8.5477,,,2.0,Avaliador-11,,Avaliador-3,,,,,,9.0,10.0,7.52,,6.5,5.0,8.0,,,8.915,10.0,,,,2023,8.125,,,,0.0,0.0,fase_0_7,8.0,0,0.0,False,False
937,0,2015.0,2023,Pública,Topázio,9.3237,,,2.0,Avaliador-11,,Avaliador-3,,,,,,9.5,9.6,7.52,,9.2,9.0,9.3,,,9.67,10.0,,,,2023,9.375,,,,0.0,0.0,fase_0_7,8.0,0,0.0,True,False
937,0,2015.0,2023,Pública,Topázio,8.3792,,,2.0,Avaliador-12,,Avaliador-13,,,,,,10.002,10.0,9.38,,7.5,8.0,7.0,,,7.83,5.0,,,,2024,8.75,,,EE Helio Luiz Dobrochinski Prof,0.0,1.0,fase_0_7,9.0,1,-1.0,False,True
938,1,2014.0,2023,Pública,Agata,6.7372,,,2.0,Avaliador-11,,Avaliador-3,,,,,,8.5,8.4,7.52,,4.2,0.0,8.3,,,7.5,5.0,,,,2023,6.25,,,,0.0,1.0,fase_0_7,9.0,0,-1.0,False,True
938,1,2014.0,2023,Pública,Topázio,8.0056026915,,,2.0,Avaliador-12,,Avaliador-13,,,,,,9.502,9.5445134575,7.51,,7.75,10.0,5.5,,,7.665,5.0,,,,2024,8.125,,,EM Amanda Consuelo da Cunha,0.0,1.0,fase_0_7,10.0,1,-1.0,False,True
939,0,2012.0,2023,Pública,Ametista,7.9742,,,2.0,Avaliador-13,,Avaliador-3,,,,,,9.0,10.0,7.52,,5.4,5.0,5.7,,,10.01,5.0,,,,2023,7.5,,,,0.0,2.0,fase_0_7,11.0,0,-2.0,True,True
939,0,2012.0,2023,Pública,Ametista,7.051379841899999,,,2.0,Avaliador-15,,Avaliador-2,,,,,,9.002,8.8833992095,5.63,,5.0,6.0,4.0,,,7.495,5.0,,,,2024,8.125,,,EE Donizetti Aparecido Leite Professor,1.0,2.0,fase_0_7,12.0,1,-1.0,False,True
94,0,2007.0,2018,Rede Decisão,Topázio,8.921,5.0,4.0,4.0,Avaliador-5,Promovido de Fase,Avaliador-27,Mantido na Fase atual,Avaliador-24,Mantido na Fase + Bolsa,Avaliador-31,Promovido de Fase + Bolsa,8.3,9.6,8.1,Sem limitações,7.7,7.0,6.7,9.5,Não,9.583,10.0,Destaque: A sua boa entrega das lições de casa.,Destaque: As suas boas notas na Passos Mágicos.,Destaque: A sua boa integração aos Princípios Passos Mágicos.,2022,9.04399999999999,,,,5.0,5.0,fase_0_7,15.0,4,0.0,True,False
94,0,2007.0,2018,Privada - Programa de Apadrinhamento,Ametista,7.289333333,,,4.0,Avaliador-24,,Avaliador-7,,Avaliador-23,,Avaliador-8,,7.5,9.6,2.52,,7.2,7.7,4.8,9.0,,7.795,5.0,,,,2023,8.75,,,,5.0,6.0,fase_0_7,16.0,5,-1.0,False,True
94,0,2007.0,2021,Privada - Programa de Apadrinhamento,Topázio,8.637033333333335,,,5.0,Avaliador-23,,Avaliador-24,,Avaliador-26,,Avaliador-1,,10.002,9.666666666666666,6.26,,8.0,7.0,7.0,10.0,,8.2,10.0,,,,2024,8.375,Avaliador-7,,Colégio Arco Íris Evolução,6.0,6.0,fase_0_7,17.0,3,0.0,False,False
940,1,2012.0,2023,Pública,Agata,6.6112,,,2.0,Avaliador-13,,Avaliador-3,,,,,,9.0,8.4,2.52,,6.3,6.8,5.7,,,7.02,5.0,,,,2023,6.25,,,,0.0,2.0,fase_0_7,11.0,0,-2.0,False,True
941,0,2015.0,2023,Pública,Ametista,7.6872,,,2.0,Avaliador-13,,Avaliador-3,,,,,,8.0,10.0,7.52,,5.0,5.0,5.0,,,8.175,10.0,,,,2023,5.0,,,,0.0,0.0,fase_0_7,8.0,0,0.0,False,False
941,0,2015.0,2023,Pública,Ametista,7.746700000000001,,,2.0,Avaliador-12,,Avaliador-13,,,,,,8.002,9.25,5.01,,8.75,10.0,7.5,,,7.665,5.0,,,,2024,8.125,,,EM Amanda Consuelo da Cunha,0.0,1.0,fase_0_7,9.0,1,-1.0,False,True
942,0,2013.0,2023,Pública,Agata,6.8547,,,2.0,Avaliador-13,,Avaliador-3,,,,,,9.5,8.9,2.52,,7.1,7.3,6.8,,,7.0,5.0,,,,2023,5.625,,,,0.0,2.0,fase_0_7,10.0,0,-2.0,False,True
943,0,2015.0,2023,Pública,Topázio,8.9172,,,2.0,Avaliador-13,,Avaliador-3,,,,,,9.5,9.4,7.52,,8.0,8.0,8.0,,,9.925,10.0,,,,2023,7.5,,,,0.0,0.0,fase_0_7,8.0,0,0.0,True,False
943,0,2015.0,2023,Pública,Topázio,8.965033333300001,,,2.0,Avaliador-15,,Avaliador-2,,,,,,10.002,10.0,7.51,,8.0,7.0,9.0,,,8.59,10.0,,,,2024,8.958333333,,,EM Amanda Consuelo da Cunha,1.0,1.0,fase_0_7,9.0,1,0.0,True,False
944,0,2014.0,2023,Pública,Ametista,7.0687,,,2.0,Avaliador-11,,Avaliador-3,,,,,,9.0,7.6,7.52,,7.5,9.2,5.8,,,6.67,5.0,,,,2023,5.625,,,,0.0,1.0,fase_0_7,9.0,0,-1.0,False,True
944,0,2014.0,2023,Pública,Ametista,7.8262,,,2.0,Avaliador-12,,Avaliador-13,,,,,,9.002,7.25,7.51,,9.0,10.0,8.0,,,7.75,5.0,,,,2024,8.75,,,EM Cecilia Cristina de Oliveira Rodrigues,0.0,2.0,fase_0_7,10.0,1,-2.0,False,True
945,1,2015.0,2023,Pública,Topázio,8.0777,,,2.0,Avaliador-11,,Avaliador-3,,,,,,8.5,9.2,7.52,,7.9,8.0,7.8,,,6.84,10.0,,,,2023,6.875,,,,0.0,0.0,fase_0_7,8.0,0,0.0,False,False
945,1,2015.0,2023,Pública,Ametista,7.4195809524,,,2.0,Avaliador-13,,Avaliador-2,,,,,,9.002,9.511904762,2.51,,8.75,10.0,7.5,,,6.83,5.0,,,,2024,7.5,,,EM Cecilia Cristina de Oliveira Rodrigues,0.0,1.0,fase_0_7,9.0,1,-1.0,False,True
946,1,2016.0,2023,Pública,Topázio,8.5822,,,2.0,Avaliador-11,,Avaliador-3,,,,,,9.5,9.4,7.52,,9.3,9.0,9.5,,,7.0,10.0,,,,2023,7.5,,,,0.0,0.0,fase_0_7,7.0,0,0.0,False,False
946,1,2016.0,2023,Pública,Agata,6.677723809500001,,,2.0,Avaliador-13,,Avaliador-2,,,,,,9.502,8.7976190475,2.51,,4.5,3.0,6.0,,,7.835,5.0,,,,2024,7.5,,,EE Helio Luiz Dobrochinski Prof,0.0,1.0,fase_0_7,8.0,1,-1.0,False,True
947,1,2015.0,2023,Pública,Agata,6.3457,,,2.0,Avaliador-11,,Avaliador-3,,,,,,9.0,7.9,7.52,,3.3,1.7,4.9,,,5.08,10.0,,,,2023,4.375,,,,0.0,0.0,fase_0_7,8.0,0,0.0,False,False
947,1,2015.0,2023,Pública,Agata,6.053509523800001,,,2.0,Avaliador-3,,Avaliador-11,,,,,,9.002,7.619047619,7.51,,4.5,4.0,5.0,,,4.58,5.0,,,,2024,5.625,,,EE Helio Luiz Dobrochinski Prof,0.0,1.0,fase_0_7,9.0,1,-1.0,False,True
948,0,2015.0,2023,Pública,Agata,6.5277,,,2.0,Avaliador-11,,Avaliador-3,,,,,,9.0,7.6,7.52,,0.0,0.0,0.0,,,8.34,10.0,,,,2023,6.875,,,,0.0,0.0,fase_0_7,8.0,0,0.0,False,False
949,0,2015.0,2023,Pública,Topázio,8.0172,,,2.0,Avaliador-11,,Avaliador-3,,,,,,9.5,8.1,7.52,,8.9,9.1,8.6,,,6.5,10.0,,,,2023,6.25,,,,0.0,0.0,fase_0_7,8.0,0,0.0,False,False
949,0,2015.0,2023,Pública,Ametista,7.1323428571,,,2.0,Avaliador-13,,Avaliador-2,,,,,,9.002,8.7857142855,7.51,,6.5,6.0,7.0,,,6.495,5.0,,,,2024,6.25,,,EE Luiz Schunck,0.0,1.0,fase_0_7,9.0,1,-1.0,False,True
95,0,2005.0,2022,Escola Pública,Ágata,6.308,41.0,9.0,4.0,Avaliador-5,Promovido de Fase,Avaliador-27,Mantido na Fase atual,Avaliador-24,Mantido na Fase atual,Avaliador-31,Alocado em Fase anterior,8.3,6.6,7.5,Sem limitações,4.8,6.0,8.0,0.5,Não,6.292,5.0,Melhorar: Melhorar a sua entrega de lições de casa.,Melhorar: Empenhar-se mais nas aulas e avaliações.,Melhorar: Integrar-se mais aos Princípios Passos Mágicos.,2022,6.895999999999996,,,,5.0,7.0,fase_0_7,17.0,0,-2.0,False,True
950,0,2014.0,2023,Pública,Topázio,8.8862,,,2.0,Avaliador-11,,Avaliador-3,,,,,,9.0,10.0,7.52,,9.3,9.5,9.0,,,8.17,10.0,,,,2023,7.5,,,,0.0,0.0,fase_0_7,9.0,0,0.0,False,False
950,0,2014.0,2023,Pública,Ametista,7.693461904800001,,,2.0,Avaliador-13,,Avaliador-2,,,,,,9.502,9.023809524,7.51,,7.0,7.5,6.5,,,8.0,5.0,,,,2024,6.875,,,EE Helio Luiz Dobrochinski Prof,0.0,1.0,fase_0_7,10.0,1,-1.0,False,True
951,0,2016.0,2023,Pública,Topázio,8.8902,,,2.0,Avaliador-11,,Avaliador-3,,,,,,9.5,9.7,7.52,,8.4,8.5,8.3,,,9.09,10.0,,,,2023,7.5,,,,0.0,0.0,fase_0_7,7.0,0,0.0,True,False
951,0,2016.0,2023,Privada,Agata,6.4483428571,,,2.0,Avaliador-13,,Avaliador-2,,,,,,10.002,9.0357142855,2.51,,4.0,5.0,3.0,,,7.325,5.0,,,,2024,6.25,,,João Friaza Colégio,0.0,1.0,fase_0_7,8.0,1,-1.0,False,True
952,1,2015.0,2023,Pública,Topázio,8.37095,,,2.0,Avaliador-13,,Avaliador-2,,,,,,9.5,9.2,3.77,,9.0,8.8,9.2,,,8.425,10.0,,,,2023,7.1875,,,,0.0,0.0,fase_0_7,8.0,0,0.0,False,False
952,1,2015.0,2023,Pública,Topázio,8.853624242300002,,,2.0,Avaliador-15,,Avaliador-2,,,,,,9.502,9.545454545,6.26,,8.5,8.0,9.0,,,9.175,10.0,,,,2024,8.333333333,,,EE Helio Luiz Dobrochinski Prof,1.0,1.0,fase_0_7,9.0,1,0.0,True,False
953,0,2015.0,2023,Pública,Ametista,7.54005,,,2.0,Avaliador-13,,Avaliador-2,,,,,,7.4,8.8,3.14,,8.3,8.5,8.0,,,7.09,10.0,,,,2023,6.5625,,,,0.0,0.0,fase_0_7,8.0,0,0.0,False,False
953,0,2015.0,2023,Pública,Ametista,7.961241502000001,,,2.0,Avaliador-15,,Avaliador-2,,,,,,9.002,6.85770751,6.26,,8.5,8.0,9.0,,,7.755,10.0,,,,2024,8.125,,,EE Helio Luiz Dobrochinski Prof,1.0,1.0,fase_0_7,9.0,1,0.0,False,False
954,0,2015.0,2023,Pública,Agata,6.82375,,,2.0,Avaliador-13,,Avaliador-2,,,,,,0.0,8.3,3.14,,7.7,7.8,7.5,,,8.005,10.0,,,,2023,7.1875,,,,0.0,0.0,fase_0_7,8.0,0,0.0,False,False
954,0,2015.0,2023,Pública,Topázio,8.2823798419,,,2.0,Avaliador-15,,Avaliador-2,,,,,,9.502,8.8833992095,6.26,,7.75,6.5,9.0,,,7.835,10.0,,,,2024,8.125,,,EM Cecilia Cristina de Oliveira Rodrigues,1.0,1.0,fase_0_7,9.0,1,0.0,False,False
955,0,2013.0,2023,Pública,Ametista,7.1297,,,2.0,Avaliador-13,,Avaliador-2,,,,,,9.0,8.8,3.14,,7.8,8.0,7.5,,,7.09,5.0,,,,2023,6.875,,,,0.0,2.0,fase_0_7,10.0,0,-2.0,False,True
955,0,2013.0,2023,Pública,Agata,6.245452381,,,2.0,Avaliador-15,,Avaliador-2,,,,,,0.0,6.904761905,7.51,,5.75,6.5,5.0,,,8.255,5.0,,,,2024,8.125,,,EE Maria André Schunck Dona,1.0,2.0,fase_0_7,11.0,1,-1.0,False,True
956,1,2012.0,2023,Pública,Ametista,7.7312,,,2.0,Avaliador-13,,Avaliador-3,,,,,,8.0,7.5,7.52,,7.8,7.8,7.8,,,9.345,5.0,,,,2023,7.5,,,,0.0,2.0,fase_0_7,11.0,0,-2.0,True,True
956,1,2012.0,2023,Pública,Agata,6.1175906455,,,2.0,Avaliador-15,,Avaliador-2,,,,,,9.502,6.017786561,6.885,,3.25,6.5,0.0,,,7.085,5.0,,,,2024,7.083333333,,,Estuda em outra cidade,1.0,2.0,fase_0_7,12.0,1,-1.0,False,True
957,0,2014.0,2023,Pública,Topázio,9.1672,,,2.0,Avaliador-13,,Avaliador-3,,,,,,10.0,9.3,7.52,,9.1,9.0,9.2,,,9.925,10.0,,,,2023,7.5,,,,0.0,0.0,fase_0_7,9.0,0,0.0,True,False
958,0,2015.0,2023,Pública,Topázio,9.2902,,,2.0,Avaliador-13,,Avaliador-3,,,,,,10.0,9.8,7.52,,9.3,9.3,9.3,,,9.84,10.0,,,,2023,7.5,,,,0.0,0.0,fase_0_7,8.0,0,0.0,True,False
958,0,2015.0,2023,Pública,Topázio,9.531325,,,2.0,Avaliador-17,,Avaliador-2,,,,,,10.002,10.0,6.26,,10.0,10.0,10.0,,,9.76,10.0,,,,2024,9.53125,,,EE Jardim Campestre,1.0,1.0,fase_0_7,9.0,1,0.0,True,False
959,1,2015.0,2023,Pública,Topázio,8.6677,,,2.0,Avaliador-13,,Avaliador-3,,,,,,10.0,9.6,7.52,,7.7,7.7,7.7,,,8.84,10.0,,,,2023,6.875,,,,0.0,0.0,fase_0_7,8.0,0,0.0,False,False
959,1,2015.0,2023,Pública,Topázio,8.379818421100001,,,2.0,Avaliador-12,,Avaliador-13,,,,,,10.002,9.7368421055,7.51,,9.5,10.0,9.0,,,7.5,5.0,,,,2024,7.8125,,,EE Jardim Campestre,0.0,1.0,fase_0_7,9.0,1,-1.0,False,True
96,1,2006.0,2021,Escola Pública,Ametista,7.54,19.0,5.0,4.0,Avaliador-5,Promovido de Fase,Avaliador-27,Mantido na Fase atual,Avaliador-24,Promovido de Fase,Avaliador-31,Promovido de Fase + Bolsa,9.2,7.8,6.9,Sem limitações,6.7,5.7,6.5,8.0,Sim,8.5,5.0,Destaque: A sua boa entrega das lições de casa.,Melhorar: Empenhar-se mais nas aulas e avaliações.,Destaque: A sua boa integração aos Princípios Passos Mágicos.,2022,8.299999999999992,,,,5.0,6.0,fase_0_7,16.0,1,-1.0,True,True
96,1,2006.0,2021,Privada - Programa de Apadrinhamento,Ametista,7.610791667,,,4.0,Avaliador-24,,Avaliador-7,,Avaliador-23,,Avaliador-8,,9.6,8.9,7.52,,6.4,6.8,4.8,7.7,,7.84,5.0,,,,2023,7.65625,,,,6.0,7.0,fase_0_7,17.0,2,-1.0,False,True
96,1,2006.0,2021,Concluiu o 3º EM,,,,,0.0,,,,,,,,,,,,,,,,,,,10.0,,,,2024,,,,Concluiu o 3º EM,8.0,8.0,fase_8,18.0,3,0.0,False,False
960,1,2013.0,2023,Pública,Ametista,7.0847,,,2.0,Avaliador-13,,Avaliador-3,,,,,,8.5,10.0,7.52,,6.3,6.5,6.0,,,5.85,5.0,,,,2023,5.625,,,,0.0,2.0,fase_0_7,10.0,0,-2.0,False,True
960,1,2013.0,2023,Pública,Quartzo,5.286047619,,,2.0,Avaliador-15,,Avaliador-2,,,,,,0.0,8.095238095,7.51,,3.0,6.0,0.0,,,5.33,5.0,,,,2024,7.5,,,EM Cecilia Cristina de Oliveira Rodrigues,1.0,2.0,fase_0_7,11.0,1,-1.0,False,True
961,1,2014.0,2023,Pública,Quartzo,5.99625,,,2.0,Avaliador-13,,Avaliador-3,,,,,,0.0,8.7,2.52,,6.2,6.2,6.2,,,8.665,5.0,,,,2023,5.3125,,,,0.0,1.0,fase_0_7,9.0,0,-1.0,False,True
961,1,2014.0,2023,Pública,Agata,6.529417908900001,,,2.0,Avaliador-17,,Avaliador-2,,,,,,9.002,8.8923395445,6.26,,5.5,6.0,5.0,,,5.155,5.0,,,,2024,5.9375,,,EM Alfredo Schunk,1.0,2.0,fase_0_7,10.0,1,-1.0,False,True
962,0,2014.0,2023,Pública,Topázio,8.4742,,,2.0,Avaliador-13,,Avaliador-3,,,,,,9.0,9.2,7.52,,8.7,9.5,7.8,,,10.01,5.0,,,,2023,7.5,,,,0.0,1.0,fase_0_7,9.0,0,-1.0,True,True
963,0,2014.0,2023,Pública,Topázio,8.6142,,,2.0,Avaliador-13,,Avaliador-3,,,,,,9.5,9.8,7.52,,8.5,8.3,8.7,,,10.01,5.0,,,,2023,7.5,,,,0.0,1.0,fase_0_7,9.0,0,-1.0,True,True
963,0,2014.0,2023,Pública,Topázio,8.375080952400001,,,4.0,Avaliador-18,,Avaliador-17,,Avaliador-15,,Avaliador-2,,7.502,9.761904762,7.51,,7.5,5.0,10.0,,,8.045,10.0,,,,2024,8.125,,,EE Helio Luiz Dobrochinski Prof,1.0,1.0,fase_0_7,10.0,1,0.0,False,False
964,1,2014.0,2023,Pública,Ametista,7.7997,,,2.0,Avaliador-13,,Avaliador-3,,,,,,8.5,9.4,7.52,,7.2,7.3,7.0,,,8.5,5.0,,,,2023,6.875,,,,0.0,1.0,fase_0_7,9.0,0,-1.0,False,True
964,1,2014.0,2023,Pública,Ametista,7.548241666600001,,,4.0,Avaliador-18,,Avaliador-17,,Avaliador-15,,Avaliador-2,,9.502,8.333333332999999,7.51,,7.25,7.5,7.0,,,7.1675,5.0,,,,2024,7.96875,,,EM Juvenal Coutinho,1.0,2.0,fase_0_7,10.0,1,-1.0,False,True
965,0,2014.0,2023,Pública,Agata,6.4832,,,2.0,Avaliador-13,,Avaliador-3,,,,,,8.5,8.2,6.27,,4.7,5.3,4.0,,,7.18,5.0,,,,2023,5.0,,,,0.0,1.0,fase_0_7,9.0,0,-1.0,False,True
965,0,2014.0,2023,Pública,Agata,6.1376545455,,,2.0,Avaliador-12,,Avaliador-13,,,,,,9.002,6.4772727275,7.51,,2.25,2.0,2.5,,,6.83,5.0,,,,2024,8.75,,,EE Luiz Schunck,0.0,2.0,fase_0_7,10.0,1,-2.0,False,True
966,1,2014.0,2023,Pública,Ametista,7.44345,,,2.0,Avaliador-13,,Avaliador-3,,,,,,10.0,10.0,7.52,,5.0,5.0,5.0,,,7.675,5.0,,,,2023,6.5625,,,,0.0,1.0,fase_0_7,9.0,0,-1.0,False,True
966,1,2014.0,2023,Pública,Ametista,7.9943363636,,,2.0,Avaliador-12,,Avaliador-13,,,,,,9.502,8.568181818,7.51,,9.0,9.5,8.5,,,7.335,5.0,,,,2024,8.125,,,EE Helio Luiz Dobrochinski Prof,0.0,2.0,fase_0_7,10.0,1,-2.0,False,True
967,1,2013.0,2023,Pública,Ametista,7.1347,,,2.0,Avaliador-13,,Avaliador-3,,,,,,9.5,8.0,7.52,,6.5,6.5,6.5,,,7.35,5.0,,,,2023,5.625,,,,0.0,2.0,fase_0_7,10.0,0,-2.0,False,True
967,1,2013.0,2023,Pública,Quartzo,5.442610714300001,,,4.0,Avaliador-18,,Avaliador-17,,Avaliador-15,,Avaliador-2,,9.502,3.5714285715,7.51,,4.75,3.5,6.0,,,4.995,5.0,,,,2024,5.78125,,,EE Luiz Schunck,1.0,2.0,fase_0_7,11.0,1,-1.0,False,True
968,0,2014.0,2023,Pública,Topázio,8.4942,,,2.0,Avaliador-13,,Avaliador-3,,,,,,9.0,9.7,7.52,,8.3,8.0,8.5,,,10.01,5.0,,,,2023,7.5,,,,0.0,1.0,fase_0_7,9.0,0,-1.0,True,True
968,0,2014.0,2023,Pública,Ametista,7.8403547619,,,4.0,Avaliador-18,,Avaliador-17,,Avaliador-15,,Avaliador-2,,9.002,8.8095238095,7.51,,7.75,8.5,7.0,,,7.6675,5.0,,,,2024,8.4375,,,EE Luiz Schunck,1.0,2.0,fase_0_7,10.0,1,-1.0,False,True
969,1,2015.0,2023,Pública,Ametista,7.7692,,,2.0,Avaliador-13,,Avaliador-3,,,,,,8.5,9.7,7.52,,5.5,6.0,5.0,,,7.51,10.0,,,,2023,6.25,,,,0.0,0.0,fase_0_7,8.0,0,0.0,False,False
969,1,2015.0,2023,Pública,Ametista,7.453427272700001,,,2.0,Avaliador-12,,Avaliador-13,,,,,,9.002,7.863636363499999,7.51,,7.25,9.0,5.5,,,7.335,5.0,,,,2024,8.125,,,EE Helio Luiz Dobrochinski Prof,0.0,1.0,fase_0_7,9.0,1,-1.0,False,True
97,0,2007.0,2017,Rede Decisão,Ametista,7.468,22.0,6.0,4.0,Avaliador-5,Promovido de Fase,Avaliador-27,Mantido na Fase atual,Avaliador-24,Mantido na Fase + Bolsa,Avaliador-31,Mantido na Fase + Bolsa,7.5,8.8,5.0,Não indicado,6.9,5.3,6.7,8.8,Não,6.292,10.0,Destaque: A sua boa entrega das lições de casa.,Melhorar: Empenhar-se mais nas aulas e avaliações.,Melhorar: Integrar-se mais aos Princípios Passos Mágicos.,2022,8.195999999999994,,,,5.0,5.0,fase_0_7,15.0,5,0.0,False,False
970,0,2015.0,2023,Pública,Topázio,8.9977,,,2.0,Avaliador-11,,Avaliador-3,,,,,,8.5,8.1,7.52,,9.4,9.2,9.5,,,9.84,10.0,,,,2023,9.375,,,,0.0,0.0,fase_0_7,8.0,0,0.0,True,False
971,1,2015.0,2023,Pública,Ametista,7.0169,,,2.0,Avaliador-11,,Avaliador-3,,,,,,7.8,6.4,3.77,,6.9,5.5,8.3,,,8.17,10.0,,,,2023,5.625,,,,0.0,0.0,fase_0_7,8.0,0,0.0,False,False
971,1,2015.0,2023,Pública,Agata,6.8916181818,,,2.0,Avaliador-12,,Avaliador-13,,,,,,7.418,7.909090909,7.51,,6.75,8.5,5.0,,,6.085,5.0,,,,2024,7.5,,,EE Luiz Schunck,0.0,1.0,fase_0_7,9.0,1,-1.0,False,True
972,1,2015.0,2023,Pública,Ametista,7.5427,,,2.0,Avaliador-11,,Avaliador-3,,,,,,9.0,9.1,3.77,,6.0,6.2,5.7,,,7.84,10.0,,,,2023,6.875,,,,0.0,0.0,fase_0_7,8.0,0,0.0,False,False
972,1,2015.0,2023,Pública,Ametista,7.537472727300001,,,2.0,Avaliador-12,,Avaliador-13,,,,,,9.502,8.3863636365,7.51,,6.75,8.0,5.5,,,7.17,5.0,,,,2024,8.75,,,EM Etelvina Delfim Simões,0.0,1.0,fase_0_7,9.0,1,-1.0,False,True
973,1,2014.0,2023,Pública,Quartzo,5.82875,,,2.0,Avaliador-11,,Avaliador-3,,,,,,0.0,8.6,3.77,,5.2,6.2,4.1,,,7.415,5.0,,,,2023,7.1875,,,,0.0,1.0,fase_0_7,9.0,0,-1.0,False,True
973,1,2014.0,2023,Pública,Agata,6.9318363636,,,2.0,Avaliador-12,,Avaliador-13,,,,,,10.002,9.318181818,7.51,,3.75,6.5,1.0,,,6.585,5.0,,,,2024,7.5,,,EM Cecilia Cristina de Oliveira Rodrigues,0.0,2.0,fase_0_7,10.0,1,-2.0,False,True
974,1,2015.0,2023,Pública,Topázio,8.4752,,,2.0,Avaliador-11,,Avaliador-3,,,,,,9.0,9.1,3.77,,8.8,8.8,8.8,,,9.34,10.0,,,,2023,7.5,,,,0.0,0.0,fase_0_7,8.0,0,0.0,True,False
974,1,2015.0,2023,Pública,Ametista,7.6077217391,,,2.0,Avaliador-3,,Avaliador-13,,,,,,9.502,9.2826086955,7.51,,6.5,6.0,7.0,,,7.5,5.0,,,,2024,7.5,,,EE Helio Luiz Dobrochinski Prof,0.0,1.0,fase_0_7,9.0,1,-1.0,False,True
975,0,2015.0,2023,Pública,Ametista,7.7803,,,2.0,Avaliador-11,,Avaliador-3,,,,,,7.9,9.2,7.52,,6.5,7.2,5.8,,,7.67,10.0,,,,2023,5.625,,,,0.0,0.0,fase_0_7,8.0,0,0.0,False,False
975,0,2015.0,2023,Pública,Ametista,7.1463666667000005,,,2.0,Avaliador-3,,Avaliador-11,,,,,,8.502,7.708333333500001,5.01,,8.0,8.0,8.0,,,7.33,5.0,,,,2024,6.875,,,EE Luiz Schunck,0.0,1.0,fase_0_7,9.0,1,-1.0,False,True
976,1,2015.0,2023,Pública,Topázio,8.39895,,,2.0,Avaliador-11,,Avaliador-3,,,,,,9.5,9.2,6.27,,8.6,9.0,8.2,,,8.34,10.0,,,,2023,5.9375,,,,0.0,0.0,fase_0_7,8.0,0,0.0,False,False
977,0,2015.0,2023,Pública,Ametista,7.1717,,,2.0,Avaliador-11,,Avaliador-3,,,,,,8.5,7.4,5.02,,5.8,5.7,5.9,,,8.085,10.0,,,,2023,5.625,,,,0.0,0.0,fase_0_7,8.0,0,0.0,False,False
977,0,2015.0,2023,Pública,Ametista,7.188033333300001,,,2.0,Avaliador-3,,Avaliador-11,,,,,,10.002,7.291666666499999,6.26,,7.0,5.0,9.0,,,7.58,5.0,,,,2024,6.875,,,EE Luiz Schunck,0.0,1.0,fase_0_7,9.0,1,-1.0,False,True
978,0,2015.0,2023,Pública,Topázio,8.3877,,,2.0,Avaliador-11,,Avaliador-3,,,,,,9.0,9.8,3.77,,8.6,8.7,8.5,,,9.34,10.0,,,,2023,5.625,,,,0.0,0.0,fase_0_7,8.0,0,0.0,True,False
978,0,2015.0,2023,Pública,Ametista,7.4637,,,2.0,Avaliador-3,,Avaliador-13,,,,,,9.502,9.5,6.26,,6.5,6.0,7.0,,,7.5,5.0,,,,2024,6.875,,,EE Luiz Schunck,0.0,1.0,fase_0_7,9.0,1,-1.0,False,True
979,1,2015.0,2023,Pública,Topázio,8.1617,,,2.0,Avaliador-13,,Avaliador-3,,,,,,9.5,9.6,6.27,,6.0,6.0,6.0,,,9.51,10.0,,,,2023,5.625,,,,0.0,0.0,fase_0_7,8.0,0,0.0,True,False
979,1,2015.0,2023,Pública,Topázio,8.0352454545,,,2.0,Avaliador-12,,Avaliador-13,,,,,,9.502,9.5227272725,7.51,,8.25,9.5,7.0,,,7.335,5.0,,,,2024,8.125,,,EM Etelvina Delfim Simões,0.0,1.0,fase_0_7,9.0,1,-1.0,False,True
98,0,2007.0,2017,Rede Decisão,Topázio,9.354,2.0,2.0,4.0,Avaliador-5,Promovido de Fase,Avaliador-27,Mantido na Fase atual,Avaliador-24,Mantido na Fase + Bolsa,Avaliador-31,Promovido de Fase + Bolsa,8.8,10.0,9.4,Sem limitações,8.5,8.4,8.2,8.9,Não,9.667,10.0,Destaque: A sua boa entrega das lições de casa.,Destaque: As suas boas notas na Passos Mágicos.,Destaque: A sua boa integração aos Princípios Passos Mágicos.,2022,9.00599999999999,,,,5.0,5.0,fase_0_7,15.0,5,0.0,True,False
98,0,2007.0,2017,Privada *Parcerias com Bolsa 100%,,,,,,,,,,,,,,7.9,,2.52,,,,,,,,10.0,,,,2023,,,,,7.0,5.0,fase_0_7,16.0,6,2.0,False,False
98,0,2007.0,2021,Privada *Parcerias com Bolsa 100%,Topázio,8.617450000000002,,,0.0,,,,,,,,,9.585,9.546,7.1975,,8.9,9.2,8.9,8.6,,7.5,10.0,,,,2024,7.5,,,FIAP School - SP,7.0,6.0,fase_0_7,17.0,3,1.0,False,False
980,0,2015.0,2023,Pública,Ametista,7.1425,,,2.0,Avaliador-13,,Avaliador-3,,,,,,0.0,9.8,5.02,,6.3,6.5,6.0,,,9.34,10.0,,,,2023,5.625,,,,0.0,0.0,fase_0_7,8.0,0,0.0,True,False
980,0,2015.0,2023,Pública,Ametista,7.946388311600001,,,4.0,Avaliador-3,,Avaliador-18,,Avaliador-17,,Avaliador-15,,9.002,9.058441558,7.51,,6.25,6.5,6.0,,,7.4175,10.0,,,,2024,7.5,,,EE Luiz Schunck,1.0,1.0,fase_0_7,9.0,1,0.0,False,False
981,0,2016.0,2023,Pública,Ametista,7.5367,,,2.0,Avaliador-13,,Avaliador-3,,,,,,9.5,9.1,2.52,,5.8,5.7,5.8,,,9.01,10.0,,,,2023,5.625,,,,0.0,0.0,fase_0_7,7.0,0,0.0,True,False
981,0,2016.0,2023,Pública,Agata,6.6513739130000005,,,2.0,Avaliador-3,,Avaliador-13,,,,,,9.002,7.010869565,6.26,,6.0,6.0,6.0,,,6.99,5.0,,,,2024,6.25,,,EE Helio Luiz Dobrochinski Prof,0.0,1.0,fase_0_7,8.0,1,-1.0,False,True
982,1,2015.0,2023,Pública,Ametista,7.1215,,,2.0,Avaliador-13,,Avaliador-3,,,,,,0.0,9.1,2.52,,8.6,8.7,8.5,,,8.835,10.0,,,,2023,5.625,,,,0.0,0.0,fase_0_7,8.0,0,0.0,False,False
982,1,2015.0,2023,Pública,Topázio,8.119860173100001,,,4.0,Avaliador-3,,Avaliador-18,,Avaliador-17,,Avaliador-15,,10.002,8.365800865499999,7.51,,8.25,6.5,10.0,,,6.79,10.0,,,,2024,6.875,,,EE Luiz Schunck,1.0,1.0,fase_0_7,9.0,1,0.0,False,False
983,1,2014.0,2023,Pública,Topázio,8.3502,,,2.0,Avaliador-13,,Avaliador-3,,,,,,8.5,9.9,2.52,,8.8,8.8,8.8,,,9.415,10.0,,,,2023,6.25,,,,0.0,0.0,fase_0_7,9.0,0,0.0,True,False
984,0,2014.0,2023,Pública,Topázio,8.8177,,,2.0,Avaliador-13,,Avaliador-3,,,,,,8.0,9.8,7.52,,8.3,8.3,8.2,,,9.84,10.0,,,,2023,6.875,,,,0.0,0.0,fase_0_7,9.0,0,0.0,True,False
984,0,2014.0,2023,Pública,Topázio,8.475080952400003,,,4.0,Avaliador-18,,Avaliador-17,,Avaliador-15,,Avaliador-2,,9.502,9.761904762,7.51,,7.0,7.5,6.5,,,8.045,10.0,,,,2024,8.125,,,EE Luiz Schunck,1.0,1.0,fase_0_7,10.0,1,0.0,False,False
985,1,2015.0,2023,Pública,Ametista,7.6247,,,2.0,Avaliador-13,,Avaliador-3,,,,,,9.0,9.3,2.52,,6.8,7.3,6.2,,,8.5,10.0,,,,2023,5.625,,,,0.0,0.0,fase_0_7,8.0,0,0.0,False,False
985,1,2015.0,2023,Pública,Topázio,8.2432,,,4.0,Avaliador-3,,Avaliador-18,,Avaliador-17,,Avaliador-15,,8.502,10.0,6.26,,7.5,8.0,7.0,,,7.585,10.0,,,,2024,7.5,,,EE Helio Luiz Dobrochinski Prof,1.0,1.0,fase_0_7,9.0,1,0.0,False,False
986,0,2015.0,2023,Pública,Topázio,8.0107,,,2.0,Avaliador-13,,Avaliador-3,,,,,,9.5,9.1,2.52,,8.3,8.3,8.3,,,8.83,10.0,,,,2023,5.625,,,,0.0,0.0,fase_0_7,8.0,0,0.0,False,False
986,0,2015.0,2023,Pública,Topázio,8.2603406926,,,4.0,Avaliador-3,,Avaliador-18,,Avaliador-17,,Avaliador-15,,10.002,9.2965367965,6.26,,8.5,7.5,9.5,,,6.8325,10.0,,,,2024,7.083333333,,,EE Luiz Schunck,1.0,1.0,fase_0_7,9.0,1,0.0,False,False
987,1,2015.0,2023,Pública,Ametista,7.6765,,,2.0,Avaliador-13,,Avaliador-3,,,,,,0.0,9.8,6.27,,7.3,7.5,7.0,,,9.76,10.0,,,,2023,6.875,,,,0.0,0.0,fase_0_7,8.0,0,0.0,True,False
987,1,2015.0,2023,Pública,Topázio,8.3028861472,,,4.0,Avaliador-3,,Avaliador-18,,Avaliador-17,,Avaliador-15,,9.002,9.0692640695,7.51,,7.5,8.0,7.0,,,7.835,10.0,,,,2024,7.708333333,,,EE Luiz Schunck,1.0,1.0,fase_0_7,9.0,1,0.0,False,False
988,0,2014.0,2023,Pública,Ametista,7.9568,,,2.0,Avaliador-13,,Avaliador-3,,,,,,7.9,8.1,7.52,,8.5,8.5,8.5,,,9.84,5.0,,,,2023,6.25,,,,0.0,1.0,fase_0_7,9.0,0,-1.0,True,True
988,0,2014.0,2023,Pública,Topázio,8.1765333333,,,4.0,Avaliador-3,,Avaliador-18,,Avaliador-17,,Avaliador-15,,9.502,10.0,7.51,,7.75,6.5,9.0,,,7.96,5.0,,,,2024,8.333333333,,,EE Helio Luiz Dobrochinski Prof,1.0,2.0,fase_0_7,10.0,1,-1.0,False,True
989,1,2014.0,2023,Pública,Ametista,7.7242,,,2.0,Avaliador-13,,Avaliador-3,,,,,,9.5,8.1,2.52,,8.3,8.7,7.8,,,10.01,5.0,,,,2023,7.5,,,,0.0,1.0,fase_0_7,9.0,0,-1.0,True,True
989,1,2014.0,2023,Pública,Ametista,7.3743785714,,,4.0,Avaliador-18,,Avaliador-17,,Avaliador-15,,Avaliador-2,,9.502,7.857142856999999,6.26,,6.0,6.0,6.0,,,6.54,10.0,,,,2024,7.1875,,,EE Luiz Schunck,1.0,1.0,fase_0_7,10.0,1,0.0,False,False
99,1,2006.0,2019,Escola Pública,Ágata,6.158,44.0,10.0,4.0,Avaliador-6,Promovido de Fase,Avaliador-27,Mantido na Fase atual,Avaliador-28,Promovido de Fase,Avaliador-31,Alocado em Fase anterior,8.8,6.3,7.5,Não atendido,5.0,5.7,3.4,5.8,Não,5.833,5.0,Melhorar: Melhorar a sua entrega de lições de casa.,Melhorar: Empenhar-se mais nas aulas e avaliações.,Melhorar: Integrar-se mais aos Princípios Passos Mágicos.,2022,6.014000000000008,,,,5.0,6.0,fase_0_7,16.0,3,-1.0,False,True
99,1,2006.0,2019,Pública,Agata,6.68045,,,4.0,Avaliador-24,,Avaliador-7,,Avaliador-23,,Avaliador-8,,7.9,8.3,5.63,,4.5,4.7,4.0,4.8,,7.4225,5.0,,,,2023,7.8125,,,,6.0,7.0,fase_0_7,17.0,4,-1.0,False,True
990,1,2014.0,2023,Pública,Ametista,7.254,,,2.0,Avaliador-13,,Avaliador-3,,,,,,0.0,8.5,7.52,,7.8,8.3,7.2,,,10.01,5.0,,,,2023,7.5,,,,0.0,1.0,fase_0_7,9.0,0,-1.0,True,True
990,1,2014.0,2023,Pública,Ametista,7.812283333400001,,,3.0,Avaliador-14,,Avaliador-3,,Avaliador-15,,,,9.502,7.5,7.51,,8.0,9.5,6.5,,,8.336666667,5.0,,,,2024,8.4375,,,EE Chácara Florida II,1.0,2.0,fase_0_7,10.0,1,-1.0,False,True
991,0,2014.0,2023,Pública,Ametista,7.7687,,,2.0,Avaliador-13,,Avaliador-3,,,,,,10.0,9.1,3.14,,7.7,8.0,7.3,,,9.585,5.0,,,,2023,6.875,,,,0.0,1.0,fase_0_7,9.0,0,-1.0,True,True
991,0,2014.0,2023,Pública,Ametista,7.057230303000001,,,3.0,Avaliador-14,,Avaliador-3,,Avaliador-15,,,,9.002,8.181818182,6.26,,6.5,7.0,6.0,,,6.723333333,5.0,,,,2024,7.5,,,EM Etelvina Delfim Simões,1.0,2.0,fase_0_7,10.0,1,-1.0,False,True
992,1,2012.0,2023,Pública,Ametista,7.2722,,,2.0,Avaliador-13,,Avaliador-3,,,,,,9.5,8.2,3.14,,8.0,8.2,7.8,,,8.84,5.0,,,,2023,5.0,,,,0.0,2.0,fase_0_7,11.0,0,-2.0,False,True
993,0,2015.0,2023,Pública,Topázio,8.7592,,,2.0,Avaliador-13,,Avaliador-3,,,,,,9.5,9.8,3.77,,8.6,8.5,8.7,,,10.01,10.0,,,,2023,7.5,,,,0.0,0.0,fase_0_7,8.0,0,0.0,True,False
994,0,2014.0,2023,Pública,Ametista,7.4127,,,2.0,Avaliador-13,,Avaliador-3,,,,,,9.5,9.4,3.77,,6.0,6.2,5.7,,,7.265,10.0,,,,2023,5.625,,,,0.0,0.0,fase_0_7,9.0,0,0.0,False,False
994,0,2014.0,2023,Pública,Ametista,7.7982217391,,,2.0,Avaliador-3,,Avaliador-13,,,,,,9.002,9.5326086955,6.88,,8.25,10.0,6.5,,,7.33,5.0,,,,2024,6.875,,,EE Levi Pereira Martins Professor,0.0,1.0,fase_0_7,10.0,1,-1.0,False,True
995,0,2012.0,2023,Pública,Agata,6.4782,,,2.0,Avaliador-13,,Avaliador-3,,,,,,9.5,7.9,3.77,,5.1,5.3,4.8,,,7.18,5.0,,,,2023,6.25,,,,0.0,2.0,fase_0_7,11.0,0,-2.0,False,True
995,0,2012.0,2023,Pública,Quartzo,5.110372077899999,,,2.0,Avaliador-15,,Avaliador-2,,,,,,10.002,5.3896103895,5.635,,2.0,0.0,4.0,,,4.25,5.0,,,,2024,7.1875,,,EE Mario Francisco de Amorim,1.0,3.0,fase_0_7,12.0,1,-2.0,False,True
996,1,2014.0,2023,Pública,Topázio,8.1892,,,2.0,Avaliador-13,,Avaliador-3,,,,,,10.0,9.2,3.77,,8.6,8.7,8.5,,,10.01,5.0,,,,2023,7.5,,,,0.0,1.0,fase_0_7,9.0,0,-1.0,True,True
997,1,2015.0,2023,Pública,Ametista,7.5687,,,2.0,Avaliador-13,,Avaliador-3,,,,,,7.5,8.7,3.77,,7.1,7.2,7.0,,,8.595,10.0,,,,2023,5.625,,,,0.0,0.0,fase_0_7,8.0,0,0.0,False,False
998,0,2012.0,2023,Pública,Ametista,7.9752,,,2.0,Avaliador-13,,Avaliador-3,,,,,,9.5,9.3,3.77,,7.9,8.0,7.7,,,9.84,5.0,,,,2023,7.5,,,,0.0,2.0,fase_0_7,11.0,0,-2.0,True,True
999,1,2014.0,2023,Pública,Topázio,8.0352,,,2.0,Avaliador-13,,Avaliador-3,,,,,,9.0,9.4,3.77,,8.3,8.3,8.3,,,9.84,5.0,,,,2023,7.5,,,,0.0,1.0,fase_0_7,9.0,0,-1.0,True,True
