ida,ieg,ips,ipp,inde,em_risco
4.0,4.1,5.6,8.174000000000001,5.783,True
4.1,5.2,5.0,6.827999999999994,5.784,True
7.6,7.8,5.0,7.080000000000002,7.618,False
7.0,9.4,3.77,6.25,7.9162,False
7.75,9.5454545455,6.26,8.125,8.364790909100002,False
7.8,9.1,7.52,7.5,8.1162,True
7.75,9.347826087,7.51,7.916666667,7.7964318841,True
7.0,9.7,7.52,6.25,7.9012,True
9.25,7.833333333500001,7.51,7.5,7.967866666700001,True
4.0,8.5,7.52,7.5,7.6522,False
8.25,8.6944444445,7.51,6.875,7.627588888900001,True
7.9,9.6,7.52,6.875,8.3137,False
7.5,9.25,7.51,7.5,7.801200000000001,True
8.8,7.9,7.52,7.5,8.4252,False
8.7,9.3,7.52,7.5,8.5922,False
5.0,8.4444444445,7.51,7.5,7.040088888900001,True
8.3,7.4,7.52,7.5,8.0782,False
8.4,8.6,7.52,5.9375,8.13595,False
7.0,6.483957219,7.51,7.1875,6.8667414438000005,True
8.8,9.0,3.77,7.5,7.245,False
7.5,6.8863636365000005,2.51,6.5625,6.395389393900001,True
7.6,8.3,7.5,7.18399999999999,7.305,True
9.4,10.0,3.77,7.8125,8.70645,False
5.2,8.6,3.77,7.1875,7.33095,False
6.6,9.9,3.77,7.1875,7.96495,False
9.75,9.523809524,2.51,8.125,8.057128571400002,True
8.3,9.6,4.39,5.625,7.6237,False
7.75,5.693779904,2.51,5.0,5.7839559808,True
8.2,9.7,3.77,7.5,8.2582,False
5.25,7.8863636365,2.51,6.875,6.315972727300001,True
6.3,9.3,6.27,7.34375,7.538908333,True
4.0,7.8214285715,7.51,6.041666667,6.643252381000002,False
6.7,9.5,7.52,7.34375,7.762575,True
7.7,8.0,5.02,7.5,6.505333333,True
5.0,7.8095238095,6.26,7.1875,7.345521428500001,False
6.3,8.5,5.02,7.5,6.824,False
8.25,7.727272727,6.26,8.4375,7.7054045454,True
4.3,9.1,5.02,6.875,7.177033333,False
8.75,9.3073593075,6.26,7.8125,8.692255194900001,False
5.7,7.7,6.9,6.819999999999986,6.922,False
6.1,9.1,2.52,7.1875,7.612283333,False
9.0,9.7727272725,6.88,8.4375,8.9544954545,False
3.3,9.2,3.77,7.1875,6.964616667,False
8.0,9.318181818,7.51,8.4375,8.0985863636,True
4.7,8.5,3.77,7.1875,7.164616667,False
6.5,9.318181818,6.26,7.5,7.613169697000002,True
9.1,10.0,6.27,8.75,9.1342,False
9.5,9.511904762,9.375,8.958333333,9.4985809523,False
9.8,10.0,6.27,9.21875,7.788875,True
10.0,10.0,7.51,8.4375,8.6516166666,True
7.5,8.9,7.52,7.65625,8.215158333,False
9.0,7.727272727,7.51,8.4375,7.897071212,True
3.2,9.8,7.52,6.40625,6.494825,True
6.0,9.7,7.52,7.5,7.748866667,True
5.25,10.0,7.51,7.916666667,8.220866666700001,False
5.0,9.2,7.52,7.34375,6.415708333,True
7.5,7.055335968,5.63,6.875,7.1404338602,True
5.4,6.3,3.77,7.5,7.058533333,False
8.75,8.7954545455,6.885,7.5,7.797790909100001,True
7.3,8.7,7.5,8.253999999999992,8.107,False
7.1,9.2,5.0,8.125,8.0239,False
9.166666666666666,9.603174603333336,6.26,7.875,8.775268254,False
6.9,9.7,3.77,6.875,7.4027,True
8.0,8.28320802,4.385,7.8125,7.740191604,False
5.9,8.8,7.52,6.666666667,7.0602,True
6.25,8.6363636365,7.51,5.3125,6.8757227273,True
6.0,9.5,7.52,7.291666667,7.434033333,True
8.0,9.75,7.51,7.8125,8.01645,True
7.9,8.9,7.52,8.125,8.126033333,True
8.3,9.0,7.52,8.333333333,7.9642,True
7.5,8.0833333335,7.51,7.708333333,8.0333666666,False
5.8,8.3,7.52,7.708333333,6.888833333,False
7.0,9.0227272725,7.51,8.4375,7.833495454500001,True
8.0,9.6,3.77,9.0625,6.970583333,True
7.0,9.0890269155,7.51,7.65625,8.2841303831,False
6.7,8.4,7.52,8.59375,7.655575,True
6.5,9.3,7.52,8.90625,7.736825,True
8.5,7.5438596495,7.51,7.5,7.9646385965,False
6.2,9.9,7.52,8.125,7.686033333,True
7.25,9.722222222,7.51,7.5,7.549644444400001,True
3.7,8.7,7.5,7.034000000000011,6.315,True
2.6,7.7,2.52,5.625,4.25,True
6.6,9.3,7.52,7.8125,7.81545,True
8.25,8.5416666665,7.51,7.5,7.764199999900001,True
3.3,7.2,7.52,7.8125,6.724116667,True
4.3,6.5,3.77,7.708333333,5.331166667,True
2.5,7.9,6.27,7.708333333,6.5447,True
8.25,7.994071146,7.51,7.291666667,7.539847562500002,True
6.1,9.7,7.52,7.5,7.629533333,True
7.0,9.523809524,7.51,7.1875,7.966711904800001,False
7.9,9.4,7.52,7.708333333,8.089033333,True
6.3,8.5,3.77,8.541666667,6.835833333,False
6.9,8.5,3.77,8.125,7.848366667,False
8.2,9.5,3.77,8.541666667,7.811366667,True
6.25,6.833333333500001,6.255,7.708333333,7.5198666666,False
6.3,7.7,7.52,8.125,7.443366667,True
4.5,8.03030303,7.51,7.65625,6.821885606,True
6.7,8.2,5.6,7.826000000000004,6.846,True
7.2,9.2,6.27,8.125,7.764366667,True
8.4,8.9,6.27,8.75,8.534866667,False
5.3,9.0,7.52,7.916666667,6.960333333,False
8.25,9.128787879,6.26,8.59375,7.744032575800001,True
8.6,9.1,6.27,8.958333333,7.776166667,False
6.6,8.6,7.52,7.5,7.459533333,True
6.25,7.3291925465,7.51,7.1875,6.985788509300001,True
5.5,7.2,7.52,7.291666667,5.9765,True
5.5,5.7954545455,7.51,7.1875,6.403040909100001,True
8.1,9.6,7.52,7.96875,8.551741667,False
8.25,9.2857142855,7.51,9.166666667,8.192009523800001,True
6.3,10.0,7.52,8.125,8.4827,False
8.0,10.0,6.26,8.75,8.2352,True
5.4,8.7,3.14,7.083333333,7.356533333,False
7.75,8.095238095,6.88,8.125,7.703347619,True
7.6,9.8,2.52,7.96875,7.763741667,True
7.5,10.0,6.26,9.0625,8.678450000000002,False
7.4,8.0,9.4,8.579999999999997,7.973,True
7.3,9.1,5.0,7.03125,7.769658333,False
5.666666666666667,8.761904762,5.635,7.8125,7.721664285733334,False
5.7,8.6,3.14,7.96875,7.095741667,True
3.25,6.0,6.26,7.8125,6.448416666600001,False
9.3,9.7,3.14,8.75,8.196533333,True
8.5,10.0,6.26,8.4375,8.76595,False
6.2,7.7,3.77,8.59375,7.448841667,False
7.25,9.047619048,5.63,8.75,7.6147238096,True
5.9,9.5,7.52,6.40625,7.490825,True
7.75,9.75,7.51,7.8125,7.279250000000001,True
8.6,9.8,7.52,9.375,8.4777,True
8.5,9.7368421055,7.51,8.75,8.9802350877,False
7.0,9.6,7.52,8.4375,8.03395,True
9.25,8.8152173915,6.26,9.0625,8.8634934783,False
6.2,6.6,7.52,8.4375,7.262616667,True
7.25,8.3954451345,6.26,7.5,7.9326223603,False
5.4,7.9,7.52,8.28125,6.541458333,True
6.75,8.333333332999999,7.51,8.541666667,7.840033333300001,True
9.0,9.3,6.89,9.166666667,8.472533333,True
9.5,9.068181818,7.51,8.541666667,9.0150030303,False
7.1,7.8,7.52,8.125,7.590033333,True
6.25,7.0760869565,7.51,8.125,7.678917391300001,False
4.6,6.4,7.5,7.58,6.258,True
7.0,8.5,5.0,7.34375,6.845208333,False
4.666666666666667,7.9949874686666655,7.51,7.5,6.676130827066667,True
5.8,7.8,3.14,7.708333333,6.939033333,True
2.25,9.3073593075,5.635,6.875,6.287171861500001,True
3.5,8.6,7.52,5.625,6.414033333,True
4.5,4.188311688500001,7.51,4.166666667,4.8048623378,True
6.7,8.6,5.0,8.125,8.0152,False
8.166666666666666,5.627886710333333,8.755,7.96875,7.8153856754,False
6.2,8.8,2.52,8.333333333,6.384333333,True
6.5,6.370972886666667,7.5,6.875,7.0859945773333335,False
6.0,9.8,2.52,7.083333333,6.195833333,True
5.5,9.6,5.0,7.708333333,6.591333333,True
6.0,8.5154061625,3.755,7.708333333,6.8100812324,True
8.5,9.7,2.52,8.333333333,7.901033333,True
6.333333333333333,7.777033492666668,8.125,7.03125,7.479598365200001,False
7.3,9.7,2.52,8.75,7.2115,False
2.0,7.703703703666666,6.885,6.40625,5.543865740733334,False
6.4,6.8,2.52,8.958333333,6.472333333,True
7.6,8.1,2.52,7.083333333,6.916533333,True
6.333333333333333,4.516498316333333,2.51,4.21875,5.4253413299333335,False
5.0,7.7,5.0,5.720000000000001,5.547,True
2.9,7.3,2.52,4.375,4.9308,True
1.5,10.0,5.0,8.541666667,6.571966667,True
6.5,10.0,2.52,8.958333333,7.666033333,True
8.833333333333334,9.523809523666666,5.005,9.166666667,8.5452952381,False
5.0,9.5,2.52,8.75,7.1617,True
3.75,7.5714285715,10.0,7.083333333,6.6114857142,True
7.5,10.0,5.0,8.75,8.2345,False
6.8,10.0,2.52,8.75,7.9948,False
3.6666666666666665,7.705263158,5.63,7.03125,6.9071109649333335,False
6.7,9.8,2.52,8.958333333,6.563833333,True
5.7,9.4,2.52,8.75,7.2382,True
5.4,9.5,2.52,8.75,7.2067,True
2.6666666666666665,8.393265993333333,8.755,7.1875,6.913936532,False
6.8,9.8,2.52,8.75,7.4717,True
7.0,9.5,2.52,8.75,7.9947,False
6.833333333333333,7.039682539666667,8.13,7.1875,7.6221531746,False
8.4,10.0,8.8,8.386000000000013,8.512,True
8.3,9.9,7.52,8.75,8.3184,True
9.0,9.6,2.52,8.958333333,7.844033333,True
6.333333333333333,7.621832358666666,7.51,7.8125,7.7652831384,False
9.5,9.0,2.52,8.958333333,8.032533333,True
6.9,9.8,2.52,8.75,7.41,True
9.2,9.3,2.52,8.958333333,8.197533333,False
8.666666666666666,7.722222222333333,8.13,8.90625,8.5079027778,False
8.5,9.5,2.52,8.75,8.1779,False
7.333333333333333,9.523809523666666,2.51,8.4375,8.0164785714,False
5.3,9.8,2.52,8.75,6.238,True
2.333333333333333,7.84502924,7.51,5.46875,6.108547514666667,False
9.6,9.9,2.52,8.958333333,8.615533333,False
8.5,9.866666666666667,8.755,9.0625,9.189883333333334,False
5.4,8.6,5.0,8.125,6.9547,True
3.0,4.849791144666667,6.25,6.041666667,5.475324895633334,True
6.4,9.5,2.52,8.125,7.2787,True
3.5,5.822406257,7.51,7.34375,6.5744562514,False
5.2,9.6,2.52,8.333333333,7.113533333,True
3.8333333333333335,8.133333333333333,10.0,7.8125,7.332483333333334,False
3.0,4.2,5.0,6.852,5.323,True
6.7,9.7,5.6,7.900000000000009,8.15,False
7.5,8.6,5.0,8.75,8.0879,False
8.5,9.696969697,6.255,7.5,8.6324939394,False
7.1,9.2,5.0,8.541666667,8.261033333,False
4.666666666666667,7.1000000000000005,7.51,6.71875,6.649708333333334,False
5.3,7.2,5.0,8.333333333,6.446666667,False
7.5,9.5,5.0,7.708333333,8.123033333,False
9.333333333333334,9.390476190333333,8.13,5.9375,8.440611904733334,False
5.0,8.7,5.0,8.333333333,7.574866667,False
7.25,7.763975155000001,7.51,7.5,7.861995031000001,False
6.4,10.0,2.52,8.541666667,7.265533333,True
6.0,9.0,2.52,8.125,6.299166667,True
5.1,9.3,5.0,8.333333333,7.1642,True
0.0,5.4312354313333335,7.51,7.65625,5.936272086266667,False
7.5,9.4,5.0,8.958333333,7.9327,True
2.5,6.2,2.51,7.5,5.9731,False
4.7,9.3,5.0,8.541666667,6.310833333,True
3.6666666666666665,3.7546583853333337,8.13,7.1875,6.017215010400001,False
3.4,6.4,5.0,7.5,6.277533333,True
8.0,9.4,8.1,8.726000000000003,8.646,False
6.0,8.7,5.0,7.65625,7.566458333,False
8.333333333333334,9.488636363666666,6.26,8.125,8.667693939400001,False
6.8,9.2,5.0,8.541666667,7.248566667,True
5.4,8.9,2.52,8.125,6.559166667,False
5.0,4.600414078666667,7.5,6.5625,6.116032815733334,False
6.3,7.9,2.52,8.333333333,7.088866667,True
4.0,9.02791197,8.135,5.375,6.856082394,False
5.0,6.0,7.52,7.5,5.636666667,True
4.9,9.8,2.52,8.125,7.5667,False
5.0,9.533333333333331,2.51,8.375,7.437466666666667,False
4.0,8.3,7.52,7.5,6.474,False
6.25,4.2676767675,7.51,7.5,6.570068686900001,False
4.9,9.2,5.0,7.083333333,6.956533333,True
2.333333333333333,3.3555555556666667,6.26,5.125,3.7894777778,True
7.3,9.6,7.52,7.708333333,8.382366667,False
5.666666666666667,8.314814814666667,7.51,8.125,7.601562962866668,False
6.0,8.8,7.52,7.708333333,7.163833333,True
3.8333333333333335,7.846439628666666,9.38,6.75,7.0305545924,False
5.9,9.7,3.77,7.708333333,7.192,True
5.666666666666667,8.716666666666667,7.51,7.625,7.388266666666667,True
8.5,7.8,6.3,8.893999999999993,7.836,True
7.4,8.1,5.0,7.96875,7.141308333,True
8.0,7.978174603333333,7.51,7.96875,8.052609920666667,False
8.3,9.6,7.52,8.958333333,9.103366667,False
8.0,9.9,6.26,8.75,8.049,False
6.666666666666667,10.0,7.51,7.083333333,8.407166666633334,False
6.9,9.3,6.89,7.291666667,7.3715,False
5.333333333333333,9.861111111,7.51,7.083333333,7.817322222166666,False
5.3,8.9,7.52,7.083333333,6.9565,True
3.0,8.0,7.52,7.083333333,6.667866667,True
4.0,7.9,7.52,6.666666667,6.655366667,False
6.9,9.9,5.02,8.125,8.3167,False
5.833333333333333,10.0,7.51,8.125,8.180966666666668,False
3.5,7.3,5.02,7.916666667,6.404533333,True
7.8,9.2,6.27,7.916666667,7.309333333,False
6.833333333333333,7.137254902,8.13,6.875,7.360417647066668,False
3.7,0.0,5.0,5.335999999999999,3.032,True
6.666666666666667,7.063851181666667,7.51,7.5,7.043536903066667,True
7.3,8.4,7.52,7.708333333,8.0037,False
4.333333333333333,6.278431372666667,8.13,6.875,6.563952941199999,False
9.1,9.9,5.02,8.75,8.316133333,True
8.333333333333334,9.277777777666666,6.255,7.291666667,8.2889555555,False
5.8,6.3,6.27,7.916666667,6.829533333,True
6.5,10.0,6.27,8.541666667,8.600033333,False
4.5,9.841269841333334,8.75,8.125,8.238553968266668,False
6.8,9.7,3.76,7.916666667,7.769866667,False
6.0,8.914285714,7.51,7.708333333,7.7564571427,False
7.2,9.4,7.52,8.125,7.453833333,False
6.6,8.1,2.52,8.333333333,6.7351,True
1.6666666666666667,4.547899159666667,8.135,7.5,5.458179831866667,True
6.5,9.8,6.27,9.375,8.743366667,False
3.5,7.588638262333333,8.13,8.28125,7.183752652466668,False
9.3,9.2,6.27,9.166666667,8.3472,True
5.3,9.1,5.64,8.125,7.6647,False
4.666666666666667,6.152715121333333,7.51,7.5,6.906276357600001,False
5.3,6.3,7.5,5.339999999999998,5.894,True
5.6,6.0,3.14,7.5,5.335,True
7.3,8.7,7.52,7.708333333,7.703533333,False
7.0,6.112440191499999,7.51,8.125,7.3473880383,False
5.9,8.8,7.52,7.708333333,7.2757,True
4.166666666666667,6.191537667666666,7.51,6.5625,6.793890866866667,False
10.0,10.0,7.52,8.541666667,9.175033333,False
8.5,9.133333333333333,7.51,8.125,8.390566666666668,False
5.3,7.0,6.26,7.5,6.445933333,True
3.1666666666666665,5.201336675,9.38,7.03125,5.881225668333334,True
8.0,9.4,5.02,8.28125,7.410625,False
7.8,9.5,4.39,8.59375,7.484375,False
3.7,8.8,6.26,7.1875,6.689583333,True
2.0,5.017209691,6.88,6.25,5.3933086048000005,True
6.7,8.3,6.26,7.1875,7.072983333,True
3.1666666666666665,6.125925926,8.755,6.25,5.833118518533334,True
5.7,8.6,3.77,7.5,7.227866667,False
7.2,9.8,2.52,7.96875,7.410108333,True
6.0,10.0,10.0,8.625,8.1371,True
3.8,6.8,6.3,6.894,5.886,True
4.2,7.1,5.0,7.34375,6.319141667,True
4.166666666666667,4.164756812,6.26,6.75,5.404184695733334,True
6.7,9.8,2.52,7.96875,7.076008333,True
6.833333333333333,6.481481481666667,7.51,7.65625,7.1023212964,True
8.3,9.5,2.52,7.65625,7.829958333,False
9.0,9.722222222333334,5.635,8.125,8.749111111066668,False
6.8,9.4,5.0,7.8125,6.544916667,True
7.2,10.0,7.52,7.65625,7.968658333,True
8.5,9.702380952333334,5.635,8.75,8.268876190466667,True
5.1,9.3,5.63,7.65625,7.701125,False
8.0,9.2,7.51,7.34375,7.566075,True
8.0,9.2,5.63,7.5,7.821633333,True
4.666666666666667,8.888888889,5.005,8.0,7.119011111133333,True
5.3,9.2,2.52,7.96875,7.340775,False
2.0,7.821067821,7.51,7.125,6.6777135642,False
5.7,8.8,6.26,7.5,7.086633333,True
7.0,9.082539682666663,7.51,7.96875,7.916082936533334,True
4.3,8.6,2.52,7.5,6.306666667,True
3.1,6.6,2.52,7.1875,5.913883333,False
5.9,8.1,6.3,7.855999999999996,6.854,True
4.7,7.6,5.0,7.96875,6.433075,True
4.5,7.535353535666666,5.635,6.875,6.337470707133334,True
2.7,8.7,2.52,6.875,6.636166667,False
3.1666666666666665,8.201288245,7.51,6.25,6.274190982333334,True
6.3,8.1,2.52,8.28125,7.317791667,False
6.0,8.5,3.77,7.8125,7.44215,False
5.666666666666667,9.135672514666666,6.26,6.875,7.473167836266667,False
7.2,9.3,7.52,7.65625,7.749391667,True
7.833333333333333,9.824561403666666,7.51,8.125,8.6794789474,False
4.8,7.5,2.52,7.65625,6.910091667,False
7.3,9.1,5.0,7.1875,7.880716667,False
8.0,6.829721362333333,8.135,6.875,7.908044272466667,False
4.8,9.6,7.52,7.65625,7.307858333,True
6.333333333333333,8.498245614,6.26,8.020833333,7.452799122766667,True
3.8,7.6,2.52,7.65625,6.021891667,True
3.5,8.8,2.52,7.65625,5.886625,False
5.666666666666667,7.682352941333334,7.51,7.1875,6.864053921600001,True
6.3,9.5,5.0,7.03125,7.213625,True
6.833333333333333,8.444444444333334,5.635,7.8125,6.885305555533334,True
6.1,6.3,6.9,7.415999999999991,6.685,True
5.9,7.7,7.52,7.1875,6.874683333,True
3.5,5.565079365,8.13,7.03125,6.095440873,True
8.7,8.4,5.0,8.75,7.856033333,True
7.5,7.230158729999999,7.51,8.645833333,7.6236817459,True
6.7,7.8,2.52,8.59375,7.030108333,True
3.333333333333333,6.0634920633333325,6.26,7.25,5.719565079333334,True
6.0,9.7,2.52,7.8125,7.67285,False
5.833333333333333,9.665831245,7.51,8.125,8.220132915666667,False
6.8,8.7,2.52,8.90625,7.333591667,True
5.0,8.349567099333333,6.26,7.5,7.374213419866667,False
6.3,5.3,2.52,7.65625,5.939858333,True
8.2,9.3,7.52,9.6875,8.881483333,False
9.166666666666666,9.682539682666668,6.26,8.59375,8.914816269866666,False
7.2,9.9,2.52,8.90625,8.345491667,False
7.333333333333333,9.824561403666666,6.26,7.65625,8.3233039474,False
5.7,9.3,2.52,7.96875,7.066475,True
8.333333333333334,9.682539682666668,6.26,7.5,8.0934746032,True
5.0,8.1,4.38,6.875,6.631333333,True
3.9,5.3,6.3,7.354000000000003,5.597,False
5.4,9.5,5.0,7.1875,7.067983333,True
4.8,8.3,2.52,7.5,6.971266667,False
3.8333333333333335,5.036075036,6.26,7.125,6.2015816738666665,False
4.2,6.3,2.52,6.71875,5.709808333,True
5.3,8.7,2.52,6.09375,6.269541667,True
7.3,8.3,5.0,8.125,7.381566667,True
7.666666666666667,8.658008657666668,7.51,7.291666667,7.411701731566668,True
7.5,9.1,5.0,7.8125,8.02675,False
5.5,9.8,6.89,6.875,7.281433333,True
5.3,6.9,2.52,7.34375,6.644475,False
7.0,10.0,7.51,8.125,7.801633333400001,True
7.666666666666667,8.672360248333332,7.51,7.5,7.6486387164,True
5.4,8.2,5.6,8.160000000000007,7.501,False
7.366666666666667,9.983333333,6.57,7.5,8.085299999933333,False
4.2,9.2,5.0,7.34375,6.330041667,False
3.7,7.2,5.0,5.0,6.175333333,False
5.8,8.7,2.52,7.96875,6.780741667,True
4.1,7.8,5.0,7.1875,6.018083333,False
4.0,7.763157895,5.635,7.8125,6.6304815790000005,True
6.1,9.0,5.0,7.5,7.671933333,False
5.4,8.3,2.52,8.28125,5.677291667,True
6.166666666666667,9.855072463666666,5.63,7.5,7.508514492666666,True
7.5,8.2,5.0,7.8125,7.03025,False
7.3,8.4,5.0,7.03125,6.946058333,True
6.7,9.4,6.26,7.5,7.515233333,True
3.5,9.458874459,7.51,7.375,6.9217748918,True
6.2,9.1,5.0,6.875,7.024933333,True
9.0,8.571428571333334,5.005,6.5625,7.614235714266666,True
1.5,4.0,6.9,7.641999999999998,4.832,False
6.2,5.9,7.5,7.915999999999999,6.825,True
4.0,6.4,5.0,7.5,5.711166667,False
1.5,7.099419478000001,6.26,7.5,5.6415838956,True
7.8,9.6,3.77,8.59375,8.378008333,False
9.0,9.523809523666666,7.51,8.333333333,8.376195238033333,True
3.3,7.6,7.52,7.34375,6.202008333,True
7.2,10.0,2.52,7.96875,7.487841667,True
9.0,9.649122807,7.51,8.375,8.9495245614,False
6.1,8.7,5.0,7.8125,6.940416667,True
5.0,9.2,6.26,7.5,6.806466667,True
5.6,8.3,2.52,7.8125,6.724183333,True
5.5,9.0,5.0,7.8125,7.58235,False
5.333333333333333,6.581140350999999,7.51,7.34375,6.509169736866667,True
6.2,8.8,2.52,6.875,7.0651,False
7.4,9.4,5.0,7.8125,7.43375,True
7.2,8.4,6.3,7.599999999999998,7.245,True
6.0,8.8,5.0,7.34375,6.811875,True
8.833333333333334,8.152958153,6.26,7.25,7.476158297266668,True
4.7,9.4,5.0,7.8125,7.171083333,True
5.5,10.0,7.51,7.875,8.2302,False
6.2,9.1,5.0,7.8125,7.09205,True
4.2,8.9,5.0,7.65625,6.755358333,True
6.0,8.4,2.52,7.8125,5.95625,True
7.4,9.8,6.89,7.5,8.378666667,False
8.0,9.081527348,8.13,8.28125,8.5902971362,False
4.1,5.6,5.0,7.5,6.339466667,False
7.9,9.0,5.63,7.5,7.7105,True
5.9,7.9,5.63,7.65625,6.064625,True
5.3,9.2,5.0,7.5,6.8265,True
6.3,6.5,5.63,7.34375,7.215141667,False
1.8,3.4,7.5,4.893999999999998,5.061,False
6.8,9.0,5.0,7.8125,6.46725,True
7.666666666666667,8.555555555666666,6.885,7.5,7.143244444466667,True
8.7,9.1,6.26,8.0,8.027466667,True
6.8,10.0,5.63,6.875,7.026466667,True
9.0,9.3,5.0,6.875,8.187766667,False
8.0,9.4,5.0,7.125,7.5524,True
6.066666666666666,9.0,6.885,7.5,7.785233333333334,False
0.0,0.0,7.195,7.5,4.8446,False
0.0,0.0,7.51,7.5,4.8761,False
0.0,0.0,6.57,7.5,4.8238,False
6.5,8.6,5.6,7.555999999999994,7.084,True
5.7,9.4,5.0,6.875,6.068333333,True
7.166666666666667,8.412698412666666,5.635,6.71875,6.887248015866668,True
0.0,0.0,7.195,7.5,4.7612000000000005,False
6.7,7.8,5.0,7.646000000000006,7.388,False
7.1,8.5,7.5,8.19,7.619,True
5.8,7.7,5.0,8.125,6.989633333,True
6.166666666666667,5.6428571430000005,7.51,7.34375,6.627079761933334,True
4.4,5.8,7.5,8.056000000000001,6.289,True
7.9,8.7,7.5,8.379999999999992,8.283,False
6.4,7.8,6.26,8.4375,7.91935,False
7.833333333333333,9.488636363666666,7.51,7.625,8.5605939394,False
8.0,8.6666666665,6.26,5.625,7.611366666700001,False
8.0,9.3333333335,3.76,7.5,8.002866666700001,False
8.0,9.0833333335,3.76,7.5,7.952200000100001,False
7.5,4.1666666665,3.76,5.0,5.444199999900001,True
8.25,10.0,6.26,7.5,8.0822,True
5.6,6.2,7.5,7.195999999999989,5.563,True
5.7,7.3,5.0,7.34375,6.503908333,True
8.5,9.5454545455,6.26,7.5,8.152624242500002,True
9.25,9.5454545455,6.26,7.5,7.982890909100001,True
9.25,8.1136363635,6.26,7.5,7.8769272727000015,True
9.0,9.230769231,7.51,7.5,8.3033538462,True
10.0,9.347826087,2.51,7.8125,8.3800152174,False
8.0,8.830227742999998,2.51,7.5,8.156578882000002,False
7.0,5.051759834,2.51,5.3125,5.914801966800001,False
7.75,9.3064182195,2.51,8.125,7.619650310500001,True
10.0,7.9813664595,2.51,7.1875,7.9208899585,False
7.75,9.4444444445,7.51,5.9375,7.2171722223,True
6.7,6.4,7.5,8.276000000000003,6.926,True
8.75,10.0,7.51,7.5,8.407200000000001,True
8.25,9.5,7.51,7.5,8.079200000000002,True
8.25,4.7727272725,7.51,7.1875,6.9031621211,True
8.5,9.4949494945,7.51,6.875,8.005023232300001,True
7.75,10.0,7.51,6.875,7.9493666666,True
7.5,9.5227272725,2.51,7.5,8.0617454545,False
6.5,8.4444444445,2.51,7.5,7.0574222223000005,True
9.25,9.761904762,2.51,7.5,7.620247619000001,True
6.75,6.643356643500001,7.51,7.1875,7.577287995300001,False
6.5,7.638888889,7.51,7.1875,7.069727777800001,True
4.7,7.4,7.5,8.308,6.902,True
4.1,4.7,5.0,7.34,5.624,True
9.0,8.75,2.51,7.5,7.623866666600001,True
7.0,2.9166666665000003,2.51,7.5,5.6345333333,True
4.0,5.416666667,2.51,6.25,5.758866666800001,False
10.0,10.0,2.51,7.5,8.8352,False
6.0,7.9575163395,8.135,7.8125,7.085119934500001,True
4.75,8.710526316,2.51,7.8125,6.685221929800001,True
9.75,10.0,8.135,7.5,8.503033333400001,True
5.5,5.833333333500001,6.255,6.25,6.5940333333000005,False
6.0,7.445652174,7.51,7.5,6.876997101400001,True
7.5,9.1666666665,7.51,7.5,8.379199999899999,False
5.6,9.0,5.6,7.640000000000011,7.174,True
2.2,7.8,5.0,7.65625,5.952358333,True
5.0,9.444444444666669,7.51,7.708333333,7.263155555633333,True
10.0,9.375,2.51,7.8125,8.3907833334,False
0.0,9.166666667,2.51,7.5,6.4118666668,False
6.5,8.333333333,7.51,6.25,7.510200000000001,True
6.25,8.125,7.51,7.5,8.0155333334,False
9.0,8.541666667,7.51,7.5,8.239799999999999,False
9.0,8.3333333335,7.51,7.5,8.3510666667,False
7.75,8.20855615,7.51,7.5,7.59291123,True
10.0,7.0721925135,7.51,7.5,7.665638502700001,True
5.0,7.6871657755,7.51,7.1875,6.823383155100001,True
8.5,5.7516339865,7.51,7.5,7.201526797300001,True
7.7,8.8,5.6,8.033999999999999,8.355,False
6.5,8.7,2.52,7.65625,7.350625,False
8.333333333333334,8.380952380666665,7.51,8.59375,8.4746321428,False
8.25,9.1666666665,7.51,7.5,7.8845333333,True
8.75,8.875,6.885,6.5625,7.95295,False
7.5,9.0,7.51,8.4375,8.47795,False
7.0,9.0833333335,7.51,6.875,7.487366666700001,True
8.5,10.0,7.51,7.8125,8.332450000000001,True
10.0,9.5227272725,7.51,8.4375,8.9824954545,False
4.5,9.2916666665,7.51,7.8125,7.6397833333,False
7.5,9.3333333335,7.51,7.8125,8.264116666700001,False
10.0,8.2083333335,7.51,7.5,8.0588666667,True
6.5,10.0,7.51,6.5625,7.98945,False
5.6,7.1,7.5,7.699999999999996,6.875,True
5.3,7.9,2.52,7.1875,6.168416667,True
9.5,9.3333333335,7.51,8.4375,8.944616666700002,False
7.25,7.291666666499999,7.51,8.4375,7.8522833333,False
8.25,9.411764706,7.51,9.375,8.1040529412,True
9.25,10.0,6.255,9.375,8.213199999999999,True
9.0,10.0,5.625,9.375,8.350200000000001,True
8.75,9.75,7.51,9.375,8.3217,True
9.5,6.2008281575,2.51,7.5,7.141365631500001,True
6.0,4.722222222,7.51,6.875,6.015144444400001,True
3.0,8.6607142855,7.51,6.875,6.1368428571,True
8.75,10.0,6.885,5.0,7.3547,True
4.7,6.8,7.5,7.0200000000000085,6.607,True
10.0,8.392857143,7.51,5.625,8.3422714286,False
10.0,9.246031746,7.51,5.625,7.862906349200001,True
9.0,9.761904762,7.51,7.5,7.8185809524,True
9.75,10.0,7.51,6.25,8.8262,False
10.0,10.0,7.51,8.75,9.3612,False
6.25,9.4590643275,7.51,6.25,7.2340128655,True
5.5,8.0595238095,7.51,6.25,7.3701047619,False
5.0,8.7857142855,2.51,5.625,6.153842857100001,True
9.0,8.5913312695,7.51,8.75,7.9604662539,True
8.5,8.388888889,7.51,8.4375,7.855727777800001,True
8.6,7.8,5.6,8.054000000000006,7.692,True
8.5,10.0,8.755,8.4375,8.335450000000002,True
8.75,9.230769231,8.13,8.4375,8.1861038462,True
8.5,9.5,8.13,8.4375,8.289950000000001,True
3.0,9.5,7.51,6.875,6.454700000000001,True
6.0,8.3636363635,7.51,8.125,7.353427272700001,True
7.0,6.5227272725,7.51,8.125,7.202245454500001,True
5.5,9.4444444445,7.51,8.125,7.8695888889,False
6.75,7.5,7.51,8.125,7.1807,True
4.0,7.380952381,5.01,6.25,6.552990476200001,False
6.0,9.0,5.635,5.625,7.2102,False
4.6,6.3,7.5,7.145999999999999,6.478,True
5.0,7.0018115945,7.51,5.625,6.8480623189,False
10.0,9.375,5.635,7.5,8.738700000000001,False
8.5,6.875,5.635,6.875,7.709200000000001,False
6.5,10.0,5.635,6.875,7.690800000000001,False
8.75,8.4166666665,7.51,6.875,7.570033333300001,True
6.5,9.7916666665,6.26,6.875,7.3700333333,True
6.5,6.6032608695,7.51,7.5,6.919852173900001,True
8.75,8.3804347825,7.51,7.5,8.427286956500001,False
9.5,10.0,7.51,7.5,8.6012,False
8.0,8.6304347825,6.26,7.5,8.052286956500001,False
7.3,8.9,5.0,7.576,7.056,True
6.0,6.3,2.52,6.40625,5.937025,True
6.833333333333333,7.582972583,5.005,4.791666667,6.576761183366667,True
9.0,8.722222222,7.51,7.5,8.0456444444,True
4.5,6.9782608695,7.51,6.875,6.4843521739,True
4.75,10.0,8.13,7.5,7.9632,False
6.75,8.8804347825,7.51,7.5,7.577286956500001,True
5.25,9.347826087,7.51,7.5,7.3707652174,True
8.25,10.0,7.51,7.5,8.101200000000002,True
9.75,9.6153846155,7.51,7.5,8.2742769231,True
5.5,10.0,8.13,6.875,7.8987,False
6.75,9.2857142855,8.13,7.5,7.6703428571,True
7.25,8.6842105265,3.755,5.9375,6.638292105300001,True
5.6,8.0,5.6,7.230000000000007,6.738,True
4.3,7.9,6.26,7.34375,6.784075,True
5.833333333333333,8.751803751666666,7.51,7.708333333,7.3860274169,True
8.0,8.784461152999999,4.385,7.1875,7.964342230600001,False
9.5,10.0,8.13,8.75,9.038200000000002,False
7.5,9.761904762,7.51,7.8125,7.834830952400001,True
8.5,9.2606516295,7.51,7.1875,8.3720803259,False
5.0,7.5689223055,7.51,6.25,6.221984461100001,True
8.0,10.0,4.385,6.875,7.7262,True
7.25,9.761904762,7.51,7.5,7.803580952400001,True
8.0,8.759398496,7.51,7.5,7.8030796992,True
5.0,8.214285713999999,6.88,7.5,7.015057142799999,True
10.0,9.7916666665,6.88,7.5,8.980533333299999,False
1.4,3.5,5.0,5.146000000000002,3.738,True
8.25,9.7916666665,5.005,7.5,8.4930333333,False
10.0,9.2916666665,7.51,7.5,8.8435333333,False
0.0,5.625,7.51,7.5,5.4262,True
5.0,7.5,3.755,7.5,7.2597,False
5.75,8.6944444445,7.51,8.125,7.503255555500002,True
7.75,10.0,7.51,7.8125,8.5997833334,False
6.5,10.0,7.51,8.125,7.8477,True
7.0,10.0,6.26,8.125,7.8280333334,True
8.0,9.555335968,7.51,8.125,7.989700527000001,True
6.0,9.7727272725,5.005,7.5,7.438578787899999,True
4.0,8.3,7.5,7.430000000000003,6.793,True
5.7,7.6,6.9,7.335999999999991,7.407,False
7.25,6.6501976285,7.51,7.5,7.622839525700001,False
10.0,8.888888889,7.51,7.8125,8.1188277778,True
7.25,9.5454545455,7.51,8.4375,8.588040909100002,False
8.75,9.3073593075,7.51,8.4375,8.257421861500001,True
7.5,9.090909091,7.51,8.4375,8.3971318182,False
8.75,8.6363636365,7.51,8.125,8.4749727273,False
7.5,8.8636363635,7.51,8.4375,7.8186772727,True
5.75,9.318181818,7.51,7.8125,7.546086363600001,True
6.75,8.409090909,7.51,8.4375,7.626768181800001,True
7.25,9.0909090905,7.51,8.4375,7.863131818100001,True
5.7,8.2,5.6,6.746000000000008,7.118,False
4.5,8.4,5.63,7.03125,6.719791667,True
6.25,8.1136363635,7.51,8.75,7.5319272727,True
2.75,9.5,6.26,8.4375,6.886950000000001,True
9.75,9.3073593075,7.51,8.75,9.2046718615,False
7.25,8.593073593,7.51,8.4375,7.747564718600001,True
8.5,9.2965367965,6.885,8.75,8.840007359300001,False
6.75,9.7727272725,6.26,7.291666667,7.3712454546,True
7.75,8.2765151515,7.51,7.916666667,7.375503030400001,True
9.0,9.337121212,7.51,6.25,7.7436242424,True
8.25,9.128787879,7.51,7.916666667,7.7352909091000015,True
7.5,10.0,7.51,8.958333333,8.7536999999,False
6.3,8.6,5.6,7.304000000000004,7.457,False
4.5,5.520833333500001,6.26,6.458333333,5.6558,True
7.5,6.777777778,7.51,6.875,7.126922222200001,True
4.75,7.5,7.51,8.125,7.0132,True
5.75,5.3125,7.51,7.8125,6.403450000000001,True
7.25,8.9444444445,7.51,7.8125,7.5543388889,True
7.0,6.7976190475,7.51,7.34375,6.8290988095000005,True
2.75,5.845238095,7.51,7.5,5.8367476190000005,True
8.0,10.0,7.51,8.90625,8.425325,True
8.0,8.8562091505,7.51,9.166666667,8.006108496800001,True
7.75,8.888888889,7.51,8.958333333,8.041811111100001,True
7.9,9.9,5.6,7.879999999999994,8.638,False
6.5,9.6,2.52,8.28125,7.794358333,False
2.6333333333333333,9.92,6.885,7.5,7.449366666666667,False
6.25,10.0,7.51,8.958333333,7.864033333300001,True
8.0,7.7432712215,7.51,7.96875,7.9147292443,True
9.5,10.0,7.51,9.21875,8.774075000000002,True
8.75,9.068322981,7.51,8.28125,8.1939895962,True
9.0,7.9813664595,6.26,9.53125,8.2775982919,True
7.5,7.833333333500001,7.51,7.1875,7.7196166667,False
8.0,8.674948240500001,7.51,8.28125,7.589914648100001,True
8.0,9.347826087,7.51,8.28125,7.982890217400001,True
7.0,9.0,7.51,8.90625,8.176825000000001,True
8.5,10.0,7.51,9.375,8.507700000000002,True
7.9,9.3,5.0,8.325999999999985,8.181,False
4.4,5.2,2.52,6.25,4.990333333,False
4.5,9.5445134575,7.51,8.75,7.469102691500001,True
8.5,9.109730849,7.51,9.375,8.961646169800002,False
7.25,8.674948240500001,7.51,7.5,7.135189648100001,True
6.75,7.5,6.26,7.708333333,6.921633333300001,True
6.0,5.277777778,7.51,7.708333333,6.610588888900001,True
7.25,9.5,7.51,7.916666667,7.842866666700001,True
0.0,6.6501976285,6.26,7.291666667,5.9004061924,False
5.25,9.7368421055,7.51,7.916666667,7.5402350878,True
6.0,9.5346320345,7.51,7.5,7.466126406900001,True
6.75,8.3333333335,7.51,7.96875,7.214341666700001,True
5.2,6.3,8.1,7.859999999999996,5.846,True
3.5,8.571428571,7.51,7.8125,7.405235714200002,False
6.0,8.8095238095,7.51,7.96875,7.560479761900002,True
7.75,10.0,7.51,7.916666667,8.6268666667,False
6.5,7.8214285715,6.25,7.5,7.1234857143,True
7.75,5.880952381,7.51,7.708333333,7.7042238095,False
3.5,7.777777778,7.51,7.708333333,6.6442555555,True
7.75,9.511904762,7.51,7.5,8.492914285800001,False
2.75,8.0357142855,7.51,7.291666667,6.0197761904,True
3.25,7.280701754500001,7.51,6.041666667,5.879073684200001,True
3.75,8.2976190475,7.51,7.5,6.665390476100001,True
7.9,9.2,7.5,8.053999999999997,7.947,True
7.9,9.5,5.0,8.4375,7.584483333,True
9.333333333333334,9.514316093333331,5.635,7.65625,8.134554885333333,True
3.25,7.460526316,7.51,6.875,6.784805263200001,False
2.75,9.273809524,7.51,7.5,6.871961904800001,True
6.5,10.0,7.51,8.125,7.6243666666,True
10.0,9.722222222,7.51,9.0625,9.074561111,False
6.25,7.794871795,7.51,9.0625,7.288424359,True
5.75,8.75,7.51,8.75,7.3344666666,True
7.5,7.380952381,7.51,8.75,8.213723809600001,False
9.25,9.022556391,7.51,8.75,8.836711278200001,False
7.0,8.972431078,7.51,8.4375,8.1281028822,False
4.75,9.4444444445,7.51,8.75,7.459755555500001,True
6.1,7.7,7.5,7.510000000000003,7.541,False
4.5,7.0,5.63,6.875,5.5425,True
6.166666666666667,9.277056277,7.51,7.5,7.400477922133334,True
5.0,6.35610766,6.26,6.875,5.967421532000001,True
7.5,7.195652174,7.51,7.65625,7.404455434800001,True
8.75,10.0,7.51,7.96875,8.773575000000001,False
5.25,8.4368530025,5.625,6.5625,6.689320600500001,True
7.5,7.960662526,5.625,6.71875,7.384207505200001,False
5.0,8.070175439,7.51,7.5,7.413901754400001,False
8.5,10.0,5.635,8.4375,8.80795,False
5.0,8.010869565,7.51,6.40625,7.0514989130000005,False
4.25,6.666666667,6.255,6.875,6.7210333334,False
4.25,6.1965811965,7.51,7.1875,6.615766239300001,False
5.3,7.9,10.0,7.923999999999998,7.894,False
5.5,8.875,7.51,7.1875,7.09445,True
4.75,8.782608695499999,7.51,6.875,6.860721739100001,True
0.0,5.0,7.51,7.5,5.2257,True
6.5,7.913043478500001,7.51,5.78125,7.311433695700001,False
7.0,10.0,6.26,7.5,7.754200000000001,True
5.0,7.7432712215,5.625,7.5,6.7386875777,True
5.75,5.431372549,6.26,7.916666667,6.865474509900001,False
8.25,9.5652173915,6.26,7.708333333,8.0267434782,True
3.5,7.111801242,7.51,7.5,6.7668935818000016,False
5.0,5.793478261000001,6.26,6.666666667,5.9842289855000015,True
5.0,6.5,7.5,6.280000000000001,6.323,True
4.7,4.2,2.52,7.5,5.622266667,True
3.8333333333333335,4.104378593666667,6.26,7.34375,5.7316173854,True
7.75,9.5652173915,6.26,6.666666667,7.3725768116,True
6.5,6.25,7.51,7.5,7.5072,False
8.0,8.8141025645,7.51,8.75,8.479020512900002,False
4.0,7.8468899525,7.51,7.1875,6.378661323900001,True
4.25,6.7794117645,7.51,7.5,5.8748823529,False
8.25,8.318181818,7.51,8.75,8.4845030302,False
4.25,5.714285714500001,7.51,7.8125,6.7799738095,False
2.0,5.0227272725,7.51,6.875,5.2423787879,False
7.0,7.840909091,7.51,8.125,7.147881818200001,True
6.5,9.25,6.885,8.125,7.914800000000001,False
7.3,10.0,7.5,7.346000000000004,7.783,True
6.9,6.3,6.9,7.053999999999991,6.962,True
3.5,8.3333333335,6.885,8.4375,7.360450000100002,False
5.0,10.0,7.51,8.4375,8.04495,False
5.25,7.628205128,7.51,7.8125,6.886091025600001,True
2.75,10.0,7.51,8.958333333,6.991699999900001,True
6.75,4.6136363635,5.63,5.833333333,6.057060605999999,True
3.75,7.5252525255,7.51,8.75,6.7199171717,True
3.5,8.3874458875,7.51,6.458333333,7.151855844200001,False
5.0,4.448051948,7.51,4.583333333,5.046077056300001,True
9.25,7.2294372295,7.51,7.5,8.1804207793,False
7.5,6.5151515155,7.51,6.666666667,7.560230303200001,False
8.3,7.5,6.9,7.413999999999996,7.563,True
7.9,7.8,7.52,8.59375,6.892541667,True
10.0,9.7727272725,7.51,9.583333333,9.4647454544,False
8.75,9.3271221535,7.51,8.4375,8.9217077641,False
5.5,10.0,7.51,7.8125,8.10445,False
3.75,7.5252525255,7.51,7.5,6.5509171717,True
5.5,7.979797980000001,7.51,7.1875,7.520576262600001,False
3.5,6.6666666665,6.255,6.875,5.832133333300001,True
4.666666666666667,5.404288499000001,9.38,7.96875,7.217066033133334,False
4.666666666666667,4.305555555666667,9.38,7.5,6.240744444466667,True
1.75,5.714285714333333,9.38,7.65625,5.721382142866666,True
4.833333333333333,5.560902255666666,8.755,7.96875,7.210222117800001,False
6.5,7.0,7.5,6.735999999999995,6.712,True
4.5,7.7,2.52,7.8125,6.30695,True
5.166666666666667,7.337719298333333,5.63,7.8125,6.5837938596,True
3.75,9.060606060666666,8.75,7.65625,7.0026462121333335,True
3.1666666666666665,6.157902555,2.51,6.09375,5.065788844333333,True
7.0,10.0,9.38,6.875,8.3261,False
8.166666666666666,9.283272283333334,8.755,8.90625,8.67371279,False
4.0,2.777777777666667,7.51,7.65625,5.5473805555333335,True
7.0,8.293650793666666,5.63,8.541666667,7.778263492033334,False
3.75,10.0,8.75,8.125,7.9798,False
8.0,10.0,7.51,7.96875,8.631675000000001,False
5.666666666666667,7.787878788,7.51,7.96875,7.622584090933335,False
5.5,7.435897436,7.51,8.125,6.710079487200001,True
6.6,8.2,5.0,7.434000000000003,7.535,False
6.4,7.4,2.52,8.125,7.289966667,False
0.0,0.0,6.5675,7.5,4.78185,False
2.833333333333333,2.5238095237666665,8.13,7.03125,4.6391535714200005,False
5.833333333333333,7.972686733666666,7.505,7.34375,7.0491790134,True
2.0,3.905723905333333,7.51,7.5,4.548544781066667,True
9.5,9.710144927666668,8.135,8.5,9.089828985533336,False
1.1666666666666667,9.666666666666666,8.135,8.0,7.188366666666667,False
5.833333333333333,5.103121516333333,7.51,7.125,7.109390969933334,False
7.0,8.722222222333334,8.135,7.875,7.653744444466668,True
8.666666666666666,8.33064949,8.135,8.125,8.176263231333333,True
7.166666666666667,7.935185184999999,8.13,7.916666667,7.9631703704333345,False
6.833333333333333,9.027777777666666,6.885,7.708333333,7.709588888900001,False
4.0,6.1,6.3,7.263999999999999,6.073,True
2.6666666666666665,5.0,7.51,7.125,5.696233333333334,True
8.166666666666666,8.633333333333333,6.88,8.25,8.337,False
3.1666666666666665,6.304873294333333,8.135,7.375,6.0886079922,True
5.0,8.076923077,7.51,7.25,6.754584615400001,True
5.833333333333333,8.674509804,6.885,6.625,6.905568627466667,True
8.166666666666666,6.210826211,8.13,6.25,7.296598575533334,False
4.666666666666667,6.374643874666667,8.75,7.5,6.900662108266667,False
6.666666666666667,6.467236467333334,8.13,7.5,6.748480626800001,True
4.833333333333333,5.242165242,7.51,7.5,6.482499715066667,False
4.166666666666667,7.441394335666668,7.51,7.1875,6.514862200466668,True
5.2,8.3,7.5,7.343999999999999,7.051,True
4.4,8.1,5.0,7.03125,6.318991667,True
4.333333333333333,5.222222222,7.51,7.03125,6.064236111066667,True
3.5,4.771043771,7.51,7.5,5.9717087542,True
3.1666666666666665,9.743589743666666,7.51,7.1875,7.443301282066667,False
4.333333333333333,9.003921568666668,7.51,8.333333333,7.641184313700001,False
4.0,9.629629629666669,8.76,7.291666667,6.941692592633334,True
3.0,10.0,6.255,8.125,7.4827333334,False
4.0,5.222222222333333,7.51,7.916666667,6.666811111166668,False
7.0,8.916666666666666,7.51,7.916666667,8.228500000033334,False
5.5,8.705360238666666,8.755,8.5,7.643772047733333,True
4.666666666666667,5.2929755216666665,6.885,8.375,6.330428437666668,True
4.4,8.3,9.4,8.186,7.357,True
8.166666666666666,9.206349206333334,5.635,8.5,8.4721031746,False
9.0,9.174603174666666,5.0,8.0,7.940220634933333,True
0.5,8.666666666666666,5.01,6.25,5.458833333333334,True
7.0,8.305555555666666,7.51,7.25,7.604211111133335,True
2.1666666666666665,4.942067736333334,6.885,5.75,5.0761468806000005,True
5.5,8.102240896333333,7.51,6.375,5.816448179266667,True
6.5,9.247219355666669,7.51,7.75,7.759243871133334,True
8.166666666666666,8.771043771,7.51,7.75,7.913942087533334,True
8.166666666666666,7.493464052333334,7.51,8.0,7.8003261438,True
2.1666666666666665,7.111111111333334,6.26,6.875,5.7191555556,True
7.7,10.0,6.3,7.385999999999999,8.317,False
6.8,9.9,2.52,8.59375,7.879008333,False
9.666666666666666,10.0,6.26,8.125,8.950566666733334,False
8.333333333333334,7.542087542,7.51,7.75,7.894084175066667,True
5.666666666666667,9.111111111333337,5.005,7.5,7.2484555556,True
7.5,9.841269841333334,7.51,7.65625,8.080345634866667,True
5.0,6.120448179333334,6.26,7.65625,6.743847969266667,True
7.333333333333333,8.399470899666667,7.51,7.8125,7.777244180000001,True
5.333333333333333,8.624338624,6.885,7.65625,7.318459391466667,True
6.666666666666667,9.523809523666666,5.635,6.40625,7.463620238066666,True
4.333333333333333,4.993386243333333,7.51,7.34375,6.305585581933334,True
7.333333333333333,6.761695906666667,7.51,7.5,7.880605848,False
7.166666666666667,9.090261887,5.635,8.5,7.894385710733333,True
6.6,9.8,5.6,7.969999999999997,7.302,True
6.0,9.0,2.52,8.28125,7.297425,False
4.0,7.796296296333334,6.26,6.875,6.855159259266667,False
6.166666666666667,9.049953314666666,7.51,7.875,7.790523996266667,True
6.333333333333333,7.834844760666667,6.26,7.083333333,6.9787022855,True
4.5,8.069444444333334,6.255,6.666666667,6.472788888966667,True
8.166666666666666,7.753623188333333,6.26,9.166666667,7.8197579711,True
5.5,9.153439153333332,7.51,7.8125,7.429837830666667,True
4.0,6.775210084333334,7.51,7.65625,6.730367016866668,True
5.666666666666667,6.128654970666666,5.01,6.875,6.555764327466668,True
3.75,10.0,7.51,7.8125,7.34055,True
4.0,8.640618640666666,7.51,7.5,7.303823728133333,False
2.5,6.259259259333334,7.51,7.5,5.260851851866667,True
4.7,8.1,5.6,7.484000000000002,6.49,True
6.3,8.1,2.52,8.125,6.805033333,True
8.666666666666666,8.267770876333332,7.51,10.0,8.1907875086,True
3.5,6.430976431,7.51,8.125,6.1707952862,True
5.5,6.854727398333334,7.51,8.125,6.812545479666667,True
6.5,4.868875086666667,6.26,9.0625,6.638525017333334,True
3.0,6.112836439,6.26,6.25,5.731267287800001,True
2.333333333333333,7.949735449666666,6.26,7.395833333,6.6599304233000005,False
3.333333333333333,10.0,7.51,8.229166667,7.261016666766667,True
2.833333333333333,8.412698412666666,7.51,8.125,6.7187063492,True
7.5,8.857142857,7.51,8.375,8.4656285714,False
6.5,9.666666666666666,7.51,7.75,7.6059333333333345,True
3.5,8.3,5.0,6.9539999999999935,6.112,True
5.3,7.2,5.6,7.860000000000005,6.746,True
5.0,8.3,2.52,8.125,6.598266667,True
5.666666666666667,7.416666666666667,6.26,7.34375,6.855108333266668,True
5.666666666666667,8.425925926,6.26,7.25,6.750618518533334,True
6.5,7.0,7.51,7.5,7.2431,True
7.166666666666667,8.782407407333332,7.51,7.34375,8.041889814800001,False
8.333333333333334,9.259259258999998,7.51,7.5,7.836518518466668,True
8.5,7.777777778,7.51,8.125,8.0118555556,True
2.5,5.0694444443333335,7.51,7.5,4.920488888866667,True
2.5,5.148148148,7.51,7.8125,5.8216796296,True
0.0,6.222222222333333,5.635,6.5625,4.899894444466667,True
5.0,7.199074074333335,7.51,6.40625,7.072539814866667,False
6.0,9.666666666666666,7.51,7.708333333,7.577233333233334,True
6.9,9.1,5.6,7.904,7.957,False
5.8,7.3,2.52,8.125,6.250166667,False
4.0,7.965686274666666,6.26,7.96875,7.258445588333334,False
5.166666666666667,7.753697970666667,7.51,7.291666667,6.702372927566668,True
4.5,8.361426442,7.51,7.5,6.4589186218000005,True
6.166666666666667,8.523809523666666,7.51,7.708333333,7.014528571366666,True
3.0,7.1428571430000005,7.51,7.291666667,6.085471428700001,True
6.5,6.574494949666668,7.51,7.5,6.787898989933334,True
8.333333333333334,9.833333333333334,7.51,7.5,8.417533333333333,False
6.166666666666667,8.436274509666667,7.51,7.1875,7.147738235266668,True
3.25,5.571428571333333,7.51,6.875,4.926285714266666,True
6.333333333333333,7.908496732000001,7.51,7.5,7.0487660130666665,True
4.25,9.259259259333334,7.51,7.5,7.393951851866667,False
5.5,8.5,7.5,6.865999999999994,7.215,False
5.166666666666667,6.666666666666667,7.51,7.5,6.652766666666667,True
8.333333333333334,10.0,6.26,8.333333333,8.107033333366667,True
9.666666666666666,10.0,7.51,8.333333333,8.429066666633334,True
6.0,8.518518518666667,6.26,7.8125,7.7609537037333345,False
7.5,9.460317460333334,7.51,7.8125,7.743213492066667,True
4.333333333333333,7.112887113,7.51,7.1875,6.888194089266667,False
7.333333333333333,9.696969697,7.51,8.28125,8.541085606066668,False
7.833333333333333,7.777777777666667,7.51,7.65625,7.481547222200001,True
5.833333333333333,8.509823509666667,7.51,6.875,7.500131368600001,False
7.25,8.645502645666667,7.51,7.1875,7.560550529133334,True
6.7,7.9,5.6,6.3700000000000045,6.797,True
7.333333333333333,9.833333333333334,7.51,8.25,8.583133333333334,False
7.166666666666667,10.0,7.51,8.5,8.186433333333333,True
6.666666666666667,10.0,7.51,7.75,8.389333333333335,False
6.5,7.3,5.6,6.844000000000001,6.776,True
5.8,8.2,2.52,6.875,5.638666667,True
5.666666666666667,8.084795321666666,6.26,6.25,6.837125731066667,True
7.6,9.8,5.6,8.130000000000006,8.063,False
7.3,9.2,2.52,8.125,7.583433333,False
8.5,9.431042884999998,7.51,7.96875,8.4627502436,False
8.1,9.0,6.3,7.746000000000004,8.253,False
8.1,8.9,6.26,8.4375,8.105583333,False
8.266666666666667,9.246,6.5725,7.5,8.243183333333334,False
7.9,9.7,5.6,7.314000000000007,7.798,True
7.9,9.9,5.0,7.96875,7.806141667,True
8.166666666666666,9.473684210666669,6.26,8.375,8.033470175466666,True
5.9,8.3,6.3,7.403999999999993,6.917,True
4.7,9.6,6.89,6.5625,6.483083333,False
3.2,5.1,6.3,6.605999999999996,5.159,True
7.8,10.0,7.5,7.195999999999989,8.068,True
4.9,9.2,5.6,6.385999999999994,7.007,False
7.2,8.9,2.52,6.875,7.062433333,True
8.0,8.5,5.635,7.604166667,7.646383333300001,True
5.5,6.8,7.5,7.460000000000004,6.581,True
5.2,7.2,5.0,7.1875,6.293083333,True
8.333333333333334,7.833333333333333,5.635,7.625,7.328933333333333,True
7.3,8.9,9.4,7.895999999999992,8.673,False
6.933333333333334,9.8,6.57,7.5,8.128766666666667,False
7.9,9.2,6.9,7.759999999999989,7.816,True
8.1,8.5,6.26,8.125,7.757466667,True
4.4,6.2,7.5,7.065999999999999,6.075,True
5.1,5.6,5.0,7.5,6.1242,True
5.9,9.2,5.6,6.734000000000009,6.75,True
4.8,9.2,2.52,7.1875,6.569516667,True
8.5,9.473684210666669,6.26,7.5,8.024136842133334,True
6.9,9.1,5.6,8.903999999999996,8.427,False
8.0,9.5,2.52,8.125,8.316833333,False
8.833333333333334,9.545454545333332,6.26,8.59375,8.828632575733334,False
6.8,8.8,4.4,6.823999999999986,7.424,False
6.3,8.8,4.4,8.734000000000002,7.025,False
5.9,8.7,2.52,7.65625,7.406658333,False
4.166666666666667,8.739177489333334,6.26,7.625,7.234168831200001,False
6.1,9.2,7.5,8.246000000000002,7.993,False
6.4,9.4,7.52,8.59375,8.437641667,False
8.166666666666666,9.407894737,9.38,8.75,8.932712280733334,False
9.0,8.7,6.3,5.510000000000002,7.226,True
8.1,8.3,6.3,8.870000000000005,8.442,False
8.0,9.4,2.52,8.4375,8.283216667,False
8.5,9.431818181666666,7.51,8.125,8.801463636333335,False
6.8,9.5,8.8,8.713999999999986,8.623,False
6.8,8.3,2.52,7.96875,7.671208333,False
4.333333333333333,8.737373737333334,6.26,7.625,7.439841414133334,False
4.1,8.0,7.5,7.664,6.328,True
3.8,8.8,7.5,7.499999999999991,7.3,False
7.7,9.7,2.52,7.96875,7.586241667,True
7.5,9.249011857666666,6.26,8.25,8.266902371533334,False
7.2,7.7,7.5,8.199999999999994,7.28,True
7.1,9.5,7.52,8.59375,8.430241667,False
8.166666666666666,8.696741854666667,6.26,7.96875,8.471456704266666,False
4.5,7.7,7.5,7.599999999999998,6.615,True
6.6,8.5,7.5,7.319999999999993,7.832,False
6.9,9.7,2.52,7.96875,7.817541667,False
7.166666666666667,9.640151515,6.26,8.125,8.325963636333334,False
5.8,8.9,7.5,7.745999999999995,7.928,False
6.9,9.9,2.52,7.96875,7.809875,False
7.833333333333333,9.537037037,5.635,8.4375,8.568424074066666,False
2.7,6.1,7.5,7.804000000000002,5.307,True
7.2,9.7,5.0,7.823999999999991,7.629,True
6.5,9.4,2.52,8.28125,7.727325,False
8.166666666666666,10.0,6.255,6.875,8.586533333333334,False
8.0,9.5,7.5,7.2499999999999964,7.665,True
7.8,9.4,5.63,7.75,7.710866667,True
6.3,6.9,8.8,6.950000000000003,7.335,False
5.7,9.5,2.52,7.65625,6.934158333,True
7.2,9.4,8.8,8.399999999999999,8.74,False
7.8,9.7,2.52,8.125,7.263666667,False
6.4,9.571,5.945,7.5,7.7887,False
2.7,3.6,7.5,6.003999999999996,4.932,True
6.5,6.2,5.0,7.1875,6.616016667,True
7.166666666666667,6.363636363666667,7.51,7.125,6.882960606066668,True
6.7,8.9,5.6,8.549999999999995,8.155,False
6.5,9.4,2.52,8.125,7.718566667,False
7.0,9.848484848333332,6.26,8.4375,8.465046969666668,False
3.2,6.2,5.0,6.349999999999993,4.265,True
6.3,9.2,5.0,8.869999999999996,8.017,False
6.0,9.2,2.52,8.4375,7.60205,False
7.833333333333333,9.682539682666668,6.26,7.96875,8.4690496032,False
5.1,9.1,7.5,8.890000000000011,8.124,False
6.2,9.0,2.52,8.28125,7.560991667,False
8.0,9.689754689666666,7.51,8.75,8.823550937933334,False
7.3,9.7,4.4,8.39599999999999,8.218,False
7.2,9.8,2.52,7.96875,7.967608333,False
8.333333333333334,9.848484848333332,6.26,7.96875,8.568238636333334,False
4.6,6.2,5.0,7.023999999999999,5.554,False
7.5,7.1,7.5,7.724000000000002,7.564,False
8.5,7.6,7.51,7.96875,7.892341667,True
7.166666666666667,7.554824561666667,6.88,8.125,7.419398245666667,True
6.8,5.2,6.3,7.893999999999997,7.055,False
7.8,10.0,6.3,7.016,7.535,True
5.5,5.6,4.4,7.716000000000003,5.705,True
4.3,4.5,2.52,7.5,5.661166667,True
6.5,7.3,7.5,7.696000000000005,7.078,True
5.4,5.2,4.4,7.575999999999992,5.201,True
5.9,7.9,2.52,7.96875,6.791641667,True
7.5,7.880952381,6.26,7.65625,7.3512154762,True
2.8,4.3,7.5,7.439999999999998,5.669,True
7.4,6.7,4.4,7.513999999999985,6.943,False
7.1,7.9,2.52,8.28125,7.557558333,False
7.5,6.827094474333333,6.26,7.125,7.838218894866668,False
4.1,3.8,7.5,6.153999999999993,5.372,True
6.6,7.6,4.38,7.03125,6.857625,True
5.0,8.8,7.5,7.275999999999998,7.101,False
5.8,4.8,7.5,6.743999999999994,4.936,True
6.1,7.1,7.5,7.435999999999998,6.667,True
6.0,4.8,5.6,5.289999999999995,4.499,True
3.8,9.2,7.5,6.850000000000005,6.945,True
3.4,5.1,7.5,6.0660000000000025,4.44,True
7.6,8.8,7.5,8.233999999999995,8.465,False
7.1,9.4,2.52,7.65625,8.024791667,False
7.0,9.379509379666668,7.51,7.25,8.283601875933334,False
6.2,8.4,7.5,7.463999999999986,7.268,True
3.5,8.7,7.5,6.923999999999992,7.209,False
4.3,6.1,7.5,5.149999999999997,4.87,True
7.8,5.8,7.5,7.236000000000002,7.172,False
6.9,6.6,2.52,7.96875,7.166475,False
5.666666666666667,6.455627705333334,6.26,8.0,7.045258874400002,False
7.0,8.5,7.5,7.453999999999992,7.502,False
7.1,8.5,7.5,7.786,7.397,True
5.6,8.6,2.52,8.4375,6.96965,True
7.833333333333333,8.917748917666666,6.26,7.125,7.4209164502,True
4.0,7.3,7.5,7.349999999999994,6.1,True
6.7,6.7,2.52,7.96875,5.811541667,True
3.5,6.9,7.5,7.069999999999999,5.942,True
6.7,7.4,8.1,7.473999999999989,7.474,True
6.5,8.1,7.5,7.913999999999994,7.028,False
6.1,7.6,2.52,7.1875,7.102016667,False
6.833333333333333,8.198051948,6.26,7.25,7.6987770562666675,False
5.2,8.5,7.5,7.42,6.892,True
5.0,9.0,5.0,7.1875,6.959916667,True
6.2,4.6,7.5,5.005999999999995,5.604,True
3.1,4.6,7.5,5.594000000000001,4.966,False
3.8,4.5,7.52,7.5,5.089833333,True
2.6,4.3,7.5,6.060000000000008,5.671,False
5.0,5.3,7.5,6.363999999999992,5.918,True
6.8,6.1,7.5,7.274000000000003,6.549,True
3.3,6.4,7.5,6.943999999999999,6.471,False
6.9,7.5,5.63,8.28125,7.722125,False
6.5,8.097577276666668,9.38,7.5,8.074015455333335,False
4.8,6.7,7.5,6.125999999999996,6.196,True
6.9,9.4,7.5,9.099999999999993,8.62,False
7.8,9.8,2.52,8.28125,8.207591667,False
8.833333333333334,9.841269841333334,5.635,8.28125,8.852545634933334,False
6.7,8.2,8.1,8.457999999999988,7.677,True
5.7,5.1,7.5,7.779999999999996,6.328,True
3.8,7.4,7.5,6.793999999999993,6.116,True
0.0,4.9,7.5,6.0660000000000025,4.245,False
3.8,7.4,7.5,6.709999999999994,6.051,True
4.3,7.6,5.6,6.624000000000008,6.719,False
5.6,8.0,2.52,4.84375,6.248741667,False
6.3,7.3,7.5,7.065999999999999,6.79,True
3.7,7.5,7.5,7.183999999999999,7.11,False
4.5,7.5,7.52,7.1875,7.337116667,False
4.5,7.890668700666666,6.26,6.875,6.980833740133334,False
7.8,9.0,7.5,7.905999999999995,8.084,True
6.7,9.5,2.52,8.125,7.436566667,True
7.666666666666667,9.689754689666666,6.26,7.916666667,7.931384271366667,True
5.1,6.4,5.0,7.093999999999996,6.331,True
3.7,3.7,7.5,6.503999999999994,4.572,True
7.0,8.4,5.0,8.125,6.411333333,True
6.666666666666667,6.361737677333333,5.635,7.875,6.782180868800001,True
8.6,7.9,6.9,8.547999999999991,8.087,True
4.7,8.1,5.0,7.645999999999997,6.943,False
4.8,6.7,2.52,6.875,6.337966667,False
7.7,10.0,7.5,8.529999999999998,8.468,True
7.5,9.9,2.52,8.75,7.016,True
6.816666666666667,9.891666667,7.1975,7.5,8.311616666733334,False
8.2,9.7,5.6,8.314000000000004,8.673,False
7.9,9.7,2.52,8.59375,8.221841667,False
7.650000000000001,9.621,6.26,7.5,8.2887,False
6.0,8.7,5.0,7.569999999999997,6.982,True
7.8,9.4,6.3,8.483999999999998,8.51,False
7.3,8.8,2.52,8.125,7.044333333,False
9.5,10.0,6.26,8.125,8.7225,False
8.4,9.9,7.5,8.960000000000008,8.656,True
8.1,10.0,2.52,8.75,7.171166667,True
8.033333333333333,9.953333333,6.885,7.5,8.452633333266668,False
7.6,9.4,7.5,8.255999999999988,8.639,False
6.8,9.9,4.39,8.125,8.256766667,False
0.0,0.0,6.57,7.5,4.7404,False
5.8,8.2,7.5,7.649999999999997,7.72,False
7.2,8.5,7.52,8.28125,7.221958333,False
4.333333333333333,8.306595365666666,6.26,7.75,6.646485739800001,False
5.2,7.6,7.5,7.405999999999997,7.429,False
2.9,7.4,5.0,5.086000000000004,5.097,True
4.9,8.2,5.0,5.15625,5.444625,True
5.0,6.645021645,5.0,6.75,6.125104328999999,True
6.9,8.3,8.8,7.956000000000003,7.979,True
6.6,8.6,7.5,8.129999999999997,7.958,False
8.3,9.3,5.63,7.96875,7.598208333,False
9.166666666666666,9.629629629666669,6.88,8.958333333,9.049892592566668,False
6.3,8.1,5.6,7.570000000000006,7.022,True
5.3,8.0,2.52,7.34375,6.665208333,True
4.5,8.612836439,5.63,6.875,6.7135006212,True
0.9,2.8,7.5,5.920000000000001,4.277,True
1.8,3.6,5.0,5.620000000000003,4.312,True
5.3,7.4,5.6,7.316000000000002,6.715,True
1.3,3.8,5.0,6.8459999999999965,4.563,True
5.2,8.5,5.0,7.303999999999995,7.192,False
3.6,6.4,5.6,7.473999999999998,5.149,True
4.8,7.3,5.6,7.210000000000001,6.926,False
2.5,6.944444444333333,7.51,7.34375,6.429063888866667,False
0.9,2.9,7.5,6.17,4.182,True
8.0,8.8,10.0,8.569999999999993,8.677,True
5.0,8.2,7.5,7.584000000000008,7.44,False
6.1,9.9,7.52,7.34375,8.080008333,False
7.0,9.674603174666666,7.51,7.875,8.448920634933334,False
5.8,7.2,5.6,8.145999999999995,6.763,True
3.4,5.8,5.6,7.609999999999992,4.786,True
3.8,3.7,5.0,7.03125,4.406458333,True
4.166666666666667,4.854560643666667,7.51,7.0,5.806145462066667,True
3.7,5.6,7.5,7.455999999999996,5.319,True
5.8,9.2,5.6,7.02,7.087,True
6.9,7.7,7.5,8.426,7.926,False
6.0,5.8,5.6,7.503999999999991,5.987,True
3.3,7.4,5.0,6.13599999999999,6.012,True
2.0,8.285533910333333,6.26,4.583333333,5.896306781966668,True
5.7,6.7,6.3,7.233999999999998,6.695,True
8.9,8.6,6.3,7.309999999999999,8.231,False
7.4,9.0,2.52,8.59375,8.116041667,False
8.200000000000001,9.6,7.505,7.5,8.4773,False
8.0,7.6,8.1,8.717999999999995,7.124,True
6.9,7.7,6.89,8.625,7.921266667,False
7.9,8.4,6.9,8.210000000000006,8.226,False
6.6,9.0,2.52,8.75,7.982633333,False
0.0,0.0,6.2575,7.5,4.79255,False
7.1,8.5,5.6,7.633999999999999,7.255,True
5.9,9.3,2.52,8.125,6.140333333,True
7.333333333333333,8.958333333333334,6.26,7.5,7.400633333333334,True
5.1,5.7,7.5,7.475999999999994,6.361,True
3.0,5.3,7.5,6.824000000000003,5.679,True
5.0,7.4,2.52,7.8125,6.337116667,True
4.5,7.323153899,6.26,8.125,6.5991307798,True
8.1,8.3,7.5,7.259999999999991,7.946,False
7.5,9.5,5.63,7.65625,8.137625,False
9.333333333333334,9.648148148,5.635,8.125,8.651029629666667,False
4.6,6.9,7.5,8.216000000000001,6.665,True
4.3,5.7,5.6,7.320000000000002,5.527,True
5.5,8.5,2.52,7.03125,6.690458333,False
7.4,8.8,7.5,7.693999999999992,7.411,True
5.5,9.9,7.52,8.125,7.7284,True
6.9,9.741666667,6.5725,7.5,8.0689833334,False
6.0,9.2,5.6,7.775999999999996,7.741,False
5.6,9.8,5.63,8.75,7.1935,False
9.333333333333334,9.855072463666666,7.51,8.125,8.907314492800001,False
9.1,9.9,6.3,8.233999999999986,8.815,False
8.9,10.0,6.27,8.75,9.006266667,False
9.333333333333334,10.0,7.51,8.333333333,9.113133333366669,False
5.0,6.1,7.5,7.153999999999998,6.242,True
7.1,9.2,7.5,8.193999999999999,8.046,False
6.5,9.5,7.52,8.28125,8.189225,False
9.333333333333334,9.855072463666666,6.26,8.333333333,8.822714492700001,False
5.9,6.9,7.5,7.009999999999996,6.806,False
4.0,6.8,7.5,7.030000000000003,6.618,False
5.6,8.8,7.5,7.160000000000002,7.131,True
6.8,9.5,7.52,7.03125,7.549025,True
8.0,9.761904762,6.885,7.8125,7.9444309524,True
3.8,5.1,5.6,7.374,5.939,False
2.8,4.1,7.5,6.129999999999996,5.063,True
4.7,4.6,2.52,7.65625,5.380358333,True
3.0,5.8,6.3,6.990000000000007,5.424,True
4.7,7.5,5.0,8.125,5.713333333,True
3.1666666666666665,4.031862745000001,6.26,7.34375,5.123180882333333,True
1.1,3.4,5.0,4.015999999999997,3.7,True
3.9,4.8,2.52,4.21875,3.745541667,True
0.0,5.6,6.3,7.304000000000004,4.097,True
6.8,7.8,6.3,7.359999999999998,6.236,True
3.7,4.0,8.8,5.428000000000006,4.985,True
1.7,3.9,6.3,7.206000000000001,4.929,True
8.0,8.2,6.9,8.035999999999994,8.122,False
7.1,8.6,7.52,8.90625,8.493058333,False
6.166666666666667,9.737666667,6.26,7.5,7.931966666733333,False
1.8,3.7,7.5,6.885999999999992,4.837,True
2.3,2.9,7.5,5.384000000000002,4.875,False
0.0,5.8,7.5,7.275999999999998,5.031,True
6.9,8.0,7.5,8.099999999999987,7.305,True
7.7,8.8,2.52,9.0625,7.641016667,True
2.8,3.6,7.5,4.883999999999995,4.665,True
6.6,7.9,6.3,7.545999999999999,7.478,False
5.2,6.3,5.6,5.456000000000003,6.409,False
5.5,8.6,2.52,7.5,6.824333333,True
6.8,8.2,5.0,7.2639999999999905,7.278,False
6.1,9.6,2.52,7.96875,6.796541667,False
8.166666666666666,8.963768115999999,6.26,7.5,8.177186956533333,False
5.6,7.9,5.6,8.197999999999999,6.591,False
7.5,6.4,7.5,7.284000000000006,7.605,False
3.1,6.9,6.3,7.120000000000006,5.557,True
4.5,7.5,2.52,6.40625,5.616691667,True
6.3,5.8,5.6,7.336,6.802,False
5.2,5.4,7.52,6.71875,6.760341667,False
9.0,7.494736842333332,7.51,8.020833333,8.410830701766667,False
4.8,7.7,6.9,7.323999999999993,6.334,True
4.3,7.3,5.0,7.5,5.314333333,True
3.9,7.2,7.5,7.349999999999994,6.03,True
5.1,7.3,7.52,7.65625,5.914291667,True
5.666666666666667,3.9520467836666655,7.51,6.875,6.2443426900666665,True
4.3,7.7,7.5,7.165999999999997,6.355,True
5.7,8.8,5.0,7.8125,6.241583333,True
7.166666666666667,7.826890756333333,7.51,6.875,6.852411484600001,True
4.8,6.6,7.5,6.963999999999997,6.058,True
5.2,8.9,7.52,7.65625,6.394291667,True
4.833333333333333,7.898550724666666,6.26,7.8125,6.693026811600001,True
5.2,6.8,7.5,7.55399999999999,6.427,True
4.0,7.9,6.26,7.34375,5.732375,True
2.833333333333333,7.699561403666666,7.51,7.34375,6.1661539474,True
2.5,4.5,7.5,6.013999999999999,4.733,True
6.3,6.5,7.52,7.5,6.047333333,True
5.0,7.4,6.9,7.365999999999992,6.93,False
4.9,6.8,5.0,7.03125,6.578558333,False
6.5,8.714912280666667,5.635,7.5,7.489282456133334,False
6.5,5.2,7.5,6.243999999999996,6.151,True
8.0,9.5,9.4,9.029999999999996,8.843,True
4.5,7.5,7.5,7.600000000000007,6.4,True
5.2,5.6,5.0,7.076000000000002,5.652,True
5.2,8.1,7.5,7.355999999999998,7.339,False
4.1,7.0,5.0,6.521999999999997,5.8,True
3.9,8.7,2.52,7.65625,7.011091667,False
4.833333333333333,9.666666666666666,5.63,7.8125,7.25285,True
5.3,5.4,5.0,7.1999999999999975,6.1,False
3.0,5.1,7.5,6.208,5.672,False
6.3,6.8,5.0,7.96875,5.977708333,True
6.833333333333333,5.918518518666667,7.51,7.5,6.0768703704,True
6.1,10.0,6.9,8.012000000000006,7.889,True
5.7,9.5,7.52,8.59375,8.436908333,False
8.0,10.0,7.51,7.65625,8.708925,False
6.8,5.6,7.5,7.412000000000001,7.04,False
5.8,6.9,6.9,7.447999999999997,6.527,True
4.9,8.1,6.26,7.96875,6.856575,True
4.666666666666667,9.129629629666669,7.51,7.34375,7.025000925866668,True
5.2,7.7,7.5,6.980000000000004,7.448,False
7.2,9.2,5.0,8.59375,8.367208333,False
5.833333333333333,9.024122807,7.51,7.34375,7.948699561466667,False
6.1,5.2,8.8,7.612000000000005,7.37,False
7.9,8.2,3.77,7.375,6.716666667,False
6.4,10.0,6.9,8.135999999999992,7.897,True
5.5,9.9,7.52,8.59375,8.393508333,False
6.666666666666667,10.0,7.51,7.65625,8.442258333333335,False
5.2,9.1,5.6,7.964000000000002,7.792,False
6.2,9.4,2.52,8.125,7.695233333,False
7.166666666666667,9.534706331,6.26,8.125,8.125807932933334,False
4.7,8.1,5.0,7.334000000000005,6.859,False
5.3,8.3,2.52,7.96875,7.037808333,False
3.4,7.3,7.5,7.277999999999993,6.86,False
6.8,9.3,6.9,6.377999999999986,8.27,False
8.4,9.0,2.52,8.125,7.6354,False
6.0,6.8,7.5,6.701999999999986,7.619,False
5.6,7.1,5.0,8.125,6.243,False
7.0,9.866666666666667,7.51,8.333333333,8.385133333233336,False
9.0,9.7,5.0,6.912000000000003,8.22,True
8.2,9.4,3.14,9.0625,8.65075,False
9.333333333333334,8.973112128333334,6.26,8.875,8.832389092333335,False
2.8,8.8,7.5,5.9940000000000015,6.986,False
5.3,7.0,7.5,6.130000000000004,6.823,True
5.0,6.9,4.4,5.973999999999995,6.313,False
4.8,4.6,7.5,6.219999999999999,4.952,True
2.5,8.8,7.5,5.747999999999989,6.446,True
3.3,7.2,6.89,6.71875,6.084875,True
3.7,8.7,7.5,6.171999999999995,6.636,True
5.2,8.6,2.52,7.03125,7.039791667,False
3.5,7.735353535333334,8.755,6.09375,6.231045707066668,True
7.5,9.0,8.1,6.229999999999993,7.883,True
6.8,8.4,8.76,8.28125,8.002591667,True
7.0,7.605358505000001,9.38,8.625,8.421271701,False
2.9,5.8,3.8,4.845999999999995,5.249,True
8.0,9.2,4.4,6.466000000000003,7.961,False
7.4,9.4,7.5,4.753999999999996,7.902,False
5.1,8.5,4.4,5.991999999999997,6.787,True
5.1,7.5,6.89,7.34375,5.887708333,True
5.833333333333333,5.512100409000001,6.26,7.5,6.834286748466667,False
5.8,9.3,7.5,6.217999999999995,7.914,False
5.8,7.3,7.5,5.947999999999993,6.837,True
6.7,9.1,7.52,8.59375,8.287441667,False
6.833333333333333,7.441643324,7.51,7.625,8.052795331466667,False
8.1,9.9,7.5,6.701999999999986,8.488,False
7.1,8.9,7.52,7.8125,7.377583333,False
8.166666666666666,7.155537064000001,5.635,8.0,7.711540746133334,False
3.8,4.8,8.1,8.134000000000006,6.259,True
6.5,8.2,7.5,5.975999999999999,7.721,False
8.9,9.6,2.52,9.166666667,7.059666667,True
5.166666666666667,6.585769980666666,7.51,6.5625,6.715437329466668,False
5.8,7.7,7.5,6.040000000000001,6.854,True
6.6,6.7,7.5,6.309999999999993,6.941,True
6.6,8.6,7.52,7.96875,7.539875,True
4.5,7.728174603333334,6.26,7.65625,6.757026587266667,True
5.9,7.4,7.5,6.0660000000000025,6.9,True
5.7,7.2,6.26,7.65625,6.779591667,True
4.5,8.3,7.5,6.029999999999998,7.263,False
3.6,5.4,5.6,6.065999999999994,5.75,True
4.6,6.8,6.26,8.125,6.534766667,True
7.0,9.1,7.5,5.952000000000002,8.143,False
6.2,9.4,8.14,7.96875,7.305541667,False
6.166666666666667,9.149206349333332,2.51,7.96875,7.761749603200001,False
8.5,10.0,5.6,6.480000000000006,7.908,True
7.3,9.5,2.52,7.8125,7.61835,False
7.666666666666667,9.673046252,6.885,8.0,8.384742583733333,False
1.8,8.7,7.5,4.474,5.864,True
4.4,8.7,2.52,8.541666667,6.817866667,True
3.7,7.7,7.5,3.8919999999999977,5.658,True
8.5,9.6,9.4,9.049999999999994,8.965,True
6.5,8.8,7.5,6.737999999999991,8.206,False
9.0,9.7,2.52,8.958333333,7.972033333,True
4.0,7.2,7.5,6.09799999999999,6.622,True
7.0,8.1,5.6,6.761999999999997,7.834,False
7.2,8.1,6.26,7.96875,7.840341667,False
3.1666666666666665,4.453748006333333,6.26,6.375,5.9794829346,False
7.5,10.0,7.5,6.2519999999999865,8.264,False
8.4,9.9,2.52,7.8125,8.309016667,False
4.5,4.3,7.5,5.3139999999999965,5.858,True
4.5,5.0,7.5,4.377999999999993,5.379,True
4.6,8.4,5.0,4.34400000000001,6.69,True
3.4,8.5,2.52,6.09375,6.452008333,False
5.333333333333333,6.656346749333334,5.635,5.25,6.627336016533334,False
8.5,9.6,7.5,6.104000000000003,7.836,True
8.7,9.6,7.52,8.75,8.2832,True
7.666666666666667,9.028180354333331,8.135,7.875,7.731569404200001,True
0.0,6.5,7.5,6.0080000000000044,5.412,True
4.6,7.0,7.5,6.359999999999992,6.606,True
5.8,9.2,2.52,7.65625,7.627125,False
5.5,7.162698412666667,6.26,7.5,7.492006349133335,False
6.8,9.0,6.9,8.171999999999997,7.876,True
5.2,8.5,7.5,6.349999999999998,7.075,True
4.3,7.3,2.52,7.34375,5.790875,False
5.833333333333333,5.618045113,5.0,7.708333333,6.293175689166667,True
5.0,9.2,6.3,6.154000000000002,6.731,True
7.9,7.9,7.5,6.530000000000005,7.413,True
5.1,7.5,7.52,7.03125,6.392625,False
2.0,10.0,6.9,6.428000000000003,6.644,True
6.8,9.9,2.52,8.541666667,6.680833333,True
5.333333333333333,9.523809524,5.625,7.34375,7.617803571466666,False
8.8,10.0,7.5,6.56600000000001,8.75,False
5.8,9.0,6.89,7.03125,7.734891667,False
7.5,9.526143791,7.51,7.96875,8.2697037582,False
7.8,10.0,5.0,6.364000000000001,8.063,False
8.7,9.9,2.52,8.958333333,8.6587,False
6.666666666666667,10.0,7.51,8.4375,8.526983333333334,False
5.5,9.4,7.5,6.343999999999994,7.181,True
6.7,7.4,6.3,6.500000000000004,6.95,True
5.9,8.7,2.52,7.8125,7.38685,False
5.0,7.268170426,6.26,6.875,7.209434085200001,False
7.3,7.9,5.0,6.2900000000000045,6.969,True
6.7,7.7,2.52,7.03125,5.796458333,True
7.0,6.166666666666667,7.51,7.65625,6.782158333333333,True
4.8,6.9,7.5,6.051999999999991,6.973,False
4.0,4.1,5.0,8.541666667,6.0197,True
1.6666666666666667,4.908119658333334,7.51,6.40625,5.667282265,False
5.9,5.4,5.0,6.456,4.95,True
7.2,8.2,5.0,6.138000000000004,7.066,True
8.4,8.0,6.9,6.58599999999999,8.112,False
7.8,5.5,6.9,6.261999999999999,7.304,False
7.3,9.5,5.0,6.142000000000003,7.503,False
8.4,9.7,2.52,8.75,6.805,True
6.9,9.8,7.5,6.681999999999997,7.747,True
5.4,8.3,5.63,7.65625,7.533891667,False
5.4,9.5,7.5,6.675999999999993,7.831,False
7.9,9.9,5.0,8.541666667,7.070833333,True
6.833333333333333,9.443589743666667,7.51,7.1875,7.970034615400001,False
4.3,9.0,7.5,6.4699999999999935,6.957,True
5.9,9.6,2.52,7.916666667,7.1392,True
2.833333333333333,8.287284610666667,2.51,6.5625,5.896573588800001,True
6.2,7.7,5.6,6.364000000000001,6.743,True
4.8,7.6,5.0,7.34375,7.205041667,False
5.166666666666667,7.698412698333333,7.51,7.125,7.480115873000001,False
8.1,6.8,5.6,6.852,7.203,True
5.0,8.1,7.5,6.463999999999999,6.722,True
8.6,8.9,7.5,8.864,8.523,True
7.7,9.7,7.52,8.75,8.835333333,False
2.5,4.4,5.0,4.194000000000004,4.556,True
4.5,6.4,2.52,6.71875,4.912375,True
3.3,8.3,6.9,6.551999999999998,6.454,True
3.9,8.4,6.89,7.34375,5.758041667,True
3.6666666666666665,6.133333333333333,7.51,6.71875,5.940775,True
5.4,7.7,6.3,6.604000000000001,6.777,True
5.2,9.4,6.26,7.5,6.223833333,True
3.0,6.324561403666666,5.63,6.75,5.805712280733333,True
8.1,9.6,7.5,6.543999999999999,8.4,False
6.5,8.8,3.14,7.5,7.5408,False
5.833333333333333,8.600288600333334,7.51,7.875,8.036024386733335,False
8.1,8.4,6.3,6.280000000000001,7.558,True
7.3,9.1,2.52,7.65625,6.757958333,False
7.5,8.607503607333333,7.51,7.625,8.072200721466668,False
4.9,7.5,5.0,5.629999999999997,6.083,True
4.0,5.9,5.6,6.1960000000000015,6.104,True
3.3,7.0,2.52,7.03125,5.758425,True
3.7,8.2,7.5,6.264000000000003,6.323,True
3.0,6.8,2.52,6.875,4.794333333,True
4.333333333333333,7.166666666666667,7.51,6.25,6.125500000000001,True
4.5,8.5,5.6,6.595999999999993,6.654,True
4.2,7.4,5.63,6.875,5.630833333,True
4.333333333333333,6.349206349,7.51,6.75,5.965307936466667,True
3.5,8.9,7.5,6.428000000000003,7.184,False
8.2,8.2,2.52,8.75,6.687,True
5.166666666666667,6.674358974333333,8.76,6.5625,7.2079551282,False
6.9,4.8,6.9,7.808000000000002,6.033,False
7.8,9.1,7.52,8.75,8.710333333,False
4.7,8.8,6.3,6.615999999999991,6.776,True
4.8,8.8,2.52,7.34375,6.905741667,False
4.166666666666667,6.080701754333333,8.755,6.5625,6.5472236842,False
5.1,8.1,7.5,6.157999999999992,7.117,True
3.5,7.5,2.52,7.5,6.5107,False
4.8,8.8,5.6,3.324000000000007,6.418,True
4.6,9.5,2.52,6.09375,6.567208333,True
1.0,5.414731682,5.635,3.5,4.3639463364,True
4.6,5.4,5.0,4.123999999999999,5.518,True
5.9,8.6,7.5,6.081999999999992,7.897,False
4.9,8.9,7.5,6.063999999999998,7.683,False
6.0,8.6,2.52,7.96875,7.469175,False
4.333333333333333,6.921693121666666,6.26,7.25,7.169905291000001,False
5.6,8.0,6.3,4.947999999999997,6.556,True
2.8,5.7,6.9,6.286000000000005,5.852,True
4.6,7.9,2.52,7.1875,6.207083333,True
5.666666666666667,7.885292942666666,5.63,7.625,6.807291921866668,True
5.5,9.3,7.5,6.319999999999997,7.742,False
6.5,8.1,2.52,7.5,7.153766667,False
8.0,5.733333333333333,7.51,7.291666667,7.2457999999666685,False
4.3,9.3,5.6,6.200000000000001,6.58,True
4.7,8.2,2.52,7.5,7.000033333,False
5.0,4.5,5.6,5.553999999999997,5.951,False
6.8,7.8,7.5,6.930000000000005,7.203,True
5.9,8.2,7.52,7.96875,7.169975,True
5.333333333333333,7.211257310000001,8.13,8.125,7.098051462066667,False
1.7,8.5,5.0,6.132,6.042,True
4.1,9.0,2.52,7.65625,6.529425,True
4.3,9.6,7.5,5.805999999999996,6.645,True
7.3,8.1,2.52,7.083333333,6.363666667,True
4.833333333333333,6.839473684333334,6.885,6.5625,6.728911403533334,False
3.0,3.7,5.0,5.766,5.261,True
4.2,7.3,2.52,7.8125,6.632716667,False
4.166666666666667,3.074074074,6.26,6.354166667,5.683064814833333,False
6.3,9.3,7.5,6.349999999999998,7.455,True
7.8,8.8,6.27,7.291666667,7.716366667,True
7.666666666666667,7.361111111,7.51,8.541666667,8.008488888833334,False
5.3,7.3,7.5,5.992000000000006,6.658,True
6.0,8.3,5.02,6.875,6.7093,True
5.666666666666667,6.286274509666666,2.51,7.5,6.624588235266668,False
3.3,6.2,5.0,6.109999999999989,5.661,True
6.6,9.5,7.5,6.094000000000008,7.496,True
6.0,9.3,7.5,6.238000000000001,7.195,True
7.3,8.6,7.52,7.8125,7.665083333,True
3.6666666666666665,7.614522417333333,6.26,7.96875,7.0875128168,False
3.3,9.7,7.5,6.083999999999996,6.725,True
6.8,8.5,3.77,8.333333333,7.242133333,True
4.833333333333333,4.981481481666667,7.51,7.083333333,6.5276296297,False
7.8,9.7,7.5,6.100000000000003,8.15,False
8.0,9.5,2.52,7.916666667,7.621466667,True
7.166666666666667,9.231481481333333,7.51,7.916666667,8.225462962900002,False
5.6,6.1,5.0,4.460000000000006,5.581,True
2.0,6.5,6.3,6.161999999999992,5.675,True
4.9,5.8,7.52,6.71875,6.140808333,True
7.1,8.6,7.5,6.354000000000006,7.232,True
6.6,9.0,7.52,7.8125,7.779983333,False
4.833333333333333,9.148148148,5.635,7.291666667,7.279762962966667,False
7.3,9.0,7.5,6.404000000000005,7.556,True
6.2,8.9,2.52,7.03125,7.373891667,False
7.333333333333333,8.456140351,6.26,8.020833333,8.044378070166667,False
4.7,8.7,5.6,6.168000000000005,6.408,True
6.3,8.9,2.52,7.291666667,6.803633333,True
5.9,9.3,7.5,6.605999999999987,7.284,True
6.5,9.5,7.52,7.8125,7.25025,False
6.0,8.429629629666666,7.51,6.25,7.187625925933334,False
6.2,8.3,7.5,6.337999999999999,7.695,False
3.7,8.2,7.52,7.8125,7.18805,False
7.2,9.3,8.8,6.385999999999994,7.913,True
7.6,9.8,2.52,8.28125,8.144425,False
8.0,8.972709551666666,7.51,8.541666667,8.700808577033333,False
8.0,10.0,7.5,6.668000000000012,8.428,True
7.8,9.7,7.52,8.28125,8.257658333,False
8.833333333333334,8.401559454333333,7.51,8.4375,8.533628557533333,False
7.5,9.4,7.5,6.006000000000009,8.175,False
8.1,10.0,2.52,8.125,8.1686,False
9.333333333333334,10.0,7.51,8.229166667,9.125183333366667,False
6.9,9.2,5.6,6.512000000000011,7.359,True
7.6,9.5,2.52,8.125,7.7261,False
8.166666666666666,9.382456140666669,6.26,8.020833333,8.355707894766669,False
4.8,7.9,5.6,5.734000000000004,6.72,False
5.7,8.6,5.63,6.5625,6.794516667,True
8.166666666666666,9.682539682666668,5.635,6.796875,7.656628769866667,True
4.5,9.0,5.6,6.509999999999998,7.461,False
5.3,9.3,2.52,7.65625,7.356358333,False
4.0,9.557894737,6.26,7.8125,7.544228947400001,False
8.8,9.3,7.5,6.747999999999994,8.717,False
7.3,9.9,2.52,7.8125,8.030716667,False
6.666666666666667,9.540744978333334,7.51,9.0625,8.488232329,False
2.5,10.0,7.5,6.460000000000008,6.746,True
4.4,7.8,7.52,6.666666667,5.57,True
2.833333333333333,6.157407407333333,7.51,6.458333333,5.544981481433334,True
2.3,9.6,7.5,6.436000000000002,6.647,True
3.4,8.7,6.89,7.083333333,6.607533333,True
4.333333333333333,6.501135191,8.13,6.875,6.616193704866666,False
7.5,10.0,7.5,6.456,7.94,True
6.4,9.9,2.52,7.8125,7.72685,False
3.333333333333333,9.616228070333332,7.51,7.34375,7.341187280733334,False
9.0,10.0,7.5,6.670000000000007,8.117,True
7.5,9.9,2.52,7.8125,8.10555,False
9.0,10.0,6.26,8.229166667,9.0166166667,False
4.6,6.5,7.5,5.578000000000003,6.35,True
5.0,7.6,5.0,7.65625,6.329158333,True
4.833333333333333,7.905056759666666,4.38,7.65625,6.6430030186,True
2.5,8.5,7.5,6.394000000000002,6.245,True
9.5,8.7,7.5,6.907999999999994,7.683,True
7.2,9.5,2.52,7.8125,7.821816667,False
5.0,8.898245614,5.635,7.5,7.534949122800001,False
2.7,5.3,7.5,6.387999999999998,5.811,True
4.3,6.5,5.6,4.443999999999999,5.486,True
5.0,6.7,5.63,7.5,6.4622,True
8.5,8.6,7.5,6.428000000000003,7.585,True
6.4,9.3,2.52,7.8125,7.146716667,True
4.5,8.1,7.5,6.494,7.175,False
5.1,6.8,5.0,6.378000000000004,6.34,True
5.2,9.0,2.52,7.8125,6.850183333,True
5.5,10.0,6.26,7.34375,7.167975,True
2.6,7.3,5.0,5.714000000000006,5.557,True
4.8,7.2,7.52,5.833333333,6.5982,True
4.833333333333333,8.380952381,8.13,6.875,7.218157142866668,False
5.7,8.1,7.5,6.373999999999995,7.403,False
6.6,8.0,7.52,7.5,7.069766667,True
5.5,5.061904762,7.51,7.291666667,6.610947619100001,False
4.7,6.2,7.5,5.901999999999994,6.599,False
2.0,8.1,7.5,6.447999999999992,6.687,False
3.4,4.7,2.52,6.875,5.322366667,True
5.8,8.3,7.5,6.327999999999996,6.875,True
4.7,8.4,7.52,7.291666667,6.947366667,True
7.3,8.7,7.5,6.3619999999999965,7.764,False
5.4,7.5,6.26,6.458333333,6.9883,False
8.25,8.6630434785,7.51,7.96875,7.930283695700001,True
2.3,4.9,7.5,6.2900000000000045,5.519,True
3.0,5.9,7.5,5.535999999999994,5.542,True
6.9,8.5,5.01,7.5,6.258333333,True
5.5,9.0,6.9,6.2239999999999895,7.329,False
6.2,8.2,7.52,7.96875,6.989208333,False
8.0,7.9,7.5,6.914000000000007,8.188,False
7.5,8.2,7.5,6.916000000000011,8.226,False
5.8,7.6,7.52,7.5,6.814166667,False
5.0,5.9151960783333335,5.635,7.5,6.905439215666667,False
5.6,9.1,7.5,6.920000000000002,7.482,True
7.6,7.5,2.52,7.96875,6.895508333,True
3.1,7.2,5.0,6.493999999999991,6.665,False
4.7,7.9,5.0,6.40625,5.958791667,False
3.6666666666666665,6.377276524666667,2.51,6.25,5.410188638266668,True
3.8,9.4,7.5,6.340000000000003,6.924,True
8.4,8.8,6.89,8.541666667,7.9087,True
4.0,8.715873016,7.51,7.8125,7.3416246032,False
6.9,8.9,5.0,6.791999999999998,7.367,True
3.5,7.0,7.5,6.457999999999995,5.607,False
5.5,9.7,7.5,6.597999999999997,7.972,False
7.0,6.0,7.5,6.7079999999999895,6.143,True
7.0,7.2,7.52,7.34375,7.396508333,False
6.8,8.9,5.6,6.176000000000004,7.591,False
7.9,9.6,6.26,8.28125,8.303591667,False
8.0,9.619047619,9.38,8.75,8.743476190400001,False
7.5,9.1,7.5,6.507999999999994,7.843,True
5.4,8.4,2.52,7.65625,6.819625,True
7.5,8.954191033333332,5.63,7.8125,7.526188206666666,True
6.1,6.0,6.3,6.062000000000003,6.434,True
8.9,9.5,4.39,9.375,8.386033333,True
4.8,5.6,7.5,6.235999999999997,6.287,True
8.8,8.7,7.5,6.393999999999993,7.845,True
2.3,8.6,5.0,3.4220000000000006,5.561,True
2.6,7.5,5.0,4.6875,4.603416667,True
3.6666666666666665,6.633138401666667,6.255,5.416666667,5.852294346966668,True
6.3,7.9,7.5,6.304000000000007,6.876,True
4.5,6.111111111,8.13,8.333333333,7.098988888900001,False
7.3,8.2,6.3,6.451999999999991,7.193,True
9.9,8.3,4.39,9.583333333,7.518,True
6.5,9.382456140333334,7.51,9.166666667,8.331124561366668,False
8.5,8.8,7.5,6.365999999999987,7.68,True
8.1,8.6,7.52,8.125,8.256833333,False
8.666666666666666,8.743961352333335,7.51,9.6875,8.5892756038,False
5.6,7.7,7.5,6.353999999999997,6.512,True
3.8,6.9,7.52,7.1875,6.312083333,True
4.0,3.739682539666666,6.88,7.03125,5.680161507933333,True
7.3,9.1,8.1,5.455999999999994,7.28,True
8.3,9.3,7.52,7.1875,8.240016667,False
4.666666666666667,8.454106280333333,5.635,7.8125,7.233804589400001,False
2.1,8.4,6.3,5.213999999999999,6.048,True
4.4,7.4,2.52,6.5625,5.545383333,True
3.3,8.1,7.5,4.897999999999989,5.711,True
3.8,6.7,7.5,6.565999999999992,5.451,True
7.4,7.9,3.77,8.541666667,7.2379,True
4.5,9.182446312,7.51,7.708333333,7.5447559291,False
3.6,8.5,7.5,6.004000000000005,6.626,True
2.7,8.1,5.0,7.5,6.2267,True
2.5,7.8,7.5,6.221999999999994,6.41,True
4.0,5.4,2.52,7.8125,6.382383333,False
4.8,8.0,7.5,6.405999999999992,6.745,True
3.0,7.7,2.52,7.96875,6.081675,True
4.333333333333333,7.851461988333334,8.76,7.1875,6.872009064333334,True
7.8,7.9,7.5,6.331999999999995,8.012,False
8.5,9.4,2.52,7.96875,8.012875,False
3.3,9.7,7.5,6.147999999999998,6.826,True
4.5,7.6,6.89,6.25,6.595533333,True
4.0,7.223245614,8.76,7.5,6.778749122800001,True
5.5,8.4,5.0,5.977999999999994,6.38,True
5.2,9.2,3.14,7.1875,6.552916667,True
6.833333333333333,9.140350877333333,5.01,7.34375,7.729811842133333,False
4.1,6.7,7.5,6.085999999999991,6.313,True
3.4,6.0,6.27,7.34375,5.911108333,True
5.7,9.6,5.0,5.973999999999986,7.624,False
7.8,9.3,2.52,7.916666667,7.482533333,True
5.0,9.498366013,7.51,7.291666667,7.684639869300001,False
2.1,6.3,7.5,5.485999999999995,5.677,True
6.3,9.7,7.5,6.280000000000001,7.378,True
4.9,9.2,5.0,7.5,6.993766667,True
3.333333333333333,8.011695906666667,7.51,7.03125,6.981130848,False
6.3,8.5,5.0,6.137999999999995,6.535,True
5.0,9.0,6.27,7.96875,6.855541667,False
5.5,7.027568922333333,7.51,7.708333333,6.635847117766667,False
2.0,7.0,7.5,5.687999999999995,5.93,True
5.5,7.1,7.52,7.708333333,6.6858,True
6.25,7.48447205,7.51,6.25,6.6397610766,True
4.3,6.1,7.5,6.071999999999997,5.915,True
3.0,9.1,7.5,6.2599999999999945,6.446,True
3.3,7.8,5.0,7.1875,5.283583333,True
3.0,5.818518518666667,7.51,7.1875,6.024753703733333,True
5.8,9.2,7.5,5.655999999999999,7.199,True
5.5,9.3,4.4,6.197999999999988,6.931,True
4.1,7.0,2.52,7.34375,6.492408333,False
4.5,6.5964912280000005,7.51,6.25,6.7359982456,False
0.7,5.0,5.6,5.329999999999999,3.633,True
4.9,9.1,5.6,5.877999999999997,6.709,True
4.4,7.3,2.52,7.1875,6.443616667,False
9.8,9.2,7.5,7.149999999999999,8.465,True
9.7,10.0,2.52,9.791666667,8.988866667,False
9.666666666666666,9.866666666666667,2.51,9.375,8.901966666666668,False
8.1,8.4,7.5,5.859999999999994,8.006,False
7.7,8.4,6.26,7.65625,7.797058333,False
7.5,8.339076859,9.375,8.59375,8.402390371800001,False
6.3,8.8,7.5,6.431999999999984,7.502,True
7.9,9.7,7.52,7.96875,8.226408333,True
5.0,8.0714285715,7.51,7.8125,7.260202380900001,False
5.2,8.0,7.5,5.422000000000002,7.21,False
5.5,7.9,7.5,5.693999999999999,6.866,True
2.4,4.8,5.0,5.564,5.263,True
5.6,6.0,2.52,7.916666667,6.3972,True
5.25,5.6428571430000005,6.26,8.125,6.578604762,True
6.5,8.7,5.0,4.421999999999997,6.71,True
3.6,7.5,2.52,5.416666667,5.515466667,True
0.0,3.9141382866666654,2.51,3.4375,3.8354776573333336,False
1.2,4.0,7.5,4.131999999999998,4.742,True
7.3,9.9,7.5,4.866000000000001,7.621,True
6.2,6.4,2.52,7.5,7.1043,False
9.6,9.7,7.5,6.904000000000004,8.417,True
9.5,9.9,5.0,9.166666667,8.988866667,False
9.666666666666666,9.441269841333334,9.38,9.0625,9.4171373016,False
7.3,8.8,7.5,5.485999999999995,7.413,True
0.0,7.2,7.5,4.630000000000001,5.853,False
3.9,7.4,7.5,6.356000000000002,6.304,True
7.7,8.2,7.5,6.116000000000001,7.576,True
5.8,7.9,2.52,8.541666667,7.429466667,False
6.166666666666667,5.5110047846666665,8.755,7.8125,7.368084290266667,False
7.0,9.7,7.5,5.766,7.461,True
5.0,9.6,2.52,7.708333333,7.560533333,False
5.25,9.011904762,7.51,7.083333333,6.995247619100001,True
7.1,8.8,7.5,5.924000000000005,7.678,True
7.2,9.4,7.5,5.803999999999991,8.306,False
6.0,9.6,2.52,8.541666667,7.934366667,False
3.1666666666666665,8.933333333333334,10.0,7.03125,7.464325,False
5.8,8.3,5.0,5.581999999999994,6.407,True
6.8,9.0,2.52,7.708333333,7.116633333,True
6.333333333333333,7.329323308333333,8.755,7.8125,7.922281328333334,False
8.4,8.9,7.5,6.357999999999997,7.857,True
7.4,8.4,2.52,8.541666667,7.417366667,True
5.7,6.8,7.5,5.717999999999996,6.683,True
8.3,7.1,5.0,7.916666667,6.603666667,True
5.666666666666667,5.315995871999999,6.255,6.71875,6.726607507733334,False
5.1,9.2,5.0,6.064000000000007,6.323,True
3.5,8.7,2.52,6.25,5.7191,True
1.0,6.095238095,5.63,5.625,4.4960809524,True
8.8,8.8,7.5,5.687999999999986,7.7,True
8.2,10.0,7.5,5.971999999999991,7.826,True
6.6,10.0,2.52,8.75,7.8883,False
4.75,9.0476190475,7.51,7.1875,7.5794738095,False
5.2,8.6,5.6,8.392,7.427,False
7.8,8.4,7.5,6.395999999999997,7.138,True
9.5,10.0,7.5,6.041999999999987,8.232,True
7.9,10.0,2.52,8.958333333,8.427533333,False
6.666666666666667,10.0,2.51,8.59375,8.077708333333334,False
6.8,8.8,7.5,6.073999999999993,7.794,False
8.9,8.4,7.52,8.541666667,8.1357,True
8.75,7.9949874685,7.51,8.4375,8.2779474937,False
7.4,9.7,7.5,6.114000000000006,8.287,False
8.0,9.8,7.52,7.96875,8.749075,False
8.0,9.761904762,3.755,9.0625,8.5023309524,False
8.8,10.0,7.5,5.900000000000008,7.95,True
8.7,10.0,2.52,8.75,8.4682,False
7.666666666666667,9.824561403666666,7.51,7.8125,8.547495614066667,False
8.0,8.9,7.5,5.807999999999982,8.072,False
7.9,8.3,7.52,7.5,8.299533333,False
8.4,8.0,7.5,5.997999999999992,7.591,True
7.2,7.3,7.5,5.763999999999996,7.132,True
8.5,8.1,5.0,8.958333333,7.750033333,True
7.4,10.0,7.5,6.285999999999996,7.653,True
4.5,7.4,7.5,6.337999999999999,6.575,True
7.5,8.6,2.52,8.333333333,7.671633333,False
4.666666666666667,5.567251461999999,7.51,7.65625,6.771708625733333,False
9.2,8.2,7.5,6.113999999999997,7.808,True
8.6,8.1,2.52,8.958333333,7.606033333,True
6.0,6.363636363666667,2.51,8.28125,6.918152272733334,False
5.0,7.6,7.5,5.380000000000003,6.488,True
7.1,9.3,7.5,5.948000000000002,7.336,True
5.3,10.0,7.5,5.728,7.094,True
6.2,9.3,7.5,5.705999999999989,7.365,True
8.3,9.6,5.6,6.333999999999991,8.229,False
7.5,9.7,2.52,8.541666667,8.297866667,False
7.666666666666667,8.831746031666666,8.135,9.0625,8.728632539666668,False
4.8,9.7,7.5,4.111999999999991,7.039,False
5.5,7.5,2.52,5.0,5.823133333,True
3.0,7.595238095,4.385,5.625,6.219580952400001,False
5.8,6.3,7.5,6.0080000000000044,6.582,True
9.9,9.7,7.5,6.218000000000004,8.903,False
9.3,9.8,2.52,8.75,8.6807,False
8.833333333333334,10.0,2.51,8.541666667,8.384033333366668,False
7.7,9.5,7.5,6.573999999999991,7.604,True
6.6,9.0,2.52,6.875,6.3104,True
5.0,5.266499582333334,2.51,6.041666667,5.880466583166668,False
7.5,9.4,7.5,6.309999999999993,7.661,True
6.7,8.5,5.0,8.125,7.5762,False
4.0,6.830075188,2.51,7.083333333,6.3467483709,False
7.5,9.6,7.5,6.234000000000002,8.0,False
7.4,9.9,7.52,7.708333333,8.0177,True
6.2,8.9,7.5,6.309999999999993,7.861,False
6.4,9.8,2.52,8.125,7.9642,False
7.216666666666666,9.437666667,6.885,7.5,8.144466666733333,False
6.8,6.8,7.5,6.093999999999991,7.035,True
6.0,10.0,5.0,6.249999999999991,7.725,False
7.9,9.9,3.77,7.083333333,6.768666667,True
6.25,9.0357142855,5.005,6.666666667,7.479842857199999,False
7.5,9.1,7.5,6.525999999999987,8.306,False
8.3,9.2,7.52,7.083333333,7.890533333,True
9.0,9.523809524,7.51,8.4375,8.6777119048,False
6.5,9.5,7.5,6.298000000000004,7.591,True
9.1,9.4,5.0,6.357999999999997,6.947,True
8.9,9.2,2.52,8.333333333,7.331133333,True
8.666666666666666,5.111779448666667,2.51,8.333333333,7.026322556366667,False
8.6,9.3,7.5,6.495999999999995,8.013,True
9.2,8.6,2.52,8.958333333,7.911366667,True
8.0,9.9,7.5,6.156000000000006,8.079,True
8.8,9.8,5.0,8.75,8.0957,True
7.333333333333333,9.382456140333334,8.13,7.291666667,7.843157894833334,True
6.5,10.0,7.5,6.25,8.025,False
6.5,9.1,7.52,7.5,7.5682,True
6.0,10.0,7.51,8.125,8.1403666666,False
4.0,6.2,7.5,6.562000000000001,5.335,True
8.2,8.5,5.0,8.75,7.6892,True
6.666666666666667,5.793483709333334,7.51,7.291666667,7.276330075300001,False
5.2,8.9,5.0,5.287999999999995,6.51,True
6.8,9.6,7.52,5.78125,7.278991667,True
4.25,6.607142857,4.38,4.791666667,5.2661285715,True
7.0,7.0,7.5,4.633999999999992,6.725,True
7.7,9.1,5.63,7.5,7.600633333,True
8.9,9.0,7.5,6.967999999999996,8.338,True
5.7,8.8,5.0,7.708333333,7.653033333,False
4.5,6.468838763666667,9.38,7.083333333,7.214534419433333,False
7.8,9.8,7.5,7.035999999999998,8.057,True
7.7,10.0,2.52,8.75,8.3252,False
6.666666666666667,9.803921568666668,4.38,7.96875,7.912792647066666,False
5.5,9.7,7.5,6.185999999999998,7.792,False
6.0,8.8,5.6,6.253999999999991,6.962,True
5.8,9.3,7.52,7.5,7.434866667,True
7.1,7.4,7.5,6.143999999999998,7.131,True
5.4,8.1,2.52,8.125,5.8385,True
5.0,6.043441938333333,7.51,7.5,7.088855054266667,False
5.1,9.2,7.5,5.596000000000005,6.953,True
5.6,9.4,5.0,8.125,8.0027,False
6.0,7.161904762,8.135,7.96875,7.659555952400001,False
6.0,8.9,5.6,5.659999999999998,7.106,True
5.9,9.3,2.52,8.333333333,7.759533333,False
5.5,9.109090909,8.135,7.1875,7.7704681818,False
4.8,9.0,4.4,5.575999999999999,6.641,True
6.8,7.5,5.6,4.223999999999997,6.309,True
4.7,8.6,2.52,7.916666667,6.413466667,True
6.166666666666667,7.668803418666666,7.51,5.625,6.514094017066666,True
7.5,9.3,6.9,5.81599999999999,7.665,True
8.5,8.6,2.52,9.166666667,7.796866667,True
5.833333333333333,9.233333333333333,7.51,8.75,8.465533333333335,False
4.8,6.9,7.5,4.529999999999994,6.058,True
7.0,9.5,5.6,5.93,7.303,True
7.1,8.8,5.0,8.958333333,8.216033333,False
2.5,7.8,6.9,4.269999999999996,5.427,True
6.5,9.8,6.3,5.475999999999992,7.221,True
6.3,9.7,5.0,8.75,7.816533333,True
3.9333333333333336,6.481366459666667,8.13,7.03125,6.7205649586,False
6.5,9.8,4.4,5.665999999999993,7.05,True
6.5,9.8,2.52,8.75,7.971833333,False
6.833333333333333,9.616977225666666,2.51,8.90625,8.0467871118,False
3.3,9.7,5.6,4.970000000000008,6.307,True
5.5,6.6,7.5,6.029999999999998,6.723,True
5.6,7.9,5.0,5.865999999999989,6.77,True
5.7,7.2,2.52,8.75,6.031666667,True
4.666666666666667,3.783838383666666,8.135,5.15625,5.702426010066667,False
7.6,9.7,5.0,5.683999999999996,7.745,True
6.2,9.1,2.52,8.75,6.467,True
6.833333333333333,7.030620028333334,8.135,5.625,7.210290672333333,False
7.2,9.1,6.9,5.253999999999985,7.292,True
7.4,9.1,2.52,8.333333333,7.4322,True
6.666666666666667,7.600427350666667,7.51,5.9375,7.240168803466668,False
4.2,7.9,6.9,4.575999999999993,6.301,True
6.4,8.1,5.02,6.875,7.0297,True
5.75,7.204968943999999,6.255,6.40625,6.5398187888,True
7.5,7.6,5.6,4.859999999999998,6.576,True
7.1,8.1,3.14,7.5,6.898033333,True
1.9,9.0,6.9,5.059999999999993,6.026,True
6.6,7.3,6.9,5.66399999999998,6.853,True
5.4,8.6,2.52,8.541666667,7.075033333,True
5.5,8.8,5.0,3.815999999999997,6.625,True
6.4,5.6,3.14,6.666666667,5.248666667,True
3.3,6.9,6.9,5.765999999999991,6.39,True
4.0,6.0,6.9,4.580000000000002,5.588,True
4.4,8.1,5.0,4.6559999999999935,5.949,True
3.9,8.1,2.52,6.25,5.898133333,True
4.333333333333333,2.750517598333333,6.885,5.0,5.111470186333333,True
6.4,8.8,5.0,5.909999999999993,7.181,True
7.2,9.6,2.52,9.166666667,7.7482,True
3.8333333333333335,6.171428571333333,2.51,6.40625,5.833377380933333,False
9.4,8.4,7.5,6.573999999999991,8.334,True
8.9,8.2,5.0,9.375,8.7717,False
9.666666666666666,8.756265663999999,7.51,10.0,9.350986466133334,False
4.3,8.5,5.0,4.289999999999994,5.539,True
6.0,9.4,5.0,6.458333333,6.615333333,True
3.0,3.7763975156666674,8.13,6.09375,5.048054503133334,True
7.1,9.2,7.5,5.574000000000003,7.634,True
7.4,9.4,5.0,8.958333333,7.947366667,True
3.1666666666666665,5.705128205,8.13,6.25,6.158158974333333,False
7.0,10.0,7.5,6.039999999999992,8.404,False
7.8,9.5,5.0,8.125,8.284333333,False
7.666666666666667,9.265350877333333,10.0,8.4375,9.0770201754,False
3.8,7.2,5.0,3.0899999999999928,4.949,True
4.0,8.4,2.52,5.0,4.932,True
7.4,9.0,7.5,6.593999999999989,7.856,True
8.0,9.0,7.5,6.5500000000000025,7.855,True
8.7,8.5,2.52,8.541666667,6.824833333,True
7.833333333333333,9.833333333333334,8.135,7.625,8.392733333333334,False
8.5,9.2,7.5,6.634000000000002,8.22,True
6.2,9.7,2.52,8.75,7.684133333,False
8.333333333333334,9.461904762,8.135,8.125,8.595447619066668,False
2.3,3.8,5.0,4.3540000000000045,4.972,True
2.9,4.1,7.5,4.996,5.233,True
8.5,8.4,7.5,5.655999999999999,7.729,True
8.4,8.8,2.52,8.958333333,7.7227,True
4.8,6.0,7.5,5.543999999999993,6.281,True
8.3,8.6,6.9,5.972,7.306,True
7.6,7.9,5.0,8.125,6.9647,True
5.166666666666667,3.2619047620000003,8.13,6.5625,5.545864285733334,True
6.8,8.7,5.0,5.5739999999999945,7.074,True
8.4,8.1,5.6,6.600000000000001,7.305,True
7.2,8.0,5.63,7.96875,6.450875,True
6.166666666666667,6.010860484333333,6.88,8.59375,7.419380430199999,False
1.3,7.0,7.5,5.564000000000009,5.722,True
5.9,7.3,3.77,8.125,6.781033333,True
6.75,8.0020703935,5.625,7.1875,6.8133640787,True
3.7,8.8,7.5,6.002000000000001,6.589,True
5.0,7.9,3.77,7.291666667,6.6097,True
5.25,8.695652174,4.375,7.03125,6.2964554348,True
6.8,8.0,7.5,5.533999999999999,7.48,False
8.2,9.9,7.5,6.521999999999988,8.261,True
6.6,9.8,5.0,8.541666667,7.774366667,True
5.0,9.5,8.755,7.8125,7.839050000000001,False
7.5,7.2,5.0,5.811999999999999,6.86,True
8.1,8.2,5.0,7.916666667,7.878133333,False
2.8,6.1,7.5,6.589999999999998,5.889,True
7.8,9.1,7.5,5.877999999999997,7.59,True
8.0,9.3,5.02,9.21875,7.984741667,True
9.25,10.0,7.51,7.8125,8.93195,False
9.0,9.3,7.5,5.7979999999999965,7.862,True
7.4,8.2,3.77,6.875,7.219366667,True
8.0,5.7660455485,5.625,6.5625,6.629159109700001,True
9.5,10.0,8.8,6.617999999999995,8.814,True
9.7,10.0,2.52,9.791666667,9.013866667,False
9.833333333333334,10.0,2.51,9.583333333,9.066199999966669,False
3.8,5.8,7.5,6.026000000000007,6.067,True
7.2,9.2,6.3,6.409999999999991,8.136,False
8.1,9.7,6.26,8.4375,7.70625,False
7.333333333333333,9.824561403666666,7.51,9.0625,8.7713289474,False
7.6,9.6,7.5,6.016000000000004,7.525,True
9.0,9.8,7.52,8.75,8.4712,True
9.25,8.871635610999999,7.51,7.03125,7.9281521222,True
5.0,8.9,7.5,5.061999999999998,6.464,True
7.9,9.8,7.52,6.458333333,7.7167,True
8.75,8.198757764,5.625,6.5625,7.0833015528,True
4.9,9.0,7.5,5.895999999999999,7.064,True
7.1,9.4,7.5,5.894000000000004,7.456,True
6.3,9.4,7.52,8.333333333,7.838866667,True
5.0,8.904455179666668,8.135,6.875,7.447591035933334,False
4.6,8.5,7.5,5.774000000000008,6.714,True
5.8,9.0,2.52,8.333333333,7.697533333,False
4.333333333333333,5.636363636333333,8.755,7.34375,6.752914393933334,False
5.0,9.1,7.5,6.001999999999992,7.398,False
8.2,9.6,5.6,6.124000000000009,7.988,True
8.4,10.0,2.52,8.333333333,8.4242,False
8.5,9.241269841333333,7.51,8.75,8.702387301666668,False
3.8,9.3,7.5,5.785999999999998,6.632,True
2.7,7.0,7.52,6.458333333,6.032033333,True
6.25,7.380952381,7.51,7.916666667,6.817057142900001,True
9.3,10.0,5.6,5.963999999999992,8.622,False
7.8,9.6,2.52,8.958333333,8.3527,False
7.833333333333333,9.833333333333334,7.51,8.75,8.676133333333334,False
5.8,9.4,7.5,5.927999999999996,7.744,False
7.2,9.3,7.5,5.885999999999996,7.642,True
7.2,9.6,5.63,8.28125,7.692291667,True
7.4,8.6,7.5,6.127999999999991,7.435,True
6.5,9.7,3.77,7.291666667,7.647666667,False
4.0,8.457556936,6.26,7.5,6.712378053800001,True
7.1,9.3,7.5,5.49199999999999,7.507,True
6.9,8.5,6.27,5.833333333,7.1472,True
7.5,7.913043478500001,6.255,5.78125,6.8360336957,True
8.4,8.5,5.6,5.853999999999999,7.381,True
7.6,9.2,3.77,7.916666667,7.935466667,False
7.833333333333333,6.108152734666667,2.51,7.65625,7.121622213600001,False
4.6,7.4,7.5,5.983999999999989,6.254,True
7.8,9.4,7.5,5.241999999999996,7.392,True
5.8,7.1,6.27,6.875,6.702033333,True
7.0,5.75,6.26,8.125,6.890966666600001,False
1.0,5.5,7.5,5.799999999999992,5.18,True
3.3,7.0,7.52,6.666666667,5.078666667,True
9.3,10.0,7.5,6.109999999999989,8.971,False
8.0,10.0,7.5,6.038000000000006,8.265,False
8.5,9.6,7.52,9.0625,8.49045,True
6.0,9.3271221535,7.51,7.5,7.843291097300001,False
3.7,7.2,7.5,5.811999999999991,6.35,True
9.1,9.2,7.5,6.287999999999991,8.2,True
8.5,9.5,2.52,8.333333333,8.532866667,False
7.666666666666667,8.607843137333333,9.375,7.083333333,8.3569352941,False
3.3,4.5,7.5,8.035999999999994,5.848,True
4.9,6.0,7.5,4.535999999999998,5.537,True
3.9,8.4,7.5,5.843999999999996,7.011,False
7.2,8.4,7.52,8.28125,7.651658333,True
7.5,8.010869565,7.51,7.5,7.847373913,False
5.7,9.7,7.5,5.495999999999999,7.713,False
8.7,10.0,7.52,9.0625,8.955783333,False
8.75,10.0,7.505,8.75,8.5107,True
8.6,9.7,7.5,5.975999999999999,8.041,True
8.1,9.6,7.52,8.75,8.5592,True
7.333333333333333,9.670588235333334,7.51,8.28125,8.647409313733334,False
7.5,9.5,7.5,6.299999999999999,7.78,True
7.0,8.9,2.52,7.708333333,6.748833333,False
4.666666666666667,7.155555555666666,6.885,6.875,6.942277777866667,False
8.8,9.0,7.5,6.414,8.018,True
7.5,9.3,7.52,8.125,8.548033333,False
7.0,7.502992776333333,8.13,6.40625,7.429623555266667,False
7.1,9.3,6.9,6.047999999999991,7.276,True
6.8,9.5,7.52,7.291666667,7.709366667,True
2.6666666666666665,6.194444444333333,6.885,7.0,6.0175222222,False
1.8,9.0,7.5,5.447999999999995,6.127,True
6.0,8.5,7.52,7.65625,7.402491667,True
3.25,7.613636363499999,6.885,8.125,6.645260606100001,False
4.0,8.1,7.5,6.012000000000004,6.44,True
6.8,7.5,7.52,7.96875,7.333075,True
7.0,7.4782608695,7.51,7.1875,7.6486021739,False
6.3,9.6,7.5,5.616000000000003,7.216,True
6.2,7.5,7.52,7.96875,7.401741667,True
4.25,3.054347826,6.885,7.1875,5.778986231800001,False
6.0,7.6,7.5,5.627999999999993,6.794,True
5.3,6.4,7.52,6.875,6.463033333,True
5.8,7.4,7.5,6.479999999999997,7.533,False
6.2,7.0,6.26,7.96875,7.382108333,False
6.5,9.6,7.5,6.099999999999994,8.18,False
7.0,10.0,2.52,8.541666667,8.2857,False
6.333333333333333,9.694444444333334,3.76,6.875,7.894888888933334,False
9.5,7.6,7.5,6.248000000000005,7.756,True
7.9,9.2,7.5,5.906000000000002,7.594,True
9.7,9.7,3.77,9.0625,8.410783333,True
9.75,9.5454545455,6.26,9.6875,9.1340409091,False
9.2,9.2,7.5,5.798000000000005,8.121,True
4.8,9.4,5.0,6.71875,6.864508333,True
7.333333333333333,9.566666666666666,7.51,6.875,7.4019,True
9.6,9.7,7.5,6.234000000000002,8.339,True
8.6,9.1,7.52,8.333333333,8.2282,True
6.833333333333333,9.7,7.51,7.916666667,7.8284999999666685,True
7.3,9.7,7.5,6.082000000000001,8.086,False
7.6,9.7,3.14,8.28125,7.815658333,True
8.8,7.4,7.5,6.173999999999991,7.303,True
6.8,6.6,5.02,5.833333333,5.612,True
3.8333333333333335,3.087719298333333,6.885,6.458333333,5.457877193033333,False
6.3,8.9,7.5,6.113999999999997,7.107,True
6.9,9.0,7.52,7.708333333,6.816166667,True
6.7,8.3,7.5,5.733999999999995,7.18,True
6.2,9.2,5.02,8.125,6.4745,True
4.166666666666667,8.324074074,6.88,6.666666667,6.718348148233334,True
9.0,8.0,7.5,6.264000000000003,7.693,True
9.0,7.1,3.77,7.708333333,7.891366667,False
9.3,9.4,7.5,5.709999999999997,7.891,True
7.5,9.8,6.89,8.25,7.610333333,False
6.8,7.5,7.5,5.413999999999994,6.018,True
6.2,8.4,7.52,6.875,7.043666667,True
2.5,3.984126984333333,7.51,7.083333333,5.766892063566667,False
7.5,7.7,7.5,5.636000000000001,7.448,True
3.8,3.8,7.5,6.139999999999999,4.934,True
8.3,9.0,7.5,5.861999999999998,7.524,True
7.3,9.5,7.52,7.291666667,7.8307,True
4.0,7.399999999999999,6.885,6.458333333,6.357733333300001,True
6.8,8.9,7.5,5.905999999999985,7.425,True
8.6,9.2,7.52,8.90625,8.270825,True
4.0,8.219461698,7.51,7.916666667,7.229425672900001,False
7.8,9.2,7.5,5.663999999999989,7.483,True
1.3,7.6,7.5,5.923999999999996,5.818,True
6.5,9.2,4.39,7.291666667,7.231033333,True
5.333333333333333,3.380451127666667,6.885,7.291666667,6.407590225500001,False
6.5,6.7,7.5,6.310000000000002,6.621,True
9.2,7.6,7.5,5.503999999999998,7.577,True
9.4,8.9,7.52,8.28125,8.370325,True
9.0,10.0,7.51,7.1875,8.2366166666,True
7.0,10.0,7.5,6.043999999999983,8.11,False
7.5,9.4,7.52,7.916666667,8.013866667,True
6.0,9.523809524,7.51,7.5,8.061295238200001,False
8.7,9.1,8.8,6.285999999999996,8.282,True
8.7,9.0,6.89,8.75,8.0641,True
7.3,9.2,7.5,6.083999999999996,8.064,False
5.7,8.6,3.77,8.28125,7.199991667,True
5.75,8.4782608695,7.51,7.5,6.879985507300001,False
7.0,6.8,7.5,6.235999999999997,6.928,True
7.0,6.4,6.27,7.916666667,5.954666667,True
4.166666666666667,7.212200435666666,8.75,5.625,6.795673420466667,False
6.3,9.3,6.9,4.915999999999992,6.996,True
7.4,9.1,5.64,8.333333333,7.8768,False
4.166666666666667,8.999164578333334,6.875,8.28125,7.515491249000001,False
7.7,8.9,7.5,6.093999999999991,7.476,True
7.2,8.1,6.27,8.541666667,6.6552,True
3.333333333333333,4.707017544,2.51,6.875,5.228470175466667,False
6.5,9.4,7.5,5.945999999999998,7.619,True
1.5,4.9,6.9,5.541999999999989,5.313,True
7.3,8.0,6.9,6.111999999999993,7.189,True
9.0,8.3,5.64,8.333333333,6.836666667,True
5.25,4.9043062200000005,7.51,6.875,6.3802279106,False
5.8,9.0,7.5,5.7899999999999885,7.039,True
8.5,9.5,7.52,8.333333333,8.109533333,True
7.75,6.2272727275,7.51,8.333333333,7.6853212122,False
3.9,9.3,7.5,5.633999999999997,7.059,False
6.5,9.4,7.52,8.333333333,7.754866667,True
5.0,5.7272727275,7.51,8.125,6.7464878789,False
5.5,7.4,7.5,6.108000000000002,6.613,True
6.3,8.1,6.27,8.125,7.5853,False
3.8333333333333335,5.278195488666667,2.51,6.71875,5.7693807644,False
7.5,8.1,8.1,5.779999999999994,7.368,True
6.7,9.2,6.89,7.34375,7.452541667,True
8.166666666666666,8.980785296666667,8.135,8.4375,8.743607059266667,False
4.8,8.4,7.5,5.844000000000005,6.73,True
4.9,7.3,7.52,7.291666667,6.1105,True
6.5,9.3,7.5,6.103999999999994,7.776,False
7.3,9.7,6.9,6.043999999999992,7.75,True
6.5,9.2,6.27,8.75,8.416866667,False
4.0,9.149206349333332,3.76,7.1875,7.082591269866667,False
6.2,8.0,7.5,4.285999999999994,6.763,True
7.1,8.2,7.52,6.041666667,7.389033333,True
4.5,6.8660287085,7.51,8.125,6.402239075100001,True
8.8,8.0,7.5,6.143999999999998,7.83,True
5.9,5.6,7.52,8.541666667,6.897033333,True
2.0,8.1,7.5,5.9940000000000015,6.086,True
7.3,8.5,6.27,8.125,7.613033333,True
5.25,8.3863636365,7.51,7.708333333,7.502239394,False
8.4,9.8,8.1,7.031999999999989,8.181,True
8.4,8.9,7.52,8.958333333,8.3547,True
6.166666666666667,9.266666666666667,7.51,8.28125,7.715491666666668,True
3.3,8.6,7.5,5.7039999999999935,6.606,True
5.2,8.7,6.27,7.708333333,7.100566667,True
5.3,7.5,6.9,5.859999999999994,6.736,True
7.4,8.9,5.6,6.09799999999999,7.302,True
6.5,9.3,3.77,8.75,7.579533333,True
3.6666666666666665,6.004481792666667,8.76,8.333333333,6.985329691766667,False
9.3,7.7,7.5,6.569999999999991,7.712,True
6.9,8.7,5.6,6.3399999999999945,7.004,True
7.8,9.3,7.5,6.793999999999993,7.866,True
9.3,8.2,3.77,8.75,7.332,False
7.5,10.0,7.51,8.541666667,8.689300000100001,False
7.8,9.6,7.5,6.209999999999996,8.151,False
7.0,9.4,6.89,8.125,7.871033333,True
5.5,6.931818182000001,7.51,7.916666667,7.361896969700001,False
9.3,9.6,7.5,6.210000000000004,8.101,True
7.9,9.8,6.27,9.166666667,7.385666667,True
5.166666666666667,9.537254902,8.76,8.333333333,8.103217647033333,False
6.8,8.6,7.5,6.167999999999996,7.308,True
8.3,9.2,7.5,6.072000000000006,7.785,True
8.3,9.9,7.52,9.166666667,8.3198,True
6.833333333333333,10.0,8.76,8.125,8.238600000066668,False
6.3,7.5,5.6,5.920000000000005,6.652,True
7.3,8.9,7.52,8.541666667,6.780833333,True
4.166666666666667,5.978431372666667,7.51,7.5,6.668152941266667,False
9.0,9.8,7.5,6.33,8.093,True
8.2,10.0,7.52,8.75,8.3532,True
7.5,9.6,6.885,8.125,8.207433333400001,False
5.6,9.3,7.5,5.935999999999995,7.407,True
6.1,9.5,7.52,7.916666667,8.438533333,False
3.6666666666666665,10.0,8.135,7.375,7.507033333333333,False
9.3,7.8,7.5,6.463999999999999,7.783,True
4.5,5.6,7.5,4.616000000000007,5.665,True
6.9,9.0,7.5,6.663999999999994,8.363,False
7.8,8.3,7.5,6.395999999999997,7.593,True
6.5,7.7,6.89,7.5,6.846333333,False
6.8,8.8,7.5,5.573999999999986,7.044,True
6.7,7.6,6.27,7.291666667,6.733566667,True
4.166666666666667,7.610722610666666,7.51,7.625,7.107477855466668,False
5.8,8.7,7.5,4.860000000000007,6.376,True
7.0,7.4,7.52,6.666666667,6.969133333,True
6.5,7.0910973085,5.625,6.875,6.696419461700001,True
6.3,8.8,7.5,6.235999999999997,7.277,True
8.0,9.6,7.52,7.916666667,8.0872,True
5.75,6.7734553775,7.51,8.125,7.5017244089,False
6.8,7.4,7.5,5.5600000000000005,6.996,True
5.2,4.9,2.52,8.28125,6.185658333,True
4.75,5.068181818,5.63,7.5,5.698703030200001,True
7.8,9.1,7.5,5.823999999999998,7.929,True
7.1,9.1,7.52,8.541666667,8.720366667,False
7.166666666666667,7.881527348,7.51,7.5,8.185838802933334,False
4.5,5.6,7.5,5.574000000000012,5.844,True
5.2,6.9,6.89,7.083333333,6.774866667,True
4.666666666666667,7.038986354666666,7.51,7.75,7.177130604266668,False
2.8,3.3,7.5,4.550000000000001,4.365,True
3.4,6.3,7.52,6.875,6.017933333,True
6.0,9.7,7.5,6.183999999999994,7.475,True
5.0,7.8,7.52,7.708333333,7.345033333,False
5.333333333333333,4.851851851666666,7.51,7.291666667,6.6438703703,False
3.6,3.0,7.5,6.6719999999999935,5.195,True
6.9,8.8,7.5,6.275999999999993,7.451,True
7.0,8.7,7.52,8.958333333,8.6067,False
8.666666666666666,9.441269841333334,7.51,8.958333333,8.8602539683,False
8.8,8.2,8.1,5.735999999999999,7.617,True
7.8,8.3,3.14,5.625,6.5143,True
8.8,8.5,8.1,5.099999999999998,7.48,True
6.4,9.5,2.52,5.625,6.5623,True
0.0,3.95256917,6.26,6.041666667,4.2118138341,True
9.2,9.2,8.1,5.934000000000008,8.65,False
8.0,8.7,8.1,4.954000000000001,7.862,False
5.2,8.5,3.77,5.0,6.6328,True
7.4,6.6,8.1,5.493999999999986,7.576,False
8.3,8.0,7.52,6.875,8.3577,False
9.3,8.6,8.1,5.375999999999994,7.911,True
7.3,9.4,7.5,5.51400000000001,8.358,False
8.7,8.2,10.0,6.875,8.5257,True
7.3,10.0,6.9,5.499999999999989,8.0,True
7.3,8.8,6.27,7.65625,7.570158333,True
6.3,8.2,7.5,5.553999999999997,7.172,True
3.6,7.5,5.02,6.875,6.138366667,True
4.0,6.0,7.5,7.691999999999997,6.438,True
7.4,8.8,7.5,5.279999999999996,7.518,True
6.4,9.1,7.52,6.875,6.5855,True
3.0,6.6428571430000005,5.635,6.666666667,4.9800714287000005,True
6.5,8.5,6.9,5.639999999999992,7.204,True
8.3,7.8,3.77,5.625,6.2955,True
2.5,7.840909091,6.26,5.625,6.0398818182000005,True
7.0,9.1,7.5,5.884,7.625,True
4.0,5.0,7.5,5.544000000000002,6.011,True
9.3,7.5,8.1,5.5659999999999865,8.26,False
6.5,8.1,7.52,6.875,7.4277,False
4.25,9.090909091,7.51,7.5,7.769381818200001,False
8.0,6.2,5.0,5.5739999999999945,6.864,True
8.8,8.6,8.1,5.723999999999991,7.729,True
8.0,9.0,7.52,7.5,7.9642,True
7.25,8.7857142855,6.885,8.4375,8.040259523700001,False
8.3,9.0,8.1,4.8299999999999965,7.703,True
6.9,9.0,7.52,7.5,7.617533333,True
7.25,9.2355889725,7.51,8.75,8.2739844611,False
7.9,9.7,7.5,5.6760000000000055,7.771,True
8.6,9.3,7.52,7.5,8.0442,True
7.5,10.0,8.13,8.333333333,8.986533333300002,False
5.8,7.9,5.6,5.5959999999999965,6.433,True
2.5,6.1,7.5,6.8459999999999965,5.718,True
7.0,9.5,7.5,5.576000000000008,7.541,True
9.1,9.8,6.89,7.5,8.6112,True
6.25,8.409090909,7.51,8.4375,7.3853681818,True
9.4,9.2,8.1,5.666000000000011,8.68,False
6.9,8.9,8.1,5.655999999999999,7.569,True
4.6,7.7,7.52,6.666666667,6.588466667,True
5.7,9.8,8.1,5.505999999999984,7.944,False
8.5,9.4,6.89,7.5,9.0112,False
8.0,9.5227272725,9.38,7.8125,8.9079954545,False
8.1,9.0,8.1,5.645999999999996,8.378,False
2.5,3.1,7.5,0.1000000000000067,4.28,False
6.6,9.0,7.5,5.875999999999992,7.441,True
6.7,9.4,5.02,7.5,7.172666667,False
5.25,7.845238095,7.51,7.708333333,7.482680952299999,False
8.4,9.3,7.5,5.683999999999987,7.675,True
8.1,9.8,2.5,5.933999999999999,7.44,True
5.7,9.9,2.52,7.1875,7.553616667,False
4.5,8.3214285715,6.88,7.291666667,7.3363190476,False
7.1,9.2,7.5,4.280000000000008,6.658,True
6.0,8.3,3.77,5.78125,6.389991667,True
6.5,7.727272727000001,6.26,6.5625,6.427771212000001,True
7.6,8.4,7.5,8.345999999999991,6.818,True
2.9,6.6,5.0,7.097999999999995,5.712,True
4.3,9.2,5.0,7.5,6.869133333,True
9.2,8.7,7.5,5.9140000000000015,7.738,True
7.8,9.7,7.52,6.25,8.2852,True
5.25,9.564393939,5.635,7.291666667,7.005745454500001,True
8.7,9.3,7.5,5.215999999999985,7.755,True
7.2,9.9,3.77,6.25,7.3982,True
6.8,8.6,5.0,4.069999999999991,7.387,False
9.3,10.0,5.63,7.5,8.239866667,True
9.25,9.75,2.51,7.8125,7.665116666600001,True
5.1,7.4,5.0,4.824000000000002,6.099,True
4.6,8.4,3.14,6.875,6.2737,True
7.2,8.6,5.0,3.6439999999999895,6.741,True
6.1,9.9,3.14,5.625,6.8297,True
6.5,8.646245059,5.635,6.458333333,6.8121156785000005,True
7.1,6.2,7.5,5.073999999999996,6.634,True
8.8,8.3,6.89,7.5,6.982,True
3.5,6.4285714285,5.005,5.625,5.294247619100001,True
9.1,6.7,7.5,6.155999999999997,7.659,True
7.3,7.8,4.39,6.875,7.1527,True
3.25,7.1428571430000005,6.26,7.65625,5.8701964286,False
8.5,8.1,6.9,5.523999999999996,7.679,True
6.5,9.8,3.77,7.916666667,6.518,True
6.5,7.7236842105,4.375,6.40625,6.4975618421000005,True
7.3,8.4,7.5,5.7539999999999925,7.282,True
9.2,9.8,7.52,8.125,7.5105,True
2.3,3.5,7.5,5.363999999999995,5.313,True
4.9,7.9,7.52,5.625,6.6927,True
6.0,7.994071146,7.51,6.875,6.833780895800001,True
1.2,2.0,7.5,4.853999999999994,4.332,True
6.6,9.8,6.26,7.5,7.3651,True
6.9,8.9,5.0,5.749999999999993,7.285,True
6.5,9.0,3.77,7.083333333,7.0582,True
6.75,8.170995671,5.625,7.65625,7.0366241342,True
3.5,7.9,6.3,5.299999999999994,6.04,True
8.0,5.1,5.0,4.394,6.026,True
6.7,5.6,3.14,7.5,6.331533333,True
6.75,5.983436853,5.625,6.5625,6.2236373706000006,True
7.8,8.7,7.5,4.199999999999999,7.42,True
7.5,9.6,3.77,6.875,7.408033333,True
6.75,7.525879916999999,7.51,7.03125,7.467500983400001,False
8.0,6.9,5.6,5.629999999999997,6.953,True
7.4,8.0,3.14,7.5,6.078666667,True
4.0,6.873706004,6.255,7.65625,5.4653662008,True
4.9,8.7,4.4,5.625999999999989,6.656,True
5.4,9.5,3.14,5.625,5.8915,True
2.75,5.250626566499999,3.755,5.0,5.3098253133,False
6.7,8.1,7.5,3.4160000000000057,6.525,True
5.6,8.7,3.77,6.875,6.813366667,True
5.75,5.5335968375,7.51,6.71875,6.2372943675000005,True
5.4,7.3,7.5,5.586000000000002,6.832,True
5.9,8.5,7.52,8.125,6.633833333,True
9.2,8.9,6.3,5.5959999999999965,8.093,False
7.8,9.1,3.77,7.916666667,8.166866667,False
9.5,9.5138888885,5.635,7.5,8.705811111100001,False
4.2,4.6,7.5,4.253999999999998,5.552,True
5.9,5.3,7.52,5.625,6.4137,True
6.5,7.3484848485,7.51,7.5,7.1193969697,True
7.8,7.5,7.5,7.665999999999995,7.64,True
7.6,5.9,7.5,5.644,6.731,True
7.6,8.1,7.5,5.49599999999999,7.973,False
8.4,9.5,7.52,8.125,8.683366667,False
8.25,9.5445134575,8.135,8.75,8.8986026915,False
8.1,8.1,4.4,5.633999999999997,7.41,True
6.4,9.6,2.52,8.125,7.3387,True
5.5,6.6,8.1,5.625999999999998,7.426,False
5.6,5.9,5.6,5.209999999999999,6.931,False
5.0,5.9,8.1,4.399999999999995,6.33,False
8.4,9.0,7.52,8.125,8.117366667,True
7.25,7.6710526315,7.51,7.5,7.0900771929,True
4.4,7.5,7.5,5.384000000000002,6.985,False
6.0,6.1,7.52,5.625,7.3687,False
8.4,7.7,8.1,4.559999999999986,7.736,False
8.0,8.8,2.52,7.5,7.6802,True
8.5,8.4848484845,6.26,8.125,8.447003030300001,False
9.1,7.3,8.1,5.705999999999989,8.244,False
8.1,8.7,8.1,5.3499999999999925,8.155,False
8.6,9.1,3.77,6.5625,7.26545,True
6.0,8.4166666665,2.51,7.5,6.684533333300001,True
3.3,3.0,7.5,5.953999999999997,5.271,True
8.3,8.2,8.8,5.720000000000001,7.902,True
7.8,8.7,5.02,9.53125,7.979325,True
9.5,7.152777778,6.885,9.166666667,8.469255555700002,False
7.3,8.5,6.9,4.843999999999991,7.151,True
6.8,7.6,3.14,7.5,6.7742,True
2.5,4.188311688500001,4.375,5.78125,4.7704873377000006,True
7.2,7.9,8.8,5.469999999999997,7.347,True
5.1,8.5,5.6,5.706000000000007,6.684,True
6.2,8.7,7.52,8.333333333,8.3342,False
9.25,10.0,7.51,8.90625,8.808825,True
7.3,7.2,5.6,5.586000000000002,6.952,True
6.9,8.0,7.52,7.34375,7.305908333,True
7.3,9.0,5.6,5.484,7.485,True
8.1,9.0,7.52,8.333333333,7.184,True
8.0,9.7826086955,6.255,7.65625,7.7888467391,True
5.4,8.5,5.6,5.669999999999993,6.707,True
6.7,9.5,6.27,7.708333333,7.600033333,True
9.0,9.2,5.6,5.746000000000002,8.058,True
7.5,7.8,7.52,7.291666667,8.048033333,False
9.25,8.6542443065,6.885,7.5,8.4695488613,False
5.7,8.1,5.6,5.570000000000004,7.227,False
6.0,9.3,7.52,8.4375,8.123283333,False
7.25,7.292490119,6.885,6.875,7.2626980238,True
5.9,7.3,5.6,5.634000000000006,6.82,False
7.6,8.3,7.52,6.25,7.5972,True
2.0,3.3,7.5,5.523999999999996,4.989,True
7.2,9.0,5.6,5.680000000000005,7.218,True
9.1,8.7,7.52,6.875,7.2845,True
8.0,9.555335968,7.51,8.541666667,8.1611005269,True
6.3,8.4,5.6,4.625999999999992,6.896,True
5.1,6.9,4.39,5.625,6.2707,True
3.75,5.2964426875,5.005,5.833333333,5.0795885374,True
7.3,8.7,5.0,5.469999999999997,7.097,True
7.5,7.6,7.52,7.5,7.024,True
4.8,7.9,5.6,5.720000000000001,6.672,True
7.1,9.1,3.77,7.5,6.659,True
7.0,9.2727272725,7.51,7.5,7.655745454500001,True
6.2,9.7,5.6,5.520000000000005,7.742,False
8.1,8.5,5.6,5.519999999999996,7.382,True
7.0,9.3,3.77,8.125,7.668366667,True
8.5,10.0,6.26,7.5,8.6102,False
7.2,9.1,5.6,5.525999999999991,7.656,False
7.2,8.0,3.77,6.875,6.517166667,False
8.0,7.4305555555,7.51,7.5,7.903311111100001,False
8.8,7.6,7.5,5.625999999999998,7.676,True
3.1,8.0,3.14,6.041666667,6.026366667,True
2.25,8.095238095,5.005,7.083333333,5.8450809523,True
9.1,9.0,7.5,5.639999999999992,8.084,True
9.1,9.7,7.52,7.5,8.7142,True
7.75,10.0,7.51,8.75,8.2272,True
8.8,7.7,7.5,5.339999999999998,7.484,True
7.3,9.0,7.52,5.625,7.7597,True
8.75,9.7368421055,8.13,8.4375,8.3373184211,True
0.0,3.8,6.3,5.599999999999996,3.915,True
6.8,8.9,4.4,2.8059999999999885,6.344,True
3.4,7.7,3.14,4.375,5.6857,True
3.75,5.938735178,4.38,4.0625,4.542230369,True
3.8,5.8,7.5,-0.0739999999999874,5.246,True
9.5,9.0,7.5,5.635999999999992,8.197,True
6.4,9.9,7.52,7.65625,8.073825,True
5.75,7.525879916999999,7.51,5.9375,6.57279265,True
9.1,8.6,7.5,5.575999999999999,8.481,False
9.0,9.9,7.52,7.5,8.6672,True
8.5,9.047619048,7.51,8.333333333,8.2450571429,True
7.9,5.8,4.4,5.3859999999999975,6.602,True
5.6,6.1,2.52,6.875,6.0537,True
6.25,6.25,5.625,2.5,5.6127,True
9.5,9.2,6.9,5.693999999999999,8.566,False
9.2,9.5,7.52,7.5,8.7442,True
9.75,10.0,7.51,9.0625,8.925450000000001,True
5.7,7.9,7.5,5.559999999999992,6.976,True
6.1,8.7,7.52,5.625,7.0927,True
5.5,8.75,7.51,8.125,7.361700000000001,True
9.7,9.3,7.5,5.599999999999987,8.26,True
9.3,9.6,7.52,7.5,8.6742,True
7.0,9.285714286,7.51,8.125,7.938842857200001,True
8.1,9.1,7.5,6.54399999999999,7.911,True
7.5,8.6,7.5,6.263999999999994,7.563,True
8.7,9.1,8.1,8.765999999999998,9.105,False
7.066666666666666,9.0,6.885,7.5,8.152033333333334,False
8.8,9.2,7.5,6.386000000000003,8.172,True
6.3,8.8,7.52,7.083333333,6.548333333,True
5.0,7.090909091,7.51,6.25,6.942581818200001,False
8.2,9.4,7.5,6.400000000000006,8.06,True
8.4,9.7,7.52,8.333333333,8.219533333,True
7.25,8.8636363635,6.26,8.75,8.174593939300001,False
6.7,9.7,7.5,5.834000000000001,7.28,True
5.8,9.1,3.14,7.8125,7.09945,True
3.75,6.4239130435,6.26,6.5625,5.9677326087,True
6.5,9.7,7.5,5.286,7.402,True
7.9,9.2,3.14,6.875,6.7215,True
5.25,8.8636363635,6.26,7.708333333,6.984760606,True
7.5,8.8,7.5,5.605999999999991,8.004,False
7.8,9.2,7.52,8.28125,7.682125,False
6.0,7.8804347825,7.51,8.4375,7.838370289900001,False
4.3,9.3,7.5,5.986000000000002,6.902,True
8.7,9.5,7.5,6.284000000000001,8.185,True
8.7,8.7,4.39,9.21875,8.008408333,True
7.0,9.0,7.5,5.943999999999994,7.511,True
6.3,8.3,7.52,7.291666667,7.3807,True
8.25,9.0476190475,7.51,8.541666667,8.131890476200002,True
7.1,10.0,7.5,5.593999999999992,7.646,True
7.9,9.1,7.52,7.5,8.4042,True
5.5,7.9841897235,6.26,8.125,7.0345379447,True
7.9,7.5,7.5,5.679999999999996,7.598,True
8.0,9.3,3.77,7.8125,7.85345,True
6.0,5.9523809525,7.51,7.916666667,7.099342857200002,True
0.7,2.7,5.0,5.309999999999997,3.846,True
8.3,8.9,7.5,5.364000000000004,8.143,False
5.9,8.3,3.77,6.875,6.6785,False
5.0,9.022556391,7.51,7.5,7.3057112782,True
7.0,8.3,7.5,5.629999999999997,7.873,False
8.2,8.8,3.14,6.25,7.056,False
6.5,6.619047619,3.135,5.625,6.066009523800001,True
9.2,5.4,7.5,4.739999999999993,6.994,True
4.8,7.2,7.52,6.875,5.930166667,True
8.1,6.8,5.0,5.253999999999994,6.922,True
7.9,7.5,2.52,5.625,6.9287,True
5.0,8.75,2.51,7.5,6.566200000000001,True
6.1,7.8,7.5,5.736000000000008,7.587,False
6.9,9.5,3.14,5.0,5.852,True
3.75,6.3928571430000005,2.51,6.25,5.685771428600001,True
5.7,5.7,4.4,4.96599999999999,5.79,True
1.7,4.3,4.4,4.914000000000001,3.898,True
3.5,7.0,7.52,7.8125,5.567916667,True
0.0,5.9523809525,5.63,8.333333333,5.178509523800001,True
5.3,7.7,7.5,5.459999999999994,7.096,False
6.3,9.3,7.52,8.28125,7.468125,False
4.5,8.7757437075,7.51,8.125,7.563515408100001,False
7.1,6.7,7.5,6.554000000000002,7.432,True
8.2,7.9,7.52,8.90625,7.926825,True
7.0,8.1235697945,7.51,7.5,8.0754139589,False
2.6,5.0,7.5,5.653999999999995,5.702,True
7.2,6.6,5.6,7.9,7.04,True
6.7,7.7,6.26,8.28125,6.434625,True
7.5,8.028404344,8.755,8.4375,8.1780308688,False
6.9,7.6,7.5,5.716000000000001,6.955,True
8.3,8.8,3.14,8.75,7.7842,True
6.0,10.0,5.63,8.958333333,7.7430333333,True
8.3,8.9,7.5,5.459999999999994,7.786,True
7.9,9.8,7.52,8.4375,8.209283333,True
7.25,9.75,7.51,8.4375,8.496283333400001,False
6.0,8.4,7.5,5.049999999999999,7.485,False
7.5,9.8,2.52,7.5,7.6812,True
7.75,7.857142856999999,7.51,7.5,8.1896285714,False
6.0,5.8,7.5,5.526,6.996,False
8.9,6.8,3.77,7.5,7.2922,True
8.2,10.0,7.5,6.500000000000004,8.34,True
7.3,9.5,7.52,8.125,8.171366667,True
8.75,9.7727272725,5.635,9.375,8.8857454545,False
8.4,8.6,7.5,5.585999999999993,7.642,True
8.8,8.5,7.52,7.916666667,8.137866667,True
9.0,10.0,7.51,8.75,9.1548666666,False
6.1,9.5,5.6,4.905999999999997,7.004,True
3.4,9.5,7.5,5.750000000000002,7.205,False
5.9,9.8,7.52,5.625,7.5227,True
7.25,9.75,7.51,7.1875,7.73495,True
8.0,9.3,5.6,5.105999999999984,8.264,False
6.9,9.8,2.52,7.65625,7.806091667,False
5.75,9.519450801,6.26,8.4375,7.9221068268,False
4.2,9.4,7.5,5.5159999999999965,7.405,False
7.9,9.5,7.52,7.5,7.974,False
5.25,9.047619048,7.51,9.166666667,8.0443904763,False
8.9,6.3,5.6,7.486000000000006,6.847,True
7.6,6.2,5.0,7.8125,6.635883333,True
7.8,8.9,7.5,5.305999999999997,7.504,True
7.4,8.1,7.52,7.083333333,6.707666667,True
6.75,6.811594203,7.51,7.1875,6.8089355072,True
6.5,8.7,7.5,5.669999999999993,7.507,True
5.3,8.1,7.52,7.8125,6.247916667,True
6.2,8.0,7.5,5.516000000000005,7.025,True
7.2,7.7,7.52,6.875,7.6267,True
3.25,5.2865612650000005,7.51,8.125,6.036012253,True
6.0,7.6,7.5,5.074000000000005,6.894,True
4.1,8.9,7.5,5.683999999999996,7.335,False
6.2,9.2,7.52,7.5,7.9842,True
3.0,6.9047619045,7.51,8.125,7.145652380900001,False
7.3,9.7,7.5,5.473999999999997,8.064,False
8.2,9.6,7.52,7.5,8.4642,True
9.5,9.761904762,6.26,8.958333333,8.441414285700002,True
5.4,9.3,7.5,5.585999999999993,7.232,True
5.5,9.8,6.27,7.083333333,7.462866667,True
5.25,8.2212885155,7.51,7.916666667,7.052457703200001,True
7.3,8.5,7.5,4.069999999999991,7.217,True
7.5,8.6,7.52,6.041666667,7.373033333,True
7.25,4.840909091,7.51,6.666666667,6.597315151500001,True
6.3,8.3,7.5,5.456000000000003,7.049,True
6.1,8.1,7.52,6.458333333,7.018033333,True
4.75,3.5064935065,7.51,5.0,4.6743653679,True
7.8,9.6,7.5,5.625999999999998,7.676,True
8.3,9.6,5.64,8.333333333,8.061533333,True
5.25,9.090909091,7.51,7.916666667,7.702648484900001,False
1.6,4.6,6.3,4.5039999999999925,4.786,True
7.1,8.3,5.0,7.649999999999997,7.29,True
6.3,8.4,6.89,7.96875,7.252275,True
7.0,7.8961292116666675,8.13,8.75,8.131659175733333,False
6.1,5.4,7.5,4.68,6.818,False
6.8,6.6,7.5,5.1399999999999935,6.644,True
7.6,7.5,7.52,6.875,6.8735,False
8.0,5.75,7.51,6.25,6.6752,True
8.3,9.0,7.5,5.544000000000002,7.831,True
9.4,9.3,7.52,8.333333333,8.126866667,True
8.75,7.012987013,7.51,8.333333333,7.831797402499999,False
6.3,7.2,7.5,5.4659999999999975,6.98,True
4.8,8.4,6.3,5.445999999999991,6.848,True
6.9,8.6,6.27,5.833333333,7.2352,True
8.8,9.0,7.5,5.523999999999987,8.279,False
6.8,9.1,7.52,6.25,6.492,True
6.0,9.523809524,4.38,7.03125,6.9375869048,True
6.6,7.3,7.5,4.975999999999994,7.561,False
7.8,8.3,6.27,6.875,7.2937,True
6.75,6.9047619045,7.51,7.65625,6.972777380900001,True
9.0,8.7,6.3,5.010000000000003,8.121,False
8.0,9.1,7.52,6.25,7.8632,True
7.0,7.857142856999999,7.51,7.5,7.797628571400001,False
9.3,9.1,6.3,4.510000000000005,8.361,False
8.7,10.0,2.52,7.5,8.1932,True
8.75,10.0,7.51,8.125,8.7897,False
6.3,6.6,6.3,5.655999999999999,7.259,False
6.0,9.2,5.0,7.233999999999998,7.675,False
6.3,8.8,2.52,7.8125,7.45425,False
7.5,9.333333333333334,6.26,7.875,8.256566666666668,False
9.6,9.1,5.0,3.469999999999996,7.887,False
6.9,8.5,7.52,5.833333333,7.782866667,False
9.0,9.4736842105,5.635,6.458333333,7.704770175400001,True
7.3,5.7,5.6,4.916,6.575,True
7.4,8.1,5.6,4.703999999999997,7.497,False
5.8,9.1,7.52,6.875,8.0357,False
6.0,6.5,6.9,4.695999999999998,7.093,False
3.9,8.4,7.52,8.125,7.5867,False
7.5,9.0,6.9,5.286,7.592,True
8.2,9.6,6.89,8.333333333,8.367866667,True
7.5,9.090909091,7.51,7.5,7.971648484800001,False
6.5,7.9,5.6,4.6999999999999975,6.81,True
6.5,8.6,5.02,6.875,6.122166667,True
9.6,9.3,7.5,5.995999999999997,8.513,True
8.9,9.8,7.52,9.583333333,8.5572,True
9.25,9.7727272725,7.51,9.166666667,8.929745454599999,False
7.1,8.7,6.3,5.455999999999994,7.819,False
5.4,8.8,6.89,8.125,7.8597,False
6.2,7.3,7.5,5.829999999999993,7.483,False
6.2,8.4,7.52,8.125,7.997366667,False
7.3,7.9,7.5,4.843999999999991,7.741,False
9.5,8.3,7.52,8.541666667,7.944833333,False
9.0,7.784679089,7.51,8.4375,8.652552484400001,False
5.5,6.8,7.5,7.225999999999999,6.596,True
6.0,10.0,6.9,5.603999999999987,7.417,True
8.9,7.4,7.52,9.0625,7.85605,True
6.25,6.573529412,7.51,8.333333333,7.426572549100001,False
4.6,7.0,7.5,4.88599999999999,6.342,True
4.25,5.9166666665,7.51,6.666666667,6.643866666600001,False
6.1,8.4,7.5,5.553999999999997,6.922,True
7.1,8.4,2.52,5.625,6.4497,True
6.75,4.6245059285,5.01,6.666666667,5.2645678524,True
2.8,6.0,7.5,5.456000000000003,5.989,True
6.0,4.4,6.9,5.6239999999999934,6.799,False
7.6,8.2,6.9,5.665999999999993,7.25,True
5.4,9.6,7.5,5.759999999999996,7.776,False
7.3,10.0,3.77,7.8125,7.77645,True
6.75,10.0,6.26,7.5,7.9442,True
7.6,7.0,7.5,5.585999999999993,7.412,True
8.1,8.1,3.14,8.28125,7.419925,True
7.25,9.7826086955,5.01,7.65625,8.2483467391,False
6.9,7.1,7.5,5.724,7.139,True
7.8,8.6,7.5,5.729999999999995,8.003,False
8.4,9.4,3.14,9.21875,8.532075,False
8.0,9.75,9.38,8.90625,9.171825000000002,False
6.8,6.8,7.5,7.194000000000003,6.671,True
6.0,8.6,7.5,5.640000000000001,7.234,True
8.3,8.9,3.14,6.25,6.78,True
6.75,7.619047619,5.63,8.333333333,7.1373428571,True
7.2,9.2,7.5,4.965999999999999,7.41,True
8.3,9.4,3.77,7.8125,7.71645,True
7.75,9.523809524,6.26,7.916666667,8.0066285715,True
8.8,9.2,7.5,5.624000000000002,8.179,True
8.5,9.5,7.52,7.708333333,8.2697,True
8.0,8.695652174,7.51,7.5,8.2403304348,False
7.8,9.5,7.5,5.644,7.791,True
7.4,9.5,3.77,8.4375,7.81295,True
8.0,9.3271221535,7.51,8.125,8.5184577641,False
9.0,9.0,7.5,5.69399999999999,8.136,True
9.2,9.9,6.27,9.6875,8.662616667,True
8.75,9.109730849,6.26,7.708333333,8.513646169700001,False
7.5,7.3,7.5,5.295999999999994,7.263,False
8.7,8.5,7.52,6.875,8.2467,False
9.2,8.3,7.5,5.484,7.665,True
6.7,9.6,6.27,6.875,7.6417,True
2.75,6.439393939,7.51,7.34375,6.0234537878,True
8.8,9.0,7.5,5.470000000000006,8.207,False
7.0,9.3,7.52,7.916666667,8.2712,False
6.75,9.7826086955,6.885,7.03125,7.9648467391,False
6.3,7.4,7.5,5.876000000000001,7.461,True
5.4,5.1,7.5,5.3139999999999965,5.198,True
5.8,8.8,5.0,7.02,6.682,True
6.0,8.8,2.52,7.8125,6.034416667,True
7.8,8.2,7.5,5.249999999999995,7.875,False
8.2,9.0,4.38,7.5,7.7862,True
8.0,9.337121212,7.51,8.333333333,8.5912909091,False
7.2,8.5,7.5,5.599999999999996,7.3,True
6.9,7.2,7.52,7.5,6.78,True
3.25,6.3272311215000006,7.51,7.03125,6.035771224300001,True
9.1,8.3,7.5,3.219999999999992,7.952,False
7.9,8.5,3.77,5.625,7.2117,True
7.5,7.549407115,6.26,6.875,7.072914756400001,True
9.2,9.0,7.5,6.146000000000003,8.538,False
5.9,5.0,8.1,5.964,6.253,False
8.7,8.8,7.5,5.575999999999999,8.491,False
5.9,7.2,7.5,5.585999999999993,7.412,False
6.0,8.2,3.77,5.625,7.4637,False
7.7,8.2,4.4,4.456000000000007,6.839,True
7.6,9.1,2.52,5.0,6.5418,True
1.0,4.5454545455,5.01,7.5,5.009290909100001,True
9.0,7.0,7.5,5.213999999999999,7.488,True
9.1,8.3,7.5,3.056000000000001,7.369,True
4.3,7.3,5.0,5.8640000000000025,6.243,False
5.7,8.9,6.27,5.9375,7.08435,True
7.666666666666667,8.668046928999999,3.755,6.25,6.999509385733333,True
8.5,7.3,7.5,2.976000000000001,7.641,False
7.3,7.9,6.26,6.5625,6.06525,True
7.75,9.2727272725,6.255,7.5,7.864245454500001,True
8.3,7.9,7.5,3.083999999999989,7.515,False
6.6,7.5,2.52,5.625,6.1683,True
6.0,7.3221343875,5.63,5.625,6.2114602109,True
2.1,6.8,5.0,3.86000000000001,5.666,False
8.5,9.6,7.5,5.459999999999994,8.616,False
7.4,9.5,3.77,6.25,7.8402,True
6.25,9.5833333335,6.26,8.333333333,7.986866666600001,False
9.3,9.0,7.5,4.54600000000001,8.098,False
6.0,9.5,3.77,5.625,6.6415,False
7.0,10.0,6.26,5.833333333,7.826199999900001,False
9.7,9.6,7.5,5.4300000000000015,8.453,True
6.8,10.0,7.52,8.4375,8.62995,False
8.5,10.0,7.51,7.5,8.578533333400001,False
8.4,9.1,7.5,5.48,8.398,False
7.3,9.6,7.52,5.625,7.3355,False
9.5,8.9,7.5,5.573999999999986,8.154,True
8.5,9.0,7.52,7.5,8.1442,True
7.7,7.1,5.6,5.364000000000004,7.523,False
9.3,8.1,3.77,8.125,7.248833333,False
8.25,6.833333333500001,2.51,7.5,6.917866666700001,True
8.9,8.7,7.5,5.549999999999979,8.325,False
7.3,9.2,7.52,7.5,8.6042,False
8.0,9.337121212,7.51,8.958333333,8.5817909091,False
6.7,9.6,5.6,8.044000000000002,7.566,True
5.483333333333333,9.704333333,6.57,7.5,7.611233333266666,False
8.1,8.5,7.5,5.6599999999999895,8.136,False
7.4,9.8,6.89,7.5,8.2372,False
8.5,9.7916666665,7.51,8.75,8.7738666667,False
9.6,10.0,8.13,8.4375,9.31095,False
10.0,10.0,7.51,8.125,8.959700000000002,True
8.9,9.1,8.14,7.5,8.2212,True
7.5,8.6136363635,7.51,7.1875,7.346677272700001,True
6.3,7.6,3.14,5.9375,5.92975,False
5.5,3.159090909,2.51,4.6875,4.6684348484,True
6.3,7.6,8.14,7.5,7.034,False
7.4,8.7,7.52,7.5,8.1552,False
8.6,8.3,8.76,7.5,7.679,False
8.9,8.6,8.76,7.5,8.6992,False
8.5,7.409090909,7.51,7.5,7.583018181800001,True
7.1,9.5,8.76,7.1875,8.63895,False
7.0,9.75,3.76,6.875,7.156366666600001,True
9.6,10.0,8.76,8.125,9.2587,False
8.8,9.6,7.5,7.519999999999998,8.712,False
9.3,10.0,5.63,8.125,8.6625,False
9.166666666666666,9.649122807,9.375,9.375,9.437924561333332,False
1.5,8.5,8.76,5.0,4.909,True
6.9,9.5,3.76,4.375,6.8617,True
7.25,9.328063241,4.38,5.3125,7.291729314799999,False
4.3,6.7,2.52,6.25,5.267,True
7.0,9.7,7.52,6.25,7.8012,True
6.75,10.0,6.88,7.1875,7.61095,True
4.8,8.2,7.52,6.25,5.811,True
7.75,4.696969697,6.26,8.75,7.0235939394,True
7.3,9.5,7.52,7.5,8.2712,True
7.5,9.4,7.52,7.5,8.6492,False
3.75,9.0476190475,7.51,8.333333333,7.612057142800001,False
6.9,9.5,7.52,5.0,7.4722,True
8.1,9.5,2.52,5.0,6.24,True
6.75,6.1363636360000005,4.38,7.1875,6.5335560606000005,True
8.2,9.8,2.52,6.875,6.8225,True
8.5,9.090909091,6.26,7.8125,8.1096318182,True
6.5,9.2,5.6,7.464000000000004,7.498,True
6.3,9.4,2.52,6.25,6.724,False
6.5,8.445652174,2.51,7.1875,6.853080434800001,True
7.3,8.9,7.52,5.0,7.7322,False
4.7,8.6,2.52,3.75,6.0092,False
8.4,9.7,6.89,6.25,8.5082,False
8.8,9.7,4.39,6.875,8.4587,False
8.75,8.818181818,6.26,7.5,8.0345030302,True
8.7,9.8,7.52,7.5,8.8252,False
8.5,10.0,7.51,7.5,8.2072,True
8.1,9.4,7.52,7.5,8.6422,False
8.75,10.0,8.13,7.5,8.419200000000002,True
8.4,8.9,7.52,7.5,8.6718,False
8.8,10.0,7.52,7.5,8.9182,False
8.5,10.0,6.88,7.5,8.1942,True
9.1,9.5,6.89,7.5,8.8092,False
9.75,9.2954545455,6.26,7.5,8.191290909100001,True
5.9,7.8,7.5,7.729999999999997,7.323,True
5.1,8.1,5.0,7.34375,6.700775,True
8.3,9.1,2.52,6.25,6.989,False
7.5,9.5,6.89,7.5,7.8882,True
8.75,9.0454545455,6.26,7.5,8.035957575700001,True
8.3,9.6,6.89,7.5,8.8112,False
8.75,10.0,7.51,8.125,8.697700000000001,False
9.3,10.0,7.52,7.5,8.8042,True
9.25,10.0,7.51,8.125,8.8910333334,False
9.4,9.9,7.52,7.5,8.8142,True
9.5,10.0,7.51,8.4375,8.67895,True
6.8,9.5,7.52,6.875,8.5397,False
9.5,9.5454545455,6.26,7.5,8.2579575757,True
8.5,10.0,6.89,7.5,9.0912,False
6.5,9.7727272725,7.51,8.125,8.2852454545,False
6.5,8.1,7.52,6.5625,5.48225,True
6.0,2.7525252525,2.51,6.875,5.2212050505,True
9.4,9.8,3.77,8.125,8.4217,True
7.5,10.0,7.51,7.5,7.8661333334,True
9.5,9.8,3.77,7.5,8.8452,False
8.25,9.1007905135,5.635,8.125,8.425024769300002,False
6.7,9.5,7.5,8.389999999999995,8.109,True
8.5,9.7,9.4,9.11999999999999,9.442,False
7.7,9.6,7.52,8.59375,8.699408333,False
8.066666666666666,9.0,6.885,7.5,8.352033333333335,False
7.8,9.8,9.38,8.125,8.8947,False
8.5,9.318181818,8.13,8.125,8.802003030200002,False
7.5,8.7,3.77,6.25,7.3112,True
3.9,9.3,2.52,5.3125,5.97345,True
7.8,9.6,5.02,7.5,8.5242,False
5.0,9.7727272725,7.505,7.8125,8.0758287879,False
6.4,9.3,7.52,7.8125,8.140783333,False
6.0,8.75,7.51,7.5,7.6352,True
8.3,9.4,7.52,6.875,7.831033333,True
3.0,7.7794117645,7.51,6.875,6.3925823529,True
8.6,9.2,7.52,7.5,8.1922,False
9.3,9.6,7.52,8.125,8.962033333,False
8.75,8.9444444445,7.51,7.5,7.9400888889,True
7.9,9.0,7.52,8.125,8.479366667,False
4.75,8.14171123,7.51,7.1875,6.764292246,True
9.2,9.9,7.52,8.125,8.486033333,True
8.25,8.1666666665,7.51,6.875,7.722033333300001,True
6.6,5.7,5.6,7.800000000000002,6.645,True
7.4,7.4,6.89,7.8125,7.42395,True
7.333333333333333,7.476190476333334,5.635,7.875,7.426704761933335,True
8.9,8.8,7.52,8.75,7.801,False
7.5,8.674242424500001,7.51,7.916666667,8.1163818182,False
3.4,6.7,2.52,5.3125,5.59545,True
4.5,4.772727273,7.51,6.041666667,5.4552454547,True
6.3,9.4,7.52,5.625,7.0797,True
7.25,9.4736842105,7.51,8.125,7.697103508700001,True
7.9,8.5,6.89,6.25,7.7432,True
8.7,9.2,7.52,6.25,8.6912,False
8.4,8.4,7.52,7.5,8.5962,False
6.6,9.7,2.52,6.25,7.3882,True
2.75,7.3320158105,2.51,6.5625,5.5058531621,True
7.0,7.2,2.52,6.25,5.987,False
7.7,8.7,2.52,5.625,7.4967,False
2.75,8.697368421,2.51,5.9375,5.657357017600001,True
5.3,8.4,7.52,6.25,6.225,True
5.25,4.692513369,6.255,6.875,5.799702673800001,True
7.4,7.1,5.0,8.035999999999994,6.957,True
6.7,9.4,5.63,7.1875,7.375916667,True
7.5,8.769145085,7.51,7.8125,8.052279017,False
6.1,6.3,7.52,5.625,6.9647,False
8.25,7.6710526315,7.51,7.1875,7.7494938597,True
6.3,9.7,7.52,5.625,7.7407,False
6.0,8.6631016045,7.51,7.5,7.2838203209,True
8.4,9.7,3.14,7.5,8.5262,False
7.75,9.5227272725,7.51,7.8125,8.5209954545,False
7.3,9.9,7.52,7.5,8.8842,False
5.5,7.9545454545,7.51,8.125,7.688609090900001,False
5.0,5.6,7.52,5.625,6.5207,False
7.0,4.598930481,7.51,7.1875,6.4727360962,True
5.4,8.9,7.52,5.625,7.1837,False
4.75,7.005347594,7.51,7.1875,6.587019518800001,True
6.8,10.0,3.77,7.5,7.7792,True
7.0,9.7727272725,7.51,8.333333333,7.7830787878,True
6.4,9.7,3.77,7.5,7.5982,True
6.5,9.318181818,7.51,8.333333333,7.9921696969,False
9.8,10.0,7.52,8.75,9.3712,False
8.75,10.0,7.51,8.541666667,8.8733666667,False
8.8,9.8,7.52,8.75,9.1312,False
6.75,9.4736842105,7.51,8.125,7.7244368421,True
8.5,9.7,8.1,8.443999999999985,8.941,False
7.483333333333333,9.931666667,6.2575,7.5,8.275550000066668,False
9.0,8.8,7.52,8.75,8.8872,False
8.0,9.7368421055,7.51,7.8125,7.9298184211,True
7.8,8.2,2.52,5.625,7.3747,False
8.5,8.5833333335,2.51,7.5,7.075466666700001,True
7.5,7.9,7.52,8.125,8.3847,False
7.7,8.4,7.52,8.75,8.6712,False
8.7,9.6,7.52,9.375,9.1737,False
8.5,9.75,7.51,9.375,8.338700000000001,True
9.4,9.8,7.52,9.375,7.9535,True
8.5,10.0,7.51,8.75,8.3422,True
6.5,10.0,7.52,8.125,8.5477,False
9.2,9.6,7.52,9.375,9.3237,False
7.5,10.0,9.38,8.75,8.3792,True
4.2,8.4,7.52,6.25,6.7372,True
7.75,9.5445134575,7.51,8.125,8.0056026915,True
5.4,10.0,7.52,7.5,7.9742,True
5.0,8.8833992095,5.63,8.125,7.051379841899999,True
7.7,9.6,8.1,9.04399999999999,8.921,False
7.2,9.6,2.52,8.75,7.289333333,True
8.0,9.666666666666666,6.26,8.375,8.637033333333335,False
6.3,8.4,2.52,6.25,6.6112,True
5.0,10.0,7.52,5.0,7.6872,False
8.75,9.25,5.01,8.125,7.746700000000001,True
7.1,8.9,2.52,5.625,6.8547,True
8.0,9.4,7.52,7.5,8.9172,False
8.0,10.0,7.51,8.958333333,8.965033333300001,False
7.5,7.6,7.52,5.625,7.0687,True
9.0,7.25,7.51,8.75,7.8262,True
7.9,9.2,7.52,6.875,8.0777,False
8.75,9.511904762,2.51,7.5,7.4195809524,True
9.3,9.4,7.52,7.5,8.5822,False
4.5,8.7976190475,2.51,7.5,6.677723809500001,True
3.3,7.9,7.52,4.375,6.3457,False
4.5,7.619047619,7.51,5.625,6.053509523800001,True
0.0,7.6,7.52,6.875,6.5277,False
8.9,8.1,7.52,6.25,8.0172,False
6.5,8.7857142855,7.51,6.25,7.1323428571,True
4.8,6.6,7.5,6.895999999999996,6.308,True
9.3,10.0,7.52,7.5,8.8862,False
7.0,9.023809524,7.51,6.875,7.693461904800001,True
8.4,9.7,7.52,7.5,8.8902,False
4.0,9.0357142855,2.51,6.25,6.4483428571,True
9.0,9.2,3.77,7.1875,8.37095,False
8.5,9.545454545,6.26,8.333333333,8.853624242300002,False
8.3,8.8,3.14,6.5625,7.54005,False
8.5,6.85770751,6.26,8.125,7.961241502000001,False
7.7,8.3,3.14,7.1875,6.82375,False
7.75,8.8833992095,6.26,8.125,8.2823798419,False
7.8,8.8,3.14,6.875,7.1297,True
5.75,6.904761905,7.51,8.125,6.245452381,True
7.8,7.5,7.52,7.5,7.7312,True
3.25,6.017786561,6.885,7.083333333,6.1175906455,True
9.1,9.3,7.52,7.5,9.1672,False
9.3,9.8,7.52,7.5,9.2902,False
10.0,10.0,6.26,9.53125,9.531325,False
7.7,9.6,7.52,6.875,8.6677,False
9.5,9.7368421055,7.51,7.8125,8.379818421100001,True
6.7,7.8,6.9,8.299999999999992,7.54,True
6.4,8.9,7.52,7.65625,7.610791667,True
6.3,10.0,7.52,5.625,7.0847,True
3.0,8.095238095,7.51,7.5,5.286047619,True
6.2,8.7,2.52,5.3125,5.99625,True
5.5,8.8923395445,6.26,5.9375,6.529417908900001,True
8.7,9.2,7.52,7.5,8.4742,True
8.5,9.8,7.52,7.5,8.6142,True
7.5,9.761904762,7.51,8.125,8.375080952400001,False
7.2,9.4,7.52,6.875,7.7997,True
7.25,8.333333332999999,7.51,7.96875,7.548241666600001,True
4.7,8.2,6.27,5.0,6.4832,True
2.25,6.4772727275,7.51,8.75,6.1376545455,True
5.0,10.0,7.52,6.5625,7.44345,True
9.0,8.568181818,7.51,8.125,7.9943363636,True
6.5,8.0,7.52,5.625,7.1347,True
4.75,3.5714285715,7.51,5.78125,5.442610714300001,True
8.3,9.7,7.52,7.5,8.4942,True
7.75,8.8095238095,7.51,8.4375,7.8403547619,True
5.5,9.7,7.52,6.25,7.7692,False
7.25,7.863636363499999,7.51,8.125,7.453427272700001,True
6.9,8.8,5.0,8.195999999999994,7.468,False
9.4,8.1,7.52,9.375,8.9977,False
6.9,6.4,3.77,5.625,7.0169,False
6.75,7.909090909,7.51,7.5,6.8916181818,True
6.0,9.1,3.77,6.875,7.5427,False
6.75,8.3863636365,7.51,8.75,7.537472727300001,True
5.2,8.6,3.77,7.1875,5.82875,True
3.75,9.318181818,7.51,7.5,6.9318363636,True
8.8,9.1,3.77,7.5,8.4752,False
6.5,9.2826086955,7.51,7.5,7.6077217391,True
6.5,9.2,7.52,5.625,7.7803,False
8.0,7.708333333500001,5.01,6.875,7.1463666667000005,True
8.6,9.2,6.27,5.9375,8.39895,False
5.8,7.4,5.02,5.625,7.1717,False
7.0,7.291666666499999,6.26,6.875,7.188033333300001,True
8.6,9.8,3.77,5.625,8.3877,False
6.5,9.5,6.26,6.875,7.4637,True
6.0,9.6,6.27,5.625,8.1617,False
8.25,9.5227272725,7.51,8.125,8.0352454545,True
8.5,10.0,9.4,9.00599999999999,9.354,False
8.9,9.546,7.1975,7.5,8.617450000000002,False
6.3,9.8,5.02,5.625,7.1425,False
6.25,9.058441558,7.51,7.5,7.946388311600001,False
5.8,9.1,2.52,5.625,7.5367,False
6.0,7.010869565,6.26,6.25,6.6513739130000005,True
8.6,9.1,2.52,5.625,7.1215,False
8.25,8.365800865499999,7.51,6.875,8.119860173100001,False
8.8,9.9,2.52,6.25,8.3502,False
8.3,9.8,7.52,6.875,8.8177,False
7.0,9.761904762,7.51,8.125,8.475080952400003,False
6.8,9.3,2.52,5.625,7.6247,False
7.5,10.0,6.26,7.5,8.2432,False
8.3,9.1,2.52,5.625,8.0107,False
8.5,9.2965367965,6.26,7.083333333,8.2603406926,False
7.3,9.8,6.27,6.875,7.6765,False
7.5,9.0692640695,7.51,7.708333333,8.3028861472,False
8.5,8.1,7.52,6.25,7.9568,True
7.75,10.0,7.51,8.333333333,8.1765333333,True
8.3,8.1,2.52,7.5,7.7242,True
6.0,7.857142856999999,6.26,7.1875,7.3743785714,False
5.0,6.3,7.5,6.014000000000008,6.158,True
4.5,8.3,5.63,7.8125,6.68045,True
7.8,8.5,7.52,7.5,7.254,True
8.0,7.5,7.51,8.4375,7.812283333400001,True
7.7,9.1,3.14,6.875,7.7687,True
6.5,8.181818182,6.26,7.5,7.057230303000001,True
8.0,8.2,3.14,5.0,7.2722,True
8.6,9.8,3.77,7.5,8.7592,False
6.0,9.4,3.77,5.625,7.4127,False
8.25,9.5326086955,6.88,6.875,7.7982217391,True
5.1,7.9,3.77,6.25,6.4782,True
2.0,5.3896103895,5.635,7.1875,5.110372077899999,True
8.6,9.2,3.77,7.5,8.1892,True
7.1,8.7,3.77,5.625,7.5687,False
7.9,9.3,3.77,7.5,7.9752,True
8.3,9.4,3.77,7.5,8.0352,True
